DeviceID,DeviceType,ActiveHours,PowerUsage,Temperature,SignalStrength,FirmwareAge,Power6Months,PowerPerHour
1,Light,6.99,71.79,29.73,-46.62,43,307650.33,10.2676
2,Sensor,9.56,45.46,33.59,-60.82,26,195533.56,4.7574
3,Sensor,11.15,37.74,34.15,-61.35,30,163864.03,3.3848
4,Camera,13.29,50.32,17.73,-77.71,52,216855.53,3.7873
5,Camera,11.59,24.36,15.97,-50.38,22,104439.05,2.1014
6,Light,12.74,43.21,33.91,-46.27,7,187351.63,3.3905
7,Plug,12.67,37.05,26.79,-43.91,24,159302.44,2.9236
8,Plug,15.07,54.65,32.89,-76.58,13,235146.3,3.6277
9,Sensor,13.84,71.79,37.51,-65.59,36,310113.18,5.1877
10,Speaker,9.1,100.46,39.68,-52.2,52,432861.31,11.0398
11,Camera,15.43,83.67,36.28,-47.96,47,359688.9,5.4242
12,Speaker,14.58,43.41,33.82,-53.3,20,187621.8,2.9771
13,Light,15.36,29.53,46.47,-54.51,1,127615.59,1.9218
14,Speaker,9.32,54.42,42.9,-46.63,4,235266.08,5.8375
15,Light,5.12,57.67,39.18,-45.42,8,249775.0,11.2738
16,Camera,14.25,62.07,33.22,-76.76,20,268282.48,4.3552
17,Plug,9.5,26.08,36.97,-87.32,13,114704.67,2.7461
18,Sensor,6.24,40.08,21.63,-72.52,51,174186.65,6.4265
19,Camera,9.43,52.96,48.5,-46.53,31,231563.05,5.6152
20,Light,15.33,84.35,20.69,-61.12,49,362089.96,5.5012
21,Plug,15.05,87.71,35.09,-63.92,54,380795.27,5.8274
22,Sensor,17.41,38.3,41.76,-58.6,42,168424.26,2.2006
23,Plug,14.74,26.88,28.45,-63.76,31,118718.62,1.8242
24,Light,11.11,79.72,36.08,-60.64,53,343150.05,7.1761
25,Sensor,13.99,62.32,46.28,-50.66,13,269471.87,4.4557
26,Sensor,11.39,57.99,41.9,-63.16,55,250023.94,5.0909
27,Camera,6.54,79.02,41.06,-52.64,19,338508.3,12.0884
28,Plug,16.82,74.14,35.12,-60.43,8,320234.02,4.4082
29,Light,10.41,72.69,35.13,-68.26,59,315141.87,6.9813
30,Light,19.09,44.39,32.81,-59.59,24,191229.86,2.3259
31,Camera,15.99,50.86,21.55,-73.67,53,218037.43,3.1803
32,Sensor,6.4,34.9,49.23,-25.0,58,147687.66,5.45
33,Plug,14.39,64.93,57.72,-69.34,46,281848.61,4.5106
34,Sensor,12.29,58.84,36.75,-66.0,9,254605.29,4.7874
35,Light,12.16,59.16,31.66,-56.75,18,256289.97,4.8642
36,Camera,9.11,91.87,40.15,-32.27,44,396500.33,10.0814
37,Plug,12.68,48.61,57.09,-69.79,7,209549.66,3.8321
38,Speaker,19.24,33.96,37.74,-28.32,14,148079.57,1.7653
39,Sensor,8.89,58.71,41.39,-67.99,45,256150.99,6.601
40,Camera,6.63,66.15,27.21,-80.02,54,286421.15,9.977
41,Sensor,11.19,68.85,36.92,-58.12,11,296922.63,6.1514
42,Plug,15.22,16.5,37.99,-58.06,31,71551.56,1.0844
43,Speaker,12.59,19.83,46.92,-68.22,11,86781.61,1.5759
44,Sensor,12.59,38.39,23.75,-62.78,9,167775.26,3.0488
45,Plug,14.33,40.86,47.54,-75.86,57,175319.24,2.8503
46,Speaker,11.44,55.3,41.27,-64.71,49,238451.86,4.8339
47,Camera,12.78,,34.66,-54.24,60,199764.19,3.62
48,Camera,10.58,66.55,32.03,-74.78,17,288621.14,6.2897
49,Light,16.11,38.07,48.46,-67.63,30,163498.92,2.3635
50,Plug,19.53,49.31,29.2,-72.52,25,212358.36,2.5252
51,Plug,1.0,58.37,27.41,-48.57,49,251202.28,58.3741
52,Sensor,11.74,53.74,35.5,-47.06,47,231358.88,4.5786
53,Light,16.26,21.68,38.46,-43.2,36,90922.06,1.3333
54,Camera,8.74,77.33,40.82,-59.55,39,334901.06,8.8459
55,Light,18.28,52.19,39.45,-62.27,31,223855.71,2.8557
56,Sensor,8.52,48.42,49.19,-37.95,6,209201.7,5.6825
57,Sensor,10.96,13.76,18.84,-44.66,7,60623.61,1.2553
58,Light,20.31,56.77,52.29,-58.29,50,247192.58,2.7957
59,Sensor,13.61,84.03,43.75,-47.29,11,362540.32,6.1757
60,Camera,9.17,82.78,28.87,-57.89,43,357496.46,9.0294
61,Camera,13.72,62.36,47.41,-59.04,10,269586.21,4.5461
62,Plug,,33.35,55.99,-78.4,38,143335.24,5.4483
63,Camera,8.72,69.73,42.66,-59.97,10,304217.04,7.9962
64,Sensor,15.11,70.64,47.17,-73.7,28,305587.55,4.675
65,Plug,13.27,64.68,39.73,-38.22,13,278750.43,4.8747
66,Sensor,9.8,52.38,41.4,-54.06,5,225251.13,5.3427
67,Sensor,13.8,63.72,36.9,-54.42,41,275454.47,4.6181
68,Light,10.9,41.42,33.48,-51.17,51,180549.16,3.7989
69,Camera,12.65,57.19,36.34,-50.8,22,247957.9,4.5223
70,Plug,17.78,79.97,32.81,-60.76,3,346564.15,4.4985
71,Plug,13.31,88.1,48.66,-49.55,42,381323.56,6.6187
72,Camera,16.16,75.87,41.17,-44.6,9,327930.08,4.6964
73,Plug,15.09,104.49,38.61,-55.1,30,452227.49,6.9243
74,Speaker,14.39,44.09,20.06,-66.93,13,189623.39,3.0635
75,Speaker,9.39,30.61,39.74,-54.5,16,130890.35,3.2591
76,Camera,13.73,45.58,30.71,-67.12,49,198614.29,3.32
77,Light,10.21,61.56,36.72,-66.24,41,265419.74,6.0295
78,Speaker,15.69,30.28,35.92,-45.25,35,131773.6,1.9292
79,Light,11.74,46.03,34.68,-48.45,37,196152.12,3.9216
80,Light,16.6,10.8,57.18,-49.39,27,47335.58,0.6504
81,Sensor,13.42,71.38,34.74,-41.77,3,306938.68,5.3188
82,Light,19.7,33.64,21.59,-30.41,53,144738.95,1.7076
83,Light,14.79,54.45,49.57,-59.62,9,234134.2,3.6829
84,Plug,10.17,82.14,26.4,-45.51,41,352876.95,8.0755
85,Light,5.03,39.65,39.69,-52.33,58,171715.73,7.8779
86,Camera,12.72,49.2,45.15,-43.13,1,211558.15,3.8665
87,Light,13.7,52.2,41.87,-44.15,48,226909.6,3.8089
88,Light,15.1,12.18,48.17,-35.6,8,54324.69,0.8066
89,Light,13.16,47.65,48.22,-56.28,17,205106.94,3.6204
90,Light,13.44,106.49,39.03,-49.3,8,457568.61,7.9224
91,Light,12.67,49.52,53.43,-64.46,24,215137.61,3.9096
92,Light,19.26,62.18,41.65,-57.33,45,268121.0,3.2286
93,Speaker,10.17,59.83,36.29,-36.79,1,258302.44,5.8823
94,Plug,5.22,59.12,55.27,-69.64,4,256396.7,11.3168
95,Camera,12.41,58.73,27.35,-43.86,7,254767.48,4.7327
96,Light,14.57,36.35,23.8,-44.82,47,157640.85,2.4944
97,Light,22.07,55.41,50.81,-53.76,30,241185.78,2.5102
98,Plug,,51.22,45.87,-38.37,26,221138.13,4.8494
99,Camera,15.8,106.99,28.72,-48.55,55,464124.61,6.7726
100,Speaker,11.56,49.51,41.39,-55.9,37,211424.05,4.2837
101,Camera,10.23,61.22,40.97,-64.45,19,262915.3,5.9835
102,Camera,16.43,81.62,34.05,-49.18,28,353553.49,4.9685
103,Sensor,22.44,90.09,40.27,-59.18,49,388578.89,4.0147
104,Light,6.57,79.36,44.29,-61.83,47,342497.12,12.0727
105,Light,7.8,68.83,50.13,-64.97,21,297139.64,8.826
106,Sensor,10.97,72.59,38.64,-70.76,39,313108.54,6.6168
107,Sensor,12.34,35.95,44.9,-58.68,59,155215.02,2.913
108,Light,11.63,64.97,39.6,-39.05,40,279970.66,5.5862
109,Light,16.41,71.89,37.22,-65.28,8,308051.59,4.3802
110,Camera,9.59,16.73,49.35,-36.14,34,73404.18,1.7441
111,Plug,10.47,44.16,27.85,-66.59,33,192492.86,4.2193
112,Speaker,14.84,49.4,35.29,-54.8,31,213280.79,3.3294
113,Plug,11.19,34.45,31.7,-38.59,6,149338.45,3.0791
114,Light,13.33,8.68,41.53,-53.94,55,37723.27,0.6511
115,Plug,10.54,70.85,26.94,-71.08,34,306752.88,6.7201
116,Camera,,38.42,43.0,-60.86,34,165723.87,2.1559
117,Camera,13.79,97.99,44.99,-67.96,25,422693.16,7.1039
118,Light,13.14,16.74,38.81,-56.99,45,73407.87,1.2736
119,Sensor,11.88,51.56,44.36,-40.76,16,219678.56,4.339
120,Light,10.28,50.06,54.49,-70.95,21,216535.41,4.8681
121,Light,11.2,34.56,31.65,-57.94,42,149036.63,3.086
122,Plug,7.6,26.41,33.34,-46.86,52,113348.18,3.4742
123,Plug,10.26,83.82,45.82,-39.39,33,361620.54,8.1736
124,Light,8.66,45.95,42.76,-53.73,37,199759.21,5.3032
125,Plug,11.91,29.87,53.64,-66.34,17,130704.71,2.5077
126,Camera,10.06,42.95,35.47,-54.64,9,186889.57,4.2694
127,Camera,4.26,92.63,38.04,-76.04,45,399942.13,21.7283
128,Camera,14.02,84.67,24.03,-42.93,15,366146.64,6.0405
129,Light,17.74,34.63,50.85,-53.82,52,148779.76,1.9521
130,Sensor,19.16,19.84,27.36,-39.77,37,84848.38,1.0357
131,Camera,16.02,52.51,41.43,-61.43,22,227323.65,3.278
132,Plug,13.49,72.75,43.45,-32.9,21,315355.23,5.3919
133,Light,8.58,53.33,26.7,-55.44,7,227922.43,6.2161
134,Plug,9.83,44.8,30.02,-41.34,57,192058.95,4.5593
135,Camera,20.04,72.69,38.1,-56.14,35,313625.11,3.6274
136,Sensor,14.23,87.77,32.04,-68.77,59,377409.97,6.1692
137,Camera,15.09,54.86,33.27,-72.75,53,238588.08,3.636
138,Speaker,14.81,34.78,37.67,-44.75,19,152251.09,2.3486
139,Plug,10.08,51.84,30.95,-48.28,55,225298.0,5.1438
140,Sensor,21.05,56.54,50.14,-67.82,37,242434.7,2.6858
141,Plug,8.6,50.98,27.37,-58.16,37,217812.96,5.9296
142,Light,16.49,58.95,26.68,-58.89,51,255298.04,3.5754
143,Camera,9.36,45.82,46.83,-34.45,44,195436.56,4.8933
144,Light,16.0,49.04,36.32,-64.79,9,210395.85,3.064
145,Plug,19.81,34.25,38.23,-64.02,7,148228.9,1.729
146,Light,20.64,46.1,35.72,-67.85,25,201092.17,2.2332
147,Camera,3.08,71.32,38.13,-58.04,47,309173.4,23.1835
148,Plug,12.34,27.08,41.28,-69.43,57,115942.2,2.1949
149,Speaker,9.35,56.32,42.82,-57.71,7,243764.89,6.023
150,Light,12.56,63.03,57.11,-51.35,7,271658.62,5.0169
151,Plug,15.5,60.67,35.01,-67.25,28,260991.45,3.914
152,Plug,16.04,26.45,44.12,-61.93,15,113652.85,1.6486
153,Light,12.55,74.16,40.05,-60.98,16,321222.84,5.9109
154,Light,5.89,23.22,30.96,-67.72,13,100387.67,3.9448
155,Speaker,14.17,30.19,35.68,-52.82,39,132164.25,2.1302
156,Camera,8.88,54.76,35.15,-42.47,48,235645.16,6.1641
157,Light,16.09,67.15,37.45,-60.44,4,290417.23,4.1727
158,Sensor,13.46,33.75,32.6,-44.92,21,146101.74,2.5075
159,Sensor,7.65,61.56,36.51,-61.44,6,265731.69,8.0435
160,Camera,24.0,57.6,33.58,-58.53,35,248860.89,2.3998
161,Plug,14.84,37.14,37.65,-59.88,6,158867.31,2.5026
162,Camera,11.69,44.83,27.85,-45.52,60,194086.08,3.8366
163,Camera,13.32,27.25,28.71,-44.09,58,118749.12,2.0459
164,Speaker,7.26,74.03,50.25,-50.79,12,320800.17,10.2029
165,Plug,11.55,70.59,24.92,-45.66,49,305184.66,6.1122
166,Speaker,12.07,32.89,59.2,-49.87,42,143396.4,2.7258
167,Plug,13.61,66.04,30.56,-56.42,10,284534.83,4.8525
168,Sensor,4.65,32.72,42.36,-49.72,42,142407.72,7.0319
169,Light,12.84,82.98,36.13,-49.82,22,359546.61,6.4622
170,Speaker,17.25,62.09,26.47,-60.58,24,268988.12,3.5986
171,Camera,4.21,83.15,34.05,-51.42,14,360288.18,19.7567
172,Light,9.85,39.3,43.0,-67.49,6,170489.9,3.9882
173,Camera,15.82,82.36,45.91,-71.85,34,356735.61,5.2054
174,Camera,7.39,54.58,33.29,-49.28,28,236006.08,7.3811
175,Plug,23.57,66.85,12.33,-36.54,13,288083.03,2.8367
176,Sensor,11.63,52.3,45.35,-52.26,56,224276.45,4.4965
177,Light,16.94,35.39,42.09,-47.59,7,153340.3,2.0887
178,Speaker,12.08,57.65,39.29,-47.42,3,249400.38,4.7726
179,Speaker,6.36,32.75,47.22,-41.45,31,142178.54,5.1475
180,Sensor,10.48,46.81,49.04,-42.56,26,202352.13,4.4676
181,Plug,11.75,35.4,54.13,-45.86,32,152338.91,3.0129
182,Plug,11.74,30.05,37.58,-71.75,17,130207.81,2.5605
183,Speaker,7.87,23.86,40.45,-41.46,26,103021.26,3.0323
184,Light,12.77,80.12,27.78,-64.59,15,345670.13,6.2736
185,Plug,9.87,39.17,34.64,-61.55,35,169257.65,3.9703
186,Camera,6.11,55.82,41.29,-61.09,31,240943.72,9.1408
187,Sensor,9.53,92.55,40.21,-58.12,19,400980.08,9.7139
188,Sensor,13.09,54.2,53.03,-48.45,30,233523.95,4.1414
189,Sensor,14.68,49.29,38.62,-56.86,50,209187.42,3.3582
190,Light,8.37,27.68,48.03,-53.07,11,117499.03,3.308
191,Camera,14.18,69.54,28.09,-51.77,57,303130.52,4.9026
192,Speaker,11.0,58.81,40.32,-69.05,41,252909.57,5.3485
193,Camera,19.86,57.78,36.62,-65.94,33,250936.69,2.9096
194,Light,9.93,57.57,44.27,-88.84,13,248400.1,5.7965
195,Plug,12.9,18.14,19.12,-41.2,14,76740.31,1.4061
196,Light,15.33,37.39,40.72,-62.88,11,161931.83,2.4383
197,Plug,14.1,54.19,46.31,-55.72,28,234456.62,3.8445
198,Sensor,13.37,82.79,36.91,-64.82,15,357403.24,6.1923
199,Plug,11.9,64.33,38.67,-53.71,54,275542.87,5.4044
200,Camera,8.34,49.44,38.61,-59.12,20,211947.04,5.9269
201,Speaker,9.08,35.15,33.65,-59.99,3,149725.22,3.8697
202,Sensor,19.19,27.27,33.3,-81.04,40,119159.15,1.421
203,Plug,7.5,97.8,29.58,-55.98,50,419699.62,13.0413
204,Light,7.83,41.49,29.18,-59.4,12,178000.74,5.3005
205,Sensor,13.25,52.88,42.89,-41.07,58,227904.78,3.9897
206,Plug,4.38,46.17,36.36,-72.27,28,199071.49,10.5286
207,Sensor,10.64,52.74,43.69,-38.22,28,229059.04,4.9548
208,Camera,16.56,31.65,33.24,-58.65,27,139138.21,1.9111
209,Light,9.34,38.91,39.2,-58.11,33,169330.14,4.1656
210,Speaker,13.28,65.58,22.27,-52.75,13,283838.38,4.9368
211,Light,,50.37,31.72,-42.91,25,218058.39,9.3177
212,Camera,14.39,51.62,36.8,-57.09,27,223750.32,3.587
213,Camera,9.54,36.92,34.0,-51.43,37,161191.73,3.8712
214,Plug,8.93,47.76,33.95,-65.01,34,209339.17,5.3486
215,Plug,,66.91,43.93,-32.82,1,288228.4,5.8104
216,Speaker,7.71,55.0,34.29,-60.76,9,239898.16,7.1341
217,Camera,19.14,68.93,38.23,-63.02,48,298430.55,3.6023
218,Sensor,12.78,50.13,41.28,-50.08,32,218029.69,3.9225
219,Light,19.08,42.76,46.33,-61.42,12,187183.77,2.2412
220,Speaker,12.17,42.34,34.55,-65.1,53,181933.7,3.4782
221,Camera,13.95,44.66,36.32,-56.35,2,194608.85,3.2008
222,Plug,9.35,27.96,26.62,-44.6,42,121112.42,2.9907
223,Plug,6.74,51.54,32.4,-46.89,29,220749.73,7.6414
224,Light,9.28,5.0,44.7,-43.13,44,19795.72,0.539
225,Sensor,5.22,62.34,31.04,-68.52,56,269130.85,11.9363
226,Sensor,11.47,68.67,30.96,-54.76,55,296456.87,5.984
227,Plug,19.78,48.57,33.57,-62.71,19,207525.87,2.4564
228,Plug,9.99,41.9,45.97,-60.4,23,182312.11,4.1938
229,Plug,15.41,39.54,39.05,-47.16,44,167253.92,2.5665
230,Speaker,18.49,75.43,35.21,-61.97,7,323550.08,4.0788
231,Light,15.62,50.9,42.05,-45.14,46,223154.74,3.2577
232,Camera,13.35,51.33,47.56,-56.7,51,218910.47,3.8451
233,Speaker,14.71,52.38,47.97,-45.46,3,226878.42,3.5603
234,Light,18.38,41.58,26.06,-59.75,53,178388.95,2.2614
235,Speaker,16.45,23.72,44.4,-35.66,41,102713.17,1.4419
236,Speaker,12.26,87.34,33.99,-54.41,27,374068.27,7.1216
237,Camera,9.16,,37.33,-50.59,52,245446.53,6.1678
238,Camera,9.24,53.63,39.18,-75.96,8,232946.2,5.8056
239,Sensor,12.13,40.01,41.28,-47.79,35,174122.33,3.2989
240,Plug,19.75,29.68,36.49,-79.92,42,128300.79,1.5028
241,Sensor,15.92,27.66,37.72,-55.32,14,120461.87,1.7379
242,Plug,10.82,73.86,49.11,-62.65,24,318644.55,6.8234
243,Speaker,12.35,79.55,43.16,-47.42,54,342701.91,6.4407
244,Plug,7.93,36.06,43.4,-34.94,2,153317.4,4.5476
245,Camera,18.46,88.61,45.81,-55.43,16,383935.69,4.8002
246,Plug,11.1,78.81,18.28,-66.04,3,339031.11,7.1014
247,Camera,23.38,36.87,17.25,-60.43,49,160099.31,1.5771
248,Light,7.18,38.13,35.89,-76.3,58,165415.16,5.3085
249,Camera,16.01,44.25,36.45,-84.26,29,190907.26,2.7636
250,Plug,8.74,44.63,41.76,-59.57,12,191894.56,5.1084
251,Light,9.0,64.6,40.7,-43.03,36,278024.09,7.1799
252,Light,9.21,35.67,52.15,-41.61,18,155481.11,3.8739
253,Sensor,10.25,70.87,49.12,-41.26,5,305846.81,6.9125
254,Sensor,6.35,90.51,43.95,-71.23,59,391641.98,14.2495
255,Camera,10.43,80.8,30.72,-76.72,25,349098.54,7.7433
256,Sensor,14.91,53.23,24.43,-74.19,6,232318.77,3.5696
257,Light,8.14,94.46,39.13,-75.74,7,409847.75,11.597
258,Plug,17.14,30.88,42.52,-42.6,22,137656.97,1.8022
259,Sensor,4.68,68.89,36.96,-40.47,44,295650.44,14.7096
260,Plug,5.93,33.94,30.85,-59.46,6,146867.69,5.7224
261,Camera,11.74,76.78,43.19,-60.69,22,333151.9,6.5381
262,Sensor,10.85,78.77,39.64,-61.51,49,339966.15,7.2618
263,Speaker,9.16,88.07,41.42,-66.18,38,379840.95,9.6133
264,Speaker,12.45,62.15,28.63,-51.43,44,268008.24,4.9928
265,Sensor,7.02,34.08,26.72,-57.91,30,145034.52,4.8552
266,Speaker,11.2,79.31,21.97,-75.78,23,343150.14,7.0803
267,Camera,12.32,25.8,42.12,-42.79,34,112396.91,2.0944
268,Speaker,6.07,67.52,30.18,-60.49,51,289639.4,11.1201
269,Speaker,13.2,42.86,47.5,-62.49,39,187681.95,3.2472
270,Light,14.5,74.47,56.38,-67.37,24,320357.08,5.1347
271,Plug,16.82,37.55,29.29,-66.78,51,160288.04,2.2329
272,Speaker,4.64,79.16,29.92,-66.3,49,339787.38,17.0598
273,Speaker,13.57,34.72,37.17,-73.03,35,150581.03,2.5581
274,Camera,15.7,40.85,34.25,-77.98,26,174373.94,2.603
275,Light,,83.22,51.56,-70.75,28,356965.93,6.4624
276,Light,16.35,49.72,31.15,-62.68,51,211972.27,3.0403
277,Sensor,13.98,64.36,49.64,-82.87,56,274449.54,4.6055
278,Light,3.04,20.48,42.26,-66.33,35,88559.24,6.7283
279,Plug,16.91,69.62,36.21,-66.56,8,301083.59,4.1167
280,Camera,11.09,69.55,41.16,-84.23,40,297464.1,6.2707
281,Sensor,8.23,55.59,34.36,-61.62,60,242887.81,6.7519
282,Sensor,10.53,67.43,51.97,-79.66,26,293217.36,6.4047
283,Light,,42.46,37.35,-53.84,10,185453.47,5.2592
284,Plug,15.58,29.99,28.97,-58.72,19,128407.26,1.9248
285,Camera,10.46,64.3,37.76,-52.01,26,279121.82,6.1477
286,Speaker,16.72,121.82,34.25,-69.33,35,526037.36,7.2879
287,Light,5.64,80.76,24.39,-39.94,33,352523.05,14.3254
288,Light,14.26,71.7,25.36,-60.74,9,309696.0,5.0282
289,Sensor,16.06,90.36,25.12,-54.63,43,389875.57,5.6246
290,Light,7.51,41.96,33.99,-68.2,46,179930.08,5.5885
291,Light,5.14,45.4,40.09,-66.9,53,194059.66,8.8321
292,Camera,14.1,62.66,34.91,-64.99,20,270379.14,4.4429
293,Camera,1.0,5.6,62.03,-79.95,18,24077.17,5.6034
294,Camera,16.51,40.59,26.25,-50.77,25,177678.23,2.4594
295,Light,12.78,81.56,43.33,-65.49,43,352171.24,6.3822
296,Light,12.16,104.53,51.64,-56.06,4,451339.29,8.5983
297,Plug,12.46,35.63,22.29,-69.06,41,156543.97,2.8593
298,Light,12.32,45.8,31.57,-66.06,19,199319.97,3.7184
299,Plug,12.5,32.03,48.03,-60.68,13,135607.39,2.5616
300,Camera,16.39,56.64,48.9,-78.35,56,241728.91,3.4566
301,Camera,11.42,68.09,17.81,-62.34,54,294139.07,5.962
302,Sensor,13.81,74.13,41.42,-70.57,9,319571.58,5.3672
303,Camera,9.94,,39.07,-56.11,45,162238.81,3.767
304,Sensor,9.73,90.5,47.15,-58.33,50,389902.55,9.3011
305,Plug,11.37,43.51,40.54,-45.36,10,189864.21,3.8259
306,Plug,15.87,54.65,47.6,-46.97,59,232532.73,3.4428
307,Camera,9.59,52.3,38.12,-62.64,9,223453.41,5.4521
308,Plug,15.02,24.13,39.48,-66.7,20,102004.99,1.607
309,Sensor,17.42,46.66,35.82,-58.61,4,201774.33,2.6783
310,Camera,13.69,61.87,31.92,-78.07,7,268585.45,4.5179
311,Sensor,17.43,67.47,28.9,-45.89,57,291891.84,3.8712
312,Plug,13.34,92.03,25.57,-54.08,15,396335.94,6.8991
313,Camera,11.05,45.87,31.17,-67.18,29,197861.21,4.1502
314,Sensor,15.16,57.37,40.18,-63.12,43,246878.89,3.7841
315,Sensor,8.24,67.57,43.22,-54.8,56,292297.28,8.2021
316,Light,8.12,67.81,48.8,-61.16,30,291892.74,8.3504
317,Plug,5.82,44.57,39.69,-50.9,4,191255.76,7.6599
318,Plug,2.76,47.31,39.97,-58.88,24,204671.14,17.1651
319,Light,9.16,57.07,28.85,-51.08,37,245375.82,6.2329
320,Light,9.72,,32.12,-80.83,16,385535.91,9.2028
321,Speaker,12.88,27.71,51.65,-51.92,47,120249.79,2.1507
322,Speaker,2.21,32.92,41.96,-61.89,48,140633.17,14.9047
323,Speaker,12.56,5.0,30.62,-67.34,20,19592.37,0.3982
324,Light,5.87,60.03,42.48,-56.71,54,257335.67,10.223
325,Light,7.31,33.25,16.57,-57.64,37,144674.03,4.5473
326,Plug,12.47,55.43,22.96,-37.05,23,236969.34,4.4433
327,Camera,12.37,18.42,46.09,-70.5,38,81688.35,1.4891
328,Sensor,19.51,69.6,33.28,-74.64,48,297916.6,3.5673
329,Camera,12.18,64.68,34.93,-49.56,19,279352.5,5.3119
330,Plug,6.78,41.08,38.78,-68.0,58,176132.36,6.062
331,Light,13.72,,38.63,-57.4,14,182687.86,3.0702
332,Camera,16.43,21.34,48.4,-52.4,16,92847.03,1.2991
333,Plug,16.44,73.9,17.32,-49.18,44,319657.86,4.4958
334,Light,13.44,40.46,40.49,-47.89,48,172865.67,3.0114
335,Sensor,20.84,37.56,28.67,-71.18,2,163103.26,1.8017
336,Light,14.28,72.13,40.33,-62.9,47,313997.69,5.0503
337,Plug,14.96,9.69,21.03,-50.19,48,42720.35,0.6482
338,Speaker,3.65,47.82,41.68,-54.4,36,205885.61,13.1172
339,Speaker,7.77,39.83,55.65,-63.95,9,172160.02,5.1273
340,Camera,17.83,90.92,35.88,-70.66,2,391110.68,5.0983
341,Light,19.73,44.16,29.23,-54.83,57,190185.68,2.2381
342,Sensor,16.82,91.84,63.09,-59.02,28,399891.5,5.4598
343,Plug,13.15,77.95,22.77,-43.06,39,338133.98,5.9265
344,Plug,11.02,66.2,36.65,-44.74,17,283854.14,6.0101
345,Plug,11.55,54.01,52.24,-90.0,2,233665.93,4.6753
346,Plug,12.48,43.15,44.53,-41.84,28,188115.52,3.4565
347,Speaker,14.87,53.42,26.19,-62.79,7,228870.85,3.5928
348,Sensor,10.46,36.6,45.11,-75.9,51,160560.38,3.4987
349,Light,16.66,49.78,51.29,-54.39,37,214824.79,2.988
350,Plug,14.99,27.9,49.7,-57.92,60,120957.94,1.8614
351,Plug,11.45,46.16,34.41,-40.77,52,202571.42,4.0307
352,Light,9.89,8.32,33.45,-68.28,37,36790.47,0.842
353,Plug,15.49,21.56,37.83,-48.17,38,95387.82,1.392
354,Light,8.34,58.43,43.6,-34.39,40,249944.71,7.0024
355,Light,4.21,14.43,26.16,-57.78,40,63504.18,3.4256
356,Sensor,14.8,25.89,18.09,-51.84,52,111595.07,1.7498
357,Plug,18.37,80.16,34.71,-44.8,36,345263.03,4.363
358,Camera,11.03,50.41,50.03,-57.37,1,218376.53,4.57
359,Plug,8.46,92.28,37.54,-59.7,30,398361.31,10.9128
360,Camera,4.79,22.46,48.39,-61.72,29,96511.92,4.6886
361,Light,15.06,10.94,48.34,-56.36,9,47396.03,0.7265
362,Sensor,5.85,79.34,42.63,-51.12,58,340623.71,13.5698
363,Speaker,9.69,78.98,50.77,-81.69,4,340036.13,8.1546
364,Camera,,86.13,47.97,-66.66,14,372348.28,10.1098
365,Sensor,13.82,36.06,38.93,-54.56,59,155782.7,2.6097
366,Light,8.95,28.3,35.7,-82.7,15,121759.23,3.1617
367,Speaker,5.79,82.9,41.24,-72.68,2,357410.21,14.3183
368,Speaker,5.15,5.0,51.06,-64.25,1,22236.46,0.97
369,Speaker,4.59,53.15,48.32,-46.72,7,230774.57,11.5858
370,Camera,12.44,32.78,43.32,-68.91,60,141152.82,2.6354
371,Sensor,15.76,32.31,52.76,-40.96,33,142171.8,2.0502
372,Sensor,9.12,57.92,41.43,-52.49,19,247912.26,6.3539
373,Plug,14.61,46.74,26.26,-62.14,44,198381.68,3.1985
374,Light,14.92,59.27,30.07,-78.22,57,255932.1,3.9732
375,Plug,12.26,12.46,34.5,-38.22,37,54686.53,1.0159
376,Light,9.62,81.18,33.44,-56.5,34,349801.54,8.442
377,Light,10.52,81.06,43.7,-72.34,54,351386.66,7.7083
378,Speaker,10.0,35.52,24.43,-66.48,25,151687.4,3.554
379,Speaker,11.72,100.39,25.54,-41.36,34,434631.38,8.5679
380,Camera,9.77,19.23,42.53,-77.63,2,81383.29,1.9684
381,Light,14.42,85.01,38.9,-40.96,51,368019.25,5.894
382,Sensor,16.72,37.18,47.79,-56.41,46,158567.52,2.2233
383,Camera,10.35,21.55,26.5,-54.37,27,94316.31,2.0819
384,Camera,14.63,32.43,35.45,-45.71,37,140514.33,2.2174
385,Light,18.12,46.64,51.86,-52.39,39,204119.09,2.5745
386,Light,12.9,54.86,38.03,-57.31,56,235651.49,4.2538
387,Plug,15.5,54.27,17.47,-56.41,43,234042.06,3.5012
388,Light,14.13,12.78,35.01,-55.4,55,52913.94,0.9045
389,Plug,8.96,76.23,33.16,-67.68,28,327074.03,8.5125
390,Speaker,13.96,49.33,34.93,-48.74,17,211266.02,3.5332
391,Light,14.26,33.12,15.1,-65.87,1,143882.21,2.3231
392,Plug,11.71,44.84,62.83,-76.8,32,191512.67,3.8278
393,Light,8.83,69.06,28.81,-42.77,55,297575.21,7.8171
394,Camera,11.98,91.49,37.01,-37.43,6,395882.68,7.6339
395,Plug,13.1,45.09,23.17,-41.36,48,193186.65,3.4419
396,Light,9.77,85.68,40.19,-53.06,3,371152.79,8.7664
397,Speaker,9.03,76.92,46.32,-65.51,30,331370.45,8.5222
398,Light,17.61,51.9,37.12,-47.48,53,225064.91,2.9469
399,Camera,16.35,69.88,37.13,-41.7,19,301564.07,4.2744
400,Plug,8.7,29.9,29.09,-52.96,9,131043.53,3.436
401,Camera,14.45,56.18,38.29,-53.95,58,241775.58,3.8865
402,Camera,6.82,47.67,45.69,-59.84,8,205269.35,6.9941
403,Sensor,12.79,26.98,27.75,-77.24,42,117889.05,2.1089
404,Speaker,9.81,24.01,42.69,-51.81,47,102819.63,2.4466
405,Camera,11.83,36.84,40.46,-51.33,40,159948.88,3.1135
406,Light,16.47,93.2,46.05,-58.9,42,402480.44,5.6593
407,Light,17.62,35.86,41.05,-71.7,14,156753.55,2.0355
408,Plug,11.12,61.58,22.14,-64.73,30,264992.5,5.5398
409,Light,7.4,77.8,40.84,-67.29,44,335317.24,10.5154
410,Camera,4.92,88.7,25.84,-64.55,31,382350.48,18.0359
411,Camera,17.74,53.32,43.54,-52.08,53,229117.24,3.0053
412,Sensor,13.46,31.02,41.78,-52.65,54,132952.47,2.3038
413,Light,15.31,44.11,33.62,-42.96,5,190417.08,2.8803
414,Speaker,12.47,76.71,34.32,-55.23,52,331123.03,6.1537
415,Speaker,10.64,42.25,35.34,-55.08,5,180468.77,3.9709
416,Light,13.09,76.81,46.65,-65.69,43,331827.11,5.8683
417,Camera,11.77,36.72,34.89,-52.16,22,157752.25,3.1203
418,Camera,8.52,54.24,35.61,-49.51,8,234880.91,6.3638
419,Light,8.97,85.41,35.28,-61.56,56,368696.96,9.5217
420,Camera,19.4,43.92,43.98,-81.64,16,189361.17,2.2644
421,Light,11.39,44.48,36.99,-54.9,48,192526.2,3.9069
422,Speaker,11.14,53.59,47.59,-90.0,59,228728.11,4.8104
423,Plug,,80.18,47.26,-63.25,34,344703.03,4.7718
424,Light,6.27,51.6,26.21,-49.73,18,223829.45,8.2313
425,Sensor,12.06,51.82,29.25,-74.66,29,224494.01,4.2986
426,Speaker,6.49,84.52,46.76,-53.93,59,366911.91,13.0251
427,Light,20.1,73.47,39.72,-40.51,31,318002.17,3.6551
428,Sensor,10.1,103.78,56.99,-52.64,10,447737.96,10.2782
429,Plug,6.18,45.7,43.75,-37.12,7,198297.08,7.3981
430,Plug,4.28,56.96,49.05,-88.69,50,247291.56,13.3012
431,Plug,12.04,46.97,40.35,-46.27,47,201044.99,3.9016
432,Camera,11.75,38.67,37.73,-64.32,7,167020.83,3.2908
433,Speaker,9.26,57.65,46.01,-56.76,59,251106.68,6.225
434,Light,8.06,,36.65,-62.83,6,349089.2,10.0458
435,Plug,19.47,76.55,42.03,-39.88,20,330624.19,3.9314
436,Sensor,13.21,37.21,48.88,-51.65,6,161092.92,2.8174
437,Plug,19.08,54.63,40.46,-63.69,31,236203.72,2.8637
438,Camera,4.18,5.0,37.12,-76.52,25,21234.04,1.1956
439,Plug,12.04,60.75,29.57,-70.63,41,261497.47,5.0474
440,Sensor,15.52,34.32,42.73,-25.98,25,147712.56,2.2106
441,Light,16.82,65.47,46.76,-64.27,40,281733.74,3.8918
442,Camera,9.86,66.08,42.01,-46.54,6,286308.0,6.7024
443,Camera,17.11,41.34,31.62,-63.92,25,179911.26,2.4165
444,Speaker,9.83,40.86,27.64,-63.57,29,178193.11,4.1558
445,Camera,15.7,31.44,42.65,-62.63,41,133038.86,2.0023
446,Light,12.25,50.65,51.55,-66.78,51,219033.85,4.1351
447,Plug,11.03,46.87,53.4,-55.98,39,201243.36,4.2508
448,Light,7.57,54.77,27.45,-42.96,44,235295.38,7.2358
449,Camera,11.75,67.62,46.18,-34.65,54,292039.64,5.7548
450,Sensor,14.94,93.18,35.05,-66.72,19,401589.83,6.2361
451,Camera,15.56,88.32,39.29,-47.93,48,382271.72,5.6743
452,Camera,11.71,25.86,30.71,-50.24,23,110265.45,2.2084
453,Speaker,9.38,42.21,43.57,-59.28,59,180377.34,4.501
454,Sensor,14.84,27.82,44.09,-52.02,44,118939.8,1.8741
455,Light,24.0,49.54,24.62,-51.94,59,213139.33,2.0641
456,Sensor,17.93,58.23,24.52,-75.79,20,251433.67,3.2484
457,Light,8.49,43.21,30.7,-54.52,43,184244.52,5.0918
458,Plug,9.34,22.63,47.92,-47.88,33,98429.64,2.4222
459,Light,11.99,45.29,22.91,-49.18,53,193979.18,3.7785
460,Camera,14.73,46.81,47.12,-51.6,51,201239.15,3.1784
461,Speaker,10.36,72.55,39.51,-54.57,28,313488.85,7.0042
462,Camera,17.27,81.86,32.3,-70.24,14,352236.61,4.7407
463,Plug,10.16,73.61,41.77,-59.46,55,318512.26,7.2486
464,Light,17.49,41.29,48.21,-59.24,23,178962.6,2.361
465,Camera,8.7,61.64,48.65,-62.64,32,264385.75,7.0845
466,Light,15.11,59.92,39.76,-62.01,24,260664.65,3.9659
467,Light,9.21,64.34,28.36,-44.0,17,279595.09,6.9846
468,Light,5.18,34.49,46.65,-56.24,3,147383.3,6.6551
469,Light,13.39,60.67,25.68,-49.3,3,260241.9,4.5325
470,Camera,9.62,67.2,50.82,-65.97,37,290530.48,6.9876
471,Light,8.84,54.86,20.44,-39.21,46,238311.71,6.2052
472,Light,4.79,42.78,38.74,-53.11,22,185005.27,8.9382
473,Speaker,13.49,58.39,47.81,-59.53,26,253678.57,4.3281
474,Camera,15.0,56.26,39.82,-49.33,30,242263.37,3.7501
475,Speaker,11.35,51.24,55.47,-60.6,3,222032.48,4.5158
476,Light,9.48,47.9,42.47,-50.4,11,209633.51,5.0514
477,Plug,10.59,82.2,22.75,-78.9,49,355021.54,7.7626
478,Plug,15.78,25.78,60.29,-81.73,43,108544.01,1.6342
479,Camera,8.01,77.96,45.61,-47.57,1,337731.59,9.7278
480,Plug,13.58,76.52,44.06,-85.42,24,329643.87,5.6357
481,Plug,10.77,50.11,37.15,-41.8,52,217958.61,4.6541
482,Speaker,16.28,55.42,53.63,-62.98,57,238954.49,3.4038
483,Light,15.93,45.17,34.15,-45.42,60,196611.52,2.8354
484,Sensor,11.16,66.53,42.42,-43.69,20,287724.74,5.9602
485,Light,8.93,88.72,48.43,-44.46,46,381299.93,9.9322
486,Speaker,11.91,58.63,31.76,-52.79,43,253586.41,4.9244
487,Camera,10.88,67.25,32.6,-77.47,31,289002.68,6.1806
488,Speaker,7.41,62.01,30.86,-73.75,15,267853.62,8.3662
489,Sensor,8.59,41.03,29.65,-71.01,25,178541.1,4.774
490,Light,12.48,28.11,38.12,-54.1,11,121165.11,2.2534
491,Light,13.14,62.99,50.28,-63.94,25,271400.49,4.7957
492,Plug,15.07,20.67,31.66,-51.89,5,88792.47,1.371
493,Camera,14.92,24.83,41.29,-50.66,9,108909.32,1.6639
494,Camera,10.8,56.95,40.52,-47.38,51,248220.5,5.2726
495,Light,8.87,25.72,37.8,-59.9,8,109501.06,2.8996
496,Sensor,9.49,58.46,40.74,-41.85,34,255327.6,6.1583
497,Light,20.45,122.93,25.42,-68.65,35,533185.26,6.0119
498,Speaker,13.71,24.35,36.12,-68.32,30,106570.53,1.7757
499,Light,14.07,55.62,31.46,-46.91,11,239375.42,3.9532
500,Plug,15.56,48.95,33.5,-79.15,59,208835.44,3.1462
501,Speaker,8.51,70.95,31.18,-61.3,7,305784.63,8.3354
502,Light,7.99,82.98,24.05,-51.92,60,359007.31,10.3892
503,Plug,16.42,28.09,41.33,-67.55,58,124253.54,1.711
504,Camera,13.95,50.13,56.5,-81.76,32,217487.63,3.5936
505,Plug,15.41,53.18,40.7,-63.18,41,229340.47,3.4505
506,Light,8.18,,55.19,-74.1,20,280257.86,7.9201
507,Camera,12.25,104.22,34.16,-65.93,57,450243.7,8.5111
508,Speaker,3.39,44.98,36.99,-40.91,47,193479.0,13.25
509,Speaker,11.54,23.1,40.55,-45.11,59,99501.05,2.001
510,Camera,19.7,82.57,20.22,-59.38,5,357456.89,4.1905
511,Plug,14.66,67.95,41.9,-42.39,29,294483.66,4.6353
512,Sensor,14.68,77.9,33.9,-37.43,12,337035.47,5.3073
513,Light,12.66,40.96,40.96,-46.18,5,178226.37,3.2366
514,Light,11.94,47.09,28.58,-60.79,6,201492.72,3.9435
515,Plug,6.92,87.58,51.52,-71.39,59,377858.41,12.6573
516,Sensor,11.64,73.89,36.66,-67.07,35,323184.84,6.3483
517,Light,12.57,29.15,38.5,-48.18,59,126646.37,2.318
518,Sensor,13.84,5.95,26.78,-67.37,5,21379.07,0.4298
519,Speaker,15.74,72.88,29.92,-51.09,49,318096.33,4.6294
520,Camera,8.09,60.88,31.03,-46.86,47,262205.93,7.5226
521,Light,13.35,49.16,41.94,-64.71,18,213127.93,3.6829
522,Plug,9.02,,45.5,-53.55,60,304062.95,7.7331
523,Camera,11.85,50.31,29.27,-55.89,22,218454.11,4.2465
524,Light,13.28,57.27,34.61,-64.83,54,247962.52,4.3124
525,Light,24.0,93.64,31.53,-37.42,16,402798.45,3.9016
526,Speaker,20.65,66.17,34.3,-54.25,33,285016.93,3.2043
527,Plug,11.03,47.66,25.36,-53.48,40,205334.91,4.3209
528,Light,14.0,49.23,29.96,-60.58,14,212266.77,3.5154
529,Plug,16.81,19.69,43.97,-54.45,32,83762.81,1.1711
530,Speaker,14.08,5.0,35.23,-65.81,24,23248.62,0.3551
531,Camera,11.03,61.88,54.92,-69.9,16,267391.69,5.6102
532,Sensor,12.94,78.16,41.62,-46.79,27,339351.87,6.0393
533,Plug,10.31,51.39,32.4,-70.13,33,222482.3,4.9822
534,Sensor,12.11,55.3,38.43,-58.25,6,238599.86,4.565
535,Camera,12.09,23.75,37.67,-44.42,56,103506.94,1.964
536,Sensor,9.57,28.76,35.58,-59.29,49,125067.79,3.0057
537,Plug,6.66,79.76,50.79,-53.3,51,346841.17,11.9785
538,Sensor,10.37,49.42,17.21,-72.09,2,214413.96,4.7635
539,Light,5.46,30.15,44.29,-83.37,24,130050.86,5.5235
540,Plug,11.25,63.0,51.3,-70.82,33,272909.39,5.5979
541,Plug,13.97,62.48,51.15,-44.46,57,270779.54,4.4725
542,Plug,21.78,90.84,33.62,-61.58,46,394924.65,4.1705
543,Plug,8.5,97.39,41.88,-60.87,51,419859.64,11.4647
544,Plug,14.52,10.05,49.27,-51.0,31,43519.17,0.6919
545,Light,6.28,28.65,30.89,-35.98,42,121908.42,4.5596
546,Sensor,16.08,66.92,47.46,-51.29,30,290100.93,4.1611
547,Sensor,8.73,23.21,37.74,-43.01,24,99037.81,2.6579
548,Sensor,12.93,38.29,37.97,-72.82,53,164100.26,2.9612
549,Camera,8.21,14.68,51.82,-64.13,28,62797.25,1.7874
550,Sensor,9.29,95.03,36.38,-68.28,44,410145.43,10.2332
551,Camera,8.95,73.33,43.35,-45.31,41,317149.45,8.1923
552,Speaker,5.21,48.11,44.18,-51.98,43,207729.17,9.236
553,Sensor,8.92,73.69,28.99,-56.43,8,320599.77,8.2644
554,Sensor,7.39,53.01,45.29,-64.14,10,229570.21,7.1692
555,Speaker,9.38,50.13,43.14,-43.66,5,218561.55,5.345
556,Sensor,8.22,27.19,33.81,-78.88,35,117143.28,3.3067
557,Camera,13.53,34.92,39.25,-59.99,12,152499.14,2.5815
558,Speaker,13.25,58.54,43.08,-70.88,39,255382.41,4.4186
559,Camera,9.62,67.62,30.74,-70.7,13,292198.42,7.0315
560,Plug,17.55,68.11,40.6,-53.54,37,297495.24,3.8801
561,Speaker,7.66,56.5,40.06,-41.9,34,242786.61,7.3799
562,Plug,5.56,10.47,25.44,-72.74,52,46022.62,1.8834
563,Plug,8.3,66.4,47.01,-50.05,37,286311.7,7.9993
564,Camera,11.82,48.55,32.84,-67.12,11,206155.83,4.1079
565,Speaker,17.02,72.62,31.71,-58.25,55,311898.9,4.2661
566,Camera,11.89,25.94,44.26,-65.12,29,110582.98,2.1821
567,Camera,12.22,57.81,27.31,-66.74,45,250316.18,4.7319
568,Camera,10.31,91.97,33.7,-53.26,12,399143.51,8.9166
569,Plug,17.96,57.77,31.1,-46.23,7,248429.4,3.2167
570,Plug,12.2,62.24,34.45,-52.47,48,266660.71,5.1025
571,Light,16.11,84.74,32.63,-47.07,48,364382.97,5.2605
572,Camera,13.43,87.45,39.79,-65.32,50,377545.83,6.513
573,Light,13.1,70.53,60.55,-54.43,16,306344.17,5.3846
574,Speaker,21.48,36.08,52.36,-57.18,8,156500.72,1.6799
575,Camera,9.08,72.63,48.2,-56.77,53,313696.61,7.9992
576,Sensor,13.27,57.06,37.52,-45.56,22,244388.87,4.3013
577,Light,7.77,45.24,36.69,-25.0,30,196142.53,5.825
578,Camera,13.53,5.0,27.38,-70.28,20,19522.71,0.3694
579,Sensor,6.79,50.78,34.28,-48.86,22,219214.34,7.473
580,Plug,16.07,62.05,31.29,-58.74,18,269164.46,3.8622
581,Plug,12.7,23.69,42.4,-65.94,32,104657.47,1.865
582,Speaker,9.89,65.88,33.77,-68.16,43,285602.44,6.6587
583,Camera,11.78,58.57,31.36,-68.18,25,252953.16,4.9738
584,Sensor,21.19,45.76,43.85,-53.76,30,194064.17,2.1588
585,Camera,5.18,60.53,32.59,-81.78,28,259528.26,11.6955
586,Plug,14.38,76.61,41.43,-71.4,6,331128.75,5.329
587,Light,20.33,48.05,23.71,-64.03,22,208343.13,2.3631
588,Light,9.34,63.53,44.23,-45.31,53,274920.96,6.798
589,Plug,4.05,32.49,23.16,-49.25,25,139693.08,8.0274
590,Light,9.48,53.02,34.94,-77.08,2,230577.14,5.5921
591,Sensor,7.45,45.76,51.88,-58.55,60,198323.51,6.1441
592,Light,16.34,,12.55,-32.17,28,324966.29,4.6086
593,Sensor,12.32,59.63,45.81,-46.23,1,257592.06,4.838
594,Camera,18.03,65.32,22.22,-44.54,8,281979.69,3.6231
595,Plug,,77.33,43.74,-64.92,39,332852.29,5.5439
596,Light,15.31,59.11,10.32,-82.22,41,258119.32,3.8619
597,Camera,2.48,44.63,58.28,-59.6,32,191599.33,17.9938
598,Speaker,9.88,34.16,29.14,-45.12,36,150142.03,3.4585
599,Speaker,10.88,31.13,42.66,-56.5,24,134245.07,2.861
600,Light,16.48,33.9,44.93,-62.98,18,146169.19,2.0566
601,Light,11.95,41.21,30.59,-81.79,40,175538.86,3.4485
602,Light,5.2,28.21,50.42,-56.39,22,123478.74,5.4211
603,Camera,13.59,73.9,46.29,-66.76,6,318563.25,5.4367
604,Light,7.12,26.46,33.74,-62.41,51,113472.09,3.7156
605,Plug,15.28,67.73,39.24,-59.11,19,292243.95,4.4335
606,Plug,13.13,68.4,37.27,-60.35,54,293680.18,5.2101
607,Camera,9.97,77.73,49.3,-74.83,14,337553.02,7.7934
608,Light,14.84,99.03,43.13,-47.52,9,427345.15,6.6755
609,Plug,13.07,108.46,38.49,-68.58,40,468730.43,8.3002
610,Speaker,7.9,38.13,44.61,-51.41,28,165407.64,4.8273
611,Camera,12.18,48.51,38.05,-61.94,30,207438.22,3.9822
612,Plug,17.75,31.47,22.23,-52.25,46,137828.93,1.7732
613,Speaker,19.34,11.82,40.62,-64.1,55,50907.85,0.611
614,Speaker,5.8,75.36,43.33,-57.7,47,325048.91,13.0021
615,Light,6.56,31.9,55.33,-55.54,38,136979.78,4.8598
616,Light,13.26,26.08,42.58,-49.94,11,112596.13,1.9664
617,Light,8.44,58.24,40.3,-50.31,57,250443.73,6.896
618,Plug,11.51,39.93,52.3,-48.89,25,170676.33,3.4679
619,Camera,7.46,59.48,31.61,-71.75,47,259873.92,7.9732
620,Light,15.64,61.69,54.88,-51.21,41,264606.7,3.9455
621,Camera,12.54,54.87,47.89,-48.55,34,235864.22,4.3756
622,Light,9.63,78.8,49.2,-74.19,25,342510.26,8.186
623,Sensor,11.56,54.45,42.03,-54.88,19,235568.93,4.7117
624,Light,8.83,53.54,29.51,-44.07,22,231246.83,6.0665
625,Light,12.99,74.74,47.49,-56.09,30,323458.03,5.7517
626,Light,11.58,54.63,33.35,-54.98,8,234785.83,4.7173
627,Plug,13.59,76.77,24.36,-66.72,17,331567.83,5.6483
628,Sensor,15.53,100.78,43.52,-63.11,20,435339.17,6.4895
629,Camera,7.02,37.16,30.35,-66.59,51,160524.85,5.2956
630,Camera,19.29,34.06,39.77,-54.43,57,144551.78,1.7655
631,Light,18.24,35.49,52.75,-54.44,54,152930.39,1.945
632,Light,15.56,83.09,35.01,-49.47,47,358731.66,5.3409
633,Speaker,14.94,59.61,17.82,-55.39,41,256742.92,3.9889
634,Camera,,40.63,52.14,-55.92,23,174775.89,2.3697
635,Sensor,16.43,49.99,42.73,-69.19,28,215379.59,3.043
636,Light,6.38,28.04,57.0,-43.57,31,120490.42,4.3944
637,Plug,15.5,5.98,12.51,-61.08,12,24271.77,0.3859
638,Camera,13.56,55.29,25.78,-56.34,15,237524.73,4.0771
639,Sensor,11.4,71.94,34.78,-66.8,6,311431.93,6.3084
640,Light,9.63,13.77,40.16,-49.39,29,58862.95,1.4298
641,Light,9.39,57.6,36.89,-68.19,15,248832.46,6.1326
642,Light,12.95,44.46,25.62,-39.49,50,193963.7,3.4329
643,Speaker,9.39,73.78,38.5,-68.36,52,315428.5,7.8579
644,Plug,15.43,58.9,27.47,-71.92,58,249523.15,3.8184
645,Light,7.84,36.41,33.41,-49.56,1,157202.62,4.6455
646,Plug,12.83,60.52,35.78,-41.85,46,258864.41,4.7185
647,Camera,13.75,58.12,37.27,-79.52,40,250614.7,4.227
648,Plug,11.63,43.64,53.67,-50.49,26,189281.7,3.7536
649,Speaker,16.67,46.33,49.86,-53.66,15,199944.56,2.78
650,Plug,8.39,92.8,40.47,-57.41,41,400979.29,11.0581
651,Light,10.66,47.49,54.91,-57.22,16,204833.62,4.4565
652,Camera,14.67,89.95,36.55,-44.91,42,387071.32,6.1317
653,Camera,13.61,45.84,21.21,-46.67,2,199540.03,3.3689
654,Speaker,16.87,88.83,30.71,-66.1,3,383255.85,5.2667
655,Plug,7.09,77.77,43.31,-80.52,44,333061.0,10.9762
656,Sensor,14.09,59.71,50.35,-52.42,13,259221.77,4.2372
657,Plug,4.77,59.11,45.89,-65.24,22,254596.19,12.3907
658,Sensor,15.39,37.63,29.11,-76.55,49,162705.87,2.4447
659,Camera,16.8,67.92,52.54,-54.32,20,294033.57,4.0424
660,Plug,18.74,64.59,44.45,-65.03,4,282750.61,3.4472
661,Light,16.63,19.02,38.53,-33.85,46,81215.39,1.1436
662,Speaker,9.36,72.24,30.88,-44.74,5,313202.89,7.7197
663,Camera,7.19,78.77,51.87,-44.53,9,340044.57,10.963
664,Camera,13.18,57.81,41.85,-64.29,8,251416.35,4.3867
665,Camera,12.76,46.28,30.82,-59.96,20,200091.27,3.6265
666,Light,14.77,51.94,30.23,-66.62,33,223889.78,3.5153
667,Sensor,9.95,66.34,34.84,-52.67,35,284254.26,6.6652
668,Speaker,,53.85,25.63,-42.58,38,232821.97,5.0549
669,Plug,2.68,49.61,22.72,-39.7,40,213978.03,18.486
670,Light,7.19,63.58,32.47,-79.64,3,273027.75,8.8383
671,Sensor,14.27,57.47,44.81,-75.25,26,251353.31,4.0273
672,Sensor,9.7,50.95,22.97,-54.46,24,220058.42,5.2521
673,Light,11.32,90.82,32.85,-60.53,49,393685.95,8.0212
674,Camera,6.09,39.68,34.8,-80.98,56,171036.31,6.5187
675,Sensor,5.12,26.57,14.47,-71.31,53,112295.1,5.1933
676,Sensor,5.29,16.47,19.1,-45.21,14,70318.46,3.115
677,Camera,10.56,53.57,35.17,-60.19,49,232161.58,5.0718
678,Speaker,16.87,42.06,41.26,-72.02,32,180246.68,2.4928
679,Light,8.97,32.86,48.39,-48.65,22,145079.18,3.6633
680,Plug,15.36,73.15,47.68,-72.98,30,315561.38,4.7628
681,Light,9.19,48.35,48.98,-45.27,55,208967.58,5.2639
682,Speaker,14.75,31.78,31.62,-47.04,5,133992.44,2.154
683,Light,9.63,67.72,44.39,-70.61,47,293538.59,7.0337
684,Light,,35.58,44.65,-56.51,29,155450.62,3.3027
685,Speaker,12.51,38.51,35.08,-46.78,59,165858.67,3.0775
686,Plug,8.33,47.09,44.93,-58.7,36,202051.09,5.6559
687,Light,16.24,76.65,46.45,-51.29,16,331525.14,4.721
688,Sensor,11.85,51.48,16.98,-55.94,43,222820.7,4.3439
689,Camera,9.79,,47.01,-45.84,35,205808.83,4.8717
690,Plug,14.18,43.29,38.55,-52.36,11,187326.19,3.0534
691,Plug,10.54,34.04,34.52,-43.9,4,148638.67,3.2293
692,Plug,11.72,67.43,45.88,-49.64,49,289464.39,5.754
693,Light,9.88,44.03,46.86,-62.5,58,189909.93,4.4582
694,Sensor,,63.54,24.0,-47.12,51,274633.5,5.1653
695,Light,11.81,49.32,41.16,-75.65,29,209882.8,4.1771
696,Speaker,6.78,63.26,22.93,-55.52,25,270093.1,9.327
697,Light,18.33,47.82,27.69,-64.19,42,207603.93,2.6092
698,Plug,7.81,32.82,45.21,-70.43,26,143732.2,4.202
699,Light,10.78,61.23,30.92,-45.91,27,266128.09,5.6777
700,Sensor,7.61,62.81,29.95,-52.27,36,269601.03,8.251
701,Light,11.69,74.12,33.57,-67.62,28,321060.24,6.3407
702,Camera,13.17,30.83,46.3,-48.26,9,133164.62,2.3411
703,Sensor,12.77,14.83,24.13,-51.42,9,63755.67,1.1615
704,Light,14.65,56.99,25.91,-48.46,22,245031.43,3.8896
705,Sensor,11.22,44.81,44.67,-59.2,36,195157.98,3.9949
706,Camera,17.42,73.31,25.41,-54.15,43,314492.56,4.2093
707,Camera,15.04,64.58,25.9,-65.95,24,281133.33,4.294
708,Speaker,9.02,39.28,39.49,-69.01,5,167020.47,4.3551
709,Plug,17.67,34.57,48.6,-51.11,50,149220.13,1.9565
710,Light,11.41,55.36,29.44,-72.18,26,240757.91,4.8516
711,Sensor,13.63,61.12,49.43,-63.66,35,264218.36,4.4827
712,Speaker,8.37,92.84,29.39,-50.68,56,400488.73,11.0868
713,Plug,15.51,47.02,27.87,-74.52,41,203296.6,3.0318
714,Light,3.25,29.11,41.89,-70.78,59,124740.09,8.9453
715,Light,9.44,51.34,32.72,-66.28,16,224031.86,5.4407
716,Light,10.11,98.65,46.59,-49.37,45,425983.68,9.7619
717,Speaker,6.14,62.13,48.96,-85.87,60,268217.93,10.123
718,Camera,8.7,61.57,39.39,-51.9,45,265753.57,7.0783
719,Plug,17.93,77.33,57.57,-64.37,59,333769.64,4.3117
720,Sensor,19.94,44.26,41.87,-55.7,1,190722.23,2.2196
721,Light,12.31,23.13,41.12,-65.98,21,99395.63,1.8796
722,Camera,11.3,81.71,29.32,-77.27,34,352523.92,7.2313
723,Light,7.85,88.32,51.87,-42.54,21,379430.85,11.2454
724,Camera,5.05,36.52,30.68,-44.96,25,155922.74,7.2303
725,Light,10.66,29.96,56.64,-65.59,28,129060.4,2.8101
726,Speaker,16.6,10.89,38.15,-69.89,44,46821.94,0.6559
727,Light,10.19,61.06,43.78,-62.49,43,265568.65,5.9908
728,Speaker,7.7,45.06,44.59,-78.23,48,193856.02,5.854
729,Plug,10.83,54.43,37.51,-53.73,39,235363.8,5.0239
730,Sensor,9.45,62.57,40.81,-61.79,49,274782.98,6.6237
731,Sensor,21.13,62.29,33.9,-25.0,10,268346.64,2.9485
732,Sensor,15.78,71.89,46.85,-56.11,21,310424.63,4.5555
733,Sensor,11.37,7.09,37.09,-52.71,49,29138.29,0.6242
734,Camera,17.04,41.59,25.9,-62.15,32,178157.81,2.4412
735,Camera,11.89,25.25,39.9,-78.07,17,108830.15,2.1227
736,Camera,13.02,47.39,28.35,-57.15,60,205032.82,3.6394
737,Camera,8.19,98.8,19.54,-68.37,55,423988.13,12.0613
738,Plug,3.71,60.67,36.46,-68.06,22,260349.27,16.3428
739,Camera,15.55,69.66,24.89,-73.06,50,303085.0,4.4797
740,Speaker,8.07,82.5,32.18,-51.53,5,357833.15,10.2193
741,Light,17.89,16.42,32.52,-39.32,30,69760.12,0.9179
742,Light,12.11,40.59,41.19,-58.07,57,177303.06,3.3515
743,Light,,75.21,43.43,-72.95,12,325424.91,4.4619
744,Plug,8.45,47.93,39.91,-73.65,59,210770.97,5.6702
745,Light,12.85,69.52,41.51,-49.73,36,298774.37,5.41
746,Camera,17.47,52.55,27.23,-70.97,12,226547.49,3.0083
747,Speaker,13.06,41.54,32.28,-69.67,19,180135.04,3.1799
748,Speaker,11.9,99.63,43.26,-58.59,34,431063.87,8.3715
749,Sensor,2.52,60.07,31.1,-62.3,14,262149.13,23.8489
750,Plug,9.67,65.3,31.53,-71.02,53,280584.66,6.7558
751,Light,12.4,76.31,42.44,-90.0,53,328907.59,6.1536
752,Speaker,17.97,30.71,45.77,-59.04,2,133745.35,1.7088
753,Sensor,15.55,46.06,35.47,-43.62,46,196023.33,2.9629
754,Sensor,7.24,20.97,24.1,-48.8,36,92202.09,2.8958
755,Light,10.49,63.54,38.37,-58.85,23,276125.71,6.0576
756,Plug,13.68,33.83,45.14,-75.7,35,147936.77,2.4725
757,Sensor,13.73,77.07,29.4,-65.08,27,335384.87,5.6119
758,Plug,7.11,30.29,37.57,-58.15,43,129595.88,4.2613
759,Plug,12.08,52.27,28.98,-58.59,55,224419.22,4.3275
760,Speaker,15.07,27.2,41.12,-57.92,60,115680.83,1.8046
761,Plug,16.65,40.65,28.35,-48.85,39,174841.54,2.4406
762,Camera,11.17,43.45,28.76,-55.52,23,186434.18,3.8911
763,Plug,3.87,65.94,17.99,-71.55,58,285425.8,17.0422
764,Camera,12.75,46.79,45.76,-44.52,21,202018.24,3.671
765,Sensor,12.0,39.56,32.76,-42.62,33,169503.32,3.2978
766,Speaker,13.54,72.1,40.18,-60.23,26,312036.53,5.3234
767,Camera,15.89,36.34,27.12,-70.42,38,157690.79,2.2877
768,Sensor,5.73,54.83,42.16,-67.22,51,238655.89,9.5686
769,Camera,14.01,68.29,32.69,-34.6,36,294916.53,4.873
770,Sensor,14.66,102.66,25.4,-33.72,7,444754.49,7.0037
771,Light,9.63,20.62,27.84,-75.9,54,87361.38,2.141
772,Light,12.39,5.0,32.49,-62.74,60,21291.54,0.4037
773,Plug,13.74,25.13,33.76,-37.55,4,108114.9,1.8291
774,Light,18.72,28.61,29.6,-83.61,51,124289.95,1.5281
775,Plug,14.52,36.16,38.01,-76.61,30,155953.86,2.4899
776,Sensor,6.17,41.13,22.71,-67.79,31,177453.45,6.6706
777,Plug,1.65,18.73,52.49,-44.51,60,81652.15,11.3447
778,Speaker,16.55,47.83,38.99,-49.14,30,207048.53,2.8906
779,Plug,14.36,49.6,37.84,-60.76,35,213686.82,3.4541
780,Sensor,1.27,69.89,39.83,-64.69,7,300037.47,55.1797
781,Light,,56.39,37.38,-65.25,16,244451.22,9.5017
782,Speaker,15.67,42.65,38.97,-46.76,18,183524.31,2.722
783,Camera,11.39,74.04,41.64,-55.47,2,320451.11,6.5018
784,Light,16.27,24.17,24.06,-53.63,34,104805.03,1.4851
785,Light,1.01,50.48,25.86,-52.5,5,217420.26,49.8193
786,Plug,12.97,38.2,44.12,-47.41,15,166042.85,2.9451
787,Light,8.02,46.4,20.78,-54.7,4,198439.12,5.7878
788,Light,14.35,76.6,31.79,-44.29,7,332025.76,5.3381
789,Speaker,5.71,59.76,41.86,-35.82,45,260272.19,10.4693
790,Speaker,11.73,44.76,30.99,-71.33,29,193094.91,3.8158
791,Sensor,9.79,47.67,46.82,-58.89,18,206089.4,4.8674
792,Sensor,12.54,53.46,31.11,-72.61,40,229355.06,4.2646
793,Speaker,17.89,41.94,32.83,-41.65,25,179707.38,2.3445
794,Plug,17.81,20.55,58.18,-61.54,29,90920.59,1.154
795,Camera,7.62,28.52,54.18,-57.26,48,128039.99,3.7405
796,Camera,7.47,53.99,32.39,-50.11,4,233087.9,7.229
797,Sensor,9.15,34.07,39.69,-55.38,50,146440.24,3.7249
798,Plug,2.18,29.69,40.76,-59.44,46,127547.24,13.5886
799,Camera,18.84,34.01,41.63,-73.8,51,146413.95,1.8055
800,Light,19.46,50.01,35.23,-41.36,33,217261.07,2.5703
801,Light,14.39,51.31,46.39,-56.73,43,222877.75,3.5654
802,Plug,13.05,53.12,31.23,-51.18,14,231247.36,4.0701
803,Plug,9.29,16.15,32.29,-67.59,13,70425.57,1.7389
804,Sensor,7.7,42.11,54.95,-50.7,54,177959.21,5.4688
805,Plug,10.15,54.6,46.19,-48.79,9,236213.89,5.3768
806,Camera,10.56,70.57,25.54,-42.88,9,306337.11,6.6837
807,Plug,12.94,44.28,27.49,-54.87,55,192746.36,3.421
808,Sensor,10.61,22.77,34.06,-73.28,8,99954.94,2.1458
809,Light,15.26,31.33,35.54,-68.97,51,135205.32,2.0528
810,Plug,11.54,61.13,28.56,-46.08,6,262528.48,5.2948
811,Camera,6.61,89.15,55.79,-57.95,15,385060.61,13.494
812,Light,11.95,86.21,39.21,-42.44,57,374125.97,7.2111
813,Plug,7.0,72.08,19.04,-55.88,24,309481.83,10.2966
814,Plug,10.52,39.56,39.25,-53.99,40,170254.5,3.7589
815,Camera,13.89,55.62,44.92,-67.56,57,237095.41,4.0044
816,Sensor,12.83,59.32,38.81,-53.96,58,255417.6,4.6223
817,Speaker,10.96,81.57,29.73,-72.9,37,355384.11,7.442
818,Plug,11.93,84.28,31.26,-54.85,6,363883.56,7.0622
819,Speaker,16.54,60.98,30.38,-52.5,22,264249.49,3.6869
820,Camera,9.04,92.39,53.36,-50.86,1,398060.62,10.2191
821,Light,12.32,45.47,50.54,-53.14,20,195338.6,3.6921
822,Speaker,12.25,40.5,31.93,-83.66,30,176287.72,3.3069
823,Plug,12.79,51.96,44.65,-74.53,29,225388.99,4.0636
824,Plug,8.4,28.81,30.93,-71.92,23,123447.55,3.4319
825,Sensor,2.65,20.3,32.96,-44.63,7,86938.87,7.6686
826,Sensor,7.38,46.7,39.77,-52.71,25,203793.56,6.3293
827,Sensor,6.76,53.68,40.99,-58.53,31,229991.63,7.937
828,Camera,8.12,32.65,23.92,-53.0,56,139214.64,4.0224
829,Sensor,20.49,44.85,44.1,-60.84,30,193581.96,2.1892
830,Camera,9.56,37.68,39.45,-64.7,10,163701.37,3.9396
831,Camera,13.3,88.63,32.57,-75.73,25,381698.77,6.6613
832,Light,11.04,58.41,34.95,-65.18,41,250866.01,5.29
833,Speaker,13.19,29.18,34.74,-73.06,36,126260.58,2.2117
834,Plug,,15.17,45.26,-45.58,52,64791.43,0.8392
835,Camera,12.74,54.37,46.18,-61.58,12,234301.24,4.2687
836,Speaker,10.59,67.39,40.65,-51.2,3,291103.7,6.361
837,Speaker,8.39,36.37,51.53,-48.02,1,155423.94,4.3348
838,Speaker,10.76,37.87,33.98,-75.28,16,164991.33,3.5181
839,Speaker,19.47,35.28,34.02,-48.22,5,151287.24,1.8116
840,Sensor,12.4,57.34,23.92,-73.5,32,251166.52,4.6229
841,Camera,12.15,26.08,46.66,-55.27,53,111141.93,2.1467
842,Speaker,5.14,30.78,42.85,-60.97,19,131511.56,5.9909
843,Speaker,7.8,67.45,26.78,-70.37,41,291167.63,8.6453
844,Camera,16.41,61.85,37.3,-64.95,31,266201.07,3.768
845,Camera,8.25,45.65,33.97,-63.99,53,195339.62,5.5347
846,Light,11.52,85.55,31.22,-37.32,9,366787.81,7.429
847,Speaker,17.14,77.2,46.06,-66.52,17,334828.24,4.5045
848,Light,12.68,9.95,24.38,-59.77,53,40440.19,0.7842
849,Light,11.15,18.92,38.76,-29.69,27,82244.8,1.6967
850,Light,,45.69,38.27,-39.66,19,198499.48,3.3873
851,Speaker,13.56,57.49,36.07,-50.26,44,250776.81,4.2389
852,Plug,12.1,79.8,27.06,-60.68,12,344685.41,6.5932
853,Speaker,13.35,62.08,49.95,-54.55,3,266175.78,4.6509
854,Speaker,15.93,46.52,34.93,-61.31,34,202543.53,2.9198
855,Sensor,7.69,54.76,30.36,-56.34,44,237459.91,7.1174
856,Camera,13.05,43.83,66.77,-54.47,13,188297.73,3.3581
857,Sensor,13.62,44.63,37.5,-42.24,3,191787.86,3.2768
858,Camera,9.61,80.17,33.29,-60.35,9,348693.78,8.3385
859,Light,8.68,50.22,37.71,-41.06,40,217070.46,5.7861
860,Light,9.47,32.94,40.92,-63.12,53,142833.15,3.4778
861,Camera,9.52,77.39,43.92,-30.65,16,332995.09,8.133
862,Light,12.6,38.49,33.89,-42.14,17,165132.23,3.0548
863,Sensor,13.51,112.69,20.7,-58.76,49,485873.81,8.3442
864,Plug,12.79,,31.41,-80.09,14,416298.21,7.5734
865,Light,17.37,47.96,23.41,-63.24,7,209640.2,2.7616
866,Sensor,13.32,7.8,25.91,-61.13,21,34894.73,0.5859
867,Camera,17.12,89.75,37.74,-63.56,59,389814.05,5.2424
868,Camera,8.68,75.68,45.5,-48.33,10,328367.95,8.7194
869,Light,11.4,63.03,46.82,-56.26,48,269815.34,5.528
870,Plug,13.24,57.45,41.02,-55.23,45,246734.04,4.3405
871,Light,17.66,16.41,30.75,-36.9,25,70144.36,0.9288
872,Plug,13.93,41.77,25.68,-52.61,41,177851.53,2.999
873,Light,2.59,52.84,36.64,-64.39,6,228905.13,20.3938
874,Plug,12.96,65.58,41.17,-36.52,40,284171.24,5.0583
875,Light,8.94,60.03,43.7,-59.25,48,258995.67,6.7153
876,Sensor,1.0,38.97,28.66,-58.28,24,169924.95,38.9703
877,Light,10.11,83.49,38.86,-59.09,8,360375.54,8.2619
878,Sensor,9.16,104.48,37.69,-44.71,49,448924.67,11.4098
879,Speaker,9.97,54.0,52.3,-50.27,53,234740.12,5.4166
880,Plug,14.41,50.79,32.13,-46.21,35,222268.64,3.5245
881,Light,16.67,115.88,30.62,-50.04,24,497008.46,6.9505
882,Camera,9.17,45.2,45.49,-58.6,58,196783.88,4.9267
883,Plug,10.7,,37.08,-65.84,47,203776.76,4.4071
884,Plug,10.92,71.48,46.25,-40.58,37,308749.2,6.5463
885,Plug,13.6,78.15,31.53,-76.76,7,336425.53,5.7445
886,Light,12.54,69.32,54.79,-59.44,53,298747.35,5.5302
887,Camera,8.72,63.89,28.61,-52.07,12,274862.44,7.3225
888,Plug,13.43,45.76,36.45,-63.41,59,200115.49,3.4067
889,Sensor,16.03,45.52,44.94,-80.08,60,197082.79,2.84
890,Plug,6.81,42.98,24.18,-53.88,41,186073.88,6.3087
891,Speaker,13.03,24.75,30.51,-72.9,13,108799.21,1.8999
892,Plug,6.85,49.34,41.48,-41.54,53,214076.4,7.1977
893,Camera,14.76,66.23,26.24,-62.27,30,288001.63,4.4882
894,Sensor,17.38,39.86,46.46,-57.36,18,170491.04,2.2941
895,Camera,16.5,58.75,33.7,-44.59,1,253786.78,3.5617
896,Light,8.92,70.73,40.0,-45.26,17,307837.85,7.9302
897,Speaker,12.79,44.87,36.15,-69.52,13,194492.05,3.5088
898,Light,6.64,54.46,43.88,-67.76,25,236084.67,8.2071
899,Speaker,17.45,41.16,36.05,-66.01,33,183003.99,2.3587
900,Light,18.26,75.46,44.53,-37.66,47,327932.48,4.1328
901,Light,8.23,25.38,25.88,-57.81,11,108814.77,3.0849
902,Light,11.58,25.9,48.56,-54.11,24,113076.54,2.2371
903,Plug,11.47,49.15,57.03,-49.49,39,214410.75,4.2865
904,Sensor,15.66,34.39,26.05,-59.2,19,148687.28,2.1961
905,Speaker,6.68,79.75,44.37,-51.09,44,342754.15,11.9368
906,Light,17.14,60.47,41.26,-56.51,55,259831.72,3.5268
907,Camera,12.74,74.87,33.34,-52.37,36,323017.48,5.8767
908,Plug,17.05,56.49,48.11,-69.72,5,245210.73,3.3136
909,Camera,7.35,54.17,40.06,-54.33,23,235685.88,7.3731
910,Plug,10.13,40.66,42.71,-66.95,3,176560.2,4.0138
911,Plug,9.85,52.48,36.87,-38.3,2,228654.74,5.3304
912,Camera,7.55,69.92,43.59,-76.53,53,301723.79,9.2659
913,Speaker,12.11,53.21,46.43,-57.89,24,229323.08,4.3954
914,Sensor,15.82,36.45,29.04,-47.24,41,158676.74,2.304
915,Speaker,11.16,83.11,32.96,-49.37,39,361062.63,7.4483
916,Speaker,5.7,56.6,35.37,-52.12,52,245628.31,9.9245
917,Plug,14.8,85.56,41.28,-80.09,41,368316.77,5.7823
918,Sensor,18.37,25.06,33.04,-62.47,3,107625.47,1.3646
919,Plug,13.0,99.97,15.2,-33.47,17,432146.07,7.6871
920,Plug,12.53,68.63,18.78,-65.54,40,296365.18,5.4771
921,Light,11.08,77.45,34.94,-77.96,15,332642.68,6.988
922,Speaker,1.0,76.53,38.5,-48.99,28,330044.75,76.5292
923,Speaker,12.52,74.27,34.09,-65.05,17,319521.19,5.931
924,Light,7.87,28.89,47.37,-25.81,37,125688.45,3.6724
925,Light,11.91,58.08,49.13,-64.42,30,250579.15,4.8757
926,Camera,6.63,41.93,25.97,-74.03,56,180174.65,6.32
927,Plug,12.29,56.55,55.35,-42.16,15,246514.35,4.5995
928,Light,8.64,53.62,28.94,-61.39,59,230612.01,6.2094
929,Speaker,17.06,73.24,23.76,-47.19,40,315851.89,4.2929
930,Plug,14.11,41.1,35.56,-57.7,59,177971.83,2.9131
931,Speaker,10.27,34.18,52.94,-68.39,38,149919.8,3.3286
932,Sensor,5.81,73.03,37.81,-50.63,53,314163.23,12.5757
933,Speaker,11.91,60.59,37.69,-48.77,50,263125.01,5.0894
934,Camera,16.7,79.6,44.09,-57.1,26,343751.88,4.7665
935,Light,15.32,40.43,36.96,-65.29,49,175561.36,2.6385
936,Plug,4.72,51.98,35.07,-61.35,26,226463.68,11.0102
937,Sensor,8.8,39.84,41.78,-43.7,25,170051.41,4.5289
938,Speaker,11.43,52.98,42.87,-52.71,18,227508.26,4.6334
939,Camera,13.18,19.34,54.62,-52.76,15,83282.78,1.4671
940,Plug,13.05,23.33,43.63,-50.7,39,101268.65,1.7887
941,Plug,17.8,63.99,47.95,-63.63,59,275287.48,3.5948
942,Camera,13.89,52.63,35.47,-59.48,18,226756.66,3.7885
943,Plug,11.65,46.05,47.4,-63.2,20,202658.58,3.9512
944,Light,8.23,56.14,34.09,-56.49,28,241846.87,6.8174
945,Plug,11.42,37.09,47.28,-74.21,30,164177.17,3.247
946,Light,13.85,52.32,52.44,-74.68,47,225402.89,3.7765
947,Light,12.94,70.64,43.31,-55.49,45,305161.94,5.4577
948,Sensor,2.38,86.79,44.38,-79.1,25,373140.99,36.4589
949,Plug,8.92,43.87,36.24,-71.86,39,191003.77,4.9153
950,Plug,3.45,49.27,47.3,-59.46,5,214446.98,14.2867
951,Light,11.8,115.83,39.31,-57.92,55,499452.66,9.814
952,Light,14.12,54.13,45.64,-56.06,60,235299.16,3.8346
953,Plug,1.0,19.0,52.7,-43.09,41,82882.97,19.0035
954,Light,15.27,74.26,39.77,-59.85,40,322498.43,4.8631
955,Speaker,20.75,53.17,24.45,-47.45,22,230198.77,2.563
956,Sensor,13.48,80.08,42.46,-52.33,23,345242.61,5.9387
957,Light,14.16,59.02,45.46,-50.08,21,255234.05,4.1694
958,Camera,12.33,67.75,30.01,-67.2,57,294097.44,5.4931
959,Light,10.93,66.5,53.33,-66.45,3,287076.04,6.0824
960,Sensor,12.98,82.97,18.51,-67.68,3,356491.89,6.3936
961,Sensor,12.15,68.75,36.1,-49.44,23,293699.39,5.6577
962,Light,7.86,5.0,40.41,-56.66,52,21151.33,0.6364
963,Camera,15.76,29.06,32.35,-41.38,33,125416.17,1.8441
964,Camera,7.4,79.54,31.15,-61.02,22,342220.35,10.7543
965,Light,9.13,45.49,59.57,-42.32,26,197094.65,4.9826
966,Light,17.6,76.95,26.69,-40.35,40,334270.02,4.3711
967,Plug,13.86,16.22,30.82,-45.72,19,72180.45,1.1709
968,Camera,4.54,14.03,42.09,-62.29,32,62514.13,3.0923
969,Light,12.76,50.34,33.59,-69.09,37,218193.83,3.946
970,Plug,15.39,74.62,37.51,-43.39,52,324156.8,4.8489
971,Plug,13.15,,32.68,-77.51,21,79969.42,1.4085
972,Sensor,17.74,69.56,36.66,-55.41,42,302958.35,3.9215
973,Light,12.51,66.31,22.41,-53.7,55,287330.75,5.3005
974,Light,9.36,8.85,43.89,-57.57,41,38398.48,0.9456
975,Speaker,16.12,65.87,29.03,-74.21,25,282312.57,4.0872
976,Light,13.08,27.69,46.7,-56.83,20,120103.18,2.1174
977,Sensor,13.36,38.2,46.13,-66.97,6,167323.29,2.8602
978,Camera,9.7,40.34,32.12,-67.68,10,173016.06,4.1582
979,Sensor,17.91,59.43,53.78,-81.71,33,256140.9,3.3185
980,Light,19.42,16.84,32.97,-38.97,17,72635.15,0.8671
981,Light,4.24,61.66,39.2,-43.42,17,265513.25,14.559
982,Camera,9.47,67.29,33.53,-53.05,29,288173.24,7.1019
983,Camera,7.63,42.22,37.39,-49.16,41,183925.7,5.5365
984,Sensor,8.42,34.16,33.65,-76.44,21,147715.89,4.0571
985,Light,11.25,91.82,46.0,-59.6,43,393860.97,8.1589
986,Camera,9.8,10.3,41.95,-54.79,42,44325.35,1.0518
987,Plug,18.2,32.76,45.15,-81.35,19,143051.21,1.7995
988,Speaker,11.58,40.19,39.15,-80.06,34,177237.82,3.4691
989,Light,6.77,50.13,17.28,-51.62,46,214495.61,7.4055
990,Camera,10.71,42.77,43.38,-78.95,43,182517.86,3.9921
991,Light,10.05,84.19,28.72,-64.19,13,364579.28,8.3766
992,Plug,9.34,22.67,24.36,-57.06,24,99473.24,2.4272
993,Plug,14.54,79.9,25.38,-46.51,16,342051.27,5.4936
994,Plug,,89.08,30.01,-49.52,57,386810.25,5.092
995,Plug,6.54,44.02,38.23,-48.69,48,188856.98,6.7363
996,Speaker,12.31,88.33,35.28,-50.97,30,381763.88,7.1739
997,Sensor,18.77,59.76,36.09,-50.28,34,260629.3,3.183
998,Camera,14.95,71.8,44.07,-46.09,29,309537.23,4.8023
999,Speaker,12.98,63.37,27.3,-58.01,22,275200.27,4.8823
1000,Speaker,16.05,26.64,42.54,-52.39,28,113684.78,1.66
1001,Plug,12.59,47.16,23.94,-68.88,29,201675.73,3.7467
1002,Light,9.76,64.01,51.82,-61.2,20,276423.86,6.5615
1003,Speaker,7.54,54.7,31.39,-65.03,42,233197.52,7.2586
1004,Camera,,14.81,32.29,-52.73,33,64349.67,1.2255
1005,Plug,4.05,15.32,28.72,-61.92,17,64212.26,3.7869
1006,Plug,13.84,50.3,50.01,-63.8,38,216311.55,3.635
1007,Speaker,3.17,65.86,39.94,-63.15,33,283422.74,20.7728
1008,Light,9.06,84.92,46.95,-46.25,49,365177.47,9.3728
1009,Plug,13.0,75.65,31.23,-67.84,32,326505.6,5.8176
1010,Light,11.03,67.35,20.26,-56.26,24,291115.1,6.1082
1011,Camera,10.63,71.31,45.76,-43.97,11,309921.58,6.709
1012,Plug,16.39,23.61,23.39,-48.32,9,102124.4,1.4407
1013,Camera,15.66,12.29,48.11,-68.05,55,54022.74,0.7851
1014,Speaker,8.21,47.03,45.72,-51.39,30,201101.89,5.7293
1015,Sensor,13.15,17.6,44.65,-71.35,49,77209.28,1.3388
1016,Sensor,7.34,65.19,35.47,-43.01,60,282685.48,8.8779
1017,Speaker,7.84,54.77,37.67,-30.94,10,236422.89,6.9836
1018,Sensor,9.44,50.08,43.35,-60.19,4,218187.14,5.3064
1019,Light,10.59,61.5,43.74,-74.27,3,263907.74,5.8079
1020,Sensor,14.19,73.48,27.56,-90.0,1,318257.09,5.178
1021,Speaker,,54.28,40.86,-48.61,37,233157.43,4.0503
1022,Plug,6.98,47.69,20.17,-56.22,59,207947.19,6.8349
1023,Plug,15.11,45.34,31.97,-44.09,38,195954.98,3.0015
1024,Speaker,19.8,88.49,32.02,-56.94,29,381882.71,4.47
1025,Light,14.12,37.13,34.79,-53.14,2,162490.32,2.6288
1026,Light,20.43,61.58,15.3,-77.65,37,263567.37,3.0146
1027,Light,8.89,99.88,50.13,-85.48,27,429671.65,11.239
1028,Plug,10.88,15.42,27.15,-76.63,19,66347.03,1.4169
1029,Plug,8.75,42.23,42.74,-71.91,50,181426.15,4.8249
1030,Sensor,7.34,72.84,33.54,-72.16,41,315028.16,9.9185
1031,Plug,18.66,47.85,51.01,-72.96,28,207619.23,2.5646
1032,Light,5.28,,36.19,-65.73,55,336178.73,14.7132
1033,Light,11.47,54.76,41.66,-69.47,30,239039.3,4.7763
1034,Sensor,11.31,39.78,41.02,-57.81,3,171647.3,3.5156
1035,Speaker,10.39,60.16,39.3,-63.66,24,260367.15,5.7894
1036,Light,11.14,64.43,50.27,-64.22,35,276417.72,5.784
1037,Sensor,11.22,68.79,38.32,-46.19,45,297702.49,6.1292
1038,Sensor,9.4,71.42,40.72,-45.91,25,308600.86,7.5965
1039,Plug,8.1,32.37,19.36,-52.83,21,139887.76,3.9951
1040,Plug,8.41,70.8,38.8,-54.85,1,306642.61,8.415
1041,Speaker,5.51,59.58,26.76,-87.73,43,257365.83,10.8099
1042,Camera,8.35,43.25,30.58,-59.75,5,185674.33,5.179
1043,Plug,16.84,78.03,26.11,-63.31,32,336710.78,4.6342
1044,Plug,11.83,93.13,41.8,-44.98,9,402997.17,7.8758
1045,Sensor,9.07,49.44,35.94,-63.6,57,213053.32,5.4475
1046,Plug,9.61,33.51,40.51,-52.65,40,143143.14,3.4871
1047,Speaker,14.22,51.36,40.12,-77.0,15,221927.18,3.613
1048,Light,6.22,76.98,35.64,-43.86,48,331092.57,12.3818
1049,Sensor,12.47,29.62,49.59,-61.93,23,127343.29,2.3751
1050,Plug,9.44,88.25,25.77,-72.09,35,381661.3,9.3525
1051,Plug,,47.59,33.33,-52.52,48,202562.7,3.3863
1052,Light,13.24,69.93,39.32,-48.95,57,300966.28,5.2811
1053,Plug,18.59,50.12,20.93,-62.13,23,219123.42,2.696
1054,Speaker,,43.6,36.06,-62.84,19,189231.93,2.8362
1055,Plug,9.51,61.42,40.38,-63.47,6,266472.94,6.4555
1056,Plug,16.24,5.0,25.08,-52.18,16,23008.18,0.3078
1057,Light,10.36,5.96,48.82,-36.42,17,26821.15,0.5746
1058,Speaker,20.95,22.4,42.95,-62.7,7,96884.86,1.0693
1059,Light,11.23,96.57,42.8,-66.66,22,415661.61,8.5964
1060,Camera,1.0,97.5,35.48,-34.75,26,420965.23,97.4979
1061,Sensor,15.4,46.28,25.28,-59.7,28,201597.36,3.004
1062,Plug,15.39,43.64,37.43,-56.74,34,188476.05,2.8357
1063,Light,17.31,79.64,44.64,-56.38,15,344207.12,4.6003
1064,Camera,13.68,59.72,40.0,-76.7,48,260455.06,4.3643
1065,Sensor,10.42,33.37,44.36,-52.9,46,147510.81,3.202
1066,Plug,11.02,69.57,41.94,-49.59,59,300977.05,6.3117
1067,Camera,17.74,73.54,33.38,-69.15,47,317350.45,4.1451
1068,Plug,4.95,77.98,33.46,-62.73,3,336326.68,15.7454
1069,Camera,11.86,65.81,37.66,-48.94,30,285377.65,5.547
1070,Camera,14.88,27.59,51.58,-51.89,32,120440.44,1.854
1071,Light,13.55,86.65,46.68,-52.71,42,374414.8,6.3952
1072,Speaker,9.65,34.29,44.82,-83.52,39,148328.65,3.5556
1073,Sensor,17.25,39.65,24.81,-62.52,17,172002.22,2.2984
1074,Sensor,4.93,34.66,31.67,-56.55,36,152062.17,7.0291
1075,Camera,11.68,28.05,45.83,-43.21,15,121335.27,2.4025
1076,Plug,11.49,82.68,43.05,-69.39,35,355111.47,7.199
1077,Speaker,12.19,71.56,30.95,-48.71,52,309988.22,5.8721
1078,Camera,,18.01,40.84,-57.45,15,77310.79,1.1207
1079,Camera,6.0,37.12,33.89,-61.07,24,160877.58,6.1868
1080,Light,12.53,66.84,41.35,-47.5,60,289315.21,5.335
1081,Sensor,14.38,41.69,33.77,-35.95,35,181636.12,2.8999
1082,Plug,10.97,25.26,31.08,-61.14,45,110363.97,2.3039
1083,Camera,15.16,59.54,18.93,-57.39,12,255956.77,3.927
1084,Plug,6.26,58.09,55.22,-47.15,39,252200.76,9.286
1085,Light,10.01,,25.89,-59.73,19,263534.61,6.126
1086,Light,20.3,39.37,36.77,-42.76,9,171223.16,1.9397
1087,Sensor,6.08,23.42,31.62,-54.87,48,100883.04,3.853
1088,Camera,17.82,89.77,37.48,-43.86,24,386445.99,5.0386
1089,Plug,8.48,59.04,33.63,-71.35,52,255677.73,6.962
1090,Camera,7.24,55.44,29.35,-45.53,32,238473.95,7.6617
1091,Light,9.62,67.17,31.53,-52.21,54,289652.98,6.9833
1092,Plug,5.28,50.95,33.79,-54.61,42,219111.23,9.6544
1093,Speaker,6.71,50.99,37.46,-41.9,41,218792.11,7.6005
1094,Camera,8.93,57.58,44.1,-48.0,17,249214.92,6.4469
1095,Sensor,16.94,51.75,37.18,-49.77,39,223454.01,3.0555
1096,Light,10.63,66.44,44.16,-68.71,14,287771.85,6.2518
1097,Plug,22.18,39.0,33.62,-47.48,39,172737.52,1.7579
1098,Sensor,16.34,83.21,40.37,-45.53,25,358132.93,5.0926
1099,Camera,5.17,45.75,54.11,-30.01,24,197754.86,8.8457
1100,Sensor,8.85,43.85,41.69,-44.76,39,189135.5,4.9529
1101,Speaker,12.36,96.37,36.79,-47.73,51,416955.22,7.7964
1102,Sensor,11.21,61.18,56.95,-48.9,43,263902.75,5.457
1103,Camera,11.57,89.68,40.58,-47.27,47,389639.59,7.7486
1104,Plug,9.69,8.1,33.09,-57.9,45,36180.4,0.8353
1105,Sensor,17.25,71.85,35.16,-56.21,51,308786.36,4.1649
1106,Plug,8.65,17.81,30.92,-67.06,4,76167.89,2.0602
1107,Speaker,7.54,33.28,37.24,-34.36,23,144964.55,4.4131
1108,Light,15.21,27.82,33.95,-59.19,60,121940.0,1.8289
1109,Sensor,12.66,55.74,27.29,-51.27,27,239139.53,4.402
1110,Light,,43.86,39.87,-70.83,18,187330.38,5.2558
1111,Speaker,13.44,45.76,37.69,-65.5,30,197026.9,3.4036
1112,Light,12.34,65.26,34.23,-74.98,7,284693.92,5.2877
1113,Plug,11.54,68.57,61.01,-67.89,6,293784.44,5.9417
1114,Light,11.37,61.96,39.46,-48.74,2,266329.86,5.447
1115,Camera,18.88,45.46,41.39,-68.44,23,193488.77,2.4082
1116,Camera,17.43,80.28,55.79,-25.0,47,346734.88,4.6063
1117,Light,14.7,89.75,52.66,-50.17,44,388758.55,6.1071
1118,Light,17.15,23.88,36.0,-53.54,22,103127.0,1.392
1119,Light,9.31,17.67,50.36,-88.62,44,78702.73,1.899
1120,Plug,8.42,51.17,50.28,-62.06,39,219141.04,6.0779
1121,Camera,16.91,17.38,39.82,-65.12,24,76001.29,1.0275
1122,Light,1.16,41.17,29.24,-57.5,21,178762.49,35.5806
1123,Plug,9.48,52.98,32.55,-51.07,56,226243.13,5.5876
1124,Plug,10.01,77.73,36.18,-52.29,44,336027.6,7.7672
1125,Speaker,11.52,40.73,26.97,-70.31,35,179627.02,3.5347
1126,Plug,9.31,56.94,42.75,-53.27,45,246335.44,6.1172
1127,Plug,19.39,37.22,63.8,-76.16,18,159906.48,1.9192
1128,Plug,10.15,74.17,44.49,-66.41,7,321363.39,7.3112
1129,Camera,18.24,86.66,47.08,-61.51,42,372298.36,4.7497
1130,Speaker,1.04,97.21,38.28,-76.49,45,421871.07,93.584
1131,Camera,13.76,80.83,49.49,-58.64,52,349727.98,5.8745
1132,Light,7.58,46.37,29.75,-43.39,23,201200.41,6.1216
1133,Camera,8.91,43.68,27.7,-72.82,55,188826.61,4.901
1134,Speaker,8.33,64.23,38.99,-53.7,17,276780.54,7.7128
1135,Sensor,3.22,52.18,56.65,-61.85,37,225326.45,16.2235
1136,Sensor,17.27,80.86,47.54,-63.46,60,347687.64,4.6823
1137,Speaker,18.39,53.68,44.15,-40.05,29,231602.22,2.9188
1138,Sensor,5.18,47.55,41.26,-73.48,14,204205.11,9.176
1139,Camera,17.89,8.84,45.06,-53.54,17,37280.54,0.494
1140,Speaker,16.05,53.19,38.65,-47.03,49,228745.36,3.3147
1141,Light,13.46,66.17,40.2,-51.85,16,284322.19,4.917
1142,Camera,7.37,64.17,48.27,-61.2,49,277621.12,8.7038
1143,Plug,12.19,45.99,45.18,-60.05,36,199679.22,3.7732
1144,Plug,19.29,55.94,37.7,-57.57,31,241517.08,2.8998
1145,Speaker,13.07,77.64,32.61,-90.0,36,334284.42,5.9409
1146,Speaker,10.32,51.78,39.15,-46.47,54,222902.59,5.0171
1147,Speaker,11.44,6.85,34.95,-57.34,45,28949.4,0.5987
1148,Camera,12.36,81.32,8.0,-43.15,44,351042.56,6.5785
1149,Plug,9.79,45.54,39.37,-62.96,1,192629.09,4.6522
1150,Light,9.69,65.65,30.29,-58.43,36,284919.22,6.7769
1151,Camera,12.85,93.88,33.51,-56.14,47,406082.57,7.3046
1152,Light,22.42,,49.55,-63.28,31,74004.93,0.7676
1153,Speaker,12.26,58.74,32.3,-56.44,26,251519.51,4.7918
1154,Plug,,47.88,23.81,-66.41,49,205246.34,5.9877
1155,Camera,10.65,69.11,48.38,-69.75,41,299245.78,6.4902
1156,Light,19.08,66.59,32.67,-80.18,16,289413.97,3.4908
1157,Light,8.11,58.33,41.69,-53.81,48,251446.3,7.1955
1158,Sensor,11.49,21.27,44.52,-56.61,49,88843.71,1.8515
1159,Camera,11.07,45.89,30.25,-50.38,17,199099.59,4.1453
1160,Sensor,12.84,69.05,32.03,-37.36,54,298421.28,5.3791
1161,Light,8.47,50.98,38.94,-56.41,29,221020.03,6.02
1162,Plug,7.87,,43.51,-58.16,56,214937.49,6.2926
1163,Sensor,11.59,29.4,44.71,-63.88,6,126247.93,2.5378
1164,Light,11.41,50.19,37.96,-80.15,30,215370.48,4.3997
1165,Light,17.05,19.72,40.39,-35.58,12,86936.05,1.1568
1166,Camera,14.38,63.5,49.78,-72.66,36,275216.0,4.4166
1167,Light,19.01,39.57,38.14,-39.2,17,171301.19,2.0811
1168,Speaker,9.25,54.42,26.26,-54.13,18,237640.01,5.8799
1169,Speaker,13.81,88.71,38.59,-45.16,2,385303.08,6.4243
1170,Sensor,13.84,34.28,27.85,-65.36,34,148593.84,2.4768
1171,Speaker,17.76,52.35,51.07,-62.52,10,225620.1,2.9481
1172,Speaker,7.93,61.03,43.76,-56.89,48,262366.36,7.6985
1173,Speaker,6.32,38.17,35.99,-34.16,8,165950.47,6.0413
1174,Plug,3.28,35.68,37.26,-59.07,8,154388.95,10.8943
1175,Speaker,16.98,47.25,55.55,-71.6,5,205278.69,2.7828
1176,Plug,9.46,34.32,31.91,-65.05,26,148771.67,3.6261
1177,Speaker,12.46,36.79,43.61,-67.36,30,158824.09,2.9515
1178,Camera,15.43,31.5,48.07,-54.58,10,136511.07,2.0417
1179,Sensor,6.7,72.47,39.93,-46.86,58,311463.38,10.8121
1180,Sensor,2.33,35.65,36.94,-59.7,47,153191.03,15.3319
1181,Camera,9.39,47.04,50.41,-55.36,59,200333.42,5.009
1182,Sensor,5.73,32.49,31.93,-54.94,29,139675.79,5.6696
1183,Camera,8.91,31.41,49.79,-47.72,42,132977.79,3.5236
1184,Plug,21.46,64.92,33.4,-74.17,18,280898.27,3.0254
1185,Sensor,10.89,70.72,32.9,-25.0,44,305333.79,6.4914
1186,Plug,14.5,55.89,31.24,-84.45,32,239070.3,3.8535
1187,Sensor,11.76,61.67,49.74,-51.77,30,267557.46,5.2426
1188,Camera,15.92,35.81,34.34,-52.22,53,153509.44,2.2488
1189,Plug,14.28,92.78,45.24,-37.14,47,399607.28,6.497
1190,Plug,10.15,80.99,36.53,-72.75,43,350553.27,7.976
1191,Sensor,15.47,52.19,19.99,-44.47,4,226256.44,3.3733
1192,Speaker,8.14,46.76,41.15,-68.09,20,201832.89,5.741
1193,Camera,10.83,90.69,25.68,-63.93,39,392030.94,8.3761
1194,Light,14.36,52.41,45.96,-66.6,28,226711.59,3.6489
1195,Camera,8.45,14.24,29.48,-50.16,58,61507.4,1.6847
1196,Speaker,5.34,39.61,43.87,-54.48,29,171411.7,7.4193
1197,Light,18.43,75.39,29.78,-62.65,16,324278.81,4.0903
1198,Plug,3.2,67.79,32.44,-47.34,12,292547.4,21.1822
1199,Speaker,8.76,69.08,37.99,-61.35,47,297871.03,7.8905
1200,Sensor,18.47,72.02,26.11,-38.95,11,309475.33,3.9002
1201,Camera,6.46,59.32,25.31,-52.9,59,257227.17,9.1809
1202,Camera,14.37,84.05,41.46,-75.33,53,361795.17,5.8493
1203,Speaker,10.1,35.9,41.23,-55.38,2,155415.53,3.5541
1204,Light,8.38,35.83,32.0,-47.93,22,155990.63,4.2754
1205,Sensor,8.9,15.83,46.2,-41.1,39,68477.91,1.7795
1206,Speaker,13.41,71.58,51.89,-45.71,57,309084.59,5.337
1207,Camera,11.44,64.95,43.81,-68.42,41,278244.27,5.6793
1208,Sensor,14.12,35.2,21.34,-43.64,44,152897.59,2.4928
1209,Plug,14.34,54.7,55.57,-64.18,60,237646.97,3.8156
1210,Sensor,13.76,59.89,52.83,-76.97,20,254945.58,4.3513
1211,Speaker,21.31,51.37,37.92,-64.04,14,220616.16,2.4107
1212,Plug,10.13,69.71,36.86,-43.45,41,301320.84,6.8809
1213,Speaker,,82.79,38.56,-63.64,38,358901.28,7.6132
1214,Light,10.67,62.47,20.95,-39.95,5,269877.32,5.8555
1215,Speaker,9.15,60.54,48.57,-56.6,51,262753.33,6.6165
1216,Plug,12.85,51.88,43.51,-39.06,32,222045.88,4.0375
1217,Camera,13.36,64.61,23.3,-49.52,16,280066.95,4.8348
1218,Plug,8.31,58.87,22.01,-66.39,19,254812.72,7.0868
1219,Plug,13.96,5.0,31.85,-87.02,28,21383.04,0.3582
1220,Light,11.98,52.71,24.14,-51.14,28,225688.47,4.3977
1221,Sensor,20.32,70.66,11.57,-46.66,46,303542.58,3.4779
1222,Camera,7.28,21.82,37.4,-59.73,20,97814.28,2.9988
1223,Sensor,11.23,44.69,31.36,-51.92,15,192786.04,3.981
1224,Sensor,20.01,36.08,9.94,-74.36,28,154111.71,1.8035
1225,Speaker,14.85,81.34,40.43,-72.58,14,351191.56,5.4777
1226,Plug,15.04,30.57,45.14,-53.85,3,132154.7,2.0324
1227,Light,9.65,68.02,48.09,-64.04,50,297505.46,7.0494
1228,Speaker,10.94,17.66,60.2,-61.85,55,73221.59,1.614
1229,Light,10.27,54.34,33.78,-64.18,4,235981.42,5.2911
1230,Speaker,8.06,78.66,49.16,-50.19,27,342128.05,9.7569
1231,Plug,9.5,53.41,44.34,-46.34,15,229035.82,5.6199
1232,Sensor,15.3,73.54,43.81,-62.1,17,319242.3,4.8073
1233,Light,13.68,58.12,43.12,-76.95,27,254203.04,4.2475
1234,Plug,12.56,109.26,22.5,-63.15,42,474602.58,8.6993
1235,Sensor,9.5,71.69,48.64,-54.32,17,310847.74,7.5493
1236,Speaker,16.74,60.4,51.3,-68.56,12,261795.79,3.6072
1237,Camera,12.45,36.87,48.88,-64.31,34,158867.43,2.9627
1238,Camera,15.55,66.76,38.09,-44.74,24,287209.87,4.2939
1239,Light,6.82,56.48,50.17,-62.73,30,244734.38,8.2754
1240,Camera,7.59,47.03,33.03,-87.31,55,202482.42,6.1987
1241,Sensor,7.96,76.96,35.98,-52.72,20,332348.41,9.6645
1242,Plug,11.82,51.49,44.49,-61.54,49,221703.93,4.3571
1243,Camera,14.28,64.19,39.53,-46.1,11,277821.38,4.4964
1244,Light,12.32,83.04,44.25,-68.22,60,357187.03,6.7424
1245,Light,12.13,57.84,41.16,-64.05,12,249520.92,4.7674
1246,Light,9.6,78.03,37.97,-56.74,21,335997.0,8.1266
1247,Plug,3.57,104.05,42.01,-74.0,42,450394.03,29.1867
1248,Light,12.91,73.45,39.67,-56.06,44,319616.88,5.6881
1249,Speaker,15.49,19.38,38.45,-34.9,37,84363.81,1.2512
1250,Plug,11.97,61.47,37.76,-69.39,43,263814.69,5.1375
1251,Camera,11.95,36.69,37.51,-72.75,8,158533.12,3.0714
1252,Camera,7.33,5.0,34.52,-49.43,28,18384.25,0.6819
1253,Plug,3.73,46.08,38.49,-67.9,13,197641.5,12.367
1254,Plug,13.63,62.04,46.49,-64.93,53,269811.17,4.5503
1255,Plug,20.4,94.24,25.08,-59.96,10,407309.24,4.62
1256,Light,16.54,45.75,45.72,-51.73,51,199069.99,2.7662
1257,Camera,20.69,63.74,40.05,-46.82,31,273014.84,3.0805
1258,Plug,12.13,89.06,30.37,-37.46,53,385885.48,7.3421
1259,Light,19.89,44.61,40.38,-90.0,38,193852.28,2.2424
1260,Light,9.69,42.92,33.07,-90.0,50,187554.63,4.4287
1261,Speaker,19.09,53.99,31.44,-61.69,47,233954.7,2.828
1262,Light,19.71,39.41,16.55,-76.94,6,173410.67,1.9998
1263,Light,12.28,12.74,40.78,-73.03,49,54299.18,1.0376
1264,Camera,20.69,78.99,24.6,-74.35,57,339697.71,3.8182
1265,Light,16.36,99.98,55.87,-74.7,57,428053.25,6.1121
1266,Camera,9.95,54.31,43.92,-71.72,53,234879.79,5.4558
1267,Light,9.73,71.27,31.51,-40.29,3,308234.46,7.3272
1268,Camera,9.24,20.61,60.23,-88.07,36,85973.28,2.2316
1269,Camera,11.79,94.11,23.31,-71.52,43,405277.6,7.9835
1270,Camera,7.17,71.28,39.22,-39.05,41,308472.57,9.9473
1271,Light,14.01,33.31,43.4,-46.47,10,144750.87,2.3781
1272,Sensor,7.59,34.82,38.82,-26.74,37,152156.36,4.5887
1273,Light,11.87,60.41,29.7,-64.33,34,259293.28,5.0894
1274,Light,14.16,65.69,22.61,-50.41,13,285212.56,4.6393
1275,Plug,12.77,45.76,31.28,-51.72,27,195707.84,3.5849
1276,Camera,11.85,96.06,42.99,-82.69,56,412550.3,8.1078
1277,Sensor,8.45,77.05,33.39,-77.65,30,331582.41,9.1194
1278,Light,21.95,,32.36,-81.43,55,338464.71,3.6007
1279,Speaker,10.47,65.53,38.93,-60.18,2,282081.82,6.2594
1280,Speaker,8.54,86.89,25.52,-70.08,32,374900.74,10.1797
1281,Sensor,13.09,48.67,30.92,-55.4,58,211171.43,3.7189
1282,Plug,10.03,79.54,42.68,-52.52,26,342470.65,7.9321
1283,Light,15.27,90.1,33.28,-74.8,59,390396.0,5.9022
1284,Camera,15.94,77.0,35.22,-42.29,42,333498.99,4.8319
1285,Plug,16.33,62.24,34.37,-68.25,17,269152.29,3.8109
1286,Camera,21.6,42.36,33.89,-76.55,27,182740.08,1.9612
1287,Light,13.13,57.4,46.69,-33.05,44,248922.68,4.3699
1288,Camera,8.11,32.6,41.42,-50.65,13,141727.72,4.0182
1289,Sensor,12.11,26.51,46.17,-48.8,26,114088.99,2.1898
1290,Plug,13.26,68.4,26.08,-36.9,51,296369.84,5.1567
1291,Plug,9.16,60.17,38.02,-65.31,21,258927.05,6.5658
1292,Sensor,12.31,29.19,40.66,-45.04,58,126626.26,2.371
1293,Light,2.55,62.22,35.7,-54.98,58,270475.38,24.3696
1294,Light,9.3,87.18,41.76,-58.2,9,374474.6,9.3732
1295,Plug,12.36,56.89,39.96,-57.56,46,244289.76,4.602
1296,Sensor,5.66,81.8,20.84,-59.31,28,352902.22,14.4417
1297,Camera,6.29,,35.26,-58.83,17,111347.99,3.9911
1298,Light,9.76,52.98,38.01,-48.76,10,227199.61,5.4298
1299,Light,10.01,74.21,45.41,-58.38,53,321448.64,7.4173
1300,Plug,17.25,78.75,39.75,-63.33,16,340566.81,4.5653
1301,Speaker,14.73,60.66,29.83,-52.31,49,261200.34,4.117
1302,Light,6.52,42.58,48.42,-62.93,23,182785.03,6.5341
1303,Speaker,10.34,74.71,31.55,-58.99,50,322219.41,7.2238
1304,Camera,11.67,69.31,39.03,-57.91,42,297914.29,5.9413
1305,Light,17.46,62.58,31.12,-60.7,37,268456.4,3.5842
1306,Light,12.78,28.17,44.34,-60.44,32,120274.22,2.2039
1307,Camera,9.4,30.56,49.5,-74.01,39,131653.74,3.2504
1308,Plug,20.74,77.64,39.83,-60.5,16,333777.79,3.7432
1309,Plug,11.39,44.57,30.62,-55.08,57,191487.99,3.9133
1310,Camera,8.92,90.73,35.43,-63.03,56,392758.92,10.176
1311,Sensor,14.39,17.34,45.19,-31.47,40,73929.43,1.2048
1312,Speaker,12.24,52.22,28.51,-79.1,50,225910.16,4.2683
1313,Light,14.53,48.46,37.43,-71.4,15,207425.98,3.3357
1314,Light,14.05,43.41,39.35,-52.64,57,187731.83,3.0889
1315,Speaker,14.77,76.75,46.72,-63.2,54,330137.79,5.1952
1316,Light,16.91,57.8,38.52,-63.28,54,247529.97,3.4187
1317,Speaker,6.0,30.17,47.1,-49.85,43,132658.64,5.0275
1318,Sensor,14.88,99.5,37.53,-65.96,24,430726.02,6.6871
1319,Plug,7.37,66.34,47.89,-62.13,12,286389.26,9.0035
1320,Sensor,9.86,66.09,57.51,-60.98,42,286898.1,6.7048
1321,Camera,13.15,18.61,57.0,-31.18,56,77349.24,1.4152
1322,Light,14.51,31.75,36.68,-34.87,43,135225.89,2.188
1323,Camera,17.13,100.3,45.65,-64.03,34,430907.6,5.8538
1324,Light,13.74,85.71,34.1,-70.47,46,371578.37,6.2397
1325,Plug,12.81,23.07,48.06,-70.46,44,98532.51,1.8011
1326,Sensor,13.57,63.16,37.83,-68.18,20,271042.47,4.6547
1327,Speaker,18.8,62.77,24.85,-54.68,15,271957.29,3.3396
1328,Plug,10.02,62.39,21.64,-40.71,53,270571.29,6.226
1329,Light,15.43,12.07,43.33,-61.55,42,52368.7,0.7821
1330,Plug,,80.08,44.05,-55.1,60,346035.55,8.847
1331,Plug,16.62,80.58,38.21,-53.64,39,347926.71,4.849
1332,Light,10.8,12.52,42.25,-46.97,39,55839.5,1.1589
1333,Light,9.16,25.98,46.4,-28.44,2,112252.13,2.836
1334,Speaker,6.27,24.2,31.11,-67.02,34,107188.67,3.858
1335,Light,,38.89,34.97,-60.4,14,169577.91,3.0303
1336,Sensor,18.8,76.04,42.63,-63.26,8,329394.02,4.044
1337,Plug,15.16,28.29,59.71,-66.35,30,120538.81,1.8663
1338,Camera,17.09,21.8,26.33,-81.05,34,94724.7,1.2757
1339,Light,15.24,72.32,49.04,-57.88,22,314083.36,4.7468
1340,Camera,12.94,5.0,38.76,-58.36,47,22888.11,0.3865
1341,Speaker,14.36,75.39,36.13,-59.96,47,325655.59,5.2513
1342,Plug,7.67,78.34,53.98,-61.23,39,336592.5,10.2086
1343,Speaker,13.31,57.15,39.36,-68.42,42,242497.33,4.2932
1344,Plug,17.43,44.84,25.06,-64.32,9,190605.53,2.5729
1345,Light,10.53,61.05,31.83,-86.28,5,265686.11,5.7969
1346,Plug,16.02,78.93,10.74,-51.11,27,340537.85,4.9282
1347,Sensor,16.71,56.35,40.0,-36.94,27,244253.39,3.3721
1348,Camera,16.27,78.81,22.64,-84.92,28,342008.11,4.8429
1349,Light,20.27,91.02,38.57,-25.0,8,394803.76,4.4899
1350,Speaker,15.25,69.13,43.6,-55.93,58,296348.23,4.5322
1351,Speaker,15.4,60.89,39.38,-33.19,31,262245.01,3.9531
1352,Camera,12.92,76.93,28.98,-78.35,28,331918.19,5.9522
1353,Plug,7.1,59.5,36.18,-51.14,10,257117.51,8.376
1354,Plug,7.89,92.58,28.93,-66.87,51,400965.97,11.7318
1355,Plug,11.62,59.19,34.13,-47.6,55,256060.8,5.0945
1356,Plug,11.94,86.43,48.36,-67.69,4,372072.29,7.2404
1357,Plug,13.2,42.66,27.37,-59.26,21,184304.66,3.2304
1358,Camera,14.45,39.97,33.41,-72.18,47,169230.22,2.7658
1359,Speaker,10.3,35.55,42.34,-38.06,9,152566.4,3.4506
1360,Light,8.07,83.43,48.27,-60.57,16,362577.17,10.3383
1361,Plug,12.54,48.08,49.25,-61.24,44,207287.63,3.8355
1362,Light,18.24,32.08,33.62,-25.0,57,136369.11,1.7585
1363,Speaker,14.31,81.62,58.71,-46.73,55,351895.71,5.7023
1364,Speaker,,89.99,44.74,-58.44,24,388311.48,5.4774
1365,Plug,12.36,75.72,31.87,-62.18,41,325767.89,6.1251
1366,Light,4.47,101.02,38.68,-34.51,2,433393.88,22.5743
1367,Light,14.21,62.85,22.29,-53.4,42,270308.85,4.422
1368,Plug,11.13,60.05,39.18,-75.5,5,259559.56,5.3939
1369,Plug,16.73,33.31,45.18,-42.89,1,141191.85,1.9907
1370,Plug,21.02,29.46,25.35,-70.32,1,128354.96,1.4019
1371,Camera,9.47,54.96,39.16,-70.16,38,236635.23,5.8005
1372,Light,11.93,56.44,38.43,-35.17,14,244405.32,4.7317
1373,Light,12.27,41.28,38.94,-41.71,33,179093.08,3.3649
1374,Plug,11.0,34.73,42.58,-70.68,58,150003.8,3.1568
1375,Plug,10.24,24.06,51.38,-58.56,29,104476.84,2.3484
1376,Light,15.83,47.18,30.15,-50.14,1,205344.12,2.9805
1377,Plug,13.75,46.41,34.15,-56.27,7,199130.37,3.3755
1378,Plug,3.79,18.96,26.82,-74.47,14,83420.98,5.005
1379,Light,10.56,23.68,31.27,-45.76,5,102726.08,2.2432
1380,Sensor,12.46,59.74,35.15,-62.94,4,257604.03,4.7927
1381,Speaker,6.6,34.26,32.86,-77.84,10,150653.78,5.1914
1382,Speaker,10.65,64.12,44.38,-57.03,15,276335.8,6.0186
1383,Plug,10.08,51.18,18.25,-61.03,1,221679.49,5.0794
1384,Sensor,13.22,63.5,34.51,-57.72,18,274351.55,4.8038
1385,Camera,10.44,36.15,32.67,-57.84,2,157594.94,3.4628
1386,Light,7.39,20.85,38.32,-51.72,57,89800.39,2.8207
1387,Camera,10.22,51.01,32.95,-57.66,33,220881.02,4.991
1388,Speaker,18.21,85.96,30.29,-57.98,50,371064.28,4.7207
1389,Plug,8.8,52.23,22.7,-52.9,36,229303.99,5.9345
1390,Camera,20.69,91.96,40.25,-47.11,48,395324.96,4.4452
1391,Camera,7.18,102.24,39.74,-66.96,49,443930.78,14.2448
1392,Plug,4.72,43.84,38.64,-32.08,47,191490.28,9.2967
1393,Plug,13.87,34.92,31.42,-47.94,6,150487.74,2.518
1394,Sensor,15.45,70.35,48.33,-58.65,55,302882.61,4.5531
1395,Sensor,16.67,30.04,36.46,-50.31,11,129720.12,1.8021
1396,Light,11.07,57.75,40.46,-44.05,18,249241.51,5.2192
1397,Plug,15.82,37.24,41.87,-50.57,17,156318.64,2.354
1398,Sensor,8.46,33.69,39.25,-48.18,59,148112.14,3.9833
1399,Speaker,15.05,65.3,31.83,-65.45,57,283665.19,4.3385
1400,Sensor,11.3,86.46,44.45,-25.0,55,372218.56,7.6502
1401,Plug,13.49,69.09,30.56,-50.39,12,298254.61,5.1226
1402,Speaker,16.76,18.58,36.56,-65.84,25,79130.87,1.1091
1403,Camera,19.79,41.05,33.53,-42.77,6,177739.11,2.0739
1404,Plug,11.04,46.53,34.64,-72.54,3,200920.81,4.2155
1405,Light,11.03,86.95,45.72,-61.67,53,377416.95,7.8812
1406,Speaker,11.66,7.99,25.65,-41.22,6,35969.72,0.685
1407,Camera,6.74,76.74,51.21,-65.47,24,330350.57,11.3886
1408,Light,18.56,58.13,52.6,-73.35,16,252976.66,3.1325
1409,Light,11.95,26.15,36.66,-33.39,19,114480.74,2.1883
1410,Plug,13.24,45.85,30.97,-50.07,51,199466.21,3.4636
1411,Light,10.16,26.41,39.78,-61.69,28,114298.77,2.5981
1412,Sensor,4.8,38.8,29.05,-58.35,28,166559.33,8.0767
1413,Speaker,13.57,57.49,21.01,-46.25,18,248705.38,4.2379
1414,Plug,15.0,47.61,35.1,-60.17,6,206465.22,3.1727
1415,Plug,7.01,64.58,55.79,-38.12,59,277074.1,9.2087
1416,Plug,20.86,11.55,44.68,-74.72,11,48353.53,0.554
1417,Light,15.68,39.07,43.38,-71.07,26,169880.24,2.4913
1418,Speaker,6.22,44.38,28.09,-56.86,1,192435.06,7.1399
1419,Light,10.25,49.11,44.02,-51.82,39,211450.69,4.7917
1420,Light,10.38,41.59,40.71,-46.46,49,178626.05,4.0047
1421,Sensor,9.37,52.38,44.88,-50.17,52,223934.12,5.5905
1422,Light,9.59,64.3,38.45,-77.61,46,278547.85,6.7039
1423,Camera,13.57,20.96,22.03,-55.69,36,94641.38,1.5447
1424,Sensor,4.42,84.13,47.8,-52.85,40,365163.88,19.031
1425,Sensor,12.64,57.88,47.96,-64.86,52,250102.16,4.5782
1426,Plug,8.6,5.0,37.44,-47.54,42,22017.92,0.5813
1427,Camera,14.16,97.97,35.09,-36.29,34,423336.56,6.9189
1428,Plug,16.71,18.1,24.08,-52.27,50,79113.1,1.0833
1429,Speaker,19.04,95.79,45.24,-68.35,56,412102.48,5.031
1430,Speaker,11.3,66.54,54.18,-76.78,36,288880.62,5.8891
1431,Sensor,10.89,72.05,34.62,-59.11,7,312429.33,6.6141
1432,Light,8.72,83.82,27.46,-52.04,52,359453.52,9.6075
1433,Plug,17.66,74.58,33.13,-50.95,40,319551.03,4.2223
1434,Sensor,10.2,59.32,56.92,-60.65,25,254419.82,5.8161
1435,Plug,13.44,59.69,46.7,-42.05,7,256731.72,4.4418
1436,Plug,11.25,70.68,32.33,-65.81,4,305889.15,6.2799
1437,Camera,8.94,73.7,36.86,-55.41,22,318522.2,8.2456
1438,Light,8.94,77.54,62.87,-41.55,34,333667.87,8.6707
1439,Speaker,12.6,26.92,52.6,-51.01,47,120086.3,2.1362
1440,Camera,15.22,65.3,39.43,-58.42,29,283619.7,4.2905
1441,Light,18.12,5.0,50.44,-57.86,49,20130.19,0.276
1442,Plug,14.11,69.45,35.74,-56.59,6,299915.55,4.9224
1443,Light,18.31,57.6,29.31,-45.87,22,249864.56,3.1461
1444,Light,10.09,86.45,39.56,-68.61,12,374571.08,8.5642
1445,Plug,10.93,44.73,34.07,-61.27,5,193349.47,4.0944
1446,Sensor,18.5,46.48,31.28,-47.9,46,202536.42,2.5122
1447,Speaker,17.38,12.65,46.57,-60.26,25,56138.64,0.728
1448,Plug,,60.64,44.47,-59.73,27,259718.64,3.5349
1449,Speaker,11.68,40.48,22.14,-63.75,13,175155.62,3.4649
1450,Plug,11.39,101.67,36.86,-65.05,50,438880.59,8.9252
1451,Light,16.92,78.4,34.46,-60.63,55,340067.01,4.6342
1452,Light,10.51,73.41,37.99,-31.63,3,319522.38,6.9851
1453,Sensor,5.96,55.81,36.46,-55.7,47,240495.52,9.3636
1454,Light,12.38,66.12,45.41,-74.35,42,284927.99,5.3384
1455,Plug,10.88,43.04,27.88,-43.05,23,187585.16,3.9566
1456,Plug,19.48,85.02,43.86,-55.11,37,367965.38,4.3641
1457,Camera,8.72,36.5,40.65,-44.43,29,160418.72,4.1839
1458,Light,7.54,51.78,30.29,-87.05,34,225727.52,6.8703
1459,Camera,12.86,63.6,28.16,-63.5,57,273052.42,4.9453
1460,Plug,12.64,48.04,39.71,-67.04,56,206958.32,3.7991
1461,Light,13.11,27.02,27.28,-87.67,32,117461.13,2.0614
1462,Sensor,7.56,47.06,46.76,-51.97,35,202269.49,6.2223
1463,Sensor,9.35,39.17,41.63,-50.84,1,168138.43,4.1906
1464,Light,16.11,37.94,19.13,-51.32,17,163841.31,2.3552
1465,Light,15.63,66.58,43.36,-26.18,16,288225.53,4.2594
1466,Sensor,17.67,67.94,35.63,-42.2,21,291736.45,3.8448
1467,Light,11.57,60.11,28.83,-58.34,59,259734.06,5.1941
1468,Plug,16.8,38.89,44.65,-59.23,20,168358.91,2.3145
1469,Sensor,9.75,63.37,47.32,-41.86,41,273406.69,6.4966
1470,Plug,15.04,53.91,28.32,-60.22,30,233405.36,3.5857
1471,Sensor,12.55,51.21,30.72,-61.94,31,220588.76,4.0793
1472,Camera,20.16,29.45,49.84,-59.08,7,128478.71,1.4607
1473,Plug,10.74,59.45,30.44,-70.79,14,255983.03,5.5369
1474,Sensor,11.1,70.6,22.53,-44.88,60,304687.11,6.3605
1475,Sensor,6.57,44.95,41.41,-36.28,13,194492.24,6.8417
1476,Speaker,8.57,38.37,42.85,-58.48,47,164898.19,4.4756
1477,Plug,11.44,47.19,40.24,-58.63,14,200931.07,4.1242
1478,Plug,11.35,68.92,32.92,-67.5,30,299335.74,6.0707
1479,Sensor,6.08,76.25,33.73,-64.78,41,328562.22,12.5375
1480,Plug,9.16,64.43,28.3,-55.26,12,279695.15,7.037
1481,Camera,9.69,60.95,25.31,-68.05,4,265738.13,6.2877
1482,Sensor,2.03,52.46,53.84,-54.1,11,227622.39,25.7949
1483,Sensor,5.76,74.66,24.65,-41.94,36,324736.16,12.957
1484,Plug,7.66,21.98,38.45,-74.04,15,94594.45,2.8682
1485,Light,9.25,27.47,40.82,-64.88,47,118682.45,2.9701
1486,Light,6.52,66.58,20.1,-49.68,58,286206.11,10.2038
1487,Light,17.62,106.16,30.15,-67.52,47,458814.95,6.0249
1488,Plug,11.93,71.15,44.44,-74.45,32,310123.01,5.964
1489,Light,17.19,5.0,40.47,-70.29,33,22346.51,0.2908
1490,Plug,11.26,31.6,41.36,-48.73,48,136102.78,2.8064
1491,Sensor,4.74,93.56,39.42,-80.93,43,401556.96,19.7393
1492,Sensor,13.64,59.34,38.41,-35.92,42,252343.04,4.3503
1493,Plug,17.74,73.41,13.19,-49.26,32,316310.51,4.1374
1494,Speaker,17.92,59.89,44.04,-61.37,51,260175.78,3.342
1495,Sensor,20.4,54.09,47.11,-50.92,49,234482.21,2.6517
1496,Speaker,,,50.14,-71.69,11,324453.36,7.2259
1497,Light,12.01,53.32,24.58,-40.97,5,230638.82,4.4385
1498,Plug,15.04,14.19,60.52,-70.6,26,59660.95,0.9433
1499,Sensor,9.41,38.03,23.94,-69.13,54,162863.36,4.04
1500,Camera,4.95,66.3,36.55,-70.38,23,289257.27,13.4081
1501,Plug,14.04,50.68,54.1,-85.63,11,217234.22,3.6107
1502,Light,12.49,87.45,30.42,-63.39,30,376263.06,7.0021
1503,Speaker,,69.43,44.95,-66.9,51,298278.91,7.9511
1504,Light,14.93,62.15,35.25,-48.95,50,266891.13,4.1634
1505,Plug,15.56,58.71,34.27,-53.6,9,253455.84,3.7734
1506,Plug,17.12,61.41,50.1,-66.4,25,265071.44,3.5877
1507,Camera,16.21,83.78,33.97,-36.15,43,363157.92,5.167
1508,Speaker,12.95,17.6,34.25,-51.62,49,76678.54,1.3591
1509,Camera,12.53,109.65,48.46,-58.94,19,472446.48,8.7487
1510,Plug,10.84,73.27,54.49,-46.02,41,313879.65,6.7608
1511,Camera,14.19,56.59,38.51,-56.25,14,246114.76,3.9871
1512,Sensor,13.35,61.95,35.4,-72.64,27,266907.63,4.6407
1513,Light,14.31,45.02,30.81,-68.47,27,195023.23,3.1469
1514,Light,11.01,43.86,22.84,-64.27,30,188333.63,3.9828
1515,Plug,10.5,72.77,59.57,-57.08,37,313524.54,6.9301
1516,Speaker,6.95,50.32,37.3,-65.59,34,217889.38,7.2458
1517,Plug,14.94,61.41,27.09,-53.53,26,265579.75,4.1096
1518,Speaker,7.09,52.49,49.15,-64.24,41,227059.78,7.3989
1519,Plug,11.19,11.77,34.37,-64.44,32,51203.74,1.0514
1520,Camera,13.23,15.87,51.29,-64.92,3,67848.84,1.1993
1521,Light,10.38,91.73,37.83,-50.79,31,398131.73,8.8388
1522,Plug,14.16,67.06,36.16,-72.75,30,290499.65,4.7371
1523,Sensor,9.91,44.35,41.76,-68.21,15,191400.82,4.4754
1524,Sensor,13.9,99.03,18.55,-63.84,32,425397.73,7.1229
1525,Speaker,10.67,72.98,31.49,-69.78,24,315082.49,6.8388
1526,Camera,3.88,80.34,39.77,-62.15,8,344510.08,20.7132
1527,Camera,13.16,48.9,27.82,-81.86,49,213967.38,3.7152
1528,Speaker,5.92,58.18,37.28,-65.22,14,252337.75,9.8247
1529,Plug,15.76,30.5,46.1,-82.42,7,129759.91,1.935
1530,Camera,14.37,42.79,34.56,-78.64,37,185770.47,2.9772
1531,Camera,12.49,82.35,39.72,-52.71,54,358174.23,6.5917
1532,Camera,20.28,39.95,28.03,-36.38,54,173761.08,1.9698
1533,Plug,11.96,67.66,47.59,-64.09,23,293875.96,5.6576
1534,Light,14.13,45.22,33.46,-67.7,3,196995.65,3.2005
1535,Camera,8.34,57.25,42.64,-71.15,47,248820.96,6.8617
1536,Plug,8.31,32.27,47.94,-70.09,35,140712.07,3.8846
1537,Plug,18.07,59.02,49.36,-45.91,54,256358.73,3.2661
1538,Plug,9.84,,41.81,-84.52,47,252270.92,5.9499
1539,Light,16.9,33.87,31.69,-60.22,10,146620.65,2.0048
1540,Sensor,11.32,66.29,35.69,-59.87,15,287609.07,5.8552
1541,Camera,15.27,69.69,37.61,-42.56,28,299306.88,4.5648
1542,Camera,20.28,61.97,44.55,-55.54,40,267550.84,3.0548
1543,Plug,4.47,81.74,46.88,-76.81,50,353483.2,18.2867
1544,Light,16.96,61.57,37.34,-65.89,45,265669.97,3.6296
1545,Light,18.94,54.33,31.45,-85.07,33,235188.59,2.8683
1546,Sensor,17.9,66.71,27.66,-69.17,46,290041.94,3.7264
1547,Light,17.59,38.33,42.44,-48.19,37,165929.04,2.1792
1548,Camera,16.03,73.07,29.74,-70.42,19,316818.51,4.5579
1549,Light,10.28,82.06,28.53,-78.46,47,354703.23,7.9861
1550,Sensor,12.44,,40.34,-74.39,16,467766.41,8.7286
1551,Plug,11.93,54.05,33.14,-49.92,42,234606.0,4.5304
1552,Plug,12.37,27.49,26.72,-25.0,27,117806.89,2.2222
1553,Sensor,16.37,,26.98,-65.55,55,213228.87,3.0159
1554,Light,11.12,109.56,23.25,-47.49,10,474412.5,9.8487
1555,Plug,3.22,20.29,42.74,-60.2,44,88594.48,6.3089
1556,Plug,13.94,41.3,42.46,-77.86,55,178015.44,2.9627
1557,Plug,10.4,101.33,48.01,-55.08,11,436790.28,9.7439
1558,Plug,15.87,51.17,49.68,-80.87,59,221744.55,3.2247
1559,Light,12.79,77.34,40.21,-56.11,52,334165.08,6.0444
1560,Camera,8.17,85.47,34.16,-47.86,24,368886.97,10.4631
1561,Light,10.05,33.51,44.87,-41.68,56,144710.27,3.3334
1562,Light,12.22,35.91,31.0,-69.55,47,155448.84,2.9382
1563,Speaker,7.91,,31.38,-41.81,51,330156.81,9.6162
1564,Camera,12.6,54.88,36.03,-68.1,55,238414.19,4.3547
1565,Sensor,7.99,68.93,48.62,-63.7,12,299183.55,8.6261
1566,Plug,10.85,64.46,42.02,-64.53,50,277369.61,5.9392
1567,Plug,8.18,120.49,46.65,-60.34,16,518929.93,14.7243
1568,Light,9.69,62.04,32.3,-69.03,21,271469.72,6.4026
1569,Light,7.44,78.4,40.14,-71.99,16,337885.51,10.5427
1570,Sensor,12.84,59.59,18.96,-70.72,57,258320.32,4.6427
1571,Light,11.64,87.92,43.7,-57.45,19,379970.67,7.5549
1572,Sensor,16.0,56.89,44.84,-71.72,20,245217.63,3.5554
1573,Camera,13.11,86.65,39.75,-56.65,54,375040.87,6.6097
1574,Speaker,9.84,54.98,40.64,-50.61,33,235699.85,5.5877
1575,Light,13.76,66.89,25.01,-38.62,29,290739.42,4.8621
1576,Sensor,18.24,86.01,39.0,-54.45,51,373070.55,4.7163
1577,Plug,17.49,45.03,42.77,-56.58,24,193915.35,2.5744
1578,Camera,8.6,52.54,55.01,-76.87,53,228471.83,6.1062
1579,Sensor,9.95,79.46,39.7,-50.23,7,345627.12,7.9842
1580,Speaker,24.0,81.43,47.65,-73.68,2,353616.18,3.393
1581,Camera,8.62,86.09,37.94,-56.17,34,371385.62,9.9887
1582,Camera,13.08,68.8,33.46,-79.68,17,297460.69,5.2617
1583,Light,12.24,49.47,22.28,-50.81,16,211497.45,4.0412
1584,Sensor,9.79,36.88,35.81,-66.05,4,160757.09,3.7679
1585,Light,18.69,45.95,32.85,-45.77,30,198988.66,2.4585
1586,Camera,12.35,60.52,36.31,-74.17,13,259568.51,4.8998
1587,Plug,7.14,57.53,39.3,-56.87,37,248021.53,8.0561
1588,Plug,12.19,56.94,48.61,-49.78,55,247279.18,4.6728
1589,Light,12.45,51.29,38.42,-44.57,17,219147.76,4.1203
1590,Speaker,17.46,57.33,34.58,-58.14,22,249097.29,3.2843
1591,Light,15.77,109.99,41.26,-66.59,4,476138.64,6.9725
1592,Plug,14.37,46.8,31.57,-77.22,6,202785.34,3.2565
1593,Sensor,19.49,110.85,35.86,-71.38,56,480871.57,5.6879
1594,Sensor,13.79,5.0,26.48,-63.41,13,20969.8,0.3627
1595,Plug,13.49,58.25,44.28,-48.88,14,253943.1,4.3185
1596,Sensor,13.56,73.38,33.95,-50.14,10,316513.11,5.4104
1597,Sensor,4.77,48.58,38.18,-64.44,54,207155.34,10.1758
1598,Camera,7.05,73.07,47.09,-62.28,38,314544.48,10.3656
1599,Plug,13.8,65.7,39.29,-48.37,5,282678.85,4.7593
1600,Light,11.36,,19.73,-72.4,38,74519.7,1.5613
1601,Plug,10.06,34.36,36.37,-51.78,36,149478.5,3.4147
1602,Plug,13.32,91.59,52.63,-66.87,52,395946.38,6.874
1603,Light,18.55,66.35,40.8,-64.48,16,287310.27,3.5772
1604,Speaker,18.2,25.84,43.57,-52.2,15,110849.28,1.4196
1605,Light,4.3,77.96,25.98,-48.86,44,333674.33,18.1466
1606,Plug,15.42,64.3,37.71,-66.01,39,278659.62,4.1688
1607,Light,9.85,74.64,35.33,-81.37,16,324757.41,7.5817
1608,Camera,15.46,29.3,30.42,-49.15,38,126426.07,1.8959
1609,Light,6.56,29.64,33.61,-55.57,55,130279.35,4.5154
1610,Camera,12.39,68.28,34.73,-67.62,19,296048.9,5.5119
1611,Sensor,14.31,45.24,27.34,-60.58,13,193375.78,3.1613
1612,Speaker,18.65,48.93,37.09,-74.37,50,209702.2,2.6237
1613,Plug,13.53,48.59,43.22,-46.66,37,210501.82,3.5907
1614,Light,10.09,44.85,21.5,-46.44,3,195707.92,4.4454
1615,Sensor,14.07,56.61,15.96,-29.34,29,245326.29,4.0231
1616,Plug,3.58,49.12,45.92,-61.14,14,214253.16,13.7267
1617,Speaker,10.12,39.21,39.38,-54.62,7,171095.82,3.8757
1618,Speaker,18.71,52.0,37.89,-56.46,11,226315.9,2.7793
1619,Plug,16.8,102.28,39.3,-51.38,15,443025.57,6.0891
1620,Plug,19.04,55.55,34.76,-69.07,50,238881.16,2.9184
1621,Plug,19.31,62.24,46.79,-49.84,43,270030.16,3.2238
1622,Sensor,20.01,95.19,31.92,-54.84,44,410721.26,4.7573
1623,Speaker,17.75,55.75,45.0,-52.67,44,241249.51,3.1405
1624,Light,8.48,66.85,46.02,-62.87,26,289773.44,7.8819
1625,Camera,11.52,42.94,21.92,-68.54,9,183630.05,3.7281
1626,Sensor,12.17,5.0,32.46,-60.77,2,21421.07,0.411
1627,Plug,15.27,55.76,31.01,-61.04,35,241313.73,3.6514
1628,Speaker,13.42,95.31,43.5,-54.02,29,412991.42,7.1007
1629,Plug,8.2,77.3,29.07,-57.92,4,333246.14,9.432
1630,Sensor,15.26,58.38,45.39,-71.98,14,250399.34,3.8257
1631,Light,11.8,60.98,36.05,-50.89,20,264944.4,5.1678
1632,Camera,12.49,81.83,30.02,-61.64,3,355133.2,6.5495
1633,Speaker,15.6,81.72,43.54,-70.89,33,354454.28,5.2369
1634,Camera,10.04,64.84,49.72,-54.04,26,279377.54,6.4555
1635,Camera,16.66,67.17,28.74,-51.15,31,291477.56,4.0324
1636,Light,8.72,70.26,30.25,-62.41,24,303311.14,8.0611
1637,Plug,14.0,79.61,37.46,-74.94,34,344555.42,5.6845
1638,Light,14.55,45.39,32.55,-64.99,4,198282.53,3.1201
1639,Camera,11.23,24.31,46.0,-71.22,4,104224.42,2.1636
1640,Plug,10.25,39.14,28.39,-53.3,49,170899.48,3.8168
1641,Speaker,18.28,69.76,49.26,-57.97,18,301738.53,3.8171
1642,Light,18.62,27.29,31.99,-75.26,9,117935.02,1.4653
1643,Speaker,15.68,64.87,47.72,-82.84,33,281488.49,4.1381
1644,Light,13.55,43.35,56.22,-80.27,58,185480.7,3.2006
1645,Sensor,19.48,41.46,42.97,-79.87,30,179107.99,2.1283
1646,Plug,12.45,65.82,43.7,-50.35,15,285749.37,5.2859
1647,Light,20.3,18.1,43.47,-57.25,33,77992.53,0.8916
1648,Light,19.9,101.22,26.64,-51.88,41,439428.92,5.0854
1649,Speaker,20.44,73.42,33.15,-53.32,33,316152.32,3.5915
1650,Light,14.39,74.56,42.48,-53.93,17,323336.78,5.1797
1651,Light,5.4,75.6,39.23,-62.14,57,325352.99,14.0019
1652,Camera,10.45,33.52,35.5,-68.11,51,142366.5,3.208
1653,Plug,7.93,40.68,40.52,-60.86,26,176208.63,5.1283
1654,Camera,14.98,88.54,33.23,-69.95,47,380635.69,5.9107
1655,Camera,14.91,38.62,44.53,-48.57,26,168853.27,2.5897
1656,Light,9.94,39.36,32.8,-60.14,30,168518.2,3.9609
1657,Camera,13.9,54.67,47.96,-62.81,8,235759.09,3.9319
1658,Plug,24.0,55.8,47.36,-57.84,52,240209.11,2.3251
1659,Camera,20.28,62.12,25.53,-55.8,25,270199.54,3.0627
1660,Camera,11.27,30.08,33.38,-49.66,31,127654.3,2.6685
1661,Speaker,11.86,,24.84,-25.0,16,167076.86,3.2957
1662,Sensor,15.37,65.29,41.86,-64.07,16,280567.51,4.2478
1663,Speaker,18.65,83.28,46.76,-55.73,39,358702.44,4.466
1664,Plug,15.47,55.91,27.54,-51.59,47,242578.98,3.6146
1665,Speaker,3.86,101.98,40.16,-68.88,4,442070.7,26.4425
1666,Sensor,13.74,40.94,48.99,-81.44,2,177969.71,2.9804
1667,Plug,14.8,60.95,40.07,-58.92,32,259039.33,4.1172
1668,Plug,10.42,77.05,42.36,-52.57,17,331395.43,7.3934
1669,Plug,5.79,79.08,28.42,-90.0,22,342596.32,13.6608
1670,Light,12.62,45.71,36.51,-66.84,1,198191.02,3.6207
1671,Sensor,18.33,73.89,44.14,-53.56,50,319345.87,4.0317
1672,Plug,9.22,,37.91,-36.81,19,176551.13,4.4862
1673,Speaker,9.74,76.93,49.16,-73.4,17,333979.46,7.8981
1674,Plug,9.7,41.61,27.17,-48.39,33,181277.61,4.2917
1675,Camera,8.79,53.66,41.1,-60.21,14,231611.48,6.1017
1676,Sensor,11.29,68.64,38.54,-61.98,26,300318.57,6.0804
1677,Sensor,13.3,25.4,25.03,-47.18,11,109735.35,1.91
1678,Plug,14.49,33.44,29.96,-65.74,26,144733.67,2.308
1679,Plug,10.46,49.13,38.56,-72.01,36,211871.65,4.6965
1680,Light,9.73,39.1,36.44,-80.6,38,167998.36,4.0209
1681,Plug,7.7,81.81,35.59,-40.46,32,352991.97,10.629
1682,Light,15.35,65.15,29.07,-40.84,44,281782.79,4.2434
1683,Sensor,11.35,53.98,63.47,-76.44,27,236299.4,4.7547
1684,Camera,8.63,75.16,47.95,-68.45,51,327099.53,8.7144
1685,Light,16.71,76.55,34.85,-47.75,35,332728.6,4.5825
1686,Light,8.94,26.13,58.83,-66.72,25,111348.69,2.9215
1687,Light,11.67,51.08,51.95,-38.71,46,221563.75,4.3767
1688,Plug,6.93,50.17,44.06,-69.6,21,217211.67,7.243
1689,Speaker,8.8,5.0,32.2,-54.91,21,21057.72,0.5681
1690,Speaker,13.91,31.94,35.33,-78.15,1,139154.76,2.2953
1691,Plug,,44.42,44.33,-48.07,57,192880.3,3.8746
1692,Speaker,12.17,39.96,37.54,-71.63,16,177190.08,3.2849
1693,Plug,17.73,63.31,34.53,-51.31,34,274525.04,3.5697
1694,Camera,7.76,33.31,40.16,-45.27,15,142298.87,4.29
1695,Camera,10.6,62.63,36.94,-47.04,23,272421.41,5.9103
1696,Light,6.59,48.66,46.6,-58.2,12,209829.56,7.3852
1697,Plug,5.5,59.42,33.17,-53.04,49,258329.76,10.805
1698,Speaker,7.09,29.47,40.99,-57.99,39,127375.35,4.1564
1699,Sensor,8.45,83.75,31.96,-44.41,57,360946.95,9.9077
1700,Plug,14.23,46.82,45.11,-72.03,27,199738.82,3.29
1701,Camera,12.69,51.59,30.33,-70.94,7,223081.76,4.0671
1702,Light,11.73,74.09,52.04,-28.13,23,322145.4,6.3153
1703,Light,15.71,47.08,36.94,-66.2,27,203764.86,2.9964
1704,Camera,5.6,88.19,42.05,-51.24,47,381802.75,15.7444
1705,Camera,16.17,35.52,40.87,-48.02,39,152039.29,2.1969
1706,Speaker,8.54,40.49,42.54,-70.07,37,174778.86,4.74
1707,Speaker,7.35,33.13,38.42,-42.97,42,144053.8,4.5043
1708,Camera,11.73,69.75,39.46,-66.7,60,299613.44,5.9443
1709,Light,10.22,80.83,29.39,-53.92,24,349381.92,7.9115
1710,Plug,20.28,78.28,37.1,-47.57,54,337514.47,3.8611
1711,Sensor,20.84,24.56,24.47,-42.59,5,106302.53,1.1789
1712,Camera,12.65,52.8,26.54,-52.85,40,226838.73,4.1723
1713,Light,10.59,51.09,36.42,-39.15,58,220081.66,4.8222
1714,Camera,16.85,30.44,42.48,-62.13,30,132651.87,1.8069
1715,Speaker,11.2,19.68,55.56,-65.64,1,83387.43,1.7566
1716,Light,7.56,53.53,27.97,-55.94,13,230754.15,7.0763
1717,Plug,13.14,42.87,43.51,-74.3,19,185800.94,3.2622
1718,Plug,10.8,64.22,47.32,-70.54,59,278871.98,5.945
1719,Plug,14.18,42.17,23.75,-46.33,42,185092.15,2.9739
1720,Speaker,15.3,43.11,30.83,-48.11,53,185574.75,2.8187
1721,Light,16.56,55.94,36.85,-48.15,43,242580.59,3.3774
1722,Camera,7.47,20.6,29.61,-61.41,55,86386.32,2.7588
1723,Camera,15.14,47.39,38.98,-63.24,1,206679.64,3.1296
1724,Camera,9.69,83.47,31.92,-80.95,35,360389.68,8.6113
1725,Light,16.92,45.35,40.5,-49.82,23,195364.62,2.6797
1726,Light,14.44,39.99,50.14,-52.51,4,173815.61,2.7698
1727,Light,9.11,71.04,37.77,-54.88,22,307655.92,7.7967
1728,Light,,73.72,31.32,-34.6,19,320950.51,7.9152
1729,Sensor,9.71,82.05,30.54,-46.87,35,354417.16,8.454
1730,Light,9.56,69.7,26.08,-64.13,21,301004.34,7.2894
1731,Speaker,16.3,66.44,49.17,-56.06,31,288555.39,4.0765
1732,Light,5.93,47.26,44.95,-63.66,38,204156.19,7.9699
1733,Sensor,15.39,61.83,34.91,-48.17,51,265302.49,4.017
1734,Plug,11.64,38.67,35.84,-51.04,54,167620.35,3.3217
1735,Light,11.72,49.89,34.72,-79.45,37,211947.51,4.2572
1736,Camera,9.53,78.16,37.24,-57.99,47,340615.95,8.2032
1737,Light,3.7,35.24,33.55,-61.09,11,153403.68,9.52
1738,Sensor,18.31,74.57,27.07,-51.52,44,320705.92,4.072
1739,Light,6.9,40.24,28.22,-68.61,48,174730.68,5.8352
1740,Light,8.93,57.87,32.06,-30.45,6,249890.4,6.481
1741,Plug,13.74,52.54,31.02,-73.99,55,226788.25,3.8245
1742,Plug,12.98,67.84,54.36,-48.9,34,292896.99,5.2249
1743,Plug,,109.1,15.65,-59.12,27,469699.46,6.5913
1744,Camera,11.88,75.12,22.64,-39.05,20,324617.41,6.3254
1745,Speaker,9.1,85.57,48.46,-38.69,42,368607.4,9.4061
1746,Camera,10.73,65.24,40.74,-60.52,33,279679.03,6.0796
1747,Camera,8.77,36.96,40.89,-45.61,45,159240.83,4.213
1748,Speaker,5.13,24.1,40.67,-54.53,41,102653.74,4.6942
1749,Plug,15.13,90.78,40.14,-62.59,22,392881.21,6.0011
1750,Plug,18.94,38.83,58.58,-74.04,44,167960.64,2.0503
1751,Sensor,13.71,47.23,25.28,-25.0,37,204308.68,3.4461
1752,Camera,16.41,82.57,42.93,-45.93,28,359074.67,5.0304
1753,Plug,2.88,34.74,35.67,-73.11,18,148173.42,12.042
1754,Camera,13.25,74.8,41.65,-41.75,53,322079.81,5.6448
1755,Sensor,24.0,77.14,23.23,-64.44,47,331432.72,3.2141
1756,Camera,6.49,,34.69,-78.38,53,69910.46,2.5291
1757,Camera,15.75,35.31,22.0,-65.31,48,151378.3,2.2425
1758,Light,9.16,68.1,32.8,-61.1,32,296159.51,7.4323
1759,Speaker,11.87,39.16,41.67,-47.4,20,167619.36,3.2984
1760,Sensor,7.97,42.19,36.46,-49.78,54,183437.76,5.2952
1761,Camera,11.82,42.43,43.94,-65.69,16,185046.62,3.5913
1762,Plug,6.35,95.16,28.81,-50.66,42,411478.09,14.9841
1763,Camera,13.67,51.03,33.51,-61.01,17,223808.85,3.7337
1764,Light,3.84,51.14,34.69,-46.6,50,219480.62,13.3104
1765,Plug,9.95,44.25,12.13,-58.25,39,190686.86,4.447
1766,Plug,21.92,60.31,37.56,-68.26,8,260315.1,2.7514
1767,Sensor,13.79,38.64,42.54,-78.04,18,166602.8,2.803
1768,Light,12.56,29.53,40.92,-64.07,7,127321.93,2.3515
1769,Light,9.38,26.05,49.86,-56.51,10,115249.35,2.7769
1770,Plug,13.78,59.22,50.11,-28.78,58,254044.54,4.2967
1771,Speaker,10.19,41.33,33.32,-43.18,2,177848.34,4.055
1772,Plug,20.29,75.14,44.91,-47.42,23,323746.9,3.7039
1773,Camera,16.43,78.72,44.1,-73.17,57,341653.64,4.7918
1774,Sensor,20.0,48.76,29.98,-64.05,10,209384.27,2.4377
1775,Camera,12.27,7.5,38.54,-61.06,29,33727.89,0.6112
1776,Camera,11.17,76.63,29.93,-55.72,55,330041.04,6.8611
1777,Sensor,15.3,73.71,39.4,-42.15,56,317754.85,4.8175
1778,Light,7.71,,45.2,-74.01,52,240704.62,7.2063
1779,Plug,6.96,49.93,41.75,-58.49,8,217028.01,7.1694
1780,Plug,12.2,,41.03,-61.64,34,207915.89,3.9426
1781,Light,12.23,105.47,31.16,-59.36,56,456323.49,8.6222
1782,Sensor,9.83,44.69,35.73,-61.91,36,193511.9,4.5465
1783,Plug,16.74,55.82,51.62,-58.35,58,237649.61,3.334
1784,Light,9.35,91.98,25.35,-56.97,28,396634.61,9.8419
1785,Camera,12.37,49.34,32.84,-61.19,19,213059.09,3.9875
1786,Light,12.12,60.36,35.4,-62.25,34,262533.58,4.9799
1787,Speaker,13.24,92.21,41.15,-46.57,54,398924.91,6.9639
1788,Camera,11.57,65.14,38.0,-56.07,57,283314.46,5.6284
1789,Sensor,12.67,35.88,30.55,-59.96,12,156673.72,2.831
1790,Plug,11.44,40.52,36.15,-60.25,24,175960.5,3.5402
1791,Light,22.05,98.95,50.01,-74.24,49,428432.95,4.4869
1792,Speaker,13.39,72.22,45.81,-39.99,60,311989.74,5.3954
1793,Light,14.96,45.81,49.04,-49.26,11,200913.72,3.0615
1794,Light,15.06,71.31,42.26,-66.3,14,308369.63,4.7345
1795,Light,9.28,71.22,33.83,-75.7,50,308063.98,7.672
1796,Light,12.08,49.07,24.57,-38.78,11,210514.88,4.0611
1797,Camera,16.19,30.7,34.19,-40.35,18,131420.34,1.8965
1798,Speaker,11.25,75.5,36.44,-53.9,8,326631.76,6.7095
1799,Sensor,15.21,73.37,45.29,-42.96,41,313694.31,4.8223
1800,Camera,18.61,44.5,28.76,-37.03,45,191233.88,2.3918
1801,Light,11.53,56.24,43.83,-60.9,42,244678.74,4.8784
1802,Light,8.99,38.26,60.32,-27.57,34,165720.75,4.256
1803,Camera,10.54,85.25,34.83,-56.75,58,368851.09,8.0869
1804,Plug,13.41,54.86,39.84,-54.93,46,238719.22,4.0902
1805,Plug,7.27,65.96,31.62,-49.64,47,284623.72,9.0727
1806,Light,17.5,49.75,30.82,-33.43,56,215637.84,2.8431
1807,Light,11.64,50.39,25.6,-52.94,2,219144.8,4.3306
1808,Plug,12.42,42.73,26.66,-58.87,48,185052.82,3.4416
1809,Sensor,13.05,39.79,53.47,-37.65,45,171375.88,3.0496
1810,Plug,8.44,45.91,36.82,-55.04,27,199588.01,5.4394
1811,Sensor,,80.99,37.25,-70.18,5,351879.76,9.6672
1812,Light,13.25,79.27,37.67,-54.16,21,342561.73,5.9835
1813,Light,10.86,26.83,38.94,-60.2,21,119843.8,2.4716
1814,Speaker,16.94,60.5,44.96,-90.0,16,258605.66,3.5705
1815,Light,9.77,54.69,24.97,-61.26,57,237487.08,5.5963
1816,Plug,15.9,36.66,26.57,-64.71,40,157205.12,2.3053
1817,Plug,12.03,68.64,49.41,-90.0,47,298852.45,5.7065
1818,Camera,18.29,67.1,45.92,-51.82,35,290627.02,3.6677
1819,Speaker,8.65,50.08,33.89,-79.49,52,217161.08,5.7874
1820,Light,12.84,78.96,25.33,-44.08,53,341922.89,6.1499
1821,Speaker,13.14,63.99,30.53,-70.91,49,276140.15,4.87
1822,Speaker,6.83,70.62,30.97,-56.44,16,308164.99,10.3374
1823,Sensor,15.27,61.77,50.43,-72.73,3,269100.8,4.0447
1824,Light,,68.83,28.8,-32.78,35,297537.76,5.5545
1825,Plug,10.87,32.79,51.05,-71.0,2,142706.35,3.0165
1826,Light,10.83,57.89,27.48,-58.02,15,253639.09,5.3466
1827,Camera,19.64,60.01,36.05,-48.02,47,261106.24,3.0559
1828,Speaker,9.86,52.98,36.93,-45.02,28,226005.91,5.3709
1829,Sensor,14.42,70.84,23.53,-58.06,3,306275.07,4.9131
1830,Light,12.74,70.21,56.06,-52.05,20,304012.38,5.5126
1831,Light,14.06,71.42,52.2,-63.57,13,307916.76,5.0811
1832,Light,14.71,37.57,40.32,-56.25,38,163304.49,2.5545
1833,Plug,5.19,5.0,38.54,-56.97,14,22035.61,0.9639
1834,Camera,13.74,67.12,27.07,-66.04,42,290088.97,4.8855
1835,Light,17.28,66.04,44.26,-39.38,18,283637.23,3.8214
1836,Sensor,9.45,61.2,42.88,-71.87,40,263673.04,6.4758
1837,Light,3.94,22.9,35.2,-66.01,35,100096.87,5.8133
1838,Light,19.34,74.22,39.8,-47.49,48,320860.55,3.8385
1839,Sensor,7.57,48.72,63.71,-49.29,11,209409.98,6.4376
1840,Sensor,16.2,99.24,48.49,-67.71,6,429647.68,6.1246
1841,Camera,12.73,42.34,39.59,-42.01,26,181160.79,3.3254
1842,Speaker,3.98,60.83,46.17,-87.25,21,264317.76,15.2764
1843,Speaker,20.14,72.27,38.56,-65.98,5,310597.9,3.5877
1844,Plug,7.79,5.0,31.4,-43.09,56,22807.45,0.6415
1845,Plug,7.91,76.27,40.78,-86.01,29,332267.51,9.646
1846,Camera,1.0,33.07,57.11,-54.46,56,142995.9,33.0739
1847,Sensor,11.35,17.89,29.44,-59.33,43,77373.49,1.5766
1848,Light,13.08,37.99,45.7,-58.96,53,165049.35,2.9049
1849,Light,13.2,17.6,35.43,-63.37,15,77199.09,1.3334
1850,Plug,5.81,61.63,47.76,-78.5,6,266881.71,10.612
1851,Camera,9.91,46.16,31.98,-49.84,48,199299.92,4.6561
1852,Plug,8.06,58.21,32.53,-78.16,48,249809.14,7.2176
1853,Camera,4.31,5.0,42.98,-40.46,2,21083.39,1.1597
1854,Plug,8.3,54.5,38.53,-72.07,35,233508.05,6.5673
1855,Camera,,84.77,42.82,-68.91,34,364382.38,5.7001
1856,Sensor,8.67,62.08,31.28,-72.07,56,266437.21,7.1602
1857,Camera,12.62,77.66,41.03,-61.64,46,338115.33,6.1549
1858,Sensor,14.73,50.12,38.0,-55.34,1,218077.9,3.4014
1859,Sensor,5.3,31.48,44.26,-56.4,41,135569.71,5.9438
1860,Plug,11.38,,32.12,-60.74,40,222591.28,4.539
1861,Light,14.53,64.01,35.83,-65.8,44,277086.19,4.4069
1862,Camera,16.22,46.9,44.51,-52.24,6,204390.4,2.8909
1863,Plug,13.12,28.0,35.84,-50.02,38,123974.24,2.1347
1864,Light,8.02,60.94,39.05,-59.76,57,263105.48,7.5971
1865,Light,14.88,94.21,30.44,-56.33,19,407596.48,6.3323
1866,Sensor,13.05,68.25,49.09,-42.61,51,293455.3,5.2303
1867,Light,5.95,99.08,37.05,-37.83,13,426972.27,16.6635
1868,Light,22.01,11.07,44.35,-71.79,49,48489.01,0.5029
1869,Light,13.18,30.92,31.61,-49.02,30,133901.43,2.3457
1870,Light,13.05,77.2,39.22,-42.51,10,333506.01,5.9172
1871,Camera,12.54,59.94,39.43,-49.12,12,257695.71,4.7808
1872,Plug,13.55,63.16,33.46,-49.06,47,271831.64,4.6613
1873,Plug,10.83,70.19,48.98,-38.99,10,301876.3,6.4833
1874,Sensor,12.64,62.63,38.2,-58.66,29,269840.11,4.9546
1875,Plug,8.38,,43.42,-67.25,3,70006.17,1.8986
1876,Plug,12.87,66.58,37.17,-59.52,58,288997.83,5.1719
1877,Plug,9.23,63.0,34.82,-51.74,60,273131.79,6.8224
1878,Sensor,11.25,49.04,40.09,-62.45,15,212465.72,4.3603
1879,Speaker,9.27,45.15,43.95,-58.03,47,197296.26,4.8696
1880,Plug,14.15,21.22,47.14,-70.9,29,90355.05,1.5002
1881,Plug,8.71,26.35,42.49,-47.37,57,114802.04,3.025
1882,Sensor,10.7,86.47,43.17,-61.25,13,375502.72,8.0782
1883,Camera,15.64,39.52,28.87,-69.32,23,168954.43,2.5276
1884,Light,12.74,61.22,32.79,-44.47,23,265311.19,4.805
1885,Speaker,11.59,17.97,32.16,-67.58,3,76271.89,1.5503
1886,Light,2.01,20.7,25.67,-30.7,1,90818.22,10.3112
1887,Speaker,,62.6,38.93,-45.73,51,269686.54,8.8801
1888,Light,9.4,38.28,43.53,-48.8,59,163811.65,4.0739
1889,Sensor,6.34,57.47,44.29,-46.39,45,247465.47,9.0717
1890,Plug,6.7,35.33,44.9,-53.06,39,154684.85,5.2759
1891,Camera,12.94,65.68,36.75,-47.75,45,283967.99,5.0763
1892,Speaker,11.4,76.58,40.26,-42.81,8,330357.82,6.7147
1893,Light,10.37,34.8,40.4,-64.49,12,151367.94,3.3572
1894,Plug,15.19,62.77,47.94,-62.02,29,273127.21,4.1322
1895,Light,8.52,48.72,30.2,-54.84,40,210876.34,5.7184
1896,Light,17.05,96.83,40.37,-67.69,25,417225.4,5.6779
1897,Light,16.92,105.98,21.46,-59.17,31,456725.75,6.2637
1898,Light,12.23,33.63,18.91,-48.2,8,147940.4,2.749
1899,Speaker,7.16,89.96,24.91,-32.65,6,386174.45,12.558
1900,Light,10.78,37.47,29.34,-55.23,27,161860.33,3.4761
1901,Speaker,12.02,33.28,45.44,-57.64,5,143735.75,2.7677
1902,Camera,15.73,87.57,33.6,-65.01,7,377380.29,5.5664
1903,Light,11.75,72.5,42.6,-56.51,9,312469.91,6.1696
1904,Plug,11.78,36.87,26.33,-50.73,22,160122.48,3.13
1905,Camera,11.1,42.3,23.82,-60.87,59,183792.41,3.8094
1906,Light,12.74,59.22,24.49,-77.92,8,254644.32,4.6498
1907,Sensor,8.37,76.17,46.24,-69.1,30,330385.44,9.1019
1908,Light,14.43,51.95,39.68,-43.45,27,223214.14,3.6006
1909,Speaker,7.24,45.5,33.73,-58.39,20,197054.71,6.2876
1910,Light,11.97,59.29,23.3,-53.56,30,257875.78,4.9529
1911,Speaker,11.8,52.04,34.03,-60.17,58,224698.11,4.411
1912,Speaker,16.01,30.44,49.97,-48.09,44,129854.74,1.9008
1913,Sensor,13.14,82.16,24.53,-63.28,22,353580.29,6.2522
1914,Plug,19.13,28.54,40.75,-77.13,11,123798.38,1.4918
1915,Plug,18.16,44.57,44.0,-36.95,13,194431.1,2.4546
1916,Speaker,8.83,80.71,40.44,-54.3,37,348476.35,9.14
1917,Light,10.35,39.93,34.34,-57.08,12,172104.87,3.8578
1918,Speaker,6.55,30.2,55.77,-59.24,17,130028.5,4.6094
1919,Camera,11.24,75.87,42.55,-70.17,17,330407.46,6.7497
1920,Sensor,7.37,71.26,42.32,-48.18,41,308754.76,9.6708
1921,Plug,11.43,56.21,37.71,-60.48,52,243284.13,4.9169
1922,Sensor,10.74,73.28,49.23,-69.69,15,315326.75,6.8234
1923,Sensor,16.53,55.66,50.57,-74.1,42,243399.93,3.3677
1924,Speaker,7.85,67.97,40.25,-85.48,5,293507.38,8.6585
1925,Light,8.57,81.61,19.93,-43.66,38,352103.79,9.527
1926,Camera,16.85,59.14,39.17,-69.9,59,256082.81,3.5094
1927,Light,9.42,23.33,37.27,-62.03,16,101859.37,2.476
1928,Sensor,5.94,25.86,40.89,-39.05,39,111359.58,4.3519
1929,Camera,14.47,43.84,35.35,-42.51,49,189549.1,3.0306
1930,Sensor,15.27,62.24,46.52,-61.72,41,269218.59,4.0755
1931,Speaker,10.98,45.29,32.4,-70.28,38,195944.62,4.1262
1932,Light,,71.26,45.47,-45.64,35,309227.55,8.7189
1933,Light,15.44,,26.82,-50.71,54,257205.33,3.8662
1934,Light,11.61,51.09,66.11,-70.85,51,220317.12,4.3988
1935,Light,9.45,70.36,18.53,-62.7,7,304991.49,7.4465
1936,Light,7.2,35.3,39.94,-61.16,34,154361.64,4.9013
1937,Light,7.4,68.93,53.28,-67.99,41,297031.72,9.3161
1938,Plug,,49.95,31.12,-50.88,38,218265.38,5.2234
1939,Light,12.62,67.45,30.3,-53.45,15,290696.28,5.3438
1940,Light,,76.14,41.38,-67.76,9,331927.91,7.7436
1941,Plug,3.63,28.14,44.09,-52.52,41,122159.35,7.7418
1942,Light,16.27,44.09,31.5,-68.83,32,190098.92,2.7099
1943,Sensor,11.71,94.88,35.4,-63.73,60,406784.35,8.1038
1944,Sensor,5.51,67.8,23.06,-47.55,21,290465.29,12.3076
1945,Camera,7.05,73.75,38.44,-55.92,11,316161.51,10.4632
1946,Speaker,1.05,42.14,41.71,-55.75,22,180539.57,40.0025
1947,Plug,13.85,26.83,36.61,-50.26,46,115753.32,1.9374
1948,Sensor,8.59,39.5,29.48,-63.17,43,172013.23,4.5975
1949,Sensor,15.0,84.65,38.58,-73.61,45,365609.15,5.6424
1950,Plug,14.16,36.69,47.66,-70.02,11,157827.26,2.5912
1951,Light,6.3,62.15,39.38,-54.92,60,267804.57,9.8702
1952,Plug,12.91,51.19,41.52,-67.76,60,221111.84,3.9647
1953,Light,13.61,84.19,36.69,-81.79,60,363602.26,6.1861
1954,Sensor,15.11,101.82,43.83,-55.91,1,439427.57,6.7399
1955,Camera,12.65,60.96,39.0,-38.53,31,265837.22,4.8199
1956,Speaker,15.91,37.54,42.52,-50.47,4,160717.02,2.3601
1957,Light,13.75,62.24,40.68,-54.98,31,269200.87,4.5272
1958,Camera,14.36,76.97,29.41,-63.45,27,333387.44,5.3595
1959,Camera,1.85,20.0,31.86,-69.36,4,84294.93,10.8119
1960,Plug,11.48,68.54,38.08,-52.74,48,294595.05,5.9682
1961,Light,11.3,64.13,44.51,-69.86,57,278530.49,5.6749
1962,Plug,14.89,59.44,65.28,-57.14,55,253932.03,3.9919
1963,Light,9.71,49.65,38.06,-75.01,36,213632.21,5.1116
1964,Camera,9.57,60.85,46.67,-83.58,6,261584.5,6.3584
1965,Plug,17.69,,32.79,-54.7,23,206929.32,2.6992
1966,Plug,9.99,29.45,33.98,-66.24,13,130228.11,2.9492
1967,Speaker,9.75,62.84,30.03,-57.1,37,272009.71,6.4465
1968,Camera,6.58,84.43,50.13,-41.27,17,364342.86,12.8325
1969,Camera,3.3,30.41,27.18,-46.27,60,129977.96,9.2181
1970,Camera,10.7,22.45,46.28,-69.23,48,96725.21,2.0984
1971,Speaker,5.97,49.96,44.55,-61.0,39,216217.71,8.3633
1972,Camera,15.97,50.46,44.33,-58.88,7,217428.07,3.1604
1973,Speaker,12.97,5.07,30.72,-60.39,16,22085.91,0.391
1974,Light,11.57,35.29,43.03,-53.39,43,151940.27,3.0488
1975,Speaker,8.44,97.16,39.32,-61.12,29,419724.36,11.5145
1976,Light,11.59,68.95,40.84,-64.13,44,295047.4,5.9499
1977,Speaker,13.45,46.8,41.87,-50.1,42,200785.57,3.4787
1978,Sensor,8.63,80.1,46.84,-61.24,42,345940.25,9.2769
1979,Plug,14.21,44.91,38.36,-49.91,17,192988.28,3.1594
1980,Speaker,14.17,63.84,34.96,-56.13,33,274353.29,4.5038
1981,Speaker,11.71,53.27,35.61,-55.52,59,230916.95,4.5491
1982,Plug,12.94,87.01,49.78,-56.79,6,376115.74,6.7217
1983,Camera,16.8,95.41,28.73,-64.11,34,411245.42,5.6809
1984,Plug,3.6,62.49,47.45,-58.0,32,271045.59,17.3747
1985,Sensor,13.59,45.07,33.18,-56.7,21,193658.58,3.3173
1986,Light,8.66,48.2,41.23,-60.7,60,207762.31,5.5655
1987,Plug,8.41,39.7,36.0,-90.0,11,170586.92,4.72
1988,Light,14.61,97.2,35.96,-72.5,19,418511.11,6.6524
1989,Plug,20.16,61.12,38.12,-47.73,54,265752.82,3.0323
1990,Light,13.85,77.26,30.23,-52.46,2,333218.17,5.5777
1991,Plug,10.92,55.2,33.56,-53.04,11,238158.4,5.0535
1992,Light,7.81,86.98,40.87,-69.15,50,375682.17,11.1381
1993,Sensor,13.66,48.73,40.73,-44.05,51,210285.68,3.5674
1994,Speaker,3.65,33.91,55.63,-86.19,27,146782.7,9.288
1995,Plug,12.7,64.37,31.76,-69.81,7,278716.68,5.0698
1996,Camera,7.4,55.6,41.32,-53.16,52,241849.13,7.5145
1997,Speaker,7.64,28.79,46.3,-61.66,49,123542.21,3.7676
1998,Sensor,5.51,123.08,29.72,-71.77,37,532032.01,22.3226
1999,Plug,13.38,35.87,15.6,-54.16,58,154607.9,2.6808
2000,Camera,12.5,60.58,38.44,-64.01,52,261461.31,4.848
2001,Plug,14.33,66.88,24.15,-73.41,34,288705.95,4.6663
2002,Camera,8.77,49.22,48.29,-55.14,19,213492.88,5.6093
2003,Plug,13.73,43.84,36.41,-79.96,35,189505.0,3.1923
2004,Light,19.9,77.9,33.26,-58.63,59,336680.42,3.915
2005,Camera,13.05,,33.48,-56.35,5,197316.15,3.4863
2006,Camera,14.76,69.63,43.73,-75.2,30,302506.61,4.7182
2007,Plug,10.27,87.78,42.43,-61.26,33,380416.04,8.549
2008,Sensor,8.92,63.71,43.23,-84.35,24,273873.34,7.1466
2009,Sensor,10.41,59.41,43.88,-72.8,2,255215.39,5.7084
2010,Sensor,12.16,46.94,51.28,-56.39,19,202069.99,3.8616
2011,Speaker,9.79,67.45,24.47,-54.9,22,291779.16,6.8868
2012,Light,9.31,62.16,37.24,-55.58,56,265371.38,6.6767
2013,Speaker,,6.3,44.1,-82.64,16,26446.66,0.423
2014,Camera,6.18,45.24,37.17,-33.92,22,193041.88,7.3214
2015,Speaker,7.95,25.23,27.47,-44.98,11,108806.46,3.1757
2016,Plug,11.54,51.07,23.67,-38.42,25,219262.55,4.4268
2017,Plug,7.32,75.22,39.85,-66.85,49,324169.1,10.2796
2018,Plug,12.61,21.36,23.87,-61.71,54,92132.66,1.6937
2019,Camera,17.5,56.57,41.43,-67.01,23,246168.45,3.2325
2020,Camera,11.11,73.78,33.05,-73.97,15,318772.95,6.64
2021,Plug,15.1,61.69,34.8,-57.04,17,266256.58,4.0854
2022,Speaker,10.87,57.42,28.72,-42.34,28,244332.05,5.2834
2023,Plug,13.22,59.93,57.09,-46.48,5,262138.54,4.5327
2024,Plug,11.24,87.51,47.94,-47.47,25,376155.66,7.7863
2025,Light,16.32,64.67,33.3,-48.89,41,282621.45,3.9614
2026,Light,11.91,63.95,45.55,-61.5,56,276905.29,5.37
2027,Plug,12.41,89.81,34.14,-75.61,27,388412.25,7.2388
2028,Light,5.39,56.87,46.63,-60.36,18,245975.96,10.5521
2029,Light,8.75,87.6,49.61,-36.87,46,378103.35,10.0117
2030,Plug,17.2,59.04,42.86,-54.7,23,257718.02,3.4322
2031,Light,8.66,70.64,36.46,-66.08,43,304542.25,8.1566
2032,Plug,19.27,51.23,16.92,-45.91,5,221384.12,2.659
2033,Light,3.8,42.94,31.06,-48.62,56,185240.32,11.2946
2034,Speaker,,44.09,53.12,-47.46,38,193182.15,2.1875
2035,Light,9.81,39.83,39.61,-60.4,7,171549.18,4.0595
2036,Light,5.23,40.08,33.3,-50.26,4,174015.9,7.6565
2037,Light,4.91,58.37,34.73,-66.68,20,252426.57,11.8794
2038,Sensor,13.5,68.13,36.7,-55.02,37,293390.4,5.0455
2039,Plug,18.4,110.63,34.37,-49.16,44,476531.22,6.0142
2040,Camera,11.23,68.57,34.5,-47.66,50,294273.77,6.1034
2041,Sensor,13.27,42.1,42.38,-45.51,18,182595.47,3.1734
2042,Light,6.13,58.91,36.04,-72.2,39,255718.3,9.6092
2043,Plug,15.78,49.12,34.64,-53.09,59,212252.02,3.1125
2044,Speaker,21.63,80.61,43.13,-70.53,45,350363.07,3.7264
2045,Camera,15.05,44.28,32.65,-62.95,4,190625.57,2.9425
2046,Camera,10.15,73.88,52.63,-49.07,51,320591.17,7.2807
2047,Sensor,13.2,45.15,40.12,-66.87,9,194256.69,3.4201
2048,Light,12.44,113.79,53.4,-77.05,37,492150.19,9.1505
2049,Light,11.36,72.5,34.35,-40.63,7,311313.43,6.3808
2050,Plug,9.3,30.77,43.65,-27.88,2,130677.06,3.3094
2051,Plug,15.13,45.13,44.92,-34.07,2,196092.09,2.9821
2052,Speaker,14.13,72.58,46.62,-52.68,36,313227.12,5.1362
2053,Light,12.7,73.9,42.42,-61.3,17,318034.06,5.817
2054,Speaker,16.59,69.44,28.75,-59.31,19,299713.85,4.1854
2055,Light,8.96,61.54,32.04,-41.41,44,264344.66,6.8681
2056,Plug,13.66,,47.86,-44.75,40,185631.37,3.1701
2057,Sensor,12.34,77.61,40.65,-61.76,52,334362.32,6.2897
2058,Light,20.12,25.49,52.34,-64.24,55,112165.89,1.2671
2059,Camera,9.88,65.41,63.67,-46.35,26,284770.0,6.6216
2060,Light,8.0,52.11,41.06,-50.91,34,223893.84,6.512
2061,Plug,10.86,52.3,51.59,-66.74,19,227879.33,4.8173
2062,Camera,11.09,45.13,31.49,-50.62,10,190646.03,4.0681
2063,Plug,16.06,83.4,41.14,-52.71,30,361717.5,5.1947
2064,Light,14.54,57.44,42.75,-63.56,58,250005.85,3.9509
2065,Plug,14.29,8.88,31.25,-76.03,43,38241.27,0.6217
2066,Camera,7.89,42.94,41.46,-77.35,49,186638.8,5.4428
2067,Plug,6.06,82.34,32.51,-47.33,51,355455.97,13.5771
2068,Plug,8.71,76.77,54.34,-27.4,35,332910.16,8.816
2069,Plug,13.23,68.38,38.62,-62.62,27,294324.81,5.1699
2070,Speaker,12.91,88.68,55.22,-63.49,23,385047.42,6.8706
2071,Light,10.13,12.68,27.84,-50.85,29,53801.96,1.2522
2072,Light,12.82,79.18,41.24,-34.35,54,341706.36,6.1782
2073,Light,7.51,53.39,26.55,-56.74,25,230050.85,7.1121
2074,Sensor,8.01,59.22,32.76,-73.51,49,257384.33,7.3934
2075,Light,11.9,34.64,34.04,-58.48,16,149865.82,2.9106
2076,Light,7.91,76.06,44.6,-53.22,45,326617.85,9.6184
2077,Light,10.48,12.63,40.17,-57.58,46,55040.27,1.2054
2078,Plug,16.5,55.61,43.17,-31.33,53,238224.88,3.3697
2079,Plug,11.55,64.34,43.77,-67.72,27,277817.25,5.5724
2080,Light,13.55,58.4,57.32,-60.86,11,253443.67,4.3088
2081,Sensor,6.91,62.83,34.63,-39.01,12,272126.63,9.0945
2082,Camera,11.11,48.28,47.6,-79.02,11,209117.11,4.3444
2083,Camera,11.84,70.21,37.88,-56.86,44,303229.5,5.9295
2084,Camera,4.66,44.07,39.17,-72.47,11,190685.97,9.4634
2085,Light,13.13,63.68,35.14,-90.0,37,274753.98,4.8511
2086,Plug,14.31,52.1,41.84,-45.54,59,223714.9,3.6397
2087,Light,17.97,19.89,41.95,-61.64,17,86164.84,1.1066
2088,Camera,6.95,24.97,50.93,-51.85,37,108840.22,3.593
2089,Speaker,7.8,60.65,49.16,-59.07,1,261547.62,7.7806
2090,Camera,10.14,28.21,23.87,-51.64,49,124083.98,2.7829
2091,Camera,9.83,45.95,45.67,-55.62,36,200625.08,4.6752
2092,Speaker,16.99,26.33,28.32,-66.07,48,114652.3,1.55
2093,Camera,20.79,64.83,36.54,-65.86,47,279434.73,3.118
2094,Speaker,8.65,62.79,39.25,-76.06,26,272855.28,7.2615
2095,Speaker,8.31,39.41,38.77,-48.61,41,171763.97,4.7437
2096,Camera,13.96,48.31,34.9,-59.74,59,208221.81,3.4605
2097,Sensor,12.47,28.16,44.44,-48.26,42,120667.94,2.2574
2098,Light,4.45,78.21,37.93,-39.72,34,339605.49,17.5754
2099,Plug,11.23,51.13,38.31,-72.18,19,222136.79,4.5517
2100,Plug,6.45,55.05,50.65,-49.1,48,240313.34,8.5378
2101,Camera,10.28,73.09,32.4,-58.55,31,316922.53,7.1131
2102,Plug,16.33,56.59,42.03,-59.57,58,245256.96,3.4649
2103,Plug,15.95,70.34,26.61,-70.47,13,304784.14,4.4093
2104,Speaker,13.19,14.93,33.88,-70.3,6,65390.58,1.1318
2105,Speaker,7.92,41.03,46.92,-50.1,38,173765.3,5.1804
2106,Camera,17.62,37.99,29.94,-51.58,56,160541.52,2.1559
2107,Camera,15.69,36.63,35.59,-47.47,19,156456.52,2.3347
2108,Plug,9.89,26.76,35.19,-64.87,54,116791.18,2.7065
2109,Light,5.2,9.52,30.31,-59.61,28,41697.71,1.8309
2110,Camera,14.47,52.81,40.06,-53.35,30,228155.08,3.6507
2111,Plug,,77.16,36.27,-53.65,44,334655.42,4.2169
2112,Plug,12.52,37.18,26.97,-48.96,26,160589.6,2.9707
2113,Sensor,10.58,63.21,50.62,-56.23,6,272795.76,5.9717
2114,Camera,15.42,39.27,48.6,-57.4,12,171174.96,2.5468
2115,Sensor,,41.27,26.11,-53.59,5,178744.22,2.0482
2116,Plug,8.68,49.49,41.98,-58.4,51,212914.76,5.7004
2117,Sensor,7.67,88.27,48.71,-63.88,38,380573.82,11.5128
2118,Camera,10.94,29.3,41.45,-68.83,7,124791.11,2.6792
2119,Plug,6.7,12.84,26.44,-59.77,19,55394.45,1.9167
2120,Plug,12.81,25.91,37.99,-65.91,13,110669.61,2.0232
2121,Sensor,8.59,40.74,37.83,-44.24,7,176176.0,4.7431
2122,Speaker,13.48,77.62,33.48,-25.88,45,332043.07,5.7569
2123,Light,18.12,58.61,37.53,-62.73,38,251550.66,3.2343
2124,Plug,15.7,48.9,35.32,-37.63,22,211944.13,3.114
2125,Light,14.34,55.45,40.12,-26.14,49,237792.64,3.8661
2126,Light,,83.86,58.13,-44.19,32,363554.0,7.4058
2127,Camera,10.69,101.21,38.0,-75.64,34,437667.37,9.4694
2128,Plug,6.68,61.96,33.31,-35.39,21,267469.77,9.2715
2129,Light,3.89,36.83,43.88,-62.97,27,159527.24,9.4785
2130,Light,17.16,78.11,46.92,-51.45,30,337889.59,4.5521
2131,Camera,10.09,45.81,37.75,-75.34,35,197051.74,4.5394
2132,Camera,14.95,55.77,51.42,-48.57,13,241488.53,3.7299
2133,Camera,16.91,11.88,42.91,-43.96,53,51699.68,0.7026
2134,Camera,17.9,68.4,35.6,-54.93,32,294569.62,3.8216
2135,Plug,12.68,90.73,28.57,-55.8,57,393641.93,7.1564
2136,Plug,10.84,68.52,26.94,-53.74,54,293514.55,6.3187
2137,Light,9.52,49.2,55.74,-48.95,6,216440.36,5.1665
2138,Light,13.16,45.25,49.09,-86.22,10,196429.52,3.4375
2139,Camera,17.83,73.81,39.34,-41.56,35,318422.69,4.1394
2140,Speaker,8.37,62.38,31.39,-70.51,37,268666.22,7.4532
2141,Plug,8.7,59.78,28.93,-59.55,28,258158.59,6.8685
2142,Sensor,19.59,83.29,39.48,-68.85,3,358494.53,4.2522
2143,Light,12.58,49.64,40.63,-50.64,3,215060.93,3.9464
2144,Camera,9.53,47.18,38.79,-60.58,6,202806.21,4.95
2145,Light,11.64,25.37,26.75,-38.38,31,111319.75,2.1792
2146,Light,15.06,50.94,37.04,-55.06,24,220203.84,3.3827
2147,Speaker,6.12,81.88,43.36,-53.95,47,353685.04,13.3899
2148,Light,9.63,50.62,29.13,-58.89,28,219316.8,5.2574
2149,Speaker,15.37,5.88,35.39,-65.2,32,26244.08,0.3827
2150,Light,7.36,73.18,43.23,-63.38,55,316701.1,9.9383
2151,Light,15.66,90.45,53.55,-71.01,14,391157.42,5.7743
2152,Speaker,9.34,75.29,49.83,-63.57,54,324844.28,8.0642
2153,Light,12.94,35.21,46.72,-33.85,35,151874.05,2.7209
2154,Camera,13.65,39.09,35.06,-81.11,29,167506.75,2.8632
2155,Light,13.68,42.34,36.49,-87.35,46,179587.72,3.0955
2156,Speaker,3.46,40.1,40.85,-58.54,22,174861.91,11.5911
2157,Light,8.17,62.37,59.39,-53.74,30,266689.04,7.6333
2158,Light,16.79,69.92,45.96,-68.94,1,304738.8,4.1631
2159,Speaker,9.34,80.24,30.63,-55.44,59,347289.6,8.5928
2160,Camera,7.03,36.23,33.08,-49.8,56,158358.08,5.1522
2161,Speaker,6.01,55.84,34.09,-48.84,17,243132.77,9.2869
2162,Camera,5.64,,44.62,-61.56,22,249436.34,10.2889
2163,Plug,17.08,34.55,28.66,-50.68,26,148875.9,2.0226
2164,Speaker,18.56,67.32,22.73,-69.67,4,290189.0,3.6272
2165,Plug,4.61,60.25,42.89,-65.9,22,262217.76,13.0767
2166,Sensor,14.97,76.93,49.86,-46.58,43,330656.96,5.1375
2167,Plug,8.05,74.29,52.24,-59.13,4,324203.22,9.2279
2168,Plug,13.17,56.0,40.31,-49.64,34,241765.29,4.2535
2169,Sensor,14.01,57.63,45.51,-64.86,9,249598.13,4.113
2170,Speaker,10.69,30.44,33.62,-49.0,36,130298.28,2.8481
2171,Plug,4.88,78.02,42.9,-54.81,40,336255.52,15.9783
2172,Light,21.49,62.68,44.44,-59.87,44,267511.42,2.917
2173,Camera,18.33,50.72,38.79,-74.06,42,218254.34,2.767
2174,Light,10.17,92.78,28.39,-75.55,23,401087.76,9.1239
2175,Light,6.36,36.16,24.98,-57.19,28,154559.33,5.6887
2176,Speaker,18.96,88.98,35.59,-54.23,6,385788.69,4.6924
2177,Camera,6.67,33.83,28.22,-48.76,58,144079.86,5.0686
2178,Sensor,17.53,57.02,30.68,-60.5,21,245161.2,3.252
2179,Light,15.42,68.38,22.44,-46.99,59,297428.59,4.4343
2180,Light,6.79,29.06,35.3,-49.34,28,127233.37,4.2798
2181,Camera,9.68,45.56,39.19,-57.66,26,196431.06,4.7046
2182,Sensor,13.97,58.38,36.86,-62.43,27,251801.27,4.1796
2183,Light,9.91,10.81,31.51,-64.37,4,49705.09,1.0903
2184,Camera,5.52,46.83,48.09,-52.04,29,202609.21,8.4779
2185,Plug,2.39,5.0,44.6,-69.67,48,19814.36,2.0916
2186,Sensor,5.33,63.1,45.41,-66.52,2,271871.1,11.8432
2187,Sensor,14.41,59.74,57.17,-60.36,9,258899.72,4.1446
2188,Light,9.47,77.82,44.28,-75.86,58,334245.79,8.2198
2189,Camera,10.09,5.0,39.0,-59.15,8,22239.97,0.4953
2190,Light,17.42,43.52,24.54,-65.78,4,190808.31,2.498
2191,Light,15.06,47.81,45.86,-59.44,54,206527.38,3.1741
2192,Speaker,12.87,7.52,51.03,-49.95,4,32177.77,0.5843
2193,Plug,6.24,67.59,43.9,-54.92,30,291951.78,10.833
2194,Plug,9.3,15.1,30.19,-74.52,32,65845.76,1.6241
2195,Camera,7.64,34.42,18.81,-57.98,50,150937.98,4.5037
2196,Sensor,5.1,54.74,44.91,-40.85,11,234574.99,10.7335
2197,Speaker,12.31,54.78,38.07,-47.09,39,235089.17,4.4509
2198,Camera,13.17,56.53,38.48,-60.72,30,245483.81,4.2914
2199,Sensor,11.25,50.54,31.87,-72.08,13,218582.12,4.494
2200,Light,12.54,50.03,29.32,-38.54,8,216211.47,3.9908
2201,Speaker,14.8,48.01,38.88,-50.79,15,206889.33,3.2433
2202,Sensor,15.63,53.9,44.01,-41.86,29,233305.72,3.448
2203,Plug,12.57,81.09,48.33,-61.2,48,348916.62,6.4514
2204,Plug,14.8,58.58,42.09,-63.0,3,254643.1,3.9572
2205,Plug,7.45,64.98,11.97,-75.41,4,281897.24,8.7171
2206,Camera,12.33,28.94,36.95,-54.2,43,126595.94,2.3475
2207,Speaker,11.07,90.26,49.13,-68.21,54,390697.46,8.151
2208,Light,10.67,54.57,34.61,-56.18,26,234604.1,5.1155
2209,Camera,12.21,41.91,42.28,-52.02,44,180159.63,3.4324
2210,Speaker,13.55,58.1,37.99,-45.96,29,249534.29,4.2876
2211,Plug,13.92,62.59,21.21,-68.69,57,272183.85,4.4959
2212,Sensor,15.75,45.59,36.84,-61.96,7,197670.58,2.8953
2213,Speaker,10.23,39.84,41.68,-72.51,53,171618.01,3.8944
2214,Sensor,17.24,43.95,34.16,-67.3,9,189967.38,2.549
2215,Light,7.15,53.44,38.41,-64.73,58,231030.33,7.4775
2216,Plug,11.82,100.7,33.61,-45.12,15,438742.43,8.5201
2217,Light,6.41,46.61,52.4,-60.19,34,201082.78,7.2747
2218,Light,16.43,63.76,27.24,-62.99,59,275857.47,3.8817
2219,Light,18.34,42.91,37.89,-69.93,29,184526.52,2.339
2220,Camera,11.45,78.2,45.86,-55.18,31,338874.02,6.8289
2221,Light,9.15,42.25,44.9,-58.12,46,185298.9,4.6184
2222,Camera,6.86,,31.56,-48.24,11,440039.18,14.8438
2223,Camera,12.13,67.5,35.75,-57.11,28,291554.24,5.5667
2224,Camera,10.83,45.25,28.31,-66.83,32,193645.5,4.1784
2225,Speaker,15.99,54.01,26.97,-52.97,13,234677.26,3.378
2226,Plug,18.31,56.88,27.9,-64.46,52,244453.18,3.1064
2227,Light,14.01,51.87,27.55,-59.53,50,225393.98,3.7031
2228,Camera,13.04,81.28,42.98,-67.93,39,350256.22,6.2317
2229,Plug,14.65,37.14,38.05,-59.69,54,160530.5,2.5348
2230,Plug,14.76,51.61,55.48,-54.1,27,223137.49,3.4964
2231,Light,15.74,46.02,40.41,-49.21,56,199937.79,2.924
2232,Camera,17.59,60.77,44.02,-61.68,28,260407.8,3.4537
2233,Speaker,10.67,,36.87,-70.35,7,82384.19,1.6897
2234,Speaker,9.52,48.63,41.2,-44.62,56,210688.11,5.111
2235,Light,8.96,,19.66,-50.65,40,149828.8,3.8959
2236,Plug,16.81,40.57,35.02,-60.64,26,177128.71,2.4134
2237,Light,14.77,74.57,36.69,-51.75,43,324614.29,5.0499
2238,Plug,20.58,43.02,32.33,-59.09,5,185011.24,2.0909
2239,Camera,11.07,75.39,40.81,-54.76,56,327405.04,6.8075
2240,Sensor,10.29,75.26,43.42,-90.0,46,325300.89,7.3129
2241,Plug,14.55,50.65,39.39,-46.6,60,219727.0,3.4799
2242,Speaker,15.28,32.62,37.12,-54.61,43,141432.1,2.1356
2243,Sensor,14.86,69.46,39.8,-65.15,35,302329.46,4.6755
2244,Plug,15.11,45.55,46.3,-62.86,55,197257.09,3.0133
2245,Sensor,9.12,79.61,36.84,-61.47,54,343385.76,8.7293
2246,Light,14.32,110.77,45.61,-68.5,4,479571.1,7.7369
2247,Plug,12.57,57.35,41.61,-56.87,40,250641.8,4.5608
2248,Sensor,18.26,57.23,41.05,-38.7,16,246219.32,3.1336
2249,Sensor,6.66,63.91,39.62,-49.74,18,274263.47,9.5958
2250,Plug,8.96,67.28,50.91,-67.5,31,289093.91,7.5099
2251,Plug,16.66,110.56,43.95,-30.46,37,479372.29,6.6353
2252,Light,,47.21,30.41,-70.12,52,203760.01,3.3986
2253,Plug,18.82,42.53,27.1,-72.93,19,182246.67,2.2596
2254,Speaker,11.04,70.23,36.3,-55.21,10,302840.71,6.3636
2255,Light,15.35,35.78,43.42,-56.01,59,154901.19,2.3306
2256,Speaker,7.07,48.52,32.13,-49.23,42,209282.62,6.8666
2257,Light,11.3,72.63,45.94,-71.6,60,313597.04,6.4246
2258,Speaker,18.32,89.25,41.89,-50.03,34,385247.31,4.8719
2259,Light,18.35,119.59,33.1,-60.07,5,516195.52,6.5164
2260,Speaker,11.48,7.54,27.34,-63.61,4,31705.67,0.6564
2261,Plug,7.82,52.41,49.4,-47.41,15,224968.14,6.6998
2262,Light,12.84,61.08,40.19,-52.1,60,264304.29,4.7581
2263,Camera,13.95,36.51,26.86,-63.12,30,158133.61,2.6182
2264,Plug,18.1,74.1,32.27,-44.2,3,321735.72,4.0938
2265,Sensor,16.93,78.27,37.13,-59.34,48,336670.13,4.6218
2266,Sensor,2.19,61.2,58.37,-66.49,20,264561.23,27.9547
2267,Plug,11.47,89.81,54.4,-51.43,60,385909.03,7.8287
2268,Speaker,16.24,89.72,27.51,-60.18,36,387592.74,5.5232
2269,Camera,10.31,26.18,42.19,-57.72,48,111314.12,2.5385
2270,Camera,12.45,82.26,29.81,-58.28,50,353136.28,6.6076
2271,Speaker,14.19,65.15,50.38,-49.58,8,281251.99,4.5903
2272,Plug,17.89,47.34,43.53,-61.16,34,202988.8,2.6463
2273,Light,11.75,44.57,25.81,-60.42,55,191592.85,3.7941
2274,Camera,18.22,67.09,31.11,-67.88,21,292451.48,3.6816
2275,Plug,10.47,40.52,37.25,-41.25,36,173385.27,3.869
2276,Plug,17.64,20.26,33.34,-56.92,14,89726.72,1.1484
2277,Light,11.58,44.86,41.82,-41.73,52,192104.48,3.8737
2278,Speaker,10.75,53.03,23.82,-48.66,20,228495.31,4.9335
2279,Light,13.56,48.51,45.47,-62.66,9,210955.87,3.5782
2280,Light,13.44,42.75,27.42,-57.63,3,183263.82,3.1818
2281,Sensor,11.93,28.32,21.23,-63.12,3,120955.4,2.3739
2282,Speaker,11.19,51.31,37.84,-49.63,17,222219.31,4.5861
2283,Speaker,10.12,67.03,50.62,-65.43,12,289610.36,6.6252
2284,Camera,14.55,72.25,38.86,-62.19,49,314152.52,4.9664
2285,Camera,10.94,94.0,46.47,-60.97,50,407500.11,8.5914
2286,Speaker,12.51,69.01,29.65,-71.14,50,298457.6,5.5151
2287,Sensor,12.06,43.4,38.5,-55.46,42,187207.33,3.5984
2288,Sensor,18.91,75.35,38.86,-73.13,46,324481.25,3.9854
2289,Camera,14.99,44.75,32.62,-67.73,17,192152.28,2.9841
2290,Light,11.93,38.63,39.92,-43.41,11,165867.14,3.2384
2291,Speaker,8.3,,38.02,-68.31,60,349125.09,9.6904
2292,Speaker,13.11,50.43,43.24,-46.75,38,217687.11,3.845
2293,Plug,9.73,36.44,26.32,-65.47,25,155971.49,3.7432
2294,Camera,10.96,73.09,37.88,-55.18,9,312281.83,6.6717
2295,Speaker,13.16,5.0,20.7,-64.82,15,22954.13,0.3798
2296,Light,13.25,51.36,35.61,-62.92,30,224474.68,3.8757
2297,Sensor,9.85,58.64,35.19,-66.29,35,250506.72,5.9525
2298,Camera,16.82,49.42,30.85,-62.25,38,212679.37,2.9381
2299,Camera,6.04,57.18,39.45,-78.29,20,247069.76,9.47
2300,Speaker,15.72,84.14,31.92,-43.87,27,366022.57,5.3538
2301,Sensor,15.62,38.98,30.27,-75.23,52,168539.31,2.4957
2302,Plug,18.63,53.41,27.85,-42.23,57,229400.86,2.8676
2303,Camera,14.42,63.37,27.51,-65.41,10,272495.86,4.3938
2304,Light,11.07,65.34,46.32,-61.31,6,283669.67,5.9013
2305,Sensor,13.77,60.42,26.57,-58.97,60,260823.57,4.389
2306,Plug,12.33,77.66,37.97,-54.86,42,336441.67,6.2975
2307,Plug,12.69,59.78,45.42,-62.91,28,257420.84,4.7096
2308,Sensor,12.79,48.59,39.68,-51.2,30,208032.43,3.7986
2309,Speaker,7.63,68.51,23.09,-60.49,49,294094.49,8.9832
2310,Speaker,15.51,96.81,28.74,-66.02,52,420333.03,6.2418
2311,Light,6.82,45.44,27.25,-51.52,46,193376.49,6.6601
2312,Plug,5.83,53.54,33.82,-57.95,25,230992.65,9.1818
2313,Camera,3.66,59.93,41.73,-57.08,42,261454.65,16.3688
2314,Camera,6.75,31.68,32.25,-50.09,20,136111.5,4.6949
2315,Light,8.21,57.22,28.16,-65.41,46,244181.28,6.9695
2316,Plug,9.71,5.0,40.66,-37.18,43,24049.14,0.5148
2317,Plug,9.74,55.82,33.74,-54.04,4,244571.78,5.7335
2318,Light,15.56,69.5,44.71,-52.12,58,299755.56,4.4651
2319,Speaker,15.66,37.92,42.58,-51.44,33,161650.49,2.4214
2320,Plug,7.56,78.66,39.94,-57.7,56,339088.82,10.4052
2321,Plug,,56.73,39.51,-70.77,42,245503.52,3.8616
2322,Light,9.25,68.62,29.38,-57.43,1,296768.51,7.4186
2323,Light,16.57,65.53,34.95,-55.08,59,283495.24,3.954
2324,Plug,9.37,26.41,44.4,-62.29,44,114630.75,2.8202
2325,Camera,10.47,75.17,52.4,-43.52,44,323468.72,7.1818
2326,Light,8.39,48.6,36.55,-77.75,3,212998.04,5.7938
2327,Speaker,12.56,36.33,53.73,-64.81,54,158931.74,2.8927
2328,Camera,7.61,72.8,27.87,-50.43,27,314643.03,9.5637
2329,Light,12.03,27.51,28.4,-69.89,3,118582.04,2.2871
2330,Plug,17.24,45.13,47.7,-40.48,50,195701.71,2.6181
2331,Camera,17.14,58.93,41.3,-65.56,18,253289.57,3.4388
2332,Sensor,13.72,31.71,38.37,-52.78,47,136580.38,2.3111
2333,Plug,12.41,74.87,35.07,-65.34,44,324972.81,6.0329
2334,Light,7.91,,43.69,-25.0,13,270443.12,7.8935
2335,Light,11.66,79.1,24.92,-69.09,54,341228.77,6.7828
2336,Plug,17.02,36.14,52.62,-52.69,20,155319.03,2.1234
2337,Light,11.98,12.59,36.56,-68.5,18,52403.2,1.0507
2338,Camera,10.03,,45.77,-49.65,27,201082.29,4.5897
2339,Plug,10.06,85.66,32.73,-48.54,59,371426.01,8.5179
2340,Light,12.88,43.33,32.84,-59.91,34,186420.78,3.3643
2341,Sensor,13.49,35.43,40.85,-43.68,21,153354.47,2.6267
2342,Speaker,15.62,64.24,40.33,-52.42,15,275942.12,4.1118
2343,Plug,5.61,48.24,22.22,-58.2,6,208172.01,8.5949
2344,Sensor,12.83,49.67,53.7,-69.16,30,213573.69,3.8716
2345,Plug,11.96,71.02,49.77,-49.05,11,308416.74,5.9377
2346,Sensor,15.94,51.62,43.68,-48.3,39,221667.77,3.2394
2347,Camera,8.24,66.78,38.64,-44.54,19,287464.28,8.1016
2348,Light,13.73,87.63,30.84,-54.94,17,380114.42,6.3813
2349,Camera,10.19,47.45,53.91,-57.69,58,203224.55,4.6587
2350,Sensor,10.9,38.3,42.71,-47.14,4,166145.09,3.5126
2351,Light,10.26,13.02,44.23,-62.02,5,54879.89,1.2685
2352,Light,10.11,33.07,34.27,-49.73,55,143181.3,3.2716
2353,Plug,13.45,,44.72,-50.63,16,333446.48,5.7351
2354,Plug,8.64,15.02,34.48,-64.44,43,63293.33,1.738
2355,Camera,5.02,45.7,38.75,-74.66,57,197136.78,9.1089
2356,Camera,11.81,40.56,44.81,-61.32,6,176317.63,3.4338
2357,Light,14.4,58.32,30.71,-58.11,35,254385.46,4.0511
2358,Light,7.28,68.52,33.78,-65.89,6,295817.78,9.416
2359,Light,6.57,32.66,38.95,-59.69,44,140983.34,4.9707
2360,Plug,11.9,98.27,56.38,-76.15,56,423018.84,8.2565
2361,Sensor,12.59,32.5,35.39,-44.66,52,139668.07,2.581
2362,Camera,13.7,43.19,43.36,-54.87,27,184592.74,3.1518
2363,Light,19.32,50.4,35.77,-62.74,25,216889.22,2.6092
2364,Speaker,12.41,57.15,33.61,-73.25,30,245809.28,4.6042
2365,Plug,16.34,41.96,27.4,-66.14,39,180994.55,2.5685
2366,Plug,12.36,,36.92,-64.0,26,388722.54,7.2269
2367,Plug,14.0,45.34,38.77,-52.16,21,196329.62,3.2386
2368,Speaker,13.97,47.51,43.49,-68.06,54,206934.14,3.4018
2369,Speaker,16.27,25.67,47.33,-48.74,55,111703.91,1.5774
2370,Speaker,6.88,59.11,38.05,-57.34,2,255060.55,8.5897
2371,Camera,8.17,51.14,43.15,-58.45,31,223722.61,6.2563
2372,Plug,8.74,65.88,45.44,-58.6,15,284387.72,7.5354
2373,Plug,8.37,94.29,29.07,-37.99,33,408509.79,11.265
2374,Speaker,10.28,34.57,41.1,-81.88,47,149617.25,3.3642
2375,Sensor,15.66,55.73,19.89,-54.18,28,242133.98,3.5584
2376,Light,10.7,50.35,31.16,-67.71,25,219991.66,4.707
2377,Light,10.62,50.52,55.28,-69.46,44,219001.72,4.7562
2378,Sensor,15.75,66.32,36.95,-25.0,25,286919.06,4.2105
2379,Sensor,7.52,45.87,49.46,-61.7,42,199623.08,6.1035
2380,Plug,,63.17,48.54,-60.04,54,272517.93,13.066
2381,Light,11.07,54.89,41.7,-67.11,46,238307.5,4.96
2382,Speaker,4.26,87.6,39.08,-63.7,59,377450.2,20.5798
2383,Sensor,5.66,46.53,48.28,-62.09,38,201100.98,8.2201
2384,Speaker,15.71,82.84,49.77,-50.72,46,357825.29,5.2728
2385,Camera,11.94,40.82,45.25,-49.29,11,176947.67,3.4185
2386,Light,10.3,72.24,28.74,-26.24,58,314420.96,7.0105
2387,Light,14.81,52.31,47.64,-61.83,54,224268.58,3.5316
2388,Camera,12.3,30.31,39.35,-72.92,11,129090.37,2.464
2389,Plug,14.39,51.1,54.36,-65.91,31,222393.35,3.5522
2390,Speaker,11.46,45.84,41.14,-66.82,15,197703.0,4.0
2391,Speaker,8.49,40.57,48.62,-45.15,16,176484.51,4.7774
2392,Camera,15.26,63.16,42.65,-59.68,43,271359.48,4.1382
2393,Sensor,11.71,48.3,39.97,-39.88,27,207130.61,4.1241
2394,Light,12.77,50.23,50.18,-48.5,4,218401.47,3.9322
2395,Plug,10.95,47.47,49.64,-51.26,14,205586.36,4.3336
2396,Plug,17.09,32.27,34.17,-75.68,22,139868.93,1.8885
2397,Plug,7.13,23.34,48.5,-70.21,38,103791.44,3.275
2398,Light,8.38,48.91,46.19,-60.64,58,213211.42,5.8379
2399,Speaker,9.61,35.31,47.26,-42.39,58,153616.8,3.6751
2400,Speaker,5.4,70.58,37.7,-60.89,49,304329.96,13.0727
2401,Plug,9.21,57.61,24.28,-42.13,58,249034.16,6.2532
2402,Light,10.25,50.06,38.15,-46.5,29,217279.8,4.8823
2403,Light,8.63,59.26,43.65,-58.53,53,255541.6,6.8692
2404,Camera,13.5,12.22,43.73,-60.0,4,53642.47,0.9057
2405,Light,17.48,47.32,37.0,-49.85,31,204643.48,2.7072
2406,Light,11.59,45.74,32.91,-65.49,5,198313.22,3.9464
2407,Plug,15.6,58.95,58.08,-40.15,37,254622.76,3.7798
2408,Plug,1.0,62.67,49.62,-48.99,26,271126.1,62.6692
2409,Plug,11.16,48.3,31.9,-59.39,22,209479.48,4.3278
2410,Light,13.11,30.48,33.27,-57.17,16,129343.86,2.3245
2411,Plug,12.52,76.13,19.81,-60.68,38,329047.91,6.0815
2412,Light,11.82,29.63,35.03,-55.59,31,127072.36,2.507
2413,Speaker,13.0,60.01,42.37,-47.71,29,257760.39,4.6157
2414,Speaker,20.22,55.95,40.5,-46.22,8,241067.16,2.7668
2415,Plug,13.62,31.72,33.93,-60.49,35,136751.08,2.3289
2416,Speaker,11.41,69.55,54.36,-74.77,56,302037.47,6.0979
2417,Sensor,4.62,68.6,46.33,-39.26,57,295452.59,14.8408
2418,Plug,14.09,64.53,50.45,-46.28,31,279376.54,4.5806
2419,Light,14.34,88.32,33.89,-67.87,49,378792.82,6.1591
2420,Camera,15.6,93.16,50.5,-63.22,8,400034.13,5.971
2421,Plug,14.46,72.8,48.63,-42.07,19,313102.5,5.0355
2422,Light,13.01,54.5,18.37,-48.37,14,236328.72,4.189
2423,Plug,11.94,67.75,14.29,-71.33,45,292597.17,5.6746
2424,Camera,9.15,88.12,37.14,-69.6,56,381616.32,9.6305
2425,Light,19.6,37.99,41.3,-52.97,20,164508.78,1.9386
2426,Light,20.91,55.97,26.9,-42.48,3,243800.72,2.6769
2427,Light,15.57,17.91,40.22,-57.54,17,77214.8,1.1503
2428,Light,6.24,30.32,41.72,-47.53,32,132890.24,4.8575
2429,Camera,12.46,40.66,24.77,-66.85,15,176669.39,3.2631
2430,Plug,7.39,77.83,34.51,-51.14,53,335522.4,10.5351
2431,Camera,11.63,51.71,37.97,-80.68,59,224125.23,4.4452
2432,Camera,6.82,31.99,37.37,-57.48,35,139430.52,4.6939
2433,Camera,15.11,,43.98,-72.7,32,226891.38,3.5287
2434,Light,11.31,70.45,36.24,-61.8,45,302661.13,6.2272
2435,Camera,10.05,62.19,32.52,-69.46,6,269697.61,6.1859
2436,Plug,9.83,,55.7,-44.55,4,426582.36,10.0386
2437,Plug,15.61,37.87,39.26,-49.43,34,165133.24,2.4263
2438,Camera,3.03,74.9,38.55,-42.26,5,323409.35,24.7527
2439,Plug,10.83,70.05,41.08,-48.6,50,298458.27,6.4657
2440,Sensor,4.6,53.99,52.22,-81.18,32,231208.87,11.7283
2441,Light,8.96,55.87,28.76,-38.23,48,239101.48,6.2375
2442,Plug,9.82,66.18,31.06,-45.91,56,287868.93,6.7381
2443,Light,21.18,67.32,45.97,-74.02,57,289348.64,3.1791
2444,Camera,,54.8,50.73,-57.69,33,236128.7,4.2951
2445,Camera,17.45,68.7,36.26,-48.61,51,297046.51,3.9376
2446,Sensor,10.31,47.78,26.28,-61.93,41,207426.68,4.6338
2447,Light,13.69,41.17,47.52,-68.74,32,179721.07,3.0071
2448,Light,9.02,50.91,28.71,-51.3,40,220157.4,5.6431
2449,Sensor,6.89,23.26,45.5,-75.14,42,100702.38,3.3772
2450,Speaker,15.95,49.15,35.82,-33.1,21,210825.19,3.0814
2451,Plug,17.28,83.85,44.22,-58.87,37,361642.0,4.8529
2452,Plug,16.37,87.53,37.79,-79.15,44,379116.08,5.3487
2453,Camera,17.07,5.0,53.28,-60.76,45,21231.72,0.2929
2454,Light,9.24,35.23,37.88,-45.57,18,152746.25,3.8135
2455,Light,13.99,69.31,53.59,-51.07,6,300587.49,4.9552
2456,Light,9.06,54.28,41.81,-49.66,54,233242.73,5.9908
2457,Sensor,15.05,75.21,41.52,-60.18,19,325083.4,4.9968
2458,Sensor,13.75,35.89,51.06,-75.78,55,154988.39,2.6108
2459,Plug,15.93,64.96,28.88,-41.44,50,280178.41,4.0782
2460,Light,14.94,39.51,29.66,-40.32,6,172026.11,2.6453
2461,Plug,12.27,50.9,29.65,-41.33,46,219472.25,4.1479
2462,Plug,9.98,45.1,41.44,-60.47,23,195732.74,4.521
2463,Speaker,13.44,55.78,45.25,-36.53,38,239465.16,4.1493
2464,Plug,8.13,33.51,43.28,-58.21,43,140849.66,4.1203
2465,Camera,11.57,38.63,45.25,-81.75,7,164392.48,3.3393
2466,Camera,14.54,55.21,42.47,-59.3,43,238876.5,3.7971
2467,Light,11.99,,36.07,-56.71,20,210132.49,4.0571
2468,Light,12.86,56.15,49.39,-47.31,54,244841.06,4.3654
2469,Sensor,16.48,34.42,30.62,-33.92,55,147560.46,2.089
2470,Light,14.11,32.39,44.32,-44.54,55,140700.24,2.2951
2471,Light,10.42,59.15,23.56,-50.73,53,256015.73,5.677
2472,Plug,10.47,55.27,23.61,-77.35,43,239415.22,5.2762
2473,Light,10.89,68.53,34.87,-38.52,6,296496.61,6.2919
2474,Plug,10.48,5.0,51.89,-25.0,3,18928.07,0.4769
2475,Plug,13.99,27.22,43.71,-38.12,40,119027.79,1.9451
2476,Plug,17.35,58.1,53.99,-54.97,33,251013.62,3.3483
2477,Plug,13.2,32.15,26.0,-64.7,29,137587.51,2.4358
2478,Camera,10.66,78.45,43.71,-59.33,38,339898.6,7.3598
2479,Camera,13.17,22.14,44.0,-54.85,7,96506.59,1.6811
2480,Light,4.04,28.07,43.74,-63.46,22,119706.94,6.9445
2481,Light,8.82,52.45,45.49,-62.52,13,227280.44,5.944
2482,Speaker,8.66,43.74,38.43,-77.37,55,187890.01,5.0533
2483,Camera,16.66,63.92,33.92,-72.52,47,278570.11,3.838
2484,Camera,2.24,112.43,40.41,-52.5,13,485072.62,50.1243
2485,Plug,17.71,46.01,35.26,-51.79,9,198004.81,2.5977
2486,Plug,14.9,77.8,44.42,-63.91,26,332864.95,5.2223
2487,Light,11.67,65.19,41.86,-65.59,4,279884.87,5.5849
2488,Speaker,14.04,8.15,38.72,-68.0,14,36132.03,0.5805
2489,Camera,6.55,19.24,44.96,-83.18,55,82640.79,2.9358
2490,Camera,9.95,59.25,26.8,-66.26,42,255857.0,5.9556
2491,Light,12.68,41.96,34.17,-67.75,51,180395.1,3.3083
2492,Plug,9.5,45.25,43.33,-68.54,24,194244.02,4.7636
2493,Light,8.42,59.55,32.83,-58.05,58,255386.43,7.0735
2494,Plug,11.26,76.93,48.83,-56.58,26,332715.66,6.83
2495,Sensor,12.66,51.35,33.28,-56.64,10,223326.17,4.0575
2496,Speaker,18.66,54.09,41.34,-73.17,49,234528.47,2.8995
2497,Sensor,9.65,60.92,43.13,-47.18,54,263417.13,6.3156
2498,Speaker,11.02,92.8,28.8,-61.38,38,402064.8,8.4198
2499,Plug,9.51,29.37,27.69,-48.66,12,126258.38,3.087
2500,Light,17.79,55.64,45.98,-53.3,41,240197.49,3.1278
2501,Sensor,14.78,82.64,38.51,-71.96,51,359114.87,5.5896
2502,Plug,8.66,85.05,32.92,-32.49,28,366675.32,9.8251
2503,Speaker,13.76,41.79,22.21,-85.7,59,180053.38,3.0366
2504,Camera,16.68,31.75,31.82,-65.51,2,136344.37,1.9043
2505,Plug,18.21,41.37,40.83,-56.1,49,179605.67,2.2723
2506,Camera,13.31,68.37,47.74,-45.49,17,296778.61,5.1357
2507,Plug,10.84,107.46,55.15,-57.35,3,465319.61,9.9141
2508,Plug,14.06,17.39,36.23,-48.12,1,76407.26,1.2365
2509,Speaker,7.41,47.56,36.86,-60.88,41,204118.25,6.4218
2510,Plug,8.21,48.34,50.72,-49.05,5,210124.91,5.8889
2511,Camera,12.79,37.85,25.97,-54.68,35,162606.14,2.9593
2512,Camera,18.09,61.87,29.46,-63.17,10,265236.03,3.4197
2513,Plug,9.81,22.28,42.43,-67.41,57,96930.07,2.2713
2514,Sensor,14.11,32.58,49.71,-43.01,29,140598.71,2.3095
2515,Camera,5.39,109.27,33.07,-54.06,43,472002.7,20.2841
2516,Plug,12.2,81.04,24.1,-64.57,55,350655.54,6.6441
2517,Speaker,12.68,99.67,31.38,-69.85,3,432493.93,7.8626
2518,Sensor,10.67,91.54,30.06,-59.26,12,395108.71,8.5799
2519,Camera,11.26,42.35,44.65,-70.55,34,180845.92,3.7599
2520,Speaker,8.96,19.31,34.41,-71.6,5,82808.99,2.1545
2521,Light,11.81,55.48,37.52,-48.14,55,241009.78,4.6961
2522,Light,15.62,67.02,32.51,-67.07,56,290714.27,4.2917
2523,Light,3.97,19.19,29.34,-77.03,32,81396.73,4.8381
2524,Camera,9.75,69.94,42.7,-78.76,52,303163.23,7.1702
2525,Light,13.84,42.41,42.21,-70.89,4,184511.88,3.0634
2526,Speaker,7.73,42.11,32.08,-87.28,51,183262.92,5.4475
2527,Speaker,5.08,63.79,45.69,-65.21,11,277218.98,12.5618
2528,Camera,13.72,24.64,26.94,-59.25,3,105876.3,1.7961
2529,Camera,23.98,55.73,30.73,-50.1,17,241029.68,2.3241
2530,Plug,9.19,66.28,37.38,-63.92,33,286839.69,7.2155
2531,Speaker,7.98,39.41,36.57,-60.05,8,169304.81,4.9393
2532,Plug,9.09,61.45,17.22,-62.09,2,264343.05,6.7584
2533,Light,10.2,42.4,23.63,-64.31,55,183569.1,4.1592
2534,Camera,15.6,73.38,27.82,-69.02,54,317669.88,4.7027
2535,Plug,7.64,75.59,43.32,-52.03,45,328262.43,9.8943
2536,Plug,,63.58,49.46,-62.41,2,274305.86,3.424
2537,Camera,11.41,66.73,18.39,-58.03,19,291239.47,5.847
2538,Camera,10.58,77.8,38.2,-59.57,4,333761.24,7.3511
2539,Camera,15.3,69.87,28.23,-25.86,48,300894.73,4.5673
2540,Speaker,13.44,66.19,30.88,-35.77,55,287116.04,4.9238
2541,Light,12.78,,44.15,-43.69,54,347844.61,6.3242
2542,Camera,6.75,99.07,26.61,-63.13,23,427720.54,14.6687
2543,Plug,10.38,,57.61,-67.62,42,349489.04,7.8052
2544,Speaker,13.62,51.07,37.57,-63.21,23,220208.57,3.7496
2545,Light,13.17,76.61,39.07,-48.25,33,329071.52,5.8163
2546,Camera,6.06,48.24,39.88,-64.36,49,210237.6,7.9663
2547,Light,10.87,36.96,31.73,-46.82,42,161516.05,3.3993
2548,Camera,11.92,92.59,39.0,-66.0,37,399739.78,7.7662
2549,Speaker,21.99,14.95,29.55,-37.15,38,65958.72,0.6798
2550,Speaker,14.06,29.14,40.25,-48.39,53,124855.82,2.0726
2551,Camera,13.99,77.8,41.6,-62.93,34,334440.78,5.5603
2552,Plug,14.87,51.48,44.03,-57.7,25,222310.11,3.4628
2553,Plug,11.35,41.22,43.2,-61.1,8,177530.95,3.6322
2554,Light,13.82,33.45,28.05,-46.2,23,144872.48,2.42
2555,Speaker,8.25,11.13,44.81,-71.91,15,48715.48,1.3485
2556,Speaker,13.68,56.93,37.63,-32.92,46,244541.85,4.1621
2557,Plug,12.31,51.02,30.02,-50.63,48,219559.97,4.1443
2558,Speaker,7.13,35.7,41.43,-69.12,26,157225.04,5.0054
2559,Camera,14.44,,38.67,-51.75,26,330536.4,5.2965
2560,Plug,10.0,53.62,40.33,-72.82,14,231880.1,5.3641
2561,Plug,6.48,56.32,48.38,-75.97,13,242750.3,8.6962
2562,Light,15.36,73.01,37.08,-46.8,2,313696.83,4.7518
2563,Sensor,14.62,56.5,35.93,-44.76,16,243536.71,3.8632
2564,Plug,9.63,35.37,27.03,-61.07,3,151955.46,3.6727
2565,Plug,11.85,57.05,45.56,-63.02,21,246911.45,4.8144
2566,Speaker,13.21,60.98,50.37,-67.26,28,264512.33,4.6156
2567,Light,5.59,53.34,33.19,-42.41,36,229454.16,9.5391
2568,Plug,9.09,35.43,42.06,-59.69,11,150973.42,3.8962
2569,Speaker,9.35,51.23,35.9,-68.02,15,222459.77,5.4816
2570,Camera,9.31,35.98,38.3,-58.33,26,156207.81,3.8638
2571,Sensor,15.32,,26.97,-56.38,41,48140.59,0.6784
2572,Camera,11.58,40.16,16.64,-59.01,52,170432.1,3.4685
2573,Sensor,17.37,30.24,39.71,-63.22,4,130660.69,1.7411
2574,Light,7.7,60.4,28.72,-46.03,10,260867.45,7.8486
2575,Plug,9.36,64.19,37.98,-73.35,45,275976.91,6.8583
2576,Speaker,,9.19,43.43,-57.69,8,41634.9,0.6644
2577,Plug,14.42,58.09,43.78,-63.16,51,249603.48,4.0287
2578,Plug,12.25,62.42,39.8,-64.82,51,269845.59,5.0947
2579,Camera,13.19,42.52,43.77,-69.28,47,185036.03,3.2239
2580,Plug,22.5,45.91,38.94,-47.44,36,197094.32,2.0404
2581,Sensor,15.12,110.66,44.39,-61.49,25,477077.23,7.32
2582,Speaker,13.61,50.19,31.36,-59.23,60,214470.65,3.6868
2583,Speaker,14.67,41.77,40.33,-49.66,46,178450.47,2.8468
2584,Camera,10.74,65.69,51.54,-48.02,19,283012.03,6.1151
2585,Light,7.32,38.62,29.93,-57.2,38,167768.76,5.2791
2586,Speaker,14.09,53.76,20.87,-66.99,22,231069.45,3.8169
2587,Plug,13.83,97.76,29.72,-79.19,30,420221.86,7.0669
2588,Plug,5.67,17.05,36.26,-45.21,47,76377.5,3.009
2589,Plug,6.86,33.34,41.48,-41.92,43,144947.7,4.8573
2590,Light,8.62,44.14,46.58,-45.19,43,190668.42,5.1195
2591,Camera,10.73,44.64,47.72,-55.73,27,189577.31,4.1619
2592,Plug,10.93,88.11,42.98,-66.9,12,380422.62,8.0577
2593,Sensor,15.63,43.28,24.95,-72.44,5,186955.23,2.7687
2594,Light,12.97,23.1,45.52,-55.84,6,100051.67,1.7808
2595,Sensor,5.53,52.94,46.51,-58.78,34,227434.37,9.5793
2596,Sensor,13.26,80.87,24.99,-48.62,55,350359.26,6.0985
2597,Light,10.51,31.45,30.12,-66.05,5,139591.15,2.9914
2598,Plug,9.1,12.01,32.28,-65.12,20,53153.05,1.3197
2599,Sensor,8.99,60.74,47.61,-56.35,59,262805.52,6.7544
2600,Speaker,4.49,62.45,51.49,-47.69,59,270717.51,13.9247
2601,Plug,19.72,56.69,31.09,-57.13,6,244426.23,2.8753
2602,Plug,19.55,67.79,27.26,-65.04,51,294440.54,3.4665
2603,Speaker,4.82,46.13,29.02,-53.98,26,200499.74,9.5671
2604,Plug,7.12,32.12,52.09,-69.9,20,139235.3,4.5108
2605,Speaker,9.45,21.42,31.1,-75.97,18,94725.68,2.2658
2606,Sensor,9.93,57.95,56.98,-58.82,12,252575.96,5.8343
2607,Speaker,15.68,74.97,43.04,-76.54,14,320306.27,4.7799
2608,Camera,9.91,48.26,25.81,-62.22,4,208642.92,4.8723
2609,Light,8.35,40.17,31.51,-65.23,23,175134.46,4.8126
2610,Speaker,13.97,38.41,37.51,-55.6,53,165592.22,2.7492
2611,Plug,11.19,84.72,40.03,-30.69,29,367850.74,7.5689
2612,Camera,4.66,55.93,34.87,-69.97,7,245676.53,11.9911
2613,Speaker,11.39,54.33,41.87,-74.99,5,236830.49,4.7719
2614,Plug,14.62,71.99,56.63,-67.12,53,310685.36,4.9251
2615,Plug,14.16,98.3,23.09,-59.33,57,423120.13,6.9448
2616,Light,11.46,77.23,32.31,-46.97,45,333964.54,6.738
2617,Light,15.0,60.24,32.18,-62.37,53,257587.39,4.0164
2618,Plug,12.51,77.69,40.42,-70.68,25,335763.76,6.2115
2619,Speaker,13.86,59.6,30.31,-50.73,17,257238.51,4.2996
2620,Light,13.92,52.31,48.28,-71.23,2,225344.08,3.7573
2621,Plug,22.31,76.08,42.53,-74.14,35,328161.15,3.4107
2622,Speaker,16.5,56.02,27.85,-47.08,22,240675.26,3.3949
2623,Plug,13.31,81.23,41.55,-46.1,25,350219.77,6.1044
2624,Speaker,11.75,71.3,33.1,-67.24,1,308700.63,6.0689
2625,Speaker,8.33,72.86,35.58,-41.07,24,314295.21,8.748
2626,Plug,14.45,65.59,36.32,-64.41,47,284445.68,4.5391
2627,Plug,8.73,55.92,39.79,-51.13,25,242257.59,6.4072
2628,Light,14.58,68.43,48.07,-62.02,35,296763.44,4.6941
2629,Light,12.57,72.93,34.95,-52.13,12,312179.56,5.8012
2630,Plug,3.29,39.33,32.76,-67.11,34,168960.67,11.961
2631,Plug,10.87,76.96,39.19,-52.54,33,330170.83,7.0825
2632,Plug,12.27,19.23,29.48,-54.8,33,80049.25,1.5673
2633,Sensor,16.49,58.79,29.74,-49.04,47,252344.09,3.5643
2634,Camera,13.14,52.58,49.11,-77.91,9,226282.59,4.0016
2635,Camera,12.24,37.54,32.02,-54.43,41,161787.12,3.0658
2636,Light,10.41,58.96,56.17,-44.06,59,252398.48,5.6662
2637,Plug,17.45,53.26,23.16,-61.35,20,225322.04,3.0531
2638,Plug,9.32,61.13,36.05,-38.62,42,263798.67,6.5623
2639,Camera,8.78,46.43,37.9,-43.51,19,202312.26,5.2873
2640,Sensor,14.91,72.75,50.46,-73.34,30,315859.93,4.879
2641,Light,17.42,79.47,45.91,-54.53,11,340377.22,4.563
2642,Sensor,6.36,65.73,29.18,-63.02,39,284264.06,10.3342
2643,Light,11.24,46.03,36.85,-50.48,57,199531.74,4.0937
2644,Plug,15.47,55.97,37.17,-58.47,13,239663.09,3.6172
2645,Light,15.07,42.23,31.99,-76.22,52,183973.68,2.8025
2646,Plug,10.9,47.7,35.02,-64.61,59,206137.02,4.3781
2647,Plug,6.03,23.39,29.63,-42.15,14,102147.29,3.8801
2648,Sensor,11.17,,39.53,-71.61,1,129921.25,2.7016
2649,Camera,15.87,46.63,35.22,-66.09,55,201969.44,2.9377
2650,Camera,9.87,49.21,27.54,-66.55,51,212016.51,4.9861
2651,Light,18.41,63.53,43.57,-44.05,33,273220.33,3.4504
2652,Sensor,15.46,52.69,46.17,-48.07,40,227234.33,3.4083
2653,Sensor,19.76,13.19,52.88,-76.47,50,57731.44,0.6673
2654,Camera,18.0,22.52,45.96,-65.3,10,97827.68,1.2508
2655,Plug,13.9,90.34,47.42,-69.77,15,388743.86,6.5008
2656,Camera,8.43,44.82,40.97,-58.21,56,194760.69,5.3192
2657,Light,14.2,84.45,51.18,-60.33,9,366575.03,5.9458
2658,Speaker,9.59,29.55,49.56,-63.79,36,125231.77,3.0814
2659,Sensor,11.28,55.79,25.9,-70.37,32,241350.44,4.948
2660,Light,9.39,69.28,38.56,-84.23,6,301856.37,7.3793
2661,Speaker,12.75,7.59,44.89,-59.39,11,34091.02,0.5949
2662,Speaker,11.36,35.42,40.89,-44.26,22,154766.34,3.1179
2663,Light,11.16,59.54,34.68,-75.07,39,254612.84,5.3327
2664,Plug,7.12,16.68,31.01,-74.82,46,73618.93,2.3429
2665,Light,10.57,47.08,47.96,-58.81,37,202336.08,4.4561
2666,Light,5.86,32.86,41.53,-39.28,21,141094.07,5.608
2667,Speaker,13.14,59.04,46.83,-68.77,10,252279.27,4.4915
2668,Sensor,13.52,,45.69,-80.75,54,206431.64,3.5379
2669,Sensor,14.56,54.18,38.68,-48.89,35,235232.82,3.7208
2670,Light,9.04,64.28,36.05,-49.92,8,274952.56,7.1115
2671,Speaker,9.08,59.39,46.38,-42.66,1,256052.88,6.5419
2672,Light,19.67,77.43,44.05,-65.78,15,333669.11,3.9371
2673,Camera,20.48,84.63,37.87,-67.81,21,366954.07,4.1318
2674,Camera,2.47,89.31,34.38,-67.72,31,387997.52,36.1287
2675,Light,11.04,46.88,25.89,-59.76,17,204453.89,4.2485
2676,Camera,10.23,27.92,20.8,-73.32,16,119353.12,2.7287
2677,Plug,14.73,66.59,36.1,-63.31,43,287514.87,4.5202
2678,Plug,15.43,71.57,27.94,-51.93,51,312848.08,4.6391
2679,Plug,4.3,41.2,33.41,-49.66,58,175536.27,9.5898
2680,Light,11.2,80.75,45.62,-70.52,13,348668.86,7.2126
2681,Plug,10.25,14.14,26.7,-79.36,58,60532.74,1.3804
2682,Speaker,7.56,73.45,35.93,-57.44,33,315796.97,9.717
2683,Plug,8.84,42.29,29.24,-59.41,34,183311.34,4.7841
2684,Sensor,8.35,19.86,35.27,-77.48,19,85041.07,2.3788
2685,Plug,19.8,10.66,19.87,-58.64,8,47953.7,0.5385
2686,Plug,15.97,23.47,33.42,-58.51,15,99973.54,1.4701
2687,Plug,14.52,101.23,23.07,-57.91,41,440338.85,6.9704
2688,Plug,12.94,46.88,30.56,-62.34,3,203099.86,3.6238
2689,Camera,16.39,102.69,35.76,-48.89,27,442514.31,6.2652
2690,Sensor,16.91,68.07,41.35,-44.96,42,294246.08,4.025
2691,Camera,3.87,62.86,37.01,-40.47,49,272269.97,16.2515
2692,Plug,13.62,70.8,43.41,-63.96,47,308173.14,5.1999
2693,Sensor,13.92,26.32,29.55,-53.31,46,114378.69,1.8901
2694,Light,15.33,67.87,42.66,-42.22,15,291358.47,4.4285
2695,Plug,15.62,74.09,38.68,-46.22,22,320942.84,4.7438
2696,Light,15.02,52.32,32.33,-76.9,30,224779.38,3.4835
2697,Plug,10.59,74.49,45.46,-70.07,6,321446.74,7.0348
2698,Camera,8.59,34.54,35.19,-41.65,7,147392.86,4.0222
2699,Speaker,13.52,40.44,27.97,-71.9,5,173603.31,2.9904
2700,Camera,14.39,108.97,39.23,-50.82,26,469419.67,7.5751
2701,Plug,13.54,52.34,50.7,-57.86,19,225072.91,3.8666
2702,Camera,9.65,5.0,39.99,-59.73,53,24000.0,0.5184
2703,Light,2.33,87.39,30.19,-64.15,19,377138.05,37.5489
2704,Plug,13.3,60.99,35.56,-59.51,59,263776.46,4.5852
2705,Camera,,56.82,34.26,-61.57,35,246668.27,7.6376
2706,Plug,12.51,77.73,48.89,-81.08,3,334845.49,6.2118
2707,Light,16.27,53.76,27.54,-68.05,40,231152.53,3.3042
2708,Sensor,9.86,54.5,26.12,-56.59,19,233718.44,5.5258
2709,Plug,13.05,51.82,30.05,-41.19,20,225232.13,3.9714
2710,Light,9.25,49.63,25.07,-75.59,23,213276.66,5.3641
2711,Sensor,11.41,45.42,32.89,-61.69,38,195690.9,3.9817
2712,Speaker,10.04,48.26,42.11,-75.87,55,210342.87,4.8052
2713,Sensor,17.98,15.47,53.76,-59.06,52,66325.79,0.8602
2714,Light,18.51,32.06,43.64,-46.96,9,137954.84,1.7321
2715,Camera,14.26,56.05,46.95,-40.54,32,242332.59,3.9302
2716,Camera,8.28,39.62,32.75,-61.01,51,170032.96,4.7876
2717,Camera,14.06,33.41,30.71,-47.25,22,143338.18,2.3767
2718,Plug,15.53,68.97,35.89,-63.05,25,295417.13,4.4412
2719,Plug,11.85,60.86,46.1,-58.57,28,260834.95,5.1362
2720,Light,8.33,71.69,30.71,-60.35,38,308528.74,8.6097
2721,Speaker,8.54,21.81,33.58,-59.94,46,94037.6,2.5527
2722,Light,9.03,60.32,47.57,-58.86,4,258497.35,6.6777
2723,Camera,10.78,47.8,46.91,-48.06,18,204062.38,4.4324
2724,Plug,9.77,69.6,32.7,-44.25,31,299885.33,7.1242
2725,Camera,15.9,,48.66,-33.92,7,145798.53,2.0884
2726,Plug,11.58,36.92,34.32,-72.79,58,157582.42,3.1899
2727,Light,11.29,42.15,49.42,-54.31,18,184645.41,3.7329
2728,Camera,12.06,63.95,32.77,-43.5,40,276185.68,5.3002
2729,Light,13.93,52.68,36.73,-59.08,14,231975.72,3.7809
2730,Camera,16.63,64.08,46.22,-37.06,24,278036.0,3.8529
2731,Light,7.99,54.6,21.99,-56.66,59,237240.55,6.8297
2732,Speaker,8.08,69.11,51.31,-34.01,54,299088.77,8.552
2733,Sensor,12.49,31.09,50.46,-52.5,22,131193.82,2.4881
2734,Speaker,,77.02,41.15,-58.86,31,332162.2,4.8594
2735,Sensor,7.73,27.01,45.6,-57.34,15,119304.58,3.4945
2736,Sensor,17.67,43.11,31.47,-58.93,43,186585.91,2.44
2737,Light,7.02,12.32,55.44,-49.16,44,53173.36,1.756
2738,Plug,15.05,25.12,33.33,-53.12,41,108420.07,1.669
2739,Plug,12.41,37.49,26.5,-57.01,5,164189.19,3.0205
2740,Speaker,6.92,,30.55,-72.74,51,442712.24,14.6895
2741,Sensor,12.57,74.03,48.44,-48.0,38,319372.91,5.8894
2742,Light,10.98,78.75,57.27,-63.48,7,339391.83,7.1743
2743,Speaker,7.58,67.31,40.41,-46.72,57,294047.43,8.8836
2744,Plug,11.86,36.1,27.34,-54.48,59,152340.02,3.0438
2745,Plug,14.22,39.89,48.98,-85.42,38,173916.5,2.8052
2746,Light,15.38,57.21,25.69,-67.15,10,247565.86,3.7192
2747,Sensor,9.45,91.63,39.45,-33.01,31,396537.59,9.6963
2748,Camera,7.07,49.66,42.94,-50.03,36,212578.82,7.0285
2749,Speaker,16.65,32.38,40.1,-46.07,35,138688.81,1.9441
2750,Camera,15.2,80.13,43.55,-39.85,45,346252.84,5.2707
2751,Speaker,15.35,18.3,48.06,-38.22,48,79435.72,1.1924
2752,Light,13.12,34.36,47.44,-47.77,13,148102.15,2.6188
2753,Speaker,5.9,81.61,45.92,-45.6,32,354366.45,13.84
2754,Light,15.3,61.84,13.99,-79.42,24,264501.6,4.0409
2755,Plug,17.08,31.36,33.84,-65.35,39,140004.38,1.8363
2756,Sensor,7.61,34.51,34.5,-46.84,44,149530.39,4.5357
2757,Speaker,19.58,46.73,41.27,-49.8,41,201547.88,2.3862
2758,Plug,11.3,73.71,40.19,-40.37,24,321485.37,6.5246
2759,Camera,12.36,64.73,26.61,-44.18,10,279580.67,5.2381
2760,Light,,71.48,38.81,-60.63,58,306781.21,8.0629
2761,Plug,13.33,51.0,24.39,-36.74,42,218391.32,3.826
2762,Light,9.59,62.1,42.81,-58.95,2,266958.43,6.4777
2763,Sensor,11.47,29.28,63.35,-54.34,18,128777.95,2.553
2764,Speaker,13.63,39.5,29.06,-58.06,23,169264.0,2.8982
2765,Plug,11.34,75.56,26.42,-52.74,33,329521.15,6.6603
2766,Speaker,12.89,62.02,34.83,-52.19,21,267818.98,4.8129
2767,Plug,12.93,54.97,50.99,-47.63,57,236527.36,4.2528
2768,Camera,17.78,58.47,55.89,-44.13,58,254646.8,3.2882
2769,Plug,6.46,80.7,34.86,-34.37,57,348003.29,12.491
2770,Speaker,4.4,76.88,41.35,-47.48,43,331001.21,17.4667
2771,Camera,6.29,34.05,31.8,-73.32,27,151677.76,5.412
2772,Plug,12.76,73.27,47.27,-51.98,31,315380.22,5.7426
2773,Light,12.68,61.17,30.03,-71.47,41,267200.99,4.8235
2774,Light,14.74,24.81,27.12,-64.85,11,112518.86,1.6829
2775,Speaker,12.93,73.76,22.91,-41.69,19,320486.6,5.7061
2776,Camera,6.91,88.99,23.56,-50.74,51,384315.84,12.8789
2777,Light,9.78,69.25,35.87,-63.14,50,299081.62,7.0837
2778,Camera,10.98,62.09,34.41,-35.86,39,268077.72,5.6572
2779,Plug,13.53,69.83,33.93,-58.93,53,298460.36,5.1631
2780,Plug,10.2,22.69,39.39,-63.27,43,97990.91,2.2233
2781,Light,14.02,91.04,40.6,-39.55,18,394784.54,6.4957
2782,Camera,7.67,36.93,30.9,-73.34,38,159547.65,4.8127
2783,Speaker,9.99,58.01,23.69,-47.11,42,248623.79,5.8051
2784,Sensor,16.01,58.85,42.9,-74.63,44,254491.33,3.6754
2785,Sensor,7.38,80.33,49.85,-52.14,24,347197.49,10.8821
2786,Light,14.91,48.04,48.2,-72.41,45,206891.57,3.2223
2787,Light,10.74,11.58,32.66,-33.84,19,48212.86,1.0785
2788,Sensor,,30.67,28.27,-50.56,55,134184.87,2.2495
2789,Speaker,15.56,113.79,49.67,-45.06,30,490942.06,7.313
2790,Sensor,14.87,37.26,46.32,-51.16,2,161085.66,2.5052
2791,Sensor,12.87,23.36,53.51,-61.34,9,101104.25,1.8156
2792,Sensor,11.93,16.55,38.29,-67.52,51,70295.19,1.3868
2793,Camera,14.28,58.75,45.67,-55.97,58,250871.1,4.1137
2794,Plug,12.13,73.99,33.79,-48.37,22,320681.49,6.0994
2795,Plug,10.51,21.6,38.94,-84.33,60,94637.02,2.056
2796,Camera,14.37,40.56,37.72,-66.22,51,173421.47,2.8228
2797,Camera,18.04,21.24,40.11,-46.68,35,90193.27,1.1773
2798,Plug,11.04,55.2,47.8,-69.08,39,238311.91,4.9995
2799,Plug,6.57,32.27,30.46,-39.21,41,140174.52,4.9121
2800,Light,6.55,43.12,41.79,-49.36,28,188819.49,6.5811
2801,Sensor,15.15,85.49,46.18,-46.18,58,370253.91,5.6433
2802,Plug,9.95,68.02,23.1,-64.78,20,291219.47,6.8373
2803,Light,7.34,74.83,35.57,-56.49,58,321396.02,10.2011
2804,Camera,13.9,18.85,32.44,-54.27,38,80886.32,1.3564
2805,Camera,13.62,50.48,48.25,-73.07,35,216934.38,3.7056
2806,Light,10.55,86.56,42.26,-35.11,16,373802.44,8.2054
2807,Plug,10.73,52.02,35.29,-73.89,44,223804.24,4.8503
2808,Speaker,14.42,63.34,31.28,-46.74,36,270253.54,4.3928
2809,Camera,12.86,88.35,26.73,-57.21,30,380324.59,6.8728
2810,Plug,,68.46,26.42,-34.85,56,297051.13,4.9377
2811,Light,10.44,24.56,33.3,-41.43,19,106244.97,2.3524
2812,Plug,13.75,41.04,47.05,-44.3,51,176006.47,2.9836
2813,Light,12.8,50.27,40.23,-67.23,59,219339.36,3.9268
2814,Sensor,15.49,34.19,50.29,-66.63,59,146859.18,2.2078
2815,Camera,15.39,60.67,37.84,-54.42,45,260353.24,3.9413
2816,Light,7.68,56.92,24.98,-51.48,48,245510.73,7.4089
2817,Light,17.28,31.54,46.7,-41.37,21,135184.84,1.8248
2818,Plug,9.31,76.05,43.46,-61.71,22,329956.54,8.1679
2819,Speaker,13.18,68.53,36.67,-74.66,1,295956.14,5.1992
2820,Plug,12.0,56.65,29.35,-47.17,4,245460.42,4.7215
2821,Light,11.54,100.34,31.09,-68.63,52,431704.39,8.6954
2822,Light,12.86,34.28,30.7,-54.9,26,151512.48,2.6649
2823,Sensor,14.64,48.0,32.77,-52.5,34,207805.34,3.2782
2824,Light,10.17,55.24,42.65,-41.97,16,239454.41,5.4316
2825,Sensor,6.62,,46.29,-48.5,28,358074.6,12.5202
2826,Light,14.8,59.35,33.6,-75.08,54,254192.44,4.0094
2827,Speaker,11.15,71.54,52.52,-47.68,17,307646.28,6.415
2828,Light,4.7,61.21,32.33,-59.93,44,264674.96,13.0112
2829,Light,18.11,33.84,46.95,-68.33,20,145491.01,1.8681
2830,Light,5.37,,29.77,-63.67,26,273916.92,11.8526
2831,Speaker,5.69,70.56,39.86,-56.56,20,304741.93,12.4102
2832,Plug,13.51,76.6,35.72,-62.65,42,331870.44,5.6689
2833,Sensor,12.46,59.11,51.22,-46.65,7,255565.03,4.7428
2834,Plug,13.23,31.06,41.74,-55.28,39,133821.03,2.3484
2835,Camera,21.46,38.89,39.83,-63.44,51,168770.7,1.8123
2836,Light,13.42,39.73,25.34,-64.82,30,170917.68,2.9615
2837,Light,14.48,38.92,29.16,-64.65,32,166563.41,2.687
2838,Light,13.0,48.64,18.68,-46.07,49,210545.84,3.7431
2839,Light,10.89,62.47,37.56,-44.43,33,271016.15,5.7365
2840,Speaker,14.84,27.28,27.01,-52.67,47,115892.64,1.8379
2841,Speaker,14.7,41.81,43.38,-72.92,2,181635.01,2.845
2842,Speaker,13.08,50.73,38.31,-71.39,14,221620.79,3.8775
2843,Sensor,11.74,97.92,28.78,-69.47,57,424597.51,8.3421
2844,Camera,12.78,37.24,52.26,-47.95,28,159367.77,2.913
2845,Plug,15.31,61.32,46.64,-61.76,43,265113.33,4.0045
2846,Speaker,12.82,51.5,36.88,-61.24,6,223000.68,4.0175
2847,Camera,6.81,55.5,25.08,-47.05,24,239910.23,8.153
2848,Sensor,11.75,47.24,25.66,-61.81,7,203378.13,4.0201
2849,Speaker,4.94,67.05,31.35,-58.83,51,289053.86,13.575
2850,Sensor,15.86,92.45,52.54,-45.5,20,399964.22,5.8296
2851,Plug,7.21,58.65,43.36,-79.48,42,253494.04,8.1349
2852,Speaker,8.27,49.73,40.62,-54.02,5,218055.66,6.0149
2853,Sensor,9.99,93.89,44.93,-73.29,46,405617.4,9.3979
2854,Camera,16.13,92.03,46.51,-57.66,25,397887.72,5.7072
2855,Speaker,6.02,35.04,28.92,-45.55,4,154572.1,5.8237
2856,Sensor,14.19,24.05,39.58,-69.33,28,104305.49,1.6948
2857,Camera,12.15,48.57,35.81,-72.32,56,206586.33,3.997
2858,Speaker,4.06,52.26,49.31,-51.34,17,225913.64,12.8703
2859,Speaker,6.97,61.02,31.93,-59.63,25,262777.74,8.7576
2860,Speaker,13.0,47.45,49.29,-51.35,55,205273.83,3.6491
2861,Speaker,14.64,69.04,40.63,-46.98,12,298229.92,4.7173
2862,Plug,19.07,110.22,37.77,-60.08,37,477113.8,5.7786
2863,Camera,11.74,5.0,34.63,-54.36,30,21280.66,0.426
2864,Speaker,14.66,47.16,41.84,-37.64,55,202984.87,3.2174
2865,Camera,7.93,20.38,17.02,-55.19,17,88613.48,2.57
2866,Light,14.15,37.43,17.01,-44.6,35,162132.47,2.6461
2867,Sensor,19.73,74.01,33.19,-56.44,56,320328.51,3.7509
2868,Light,7.08,57.81,56.05,-45.11,51,250395.66,8.1673
2869,Plug,12.55,43.79,44.27,-40.41,55,188495.54,3.4899
2870,Sensor,12.14,51.98,40.68,-41.5,35,222966.41,4.2828
2871,Plug,10.12,62.63,29.61,-58.02,36,270662.33,6.1863
2872,Speaker,10.22,71.97,46.62,-59.71,51,307571.19,7.0406
2873,Light,15.87,5.0,37.04,-49.18,23,19098.83,0.315
2874,Speaker,8.39,42.15,16.67,-57.0,32,181170.8,5.0214
2875,Plug,13.47,44.77,31.41,-62.4,45,191892.68,3.3243
2876,Speaker,9.53,65.41,36.21,-78.62,13,283111.48,6.862
2877,Plug,12.37,34.54,24.29,-47.93,8,147769.24,2.7924
2878,Plug,6.33,92.88,47.57,-71.12,29,403663.55,14.6697
2879,Speaker,12.65,47.01,38.03,-68.41,52,204604.85,3.717
2880,Light,14.78,77.28,30.02,-57.2,23,334677.33,5.2288
2881,Light,12.07,58.96,35.07,-64.53,43,255621.07,4.8843
2882,Plug,14.58,82.93,59.6,-52.81,39,356550.69,5.6874
2883,Speaker,7.79,91.27,29.0,-54.65,33,392688.34,11.7168
2884,Plug,7.16,23.98,41.1,-64.97,7,104662.93,3.3508
2885,Plug,16.25,54.06,30.91,-60.45,39,231589.73,3.3271
2886,Light,15.93,46.82,40.04,-63.0,1,200934.0,2.939
2887,Camera,11.58,72.48,31.07,-53.65,19,312656.75,6.2618
2888,Sensor,8.81,73.03,18.84,-72.06,46,314253.47,8.2895
2889,Light,11.42,72.22,30.51,-56.48,31,309863.06,6.3254
2890,Light,,90.77,41.83,-64.75,14,392196.41,8.3125
2891,Camera,15.39,20.19,33.16,-55.57,17,88705.4,1.3122
2892,Light,11.89,60.46,48.21,-53.3,24,260786.97,5.0832
2893,Light,10.19,53.37,34.16,-51.68,20,231128.77,5.2368
2894,Sensor,11.93,98.76,31.9,-73.02,49,426357.28,8.2821
2895,Camera,11.25,52.15,33.75,-49.56,51,227326.28,4.6342
2896,Camera,10.17,76.27,32.9,-50.86,44,330137.61,7.4978
2897,Light,10.8,58.66,28.95,-67.43,52,254574.53,5.4338
2898,Light,5.48,70.58,39.07,-52.27,51,305161.22,12.8775
2899,Plug,,20.46,23.58,-62.41,1,90174.48,1.274
2900,Camera,14.19,69.62,29.38,-67.43,44,301335.05,4.9058
2901,Sensor,10.94,79.18,37.38,-81.21,34,342237.97,7.2395
2902,Speaker,15.17,24.0,47.39,-60.28,34,103466.82,1.5819
2903,Speaker,10.95,68.58,35.15,-54.67,13,296955.86,6.2614
2904,Plug,16.66,47.92,40.45,-47.08,20,209019.87,2.8763
2905,Speaker,10.62,67.02,49.7,-78.07,49,288955.27,6.3103
2906,Plug,15.58,62.41,42.67,-57.53,57,272323.54,4.005
2907,Light,10.57,33.69,46.5,-71.66,4,145496.68,3.1887
2908,Sensor,19.74,72.81,31.82,-41.64,45,316067.94,3.6882
2909,Camera,11.23,69.69,35.26,-43.48,9,303294.39,6.2086
2910,Light,14.2,40.75,40.86,-46.5,33,174308.24,2.869
2911,Camera,10.71,81.77,36.97,-55.27,1,353425.14,7.6381
2912,Light,12.78,71.85,23.99,-50.33,41,309668.95,5.6227
2913,Sensor,7.77,103.71,30.15,-58.15,30,447216.28,13.3504
2914,Camera,14.18,85.37,40.77,-65.57,55,369181.54,6.0194
2915,Speaker,16.9,38.25,29.48,-51.01,27,166718.8,2.2634
2916,Plug,15.35,49.15,19.78,-47.0,6,211055.79,3.2022
2917,Sensor,13.55,53.96,48.95,-63.49,33,231968.3,3.982
2918,Plug,12.25,37.73,40.91,-79.96,47,161244.94,3.0794
2919,Sensor,15.53,91.86,28.92,-49.34,6,397474.23,5.9149
2920,Light,13.02,69.86,48.98,-31.08,30,303201.09,5.3664
2921,Light,11.24,63.16,35.56,-27.84,4,272608.32,5.6178
2922,Light,8.78,90.81,43.79,-64.93,4,393114.33,10.3456
2923,Plug,11.04,72.01,42.11,-57.64,28,312433.34,6.5226
2924,Light,14.01,61.26,35.52,-53.59,51,265135.52,4.3736
2925,Camera,7.96,61.8,52.54,-41.24,31,266483.01,7.7625
2926,Plug,5.89,57.51,17.06,-80.4,57,245306.9,9.7632
2927,Sensor,16.42,64.28,45.13,-45.92,55,278207.11,3.9147
2928,Sensor,10.27,15.0,36.83,-40.0,1,62987.99,1.4607
2929,Camera,10.91,38.33,35.96,-38.51,6,166430.68,3.5126
2930,Speaker,9.46,42.84,25.47,-41.76,14,188056.39,4.5285
2931,Light,13.85,41.4,42.41,-63.62,49,177923.14,2.9895
2932,Camera,15.9,50.62,32.13,-58.25,31,220512.03,3.1837
2933,Speaker,12.92,51.55,41.33,-41.92,20,223376.77,3.9909
2934,Plug,16.7,24.04,41.91,-41.35,10,104111.57,1.4393
2935,Light,9.38,66.28,44.56,-63.49,4,284673.31,7.0636
2936,Plug,15.12,43.89,38.82,-47.34,20,189938.73,2.9019
2937,Camera,17.99,51.4,34.74,-71.6,43,222421.66,2.8577
2938,Light,19.58,35.54,49.27,-57.03,55,155318.41,1.8146
2939,Sensor,15.71,66.48,39.47,-70.66,23,287518.54,4.232
2940,Plug,16.45,31.41,28.51,-45.61,21,135768.31,1.9091
2941,Sensor,13.32,17.51,33.45,-39.7,40,74214.64,1.3147
2942,Camera,6.72,81.49,24.63,-55.83,12,352435.35,12.1299
2943,Plug,13.49,64.36,43.25,-70.65,24,280004.54,4.7717
2944,Plug,14.63,85.5,25.35,-66.56,50,370164.24,5.8428
2945,Plug,11.11,66.09,30.56,-35.73,58,284220.63,5.9462
2946,Sensor,10.34,49.64,41.41,-67.92,20,214586.38,4.8005
2947,Speaker,12.94,52.95,44.65,-55.96,30,231450.15,4.0912
2948,Light,15.27,75.28,29.44,-59.91,49,324772.69,4.9309
2949,Plug,3.65,46.78,36.76,-65.35,10,203260.65,12.829
2950,Speaker,11.0,66.78,37.46,-67.39,9,288073.7,6.07
2951,Light,15.48,38.49,38.94,-33.95,2,165641.12,2.4871
2952,Camera,4.9,43.63,26.42,-62.86,23,188785.06,8.9114
2953,Light,11.81,60.41,48.03,-53.8,1,260745.63,5.1154
2954,Plug,11.07,57.62,41.71,-45.57,50,249240.05,5.2066
2955,Light,9.0,58.99,45.78,-56.46,20,252622.11,6.5548
2956,Light,12.83,20.7,41.87,-54.91,45,88053.64,1.6137
2957,Sensor,5.75,66.69,34.2,-51.95,53,290222.58,11.5921
2958,Camera,6.27,51.89,37.65,-40.61,3,223617.18,8.281
2959,Sensor,7.15,46.16,28.33,-47.16,15,199132.79,6.4599
2960,Plug,11.59,64.16,42.75,-49.35,24,275798.44,5.5366
2961,Plug,11.56,29.33,47.16,-40.66,17,126599.07,2.5378
2962,Light,11.05,61.06,25.89,-49.11,36,262201.03,5.5275
2963,Sensor,13.2,36.35,39.02,-77.26,4,157830.82,2.7544
2964,Light,6.58,65.72,46.54,-71.0,42,283724.36,9.9823
2965,Plug,11.1,56.57,36.03,-47.85,51,243711.26,5.0982
2966,Plug,23.52,67.83,59.55,-58.81,52,294227.74,2.8839
2967,Light,15.99,33.46,36.47,-73.9,1,144178.93,2.0925
2968,Plug,5.59,35.94,46.56,-59.45,19,153501.81,6.4249
2969,Light,18.17,67.68,52.41,-77.88,42,292848.3,3.724
2970,Camera,8.78,61.6,40.6,-65.45,40,268895.7,7.0163
2971,Sensor,11.33,81.42,41.91,-71.8,28,354069.23,7.185
2972,Plug,15.16,51.95,42.87,-61.06,30,222497.92,3.4259
2973,Speaker,10.66,61.6,45.66,-49.63,43,265895.3,5.7803
2974,Light,10.71,34.53,37.61,-65.7,27,148024.79,3.2233
2975,Camera,16.89,39.75,52.07,-62.33,54,171680.51,2.3539
2976,Plug,14.88,31.86,41.64,-69.95,24,137780.55,2.1412
2977,Plug,12.23,59.74,33.07,-67.35,39,258978.62,4.8838
2978,Camera,5.04,57.28,42.78,-54.42,31,247413.87,11.3578
2979,Sensor,11.89,46.01,42.71,-58.39,43,198382.83,3.8681
2980,Speaker,13.74,98.71,38.19,-41.28,47,428504.33,7.1851
2981,Plug,17.45,27.78,37.22,-60.33,38,120252.94,1.5923
2982,Plug,12.64,15.41,29.28,-67.4,17,66377.52,1.2195
2983,Camera,13.51,47.6,39.91,-48.05,38,206266.77,3.5229
2984,Speaker,8.29,29.79,39.25,-54.01,36,130073.65,3.5933
2985,Sensor,17.26,20.49,47.15,-90.0,38,86737.88,1.1875
2986,Camera,13.71,56.93,34.1,-69.1,55,243163.7,4.1538
2987,Camera,11.63,39.74,45.6,-55.98,56,171419.29,3.4175
2988,Plug,13.72,47.82,32.94,-52.79,21,205635.1,3.4844
2989,Speaker,12.19,12.76,33.05,-59.92,47,55996.24,1.0465
2990,Camera,12.47,5.0,41.75,-65.0,2,24583.73,0.4009
2991,Light,9.89,78.7,41.82,-54.06,44,339861.3,7.96
2992,Light,12.53,66.94,30.78,-70.09,23,288693.93,5.3426
2993,Light,15.79,39.0,41.54,-51.19,11,168219.83,2.4693
2994,Camera,,44.78,31.6,-50.78,25,194209.06,2.6509
2995,Plug,12.24,69.37,32.12,-68.18,46,300645.3,5.6675
2996,Sensor,18.01,43.11,37.32,-55.96,15,184612.8,2.3937
2997,Light,13.74,24.83,41.45,-42.04,51,109488.03,1.8068
2998,Camera,8.89,71.13,45.84,-71.33,29,305949.45,7.9968
2999,Light,13.53,48.81,32.68,-50.33,16,213057.17,3.608
3000,Light,13.8,45.95,37.09,-65.3,60,198507.72,3.3307
3001,Plug,18.8,52.55,19.63,-67.64,58,225732.37,2.7952
3002,Light,,31.57,28.81,-46.96,21,133767.21,1.6768
3003,Light,10.49,6.78,43.05,-49.38,9,27803.61,0.6467
3004,Sensor,6.17,73.14,48.53,-67.26,12,316226.7,11.8502
3005,Camera,7.04,22.65,47.47,-73.51,6,98906.93,3.2173
3006,Speaker,13.11,44.75,34.62,-44.79,47,195846.95,3.4142
3007,Plug,20.59,68.92,41.56,-48.41,50,297358.15,3.3478
3008,Plug,12.61,54.91,43.71,-53.17,27,234936.69,4.353
3009,Light,6.29,69.04,37.48,-47.59,59,298634.47,10.979
3010,Light,14.04,102.85,36.21,-62.43,54,444466.21,7.3239
3011,Light,15.11,52.76,48.09,-55.31,21,227896.68,3.492
3012,Plug,10.07,71.12,46.39,-43.4,52,306398.76,7.0619
3013,Speaker,12.56,46.34,24.19,-66.98,45,200746.0,3.6908
3014,Plug,12.62,59.34,29.51,-71.42,39,257056.87,4.7021
3015,Plug,1.27,39.44,48.6,-63.71,52,168806.28,31.0094
3016,Light,13.64,39.77,38.33,-65.12,46,172310.25,2.9144
3017,Plug,11.43,12.43,37.83,-75.94,51,55088.82,1.0873
3018,Light,12.51,60.36,25.81,-61.01,46,259959.73,4.8235
3019,Light,11.59,47.63,40.61,-53.21,56,204979.28,4.1114
3020,Light,8.53,69.25,25.82,-60.09,1,299014.2,8.1202
3021,Camera,15.33,22.3,44.97,-69.89,37,96238.09,1.4548
3022,Speaker,12.0,75.73,46.95,-40.05,11,327454.95,6.3111
3023,Camera,9.83,65.69,32.05,-62.45,49,284713.06,6.6808
3024,Light,14.07,73.23,37.02,-64.84,19,317261.22,5.2039
3025,Light,11.12,64.77,46.22,-53.85,48,282290.38,5.8242
3026,Camera,8.68,67.59,56.57,-80.96,29,293849.83,7.7879
3027,Plug,12.02,80.71,53.7,-69.66,19,350432.55,6.7168
3028,Speaker,12.2,71.9,48.18,-38.98,42,310256.41,5.8947
3029,Light,13.72,79.57,29.07,-73.98,18,346156.48,5.7978
3030,Speaker,9.24,28.33,36.75,-62.47,55,122869.97,3.0651
3031,Light,12.52,57.2,40.58,-72.61,31,245478.92,4.5683
3032,Plug,6.74,80.5,45.42,-54.2,30,345398.03,11.9419
3033,Speaker,13.9,29.87,45.39,-73.93,23,131634.51,2.1487
3034,Light,4.33,76.05,45.09,-58.05,26,331628.2,17.5601
3035,Plug,11.96,26.45,54.66,-68.05,22,115765.38,2.2114
3036,Light,12.87,51.88,45.65,-57.12,32,226910.04,4.0327
3037,Plug,7.46,76.81,36.77,-58.36,40,333941.57,10.2908
3038,Camera,2.19,44.7,32.66,-66.77,45,192871.07,20.4436
3039,Plug,16.85,32.3,51.41,-53.09,8,140982.27,1.917
3040,Sensor,5.14,59.67,43.86,-58.92,41,258116.25,11.6198
3041,Light,6.87,41.58,38.22,-53.15,52,180583.43,6.0543
3042,Light,6.14,85.36,43.29,-69.03,27,368464.08,13.9029
3043,Light,17.67,42.13,43.38,-55.64,32,180889.66,2.3837
3044,Speaker,12.1,74.39,42.89,-72.0,46,320465.89,6.1481
3045,Light,15.8,54.17,34.93,-66.58,38,234576.24,3.429
3046,Plug,10.41,25.87,39.41,-72.08,60,112356.52,2.4839
3047,Light,7.47,62.92,22.19,-47.28,24,270731.92,8.4242
3048,Camera,14.26,46.39,30.32,-50.74,32,201586.29,3.2534
3049,Light,12.74,73.33,50.24,-40.65,41,319125.65,5.7565
3050,Plug,10.46,46.72,37.45,-49.23,9,201951.15,4.4647
3051,Speaker,8.46,25.75,42.91,-41.55,56,112344.42,3.0443
3052,Speaker,14.02,28.79,32.1,-72.2,59,126585.87,2.0534
3053,Sensor,12.24,28.41,30.46,-49.69,11,120496.69,2.3207
3054,Speaker,13.97,83.52,47.72,-64.14,10,361389.77,5.9767
3055,Sensor,11.4,59.24,22.78,-55.92,4,257251.93,5.1966
3056,Camera,11.06,66.68,43.15,-57.31,20,289566.04,6.0281
3057,Plug,6.36,77.89,50.37,-57.08,5,335874.11,12.2443
3058,Speaker,5.73,52.21,34.63,-75.26,50,225182.47,9.111
3059,Speaker,10.45,72.79,22.5,-42.9,26,315527.46,6.964
3060,Sensor,15.57,75.03,30.34,-52.97,56,323653.04,4.8184
3061,Plug,11.86,55.6,24.27,-60.87,54,241234.85,4.6868
3062,Plug,6.15,,32.19,-76.19,17,246426.53,9.3955
3063,Plug,22.0,36.76,29.08,-48.78,17,157693.75,1.671
3064,Sensor,19.12,50.88,27.8,-66.39,30,219476.76,2.6612
3065,Light,,29.5,46.15,-77.15,60,127570.78,2.6472
3066,Plug,,78.79,65.07,-61.36,38,342882.43,9.9271
3067,Light,13.71,28.48,35.81,-60.77,58,120474.82,2.0765
3068,Light,16.49,30.04,40.67,-55.26,55,128722.55,1.8215
3069,Speaker,9.33,52.14,24.54,-57.28,41,223710.6,5.5858
3070,Light,14.05,70.16,33.87,-41.54,2,302441.12,4.9925
3071,Camera,3.89,31.59,71.85,-39.38,25,135380.2,8.1109
3072,Camera,7.75,42.42,50.99,-40.57,20,184006.4,5.4732
3073,Camera,16.67,65.62,31.57,-74.63,60,283105.11,3.9371
3074,Sensor,9.68,67.01,50.57,-56.49,38,288640.92,6.9235
3075,Plug,11.86,40.19,45.23,-66.73,5,172076.37,3.3879
3076,Light,10.21,20.7,32.32,-54.25,25,87363.46,2.0269
3077,Light,12.72,58.44,35.78,-57.58,35,254044.22,4.5937
3078,Plug,17.5,76.19,38.71,-36.49,50,329293.07,4.354
3079,Camera,21.25,61.92,40.65,-62.92,48,266738.37,2.9132
3080,Speaker,1.45,45.57,32.22,-61.07,56,195915.19,31.4798
3081,Camera,4.68,18.34,40.91,-51.51,19,76872.94,3.9228
3082,Light,9.99,37.16,39.36,-50.31,28,162013.96,3.7193
3083,Speaker,15.25,40.46,32.4,-44.56,6,175332.44,2.6533
3084,Plug,8.77,25.62,45.91,-57.89,10,112329.91,2.9214
3085,Camera,9.82,57.79,31.08,-62.98,15,248001.97,5.8841
3086,Plug,10.4,43.94,35.06,-71.76,45,189804.82,4.2235
3087,Light,4.42,46.77,36.66,-49.0,11,199186.1,10.5746
3088,Camera,8.69,47.95,22.85,-74.29,29,205957.77,5.5178
3089,Light,7.19,86.02,35.57,-39.67,18,372289.19,11.9684
3090,Plug,12.58,90.34,33.84,-62.69,21,389195.82,7.1785
3091,Plug,9.27,57.54,32.46,-64.02,58,245210.06,6.2051
3092,Sensor,11.73,24.55,29.34,-52.95,56,104014.16,2.0929
3093,Speaker,11.31,77.3,38.08,-54.97,7,332957.89,6.8373
3094,Speaker,17.16,50.99,40.49,-49.13,42,221557.36,2.9709
3095,Speaker,13.19,34.22,25.41,-55.16,24,147230.6,2.5943
3096,Plug,17.56,22.6,25.69,-52.88,49,94420.27,1.2871
3097,Speaker,21.3,42.13,29.89,-34.87,16,178956.32,1.9777
3098,Camera,17.99,36.49,43.43,-73.32,13,158539.61,2.0287
3099,Speaker,7.64,51.9,31.91,-39.8,21,223042.46,6.7959
3100,Plug,9.42,49.15,39.57,-52.84,60,213567.09,5.2152
3101,Camera,11.26,33.65,62.93,-33.95,9,146803.78,2.9879
3102,Camera,10.58,82.72,49.59,-67.9,40,357232.45,7.8181
3103,Plug,10.24,46.49,41.32,-67.63,48,199732.84,4.5383
3104,Camera,14.85,80.36,49.44,-37.34,30,346594.8,5.4117
3105,Plug,9.67,45.3,23.98,-53.76,56,194544.1,4.6858
3106,Sensor,8.9,76.29,42.87,-71.66,45,328743.38,8.5696
3107,Plug,14.71,13.54,47.03,-57.35,5,57756.22,0.9204
3108,Sensor,9.79,41.54,40.69,-51.09,31,176940.88,4.2409
3109,Speaker,7.88,18.56,28.52,-59.13,21,78784.0,2.3559
3110,Camera,15.36,34.83,56.97,-55.41,3,147377.24,2.2676
3111,Sensor,8.46,78.5,42.3,-77.15,27,337649.04,9.2744
3112,Light,,37.11,35.37,-61.31,49,158249.75,5.6657
3113,Camera,13.9,66.86,25.64,-45.36,31,289903.03,4.8097
3114,Camera,,65.09,46.92,-61.62,58,283376.07,5.9806
3115,Plug,10.64,51.76,25.97,-48.46,53,222610.17,4.8658
3116,Plug,12.43,63.07,38.84,-58.71,13,269081.82,5.0749
3117,Speaker,18.77,53.58,39.88,-57.78,59,231543.88,2.855
3118,Camera,13.55,48.29,30.47,-43.55,43,206325.91,3.5624
3119,Sensor,4.35,39.99,40.16,-85.98,17,172487.34,9.2009
3120,Light,16.04,87.01,30.95,-60.71,38,377363.23,5.4234
3121,Light,11.27,15.77,36.0,-83.75,16,69024.82,1.3994
3122,Plug,16.13,25.14,27.28,-75.6,2,109351.26,1.5586
3123,Speaker,12.2,43.08,41.56,-52.44,55,188349.39,3.5323
3124,Camera,,67.44,52.27,-49.13,13,290948.76,4.659
3125,Plug,2.24,54.74,48.12,-59.13,9,236746.92,24.4873
3126,Sensor,10.8,56.24,39.95,-53.17,9,240690.1,5.2102
3127,Speaker,6.32,65.8,42.79,-57.26,37,285237.09,10.4126
3128,Speaker,11.87,81.55,36.46,-48.3,33,352996.15,6.8702
3129,Camera,8.75,42.53,28.81,-59.45,18,184265.3,4.8578
3130,Plug,18.98,98.96,46.36,-74.15,30,430162.21,5.2143
3131,Plug,13.23,50.99,17.05,-70.24,4,223171.12,3.8544
3132,Speaker,10.63,48.39,25.18,-90.0,23,209923.91,4.5532
3133,Plug,14.32,50.57,41.83,-51.85,39,218726.91,3.5327
3134,Light,12.48,74.49,51.78,-61.3,1,323246.1,5.9699
3135,Plug,17.3,44.29,36.66,-58.01,39,191136.11,2.5592
3136,Camera,11.74,68.48,33.14,-81.02,38,294446.08,5.834
3137,Sensor,10.76,43.69,20.21,-55.85,1,189033.36,4.0598
3138,Camera,17.31,34.77,38.73,-51.87,46,148992.14,2.0089
3139,Light,16.66,34.24,38.62,-36.88,21,147193.72,2.0554
3140,Camera,17.58,46.73,62.47,-90.0,25,200128.76,2.6581
3141,Sensor,,73.68,47.2,-42.98,18,322286.49,4.8974
3142,Speaker,10.75,81.81,42.03,-67.58,52,351923.71,7.6131
3143,Light,12.21,66.99,19.11,-47.4,15,290185.95,5.4859
3144,Plug,9.18,30.08,29.38,-83.45,18,129700.31,3.278
3145,Sensor,11.95,45.12,34.39,-47.01,60,197900.42,3.7749
3146,Plug,10.82,93.31,33.2,-67.7,13,406040.83,8.6204
3147,Camera,14.61,78.22,25.1,-68.98,4,337653.56,5.3529
3148,Camera,7.87,63.52,48.85,-48.24,53,275022.45,8.0674
3149,Speaker,14.47,44.55,43.18,-56.23,13,194770.93,3.0787
3150,Plug,14.14,102.97,15.47,-67.72,39,441951.17,7.2845
3151,Camera,10.97,51.06,43.93,-55.21,52,219391.28,4.6559
3152,Camera,12.65,36.31,54.5,-46.76,37,156652.14,2.8714
3153,Camera,8.0,43.75,27.3,-56.47,16,188044.21,5.47
3154,Plug,15.57,48.98,49.19,-77.38,16,212233.54,3.1452
3155,Camera,12.98,83.05,42.15,-52.17,34,357864.63,6.3959
3156,Camera,14.96,56.03,49.58,-56.4,5,241303.38,3.7459
3157,Camera,7.95,70.64,43.0,-67.43,43,306369.23,8.8814
3158,Camera,13.3,45.17,47.86,-56.68,10,196700.74,3.3963
3159,Plug,14.16,44.45,44.56,-60.06,58,192487.56,3.1389
3160,Plug,8.14,52.88,15.8,-63.74,47,229240.72,6.4972
3161,Sensor,10.68,28.46,32.69,-50.77,17,120912.65,2.6659
3162,Sensor,7.28,109.0,30.34,-54.25,36,468592.49,14.9683
3163,Light,,82.23,45.71,-64.85,35,353613.96,8.7244
3164,Plug,12.56,76.75,40.76,-34.1,31,334343.69,6.1119
3165,Sensor,5.86,80.55,37.34,-50.97,17,344940.46,13.7478
3166,Light,7.28,43.2,58.77,-55.98,44,185422.94,5.9341
3167,Camera,20.18,99.84,27.52,-52.42,4,429670.17,4.9477
3168,Camera,12.5,26.97,36.32,-64.19,48,116992.44,2.1579
3169,Camera,16.34,54.85,42.76,-51.98,54,235795.15,3.3562
3170,Sensor,4.65,50.88,37.4,-80.94,25,219470.89,10.944
3171,Light,10.78,75.35,21.33,-54.37,52,326594.29,6.9911
3172,Camera,2.92,53.61,34.4,-56.51,16,230015.03,18.3545
3173,Camera,14.93,39.09,35.57,-63.84,5,170231.03,2.6185
3174,Camera,8.82,64.18,22.94,-80.03,49,275884.39,7.2757
3175,Sensor,19.38,93.34,35.8,-72.98,22,402978.65,4.8171
3176,Light,8.29,73.87,44.78,-35.09,2,319426.37,8.9088
3177,Camera,3.96,72.97,35.48,-78.47,5,314608.34,18.432
3178,Plug,14.21,28.54,45.16,-62.07,6,124071.81,2.0088
3179,Speaker,14.33,31.98,26.39,-52.45,59,138186.09,2.2313
3180,Speaker,16.69,79.7,27.85,-45.52,6,345267.66,4.7763
3181,Plug,14.13,74.26,30.85,-51.23,52,319329.66,5.254
3182,Sensor,20.09,38.47,39.01,-67.28,22,164040.54,1.9151
3183,Speaker,17.2,60.29,39.64,-49.51,17,260835.47,3.504
3184,Plug,9.82,36.63,43.18,-47.03,60,159992.74,3.7296
3185,Camera,8.96,60.74,28.97,-66.69,50,261957.55,6.7817
3186,Camera,17.14,62.4,35.4,-64.42,36,270479.56,3.6402
3187,Camera,13.48,35.06,47.18,-53.49,20,152138.84,2.6017
3188,Sensor,13.96,50.79,36.73,-59.3,41,218647.74,3.6386
3189,Camera,17.57,62.57,39.4,-90.0,11,268828.68,3.5609
3190,Light,11.28,20.78,42.28,-56.55,54,90306.44,1.8416
3191,Light,9.36,44.84,48.77,-62.08,33,193197.8,4.7896
3192,Camera,17.43,61.36,40.33,-52.23,41,264816.81,3.5211
3193,Plug,7.27,41.52,36.81,-70.05,34,177649.76,5.7072
3194,Plug,9.6,62.07,37.07,-44.63,56,266315.7,6.4641
3195,Light,5.75,28.58,47.55,-41.57,56,123895.87,4.9695
3196,Camera,18.84,54.33,59.49,-76.6,41,234521.5,2.8834
3197,Camera,10.49,70.51,39.27,-53.5,12,304149.8,6.7196
3198,Light,14.19,25.49,57.54,-51.57,43,108299.46,1.7967
3199,Speaker,18.15,33.08,56.0,-61.32,44,143982.67,1.8225
3200,Plug,8.25,71.99,39.64,-67.62,42,310465.01,8.7284
3201,Light,9.23,60.72,43.09,-65.42,24,258773.3,6.5808
3202,Plug,9.45,5.0,29.31,-51.21,57,22188.4,0.5289
3203,Speaker,17.76,75.84,49.12,-56.49,26,324630.83,4.2707
3204,Speaker,9.36,64.26,37.17,-71.04,18,277196.3,6.8682
3205,Speaker,11.42,68.62,42.09,-46.72,47,296594.24,6.0067
3206,Camera,12.7,36.36,44.52,-67.43,10,157627.04,2.8634
3207,Light,8.24,38.65,35.23,-69.99,42,167612.76,4.689
3208,Plug,13.11,68.78,43.17,-68.47,18,296741.29,5.248
3209,Light,16.87,40.59,43.21,-57.49,20,175489.93,2.4055
3210,Speaker,,56.94,25.56,-65.6,49,244898.14,3.6264
3211,Camera,16.44,26.84,52.83,-64.97,45,115089.59,1.6324
3212,Sensor,17.54,62.35,36.87,-40.09,23,269701.95,3.5542
3213,Camera,13.43,82.53,42.4,-64.73,48,354105.28,6.1429
3214,Sensor,10.25,36.79,24.32,-50.62,29,158640.72,3.5881
3215,Camera,12.42,66.76,43.84,-55.56,52,284071.32,5.3739
3216,Plug,19.08,40.49,42.55,-61.99,40,176285.54,2.1223
3217,Camera,13.88,98.84,31.89,-31.87,46,427150.12,7.1199
3218,Camera,4.62,59.91,41.91,-61.27,51,261090.98,12.9745
3219,Sensor,11.15,71.41,48.64,-47.69,49,309361.45,6.4067
3220,Speaker,11.44,61.7,33.29,-57.24,39,264018.67,5.3955
3221,Light,4.95,84.34,64.61,-45.11,24,365299.28,17.0345
3222,Sensor,10.78,63.19,45.33,-43.88,35,273603.2,5.8621
3223,Camera,,64.65,35.46,-55.23,5,280080.82,4.3037
3224,Camera,15.52,82.74,40.92,-72.47,48,358205.85,5.3316
3225,Camera,12.3,45.33,55.61,-51.68,8,197057.7,3.684
3226,Sensor,10.69,37.35,39.94,-65.94,16,162390.71,3.4953
3227,Plug,13.33,54.23,33.31,-39.85,12,233451.3,4.0681
3228,Camera,15.13,54.27,43.01,-54.78,47,236774.19,3.5879
3229,Plug,8.35,81.34,47.85,-89.91,47,348898.13,9.7415
3230,Camera,8.23,17.52,24.9,-55.68,58,75382.47,2.1278
3231,Speaker,8.96,62.19,50.4,-47.59,53,266754.07,6.9424
3232,Light,13.42,96.35,30.67,-60.25,57,417177.55,7.1775
3233,Speaker,12.54,63.29,46.78,-67.67,42,273142.5,5.0476
3234,Plug,15.52,99.68,48.04,-35.9,7,429664.63,6.423
3235,Camera,9.2,55.11,40.99,-67.41,30,239566.95,5.9882
3236,Sensor,15.07,36.62,43.56,-83.11,24,159591.07,2.4299
3237,Plug,16.12,,42.43,-60.36,26,24766.95,0.3103
3238,Light,,101.2,28.17,-66.62,25,437907.47,12.1989
3239,Speaker,14.45,31.84,33.54,-37.9,42,140039.47,2.2041
3240,Sensor,6.5,17.53,48.45,-57.27,1,74818.94,2.6976
3241,Plug,11.24,72.73,40.8,-50.82,54,315302.89,6.4713
3242,Light,8.71,5.0,43.9,-46.92,52,21517.08,0.5739
3243,Sensor,9.46,37.49,34.44,-75.22,13,163123.14,3.9625
3244,Camera,14.91,20.06,50.06,-52.45,50,88139.53,1.3459
3245,Plug,6.28,56.38,23.23,-45.26,36,245050.0,8.9809
3246,Plug,8.75,47.13,42.92,-54.01,19,205274.43,5.3846
3247,Plug,12.85,5.0,34.7,-47.23,23,23798.99,0.3893
3248,Sensor,16.16,50.86,59.47,-72.95,2,219418.68,3.1467
3249,Plug,7.65,50.86,49.08,-64.29,42,220484.45,6.6506
3250,Plug,11.0,64.35,44.25,-69.16,4,276158.59,5.8477
3251,Speaker,16.05,21.12,34.67,-80.53,37,91023.35,1.316
3252,Light,14.12,69.19,38.78,-40.37,5,301804.42,4.9013
3253,Camera,11.41,83.86,21.63,-75.29,21,365065.76,7.3471
3254,Speaker,10.19,71.42,29.38,-62.63,7,309570.06,7.0113
3255,Sensor,7.52,32.17,39.23,-59.01,49,140233.81,4.2787
3256,Plug,12.18,80.47,35.98,-60.76,14,350180.38,6.6051
3257,Sensor,7.87,90.04,40.9,-49.47,9,388949.95,11.4427
3258,Light,12.43,,38.26,-50.15,16,155156.48,2.8962
3259,Speaker,11.32,39.33,40.65,-47.71,22,166904.82,3.4739
3260,Camera,13.1,97.24,31.94,-70.77,21,420430.08,7.4244
3261,Camera,12.62,43.92,37.33,-67.94,47,191554.02,3.4802
3262,Camera,9.63,60.54,26.03,-67.88,47,261253.04,6.2871
3263,Camera,13.28,73.35,30.11,-35.52,30,315347.96,5.5246
3264,Light,14.68,89.61,37.45,-53.66,28,388348.42,6.1056
3265,Camera,9.62,20.91,37.14,-73.92,21,90216.07,2.1745
3266,Light,15.52,53.78,42.75,-50.94,14,233439.68,3.4642
3267,Light,13.42,71.58,53.12,-71.83,22,307823.82,5.3337
3268,Speaker,17.82,60.77,23.42,-57.73,32,261419.94,3.4093
3269,Camera,16.98,41.73,41.81,-61.12,24,179800.91,2.4579
3270,Plug,6.47,72.91,48.89,-71.3,44,313269.49,11.2606
3271,Light,15.95,34.98,57.85,-49.99,60,148707.29,2.1928
3272,Light,10.41,37.18,33.69,-61.66,49,159767.99,3.5703
3273,Sensor,8.35,38.76,40.93,-56.97,27,168439.05,4.6417
3274,Plug,13.63,62.57,22.67,-53.87,58,268149.9,4.5904
3275,Sensor,10.47,61.73,46.37,-49.38,34,266076.2,5.8958
3276,Speaker,,52.57,27.4,-80.53,6,225512.51,3.9325
3277,Light,6.16,79.41,35.93,-34.79,6,340898.04,12.8866
3278,Plug,6.75,59.52,47.78,-47.35,32,257578.25,8.8121
3279,Camera,15.26,60.51,29.5,-39.62,36,262991.87,3.9652
3280,Camera,,29.04,24.6,-64.4,42,125277.07,2.5466
3281,Light,11.38,60.8,33.01,-45.46,4,262597.8,5.3449
3282,Sensor,17.43,54.62,41.98,-40.84,50,235456.09,3.1342
3283,Light,8.48,86.07,37.68,-75.75,19,369368.41,10.151
3284,Plug,13.1,80.22,48.24,-63.32,5,348643.89,6.1249
3285,Camera,6.18,47.1,35.31,-57.95,48,206457.7,7.6192
3286,Camera,11.98,8.52,41.06,-50.3,55,36977.29,0.7114
3287,Sensor,11.44,20.73,26.41,-55.57,43,91628.57,1.8117
3288,Plug,13.47,77.4,21.56,-40.49,40,334475.34,5.7476
3289,Camera,8.86,48.43,47.95,-57.09,42,207901.03,5.4687
3290,Camera,15.56,54.46,37.62,-55.98,4,233850.08,3.4987
3291,Camera,5.79,40.77,27.33,-64.76,60,177551.71,7.0467
3292,Plug,8.14,67.93,36.48,-59.67,27,291103.17,8.3458
3293,Light,11.25,102.59,40.88,-78.05,58,443658.78,9.1192
3294,Plug,15.64,98.84,41.77,-64.86,38,425451.72,6.3216
3295,Camera,14.95,52.71,37.16,-63.53,9,229484.18,3.5257
3296,Camera,14.39,32.71,31.36,-63.85,39,140949.21,2.2732
3297,Speaker,15.97,32.84,26.2,-63.86,28,143250.33,2.0569
3298,Camera,15.76,29.41,26.83,-48.19,58,126907.99,1.8661
3299,Light,5.55,80.8,38.08,-54.69,45,349622.99,14.5509
3300,Speaker,11.44,70.5,47.07,-58.07,35,303309.88,6.1597
3301,Light,12.38,78.14,25.88,-61.81,19,337594.14,6.3127
3302,Plug,23.47,53.65,35.43,-61.91,6,232215.29,2.2863
3303,Plug,11.66,100.37,38.78,-45.95,56,433234.31,8.6098
3304,Speaker,11.85,63.91,27.06,-52.58,52,277988.87,5.3942
3305,Camera,11.63,67.96,63.3,-48.67,36,292093.84,5.8413
3306,Camera,17.46,67.56,40.56,-57.81,31,293577.07,3.8692
3307,Light,10.86,94.97,47.35,-73.39,51,410724.23,8.7467
3308,Sensor,,11.84,30.99,-48.41,45,51501.76,0.9954
3309,Plug,9.77,,38.25,-54.58,45,74049.23,1.6987
3310,Light,9.33,68.73,30.6,-74.35,53,297366.95,7.3641
3311,Plug,8.85,83.42,31.67,-60.41,5,361086.92,9.4309
3312,Plug,11.96,82.85,44.74,-49.19,53,356135.39,6.9263
3313,Light,12.06,68.47,46.66,-59.27,29,295622.08,5.6781
3314,Camera,19.5,29.48,34.06,-54.26,40,127038.42,1.5119
3315,Light,7.7,55.91,48.95,-63.85,35,243019.54,7.2648
3316,Camera,5.0,60.43,18.74,-49.6,24,260663.32,12.0912
3317,Speaker,5.72,57.81,29.68,-63.73,30,251327.95,10.1112
3318,Speaker,11.58,29.44,39.8,-57.65,55,126851.62,2.5425
3319,Plug,17.57,40.13,41.19,-74.88,32,170164.33,2.2842
3320,Speaker,15.57,54.56,25.79,-40.13,29,235744.51,3.5037
3321,Camera,17.13,89.47,31.68,-47.05,4,384199.05,5.2232
3322,Camera,3.89,47.06,48.91,-58.75,9,202421.03,12.0891
3323,Light,17.25,104.97,14.79,-47.17,1,451313.29,6.0871
3324,Speaker,3.9,54.12,52.97,-65.04,27,232247.23,13.8596
3325,Light,13.32,74.49,36.07,-58.03,58,320702.09,5.5922
3326,Camera,11.19,76.31,49.33,-53.62,24,328133.18,6.8223
3327,Plug,9.2,93.35,28.94,-58.94,11,400323.53,10.1466
3328,Light,9.81,44.68,42.25,-69.06,48,192618.73,4.5546
3329,Speaker,8.98,58.81,32.5,-59.96,34,254652.2,6.5493
3330,Light,9.14,72.2,32.88,-56.92,21,311601.79,7.9028
3331,Speaker,10.29,56.73,50.44,-71.99,58,247188.18,5.5123
3332,Light,15.66,41.04,38.36,-60.35,3,176261.5,2.6209
3333,Camera,11.32,71.69,39.6,-41.38,12,311520.56,6.3335
3334,Plug,4.88,43.11,44.14,-59.29,52,191202.11,8.8384
3335,Plug,20.55,62.13,37.58,-54.1,25,267607.39,3.0232
3336,Sensor,4.81,33.86,24.41,-64.07,1,147122.58,7.0324
3337,Light,11.79,92.64,36.86,-59.91,27,401751.76,7.8551
3338,Light,10.19,55.36,50.42,-48.58,30,238175.32,5.4341
3339,Speaker,13.23,83.54,35.14,-51.21,52,360116.95,6.3139
3340,Plug,14.77,56.76,44.86,-63.97,7,247059.2,3.8435
3341,Speaker,15.92,61.0,34.44,-57.18,57,263761.37,3.8312
3342,Light,15.03,21.25,35.48,-41.78,16,91130.43,1.4142
3343,Light,9.87,33.43,27.13,-50.17,12,143907.57,3.3875
3344,Camera,4.81,65.8,47.61,-50.77,25,283936.81,13.6794
3345,Speaker,7.08,54.77,40.36,-57.6,12,234953.67,7.7383
3346,Speaker,15.35,35.3,29.4,-52.04,42,152366.9,2.2991
3347,Speaker,16.37,72.36,53.08,-43.42,15,311419.06,4.4191
3348,Light,8.51,20.96,23.62,-51.67,31,92773.9,2.4631
3349,Speaker,19.17,42.19,34.61,-45.58,16,180724.25,2.201
3350,Sensor,21.25,64.95,33.89,-49.53,29,278195.27,3.0557
3351,Sensor,,73.12,29.23,-71.91,7,315278.94,4.9414
3352,Plug,10.2,59.18,38.97,-51.17,36,255979.05,5.7998
3353,Plug,14.17,45.02,48.19,-53.67,55,194542.3,3.1772
3354,Plug,16.82,42.9,28.27,-64.05,60,184785.87,2.55
3355,Speaker,10.93,34.91,38.57,-65.78,51,149980.74,3.1944
3356,Sensor,14.98,55.52,33.5,-65.85,57,241308.37,3.7064
3357,Camera,11.86,99.67,33.38,-49.09,28,428509.37,8.4016
3358,Plug,14.47,36.51,52.61,-70.44,1,157174.57,2.5224
3359,Plug,14.03,32.52,31.02,-58.06,26,138756.54,2.3174
3360,Sensor,8.91,67.47,26.58,-40.37,34,288956.42,7.5699
3361,Speaker,16.17,15.41,31.11,-58.72,53,65036.63,0.9533
3362,Plug,11.34,39.69,25.15,-40.77,28,173742.14,3.4995
3363,Camera,15.96,61.14,48.17,-50.3,2,263417.64,3.8305
3364,Light,13.54,105.1,32.99,-56.71,33,449968.19,7.7636
3365,Sensor,10.77,69.81,30.47,-62.25,30,302401.46,6.484
3366,Light,17.8,70.99,42.35,-71.13,29,308442.3,3.9888
3367,Light,12.62,47.76,51.77,-42.05,2,208427.24,3.7847
3368,Light,12.89,74.15,25.9,-48.11,3,322179.13,5.7504
3369,Camera,13.88,74.4,30.69,-55.73,58,319939.82,5.3619
3370,Light,15.31,54.62,33.99,-77.02,15,237194.16,3.5685
3371,Speaker,7.74,67.24,46.95,-75.89,10,290806.61,8.6885
3372,Camera,10.89,35.43,37.7,-64.66,6,154473.34,3.2523
3373,Speaker,14.64,61.05,21.72,-71.84,14,266516.09,4.1711
3374,Light,11.66,48.3,44.27,-47.05,49,209565.02,4.1428
3375,Light,10.17,62.49,49.04,-55.95,32,269118.2,6.1457
3376,Plug,9.58,68.04,30.52,-55.7,20,295127.45,7.1022
3377,Sensor,11.94,37.34,31.21,-75.8,11,163093.83,3.1268
3378,Light,18.57,48.58,51.02,-50.6,35,213133.5,2.6159
3379,Sensor,12.65,93.4,27.38,-51.44,36,403057.05,7.3858
3380,Sensor,11.87,32.82,46.69,-65.21,54,137319.35,2.7644
3381,Speaker,11.61,43.79,31.76,-49.1,17,188815.9,3.7725
3382,Camera,8.84,44.04,41.81,-43.83,8,188862.42,4.9803
3383,Plug,16.76,50.0,22.66,-41.31,35,215468.49,2.9837
3384,Camera,13.1,74.46,37.48,-31.67,58,321855.46,5.6841
3385,Sensor,13.06,5.0,45.02,-54.12,36,21965.92,0.3828
3386,Light,12.08,67.81,32.94,-78.86,45,293026.31,5.6143
3387,Speaker,10.97,61.08,56.73,-56.1,27,263468.05,5.5661
3388,Light,14.33,,40.36,-60.72,39,274490.23,4.4217
3389,Sensor,9.82,64.39,31.0,-31.74,9,277631.02,6.5541
3390,Camera,12.25,81.68,36.04,-57.1,39,355911.86,6.6699
3391,Camera,15.45,61.08,40.68,-70.52,18,264354.97,3.9525
3392,Light,9.93,61.24,21.36,-61.73,36,262419.93,6.1648
3393,Plug,14.62,42.92,44.76,-60.68,40,189692.7,2.9354
3394,Camera,13.71,55.52,37.44,-63.21,3,239124.48,4.0494
3395,Speaker,13.52,74.0,24.34,-44.49,13,319225.99,5.4746
3396,Speaker,14.85,47.75,48.22,-68.75,29,203885.15,3.2147
3397,Light,12.88,71.19,32.5,-66.59,55,309930.48,5.5253
3398,Speaker,11.58,65.57,25.35,-41.4,50,284756.95,5.6626
3399,Speaker,14.81,33.53,40.02,-63.32,6,146528.62,2.2632
3400,Plug,8.16,62.35,38.01,-71.87,9,268351.62,7.64
3401,Speaker,12.42,35.29,40.04,-51.27,45,152222.85,2.8411
3402,Sensor,10.11,34.05,31.13,-73.76,44,146754.87,3.3668
3403,Light,7.64,50.8,47.85,-63.87,40,221639.96,6.6514
3404,Plug,14.39,54.46,33.16,-64.73,38,233945.26,3.7851
3405,Plug,13.36,29.68,36.87,-60.21,19,129586.63,2.2214
3406,Light,12.11,23.51,42.77,-63.51,42,103653.16,1.9414
3407,Camera,9.22,24.27,40.16,-44.34,30,105114.0,2.6316
3408,Plug,2.32,75.56,35.5,-65.19,50,329998.34,32.6328
3409,Camera,21.02,62.94,31.13,-62.91,18,272773.72,2.9945
3410,Camera,9.49,78.79,38.58,-55.79,6,339939.6,8.3066
3411,Plug,13.18,45.24,35.34,-55.93,59,195337.24,3.4339
3412,Plug,16.6,58.07,47.37,-55.02,9,252362.97,3.4989
3413,Light,7.96,81.15,24.19,-49.88,3,350936.79,10.1886
3414,Camera,14.52,41.38,43.89,-51.97,35,179462.41,2.8501
3415,Light,10.27,45.99,31.86,-54.68,25,197824.76,4.4792
3416,Plug,12.42,101.43,45.92,-50.09,32,438142.67,8.1663
3417,Camera,11.76,46.02,43.89,-56.52,22,195523.82,3.9125
3418,Plug,11.29,77.75,36.4,-60.63,11,335266.14,6.8866
3419,Light,11.34,,37.04,-54.74,19,308754.71,6.288
3420,Sensor,15.77,57.28,35.83,-64.83,46,250150.31,3.6326
3421,Speaker,13.92,58.7,36.12,-59.41,40,251614.69,4.2182
3422,Speaker,13.26,58.55,38.51,-55.81,39,254112.15,4.4166
3423,Plug,20.96,64.53,41.53,-62.79,28,278168.58,3.0786
3424,Camera,15.2,40.93,37.92,-30.69,13,175913.38,2.6921
3425,Camera,13.05,62.49,32.71,-76.73,4,270063.47,4.7905
3426,Light,13.78,63.02,32.15,-66.91,54,273201.58,4.5726
3427,Camera,21.51,59.19,40.48,-73.58,15,255767.94,2.752
3428,Sensor,6.97,27.96,40.42,-33.38,29,118380.61,4.0096
3429,Speaker,14.2,40.28,55.22,-56.51,8,173585.27,2.8362
3430,Speaker,11.44,,48.43,-55.33,28,201263.49,4.075
3431,Camera,16.37,46.27,46.31,-52.76,7,202300.26,2.8263
3432,Camera,12.42,57.25,45.2,-58.34,15,248091.93,4.6113
3433,Camera,8.48,31.01,41.24,-42.89,45,133092.01,3.6591
3434,Camera,11.22,65.81,36.62,-60.5,7,285777.89,5.8632
3435,Light,7.7,50.78,44.76,-49.81,3,220233.83,6.5986
3436,Speaker,,70.88,30.33,-53.31,33,305661.32,5.5494
3437,Camera,3.26,40.64,41.24,-58.77,57,176823.78,12.4603
3438,Light,13.29,79.03,20.1,-61.08,1,343879.5,5.9448
3439,Camera,7.52,30.34,42.8,-55.13,2,131048.02,4.0318
3440,Sensor,17.53,68.66,34.76,-40.54,32,295824.31,3.9167
3441,Camera,19.67,59.67,46.3,-61.86,57,257222.39,3.0343
3442,Sensor,5.76,71.17,27.92,-66.03,3,305135.73,12.3501
3443,Sensor,3.16,70.55,42.65,-57.15,31,307626.26,22.3335
3444,Plug,9.96,45.37,41.34,-59.01,28,195918.02,4.5551
3445,Plug,,51.11,35.73,-35.42,43,221967.9,3.6326
3446,Camera,19.89,73.56,50.35,-54.04,3,317860.87,3.6976
3447,Camera,13.35,42.67,29.11,-64.08,27,183143.1,3.1961
3448,Camera,7.99,49.0,48.22,-64.54,4,212637.58,6.1303
3449,Speaker,12.2,83.63,30.22,-66.03,56,361504.74,6.8571
3450,Light,9.81,47.83,28.74,-55.99,55,202773.57,4.8755
3451,Camera,9.54,48.88,36.02,-61.53,51,212434.04,5.1239
3452,Plug,10.19,58.72,34.56,-46.63,22,253809.87,5.7609
3453,Plug,11.88,70.37,36.66,-48.56,36,306967.59,5.9255
3454,Speaker,13.63,39.37,44.17,-55.96,15,168502.65,2.8887
3455,Light,13.7,108.64,36.35,-70.89,54,467580.55,7.9288
3456,Camera,11.98,6.98,38.25,-81.99,52,29140.0,0.5826
3457,Camera,15.62,54.82,36.81,-64.43,39,236084.54,3.5087
3458,Plug,11.09,42.98,38.44,-49.92,23,185182.54,3.8758
3459,Plug,16.68,60.13,57.22,-67.24,2,259723.19,3.6057
3460,Plug,15.21,80.32,40.12,-65.85,24,347519.88,5.2793
3461,Plug,10.49,35.76,47.78,-71.51,38,155413.47,3.4082
3462,Plug,10.63,70.62,55.33,-37.5,5,302469.68,6.6417
3463,Sensor,9.12,59.39,34.61,-68.59,31,255295.44,6.5112
3464,Light,16.24,40.92,47.0,-51.16,56,177489.51,2.519
3465,Speaker,14.36,52.6,48.42,-56.63,42,228090.6,3.6623
3466,Camera,10.43,57.41,41.27,-50.48,27,249097.45,5.5068
3467,Speaker,9.66,27.65,39.7,-76.12,16,116979.31,2.8638
3468,Sensor,17.81,53.67,54.09,-77.13,51,229522.21,3.0134
3469,Camera,13.28,66.28,41.51,-53.77,39,287699.23,4.9911
3470,Plug,11.29,24.45,32.13,-48.27,28,106322.18,2.166
3471,Camera,4.14,29.72,51.14,-63.27,15,131941.0,7.1701
3472,Plug,10.65,82.27,48.67,-52.3,43,352912.88,7.7218
3473,Sensor,13.57,50.27,43.46,-61.15,51,218507.55,3.7035
3474,Light,11.7,11.88,42.02,-58.6,60,50207.98,1.0152
3475,Light,7.05,68.65,38.82,-71.61,6,294302.93,9.7312
3476,Light,8.8,46.44,39.73,-69.05,53,198908.33,5.2775
3477,Plug,7.63,84.23,29.31,-62.95,10,364675.44,11.0415
3478,Camera,13.5,49.33,33.84,-67.55,37,213719.97,3.6555
3479,Camera,6.15,105.55,26.12,-69.0,13,455425.5,17.1582
3480,Light,13.08,55.19,48.1,-64.77,46,239796.99,4.2195
3481,Camera,9.74,73.97,35.17,-59.5,44,318345.55,7.5949
3482,Camera,8.97,58.68,39.21,-30.56,46,252353.21,6.5394
3483,Plug,10.83,34.47,35.37,-74.0,36,148424.78,3.1829
3484,Plug,8.81,,28.51,-47.23,46,48135.85,1.2937
3485,Plug,9.0,36.99,45.23,-37.07,41,157720.09,4.1088
3486,Plug,13.91,53.24,34.76,-72.68,50,231070.26,3.8263
3487,Plug,12.04,31.51,29.44,-89.77,51,135657.5,2.617
3488,Plug,7.12,65.03,58.51,-64.61,3,280714.87,9.1287
3489,Camera,9.9,44.82,36.02,-44.83,50,196186.04,4.525
3490,Camera,13.77,5.97,17.08,-55.22,54,25688.88,0.4334
3491,Light,13.01,73.61,35.63,-59.5,26,317909.01,5.6588
3492,Light,7.09,68.79,20.43,-47.64,56,297403.12,9.7054
3493,Speaker,19.38,67.15,24.92,-68.55,2,290653.43,3.4658
3494,Speaker,10.6,67.27,35.37,-41.59,3,292832.77,6.3479
3495,Sensor,11.42,57.48,22.95,-67.82,21,247431.19,5.0342
3496,Sensor,10.84,52.25,30.77,-42.29,12,227375.62,4.8205
3497,Sensor,11.51,52.8,34.83,-64.52,23,231354.9,4.5863
3498,Light,11.99,24.11,41.99,-66.67,53,103254.12,2.0107
3499,Sensor,15.83,51.11,28.4,-57.07,6,219933.0,3.2277
3500,Plug,11.68,60.23,30.69,-84.44,29,259624.92,5.1569
3501,Speaker,14.86,80.17,29.86,-43.05,33,344860.16,5.3942
3502,Sensor,,64.5,40.12,-63.32,54,280018.15,7.593
3503,Camera,10.74,100.32,37.94,-47.2,4,437472.08,9.3455
3504,Plug,7.26,31.67,43.62,-80.36,22,137303.38,4.3657
3505,Light,17.62,5.0,42.35,-44.98,23,20864.36,0.2838
3506,Camera,17.31,29.31,27.32,-61.2,40,123787.8,1.6935
3507,Camera,12.8,102.79,41.56,-78.63,28,445400.61,8.0317
3508,Speaker,5.47,58.43,33.75,-48.55,30,251183.44,10.6818
3509,Light,17.22,52.86,19.93,-46.98,36,230972.27,3.0695
3510,Sensor,8.72,38.23,37.15,-64.9,24,163524.45,4.3858
3511,Plug,9.52,37.84,41.42,-45.13,23,163479.88,3.9725
3512,Plug,11.02,40.2,33.21,-65.17,11,173971.34,3.6472
3513,Light,7.34,55.64,38.65,-68.48,22,239641.06,7.5799
3514,Plug,,45.8,37.05,-80.34,39,196501.7,7.2548
3515,Sensor,8.64,36.2,39.13,-51.66,26,157432.16,4.1923
3516,Light,11.01,49.19,40.41,-65.58,48,214418.53,4.4662
3517,Camera,13.02,30.34,45.64,-57.17,54,130039.74,2.3303
3518,Camera,16.98,80.25,37.66,-68.88,17,348820.18,4.7252
3519,Camera,16.26,38.01,33.69,-90.0,25,164629.65,2.3382
3520,Sensor,22.28,103.76,36.99,-77.83,44,447368.32,4.6563
3521,Light,10.86,67.47,47.77,-62.71,3,291452.06,6.2099
3522,Light,14.13,40.49,23.88,-35.79,20,175746.62,2.8655
3523,Camera,8.03,43.95,54.28,-46.61,18,191558.72,5.4708
3524,Sensor,19.63,39.49,37.9,-52.08,31,168690.84,2.0114
3525,Plug,12.38,29.26,30.69,-73.88,6,124855.24,2.3636
3526,Light,10.57,22.57,45.38,-62.32,53,95416.24,2.1352
3527,Speaker,17.19,,35.3,-42.92,54,189625.4,2.5555
3528,Sensor,6.54,46.29,42.95,-66.04,20,197538.3,7.0828
3529,Sensor,11.71,92.46,53.46,-60.65,59,398397.33,7.8953
3530,Plug,14.48,91.01,33.88,-61.33,29,392339.49,6.283
3531,Sensor,16.14,53.07,40.54,-50.87,9,228136.46,3.2879
3532,Light,6.08,90.7,28.48,-53.35,54,391690.67,14.908
3533,Light,12.36,,30.52,-50.95,40,208992.14,3.9463
3534,Camera,7.96,70.78,50.17,-53.81,39,307254.89,8.8943
3535,Camera,11.94,70.22,30.89,-64.26,48,302857.59,5.8815
3536,Light,11.69,53.16,42.84,-33.36,36,231895.12,4.5497
3537,Camera,10.51,55.98,15.92,-54.47,48,241080.18,5.3254
3538,Plug,13.79,56.43,36.47,-44.79,23,243738.66,4.0911
3539,Plug,16.68,55.72,47.91,-36.02,3,243950.08,3.3403
3540,Sensor,9.5,11.03,32.32,-74.82,58,49102.83,1.1611
3541,Plug,15.17,21.83,43.19,-72.43,44,95200.97,1.439
3542,Speaker,16.8,58.66,40.24,-79.94,32,250097.2,3.4925
3543,Sensor,12.17,42.89,38.07,-51.3,9,184862.36,3.5253
3544,Sensor,4.03,52.49,20.29,-59.77,52,224785.73,13.028
3545,Light,8.66,77.19,51.61,-53.44,47,333516.12,8.9127
3546,Plug,14.38,31.94,40.37,-76.85,51,137743.74,2.2217
3547,Speaker,9.85,82.21,38.64,-61.1,11,355753.25,8.3506
3548,Speaker,11.25,54.39,39.41,-80.53,18,234379.21,4.8342
3549,Plug,16.36,30.57,50.85,-55.94,51,133964.43,1.8689
3550,Plug,16.13,54.1,47.59,-74.9,30,230214.37,3.3548
3551,Plug,11.72,74.94,26.97,-73.61,4,322000.87,6.3969
3552,Light,10.55,51.07,42.49,-63.37,17,220374.14,4.8394
3553,Light,12.69,16.66,32.01,-83.33,41,72021.08,1.3129
3554,Plug,18.21,29.46,28.29,-55.29,20,127113.29,1.6179
3555,Camera,10.03,54.26,32.28,-49.83,50,234051.3,5.4073
3556,Light,14.95,70.78,32.38,-68.05,20,305906.31,4.7358
3557,Camera,14.91,103.93,43.32,-62.32,37,448304.33,6.9718
3558,Sensor,15.71,50.45,34.66,-78.38,21,216488.93,3.2115
3559,Light,14.73,84.03,33.81,-64.39,10,363452.13,5.7048
3560,Sensor,14.98,17.59,30.01,-55.77,20,75451.38,1.1742
3561,Sensor,17.35,72.75,37.35,-41.92,24,313515.45,4.193
3562,Plug,8.59,71.93,38.41,-25.0,18,310665.08,8.3768
3563,Light,9.32,30.38,44.13,-61.4,33,132371.82,3.2613
3564,Plug,15.3,54.18,21.87,-74.24,44,235270.43,3.5421
3565,Camera,18.69,41.43,39.73,-56.28,3,178631.62,2.2161
3566,Plug,11.29,43.73,61.99,-56.63,48,191526.51,3.8717
3567,Plug,6.78,63.56,24.94,-45.6,57,274126.85,9.3755
3568,Light,7.44,72.65,46.86,-66.32,16,315290.57,9.7699
3569,Camera,12.22,38.51,48.61,-55.07,1,166948.7,3.1517
3570,Camera,9.51,37.61,47.77,-35.03,1,163831.36,3.9538
3571,Plug,10.68,30.0,37.3,-70.09,33,127741.24,2.8086
3572,Light,15.5,78.93,32.27,-77.72,41,342730.33,5.0912
3573,Light,14.87,54.65,50.27,-65.47,21,236083.01,3.6747
3574,Plug,11.41,79.56,51.62,-55.01,24,346992.59,6.9743
3575,Sensor,13.51,48.57,45.27,-49.8,48,209554.37,3.5945
3576,Light,11.83,86.46,15.65,-48.66,35,373871.42,7.307
3577,Plug,10.42,39.13,15.21,-49.08,18,169762.43,3.7566
3578,Plug,19.32,92.26,8.0,-58.98,48,397995.6,4.7759
3579,Light,6.47,75.44,51.61,-42.91,27,325923.96,11.6573
3580,Camera,6.24,50.47,24.96,-60.58,57,217179.1,8.0939
3581,Sensor,9.54,82.92,45.62,-51.26,29,356867.78,8.6908
3582,Plug,6.59,47.35,40.18,-62.25,8,206688.43,7.1855
3583,Plug,10.93,83.55,29.32,-78.6,20,361049.38,7.6439
3584,Camera,20.02,87.87,38.51,-75.5,9,379973.25,4.3901
3585,Speaker,15.4,62.97,29.9,-42.59,49,271840.62,4.0898
3586,Sensor,15.38,18.16,48.33,-78.71,10,78243.8,1.1805
3587,Sensor,12.78,61.85,35.42,-44.06,56,267419.67,4.8398
3588,Speaker,5.63,64.94,31.42,-71.22,57,279406.46,11.5272
3589,Light,4.01,41.13,34.75,-50.72,39,178117.14,10.2599
3590,Light,15.79,49.02,32.53,-60.41,38,212911.19,3.1041
3591,Sensor,9.86,27.46,36.0,-59.73,57,117337.03,2.7845
3592,Speaker,10.1,57.75,41.97,-59.71,57,248856.6,5.7152
3593,Plug,11.67,82.35,40.35,-59.1,29,355865.56,7.0553
3594,Sensor,6.45,5.0,33.89,-55.86,24,21968.81,0.7757
3595,Plug,10.16,53.39,60.03,-48.94,18,234474.38,5.2567
3596,Camera,8.04,73.15,27.26,-62.33,4,316939.35,9.0958
3597,Camera,14.97,59.15,55.48,-65.86,48,255456.45,3.9522
3598,Speaker,16.92,63.63,35.67,-79.42,26,273401.52,3.7616
3599,Sensor,18.31,89.61,29.41,-42.31,9,387508.55,4.8953
3600,Sensor,11.24,47.71,34.56,-58.42,16,206148.44,4.2463
3601,Light,9.97,34.89,42.27,-74.47,29,151326.66,3.498
3602,Plug,19.25,55.91,32.39,-72.36,41,238767.22,2.9038
3603,Plug,15.37,39.98,33.01,-65.82,13,173318.17,2.6007
3604,Speaker,13.39,57.27,44.68,-72.75,12,245088.86,4.2771
3605,Light,14.88,69.24,47.96,-55.46,36,299873.96,4.6524
3606,Sensor,10.93,57.18,39.24,-39.79,5,244820.51,5.2308
3607,Light,13.63,69.45,35.45,-61.41,4,301104.85,5.0943
3608,Light,22.49,17.68,28.34,-45.86,15,74109.71,0.7864
3609,Speaker,18.93,60.72,30.26,-58.08,30,263283.57,3.2069
3610,Sensor,12.08,70.43,36.32,-70.35,12,304197.07,5.8287
3611,Camera,13.74,68.43,50.55,-55.84,6,295175.31,4.9789
3612,Plug,10.89,97.82,44.44,-43.93,37,422506.4,8.9794
3613,Sensor,11.69,25.29,34.6,-75.81,29,111450.31,2.1623
3614,Speaker,12.95,44.35,48.9,-72.84,14,192595.52,3.4231
3615,Plug,10.91,19.09,41.39,-40.61,7,80847.46,1.7489
3616,Light,17.05,82.19,47.44,-48.58,37,355313.63,4.8197
3617,Light,11.39,75.77,26.67,-65.15,16,325869.46,6.6536
3618,Light,11.06,71.34,41.88,-46.64,17,308141.33,6.4496
3619,Light,8.51,81.79,31.05,-46.65,17,352070.29,9.616
3620,Light,11.77,99.81,46.52,-32.39,40,429074.91,8.4825
3621,Speaker,6.1,128.1,26.12,-62.35,16,554313.12,21.0115
3622,Sensor,8.3,53.75,52.46,-56.01,18,231180.6,6.4766
3623,Sensor,19.34,54.18,41.59,-54.41,51,236380.37,2.8012
3624,Light,11.76,38.36,47.39,-50.07,54,163462.21,3.2603
3625,Plug,13.74,47.13,38.12,-64.12,55,204089.82,3.4295
3626,Light,12.74,60.63,47.63,-75.51,43,263839.72,4.7596
3627,Light,7.34,38.77,37.12,-69.3,7,166357.79,5.2824
3628,Camera,9.44,53.65,36.99,-62.81,54,231058.06,5.6841
3629,Light,10.41,71.22,50.89,-56.5,35,305667.87,6.8426
3630,Speaker,7.22,81.47,49.43,-57.73,19,350300.86,11.2826
3631,Camera,12.35,43.07,38.91,-55.72,4,188082.42,3.4891
3632,Plug,8.83,46.78,35.3,-57.66,25,203435.54,5.3001
3633,Plug,12.31,88.93,35.59,-46.07,38,383813.78,7.2231
3634,Light,15.21,51.35,43.0,-41.37,16,221993.2,3.3757
3635,Light,14.94,39.33,36.88,-66.16,33,171191.48,2.6323
3636,Light,13.81,53.06,41.91,-32.98,42,230728.99,3.8416
3637,Light,7.79,37.73,33.65,-60.63,51,162635.94,4.8403
3638,Light,6.16,42.1,44.67,-49.36,56,182549.88,6.8325
3639,Light,11.69,84.21,45.52,-71.25,40,363412.52,7.2059
3640,Camera,12.57,47.78,35.25,-44.32,30,203898.91,3.8015
3641,Speaker,13.33,25.09,46.42,-61.23,30,109584.25,1.8817
3642,Sensor,6.17,44.42,31.43,-59.33,57,189171.5,7.2019
3643,Camera,16.94,63.52,37.24,-79.03,19,274985.65,3.7496
3644,Sensor,16.07,59.34,34.01,-60.57,18,255241.95,3.6926
3645,Light,7.96,81.53,50.37,-27.76,12,352432.27,10.2441
3646,Camera,12.07,58.94,42.9,-65.87,48,255605.16,4.8817
3647,Light,10.28,64.85,49.22,-71.4,41,277140.5,6.3061
3648,Sensor,8.17,76.42,47.77,-76.27,7,327141.26,9.3569
3649,Light,12.07,64.9,47.33,-77.69,10,280895.13,5.3779
3650,Plug,10.77,78.6,38.65,-53.67,29,338265.13,7.2982
3651,Plug,13.43,40.51,29.8,-65.96,22,173286.19,3.0159
3652,Camera,15.39,46.67,47.21,-64.42,10,200916.32,3.0328
3653,Plug,18.66,52.38,24.12,-57.69,44,227229.76,2.8072
3654,Plug,11.66,30.57,39.84,-57.22,4,133200.12,2.6223
3655,Camera,13.87,92.65,36.09,-63.13,42,396731.8,6.6802
3656,Sensor,10.2,54.87,35.36,-65.63,53,236583.96,5.3812
3657,Light,23.63,56.67,23.3,-51.99,37,244026.11,2.3982
3658,Plug,11.24,101.46,48.06,-61.89,16,437079.37,9.0224
3659,Camera,14.34,47.1,21.12,-46.9,22,201177.68,3.2838
3660,Camera,16.75,57.18,52.84,-49.5,5,243049.53,3.4134
3661,Plug,13.76,56.55,35.99,-44.77,37,244705.38,4.1086
3662,Camera,12.44,30.02,44.29,-74.68,44,130607.95,2.4136
3663,Speaker,3.62,103.59,31.62,-61.03,60,446380.59,28.6127
3664,Plug,14.36,37.48,37.86,-56.05,53,164354.28,2.6099
3665,Camera,10.92,61.99,30.08,-65.73,22,269239.37,5.6779
3666,Plug,6.38,35.8,40.54,-69.12,49,154889.06,5.6137
3667,Camera,15.79,39.31,38.17,-66.12,18,167329.75,2.4888
3668,Light,11.06,48.72,52.26,-49.11,28,208898.36,4.4049
3669,Plug,17.09,60.27,42.33,-73.67,20,261345.52,3.5271
3670,Sensor,6.38,58.68,29.42,-44.14,8,253220.97,9.1915
3671,Plug,14.45,79.25,36.12,-75.96,34,344146.89,5.4845
3672,Sensor,10.97,94.34,32.95,-61.17,2,405879.86,8.5992
3673,Light,12.53,67.28,30.12,-55.59,4,293909.85,5.3697
3674,Plug,6.89,40.2,35.28,-65.0,6,172776.13,5.8379
3675,Sensor,12.49,58.81,37.37,-54.12,32,258384.13,4.7094
3676,Plug,12.91,43.72,42.64,-54.47,7,189322.05,3.3864
3677,Speaker,8.43,,58.43,-70.1,10,379324.56,10.3192
3678,Light,10.58,57.73,50.3,-44.19,60,248595.5,5.4581
3679,Light,15.5,7.64,42.54,-53.79,47,31643.32,0.4931
3680,Speaker,,65.51,44.0,-39.42,6,283109.36,4.2595
3681,Plug,9.12,62.59,41.35,-48.65,9,272843.44,6.8636
3682,Speaker,11.64,77.55,37.93,-50.36,41,333762.5,6.6641
3683,Light,13.72,5.0,50.21,-80.08,37,21548.68,0.3645
3684,Camera,10.64,9.12,28.29,-48.13,18,38249.76,0.8572
3685,Light,13.1,34.09,44.0,-55.13,37,146596.0,2.6029
3686,Plug,6.22,78.15,59.55,-64.43,41,336153.55,12.5582
3687,Light,10.36,79.64,35.83,-52.75,18,341918.51,7.6871
3688,Plug,18.74,26.74,30.35,-41.08,53,114486.37,1.4266
3689,Camera,14.16,63.3,34.67,-55.47,4,275572.59,4.4711
3690,Camera,7.83,101.91,42.86,-56.28,7,442805.12,13.0157
3691,Camera,8.81,45.58,28.43,-64.1,9,196841.24,5.1718
3692,Speaker,11.38,27.14,21.37,-56.63,53,116004.69,2.3842
3693,Camera,14.8,54.63,31.15,-62.93,48,239449.05,3.6925
3694,Plug,15.21,71.7,15.96,-64.78,7,309413.9,4.7126
3695,Light,15.37,84.17,21.56,-63.07,51,365204.64,5.4768
3696,Speaker,9.88,51.31,46.21,-54.17,54,223578.53,5.1913
3697,Light,10.88,68.16,30.7,-82.75,58,293754.16,6.267
3698,Speaker,14.76,64.69,44.88,-66.1,39,277399.87,4.3837
3699,Sensor,15.69,15.83,36.77,-61.55,37,70040.98,1.0086
3700,Speaker,7.63,75.38,35.95,-47.27,15,326463.12,9.8783
3701,Plug,12.98,39.76,37.74,-73.44,46,169409.84,3.0632
3702,Plug,17.25,50.27,24.0,-56.7,52,218150.75,2.9132
3703,Plug,8.92,40.58,36.72,-61.97,28,173681.16,4.5508
3704,Plug,11.66,51.33,31.13,-62.95,8,221519.46,4.4028
3705,Camera,11.14,62.82,45.09,-44.27,8,269589.11,5.6371
3706,Plug,8.97,34.12,36.82,-64.65,53,146773.15,3.8048
3707,Speaker,12.0,47.73,29.04,-30.3,35,205986.72,3.9788
3708,Speaker,8.43,38.76,52.76,-37.73,58,166695.15,4.597
3709,Light,6.33,70.83,36.91,-50.02,19,306080.72,11.1838
3710,Plug,10.71,88.54,28.11,-46.82,4,382497.31,8.2647
3711,Light,17.25,27.43,24.94,-53.8,48,117985.6,1.5898
3712,Sensor,16.84,17.59,52.34,-60.8,35,77461.04,1.0445
3713,Camera,13.09,29.08,42.7,-57.09,20,125954.04,2.2211
3714,Camera,12.92,46.01,27.56,-42.54,46,199368.17,3.5625
3715,Speaker,10.71,31.76,40.29,-53.89,20,138515.76,2.9668
3716,Camera,10.64,57.97,29.61,-60.41,10,249833.95,5.4463
3717,Speaker,12.12,47.38,33.21,-46.46,48,206072.61,3.9097
3718,Light,7.28,26.99,34.25,-58.09,1,117541.41,3.7072
3719,Speaker,10.87,15.8,43.93,-51.43,21,68249.68,1.4532
3720,Light,12.57,,36.76,-41.45,53,193645.81,3.5657
3721,Plug,13.61,77.68,48.37,-66.24,5,334289.15,5.7074
3722,Speaker,11.62,33.58,24.45,-47.29,52,144454.18,2.8885
3723,Sensor,13.3,64.07,32.12,-43.17,49,279708.56,4.8172
3724,Speaker,7.12,73.68,47.65,-50.7,49,318648.21,10.3527
3725,Camera,9.7,46.31,31.07,-66.21,12,200162.67,4.7742
3726,Sensor,15.42,38.37,42.81,-62.9,19,165696.26,2.4885
3727,Plug,4.39,54.21,29.13,-82.41,24,235129.89,12.3417
3728,Speaker,11.13,52.71,30.84,-51.69,3,225173.13,4.7368
3729,Sensor,11.48,37.02,40.01,-35.99,30,163299.22,3.2246
3730,Light,8.82,76.7,32.52,-68.63,34,332212.25,8.6993
3731,Light,7.98,55.94,44.18,-66.0,51,243128.49,7.0096
3732,Camera,16.36,40.49,52.34,-65.44,6,173521.61,2.4748
3733,Plug,11.32,68.0,29.44,-62.79,40,294135.61,6.0093
3734,Speaker,15.25,77.0,27.15,-55.33,60,332419.91,5.0502
3735,Sensor,17.6,100.27,51.13,-61.23,15,434573.03,5.6984
3736,Sensor,6.98,51.24,44.08,-56.88,5,220705.21,7.3394
3737,Light,5.88,74.17,39.33,-51.01,6,320527.03,12.6239
3738,Sensor,8.8,53.08,30.66,-45.16,35,228288.57,6.032
3739,Light,16.25,13.69,47.7,-32.69,51,58733.99,0.8425
3740,Camera,11.62,116.09,29.79,-38.01,10,501258.67,9.9917
3741,Speaker,7.8,56.77,28.39,-61.97,27,244761.92,7.2765
3742,Camera,16.07,40.23,38.29,-59.53,39,171288.37,2.5043
3743,Camera,11.81,18.77,46.1,-74.42,11,79342.68,1.5891
3744,Light,12.86,49.57,41.45,-59.27,25,212275.67,3.8556
3745,Plug,13.03,73.67,32.32,-52.24,16,319044.45,5.6529
3746,Light,13.07,46.36,28.55,-53.12,31,200875.06,3.5476
3747,Camera,,8.03,39.58,-81.82,41,34356.72,0.519
3748,Light,11.49,62.14,31.24,-71.41,56,269419.7,5.4086
3749,Light,12.84,22.83,35.92,-55.96,4,97697.03,1.7781
3750,Speaker,12.37,45.0,38.17,-41.69,51,193664.22,3.6386
3751,Sensor,17.19,44.84,40.08,-57.63,45,194844.07,2.6075
3752,Speaker,13.95,103.56,42.87,-65.48,60,449673.24,7.4215
3753,Light,12.98,50.24,41.25,-64.78,25,216570.46,3.8708
3754,Sensor,19.42,40.31,46.06,-62.18,55,174143.91,2.0763
3755,Light,10.26,60.43,35.7,-53.35,8,261044.2,5.8929
3756,Camera,15.95,47.04,38.33,-71.49,48,202049.14,2.9497
3757,Plug,10.3,19.16,19.45,-43.84,50,83736.96,1.8612
3758,Sensor,10.09,76.28,41.95,-44.4,10,329246.19,7.5622
3759,Speaker,15.45,76.1,46.91,-44.85,45,329036.66,4.9267
3760,Plug,11.59,60.86,40.38,-55.89,23,261969.68,5.2526
3761,Plug,21.85,25.87,20.2,-48.33,46,112986.44,1.1836
3762,Camera,12.39,37.05,42.53,-61.33,36,158533.87,2.989
3763,Light,10.48,44.6,37.56,-54.1,29,190744.89,4.2543
3764,Light,12.01,43.91,37.97,-25.0,12,191376.33,3.6551
3765,Plug,12.66,57.22,46.78,-58.24,30,247845.95,4.5213
3766,Plug,1.59,46.93,14.58,-53.16,34,204594.61,29.5062
3767,Light,13.75,35.56,50.97,-60.0,46,155683.39,2.5855
3768,Camera,7.92,89.21,30.42,-60.39,42,384117.29,11.2575
3769,Camera,11.81,52.32,32.68,-55.76,46,224468.36,4.4293
3770,Light,12.65,41.4,30.55,-70.82,34,177395.95,3.2726
3771,Plug,11.61,95.56,48.51,-54.87,48,413672.0,8.232
3772,Plug,15.23,89.71,42.83,-70.9,57,388887.1,5.8908
3773,Sensor,13.57,16.71,37.82,-48.48,19,70435.85,1.2315
3774,Sensor,16.11,53.11,33.14,-47.53,50,228234.83,3.2959
3775,Light,12.38,42.65,49.77,-51.9,33,184446.5,3.4439
3776,Plug,10.16,83.67,31.14,-70.25,39,362412.0,8.2337
3777,Speaker,15.95,44.54,21.03,-60.85,43,191910.36,2.792
3778,Camera,15.08,74.03,43.28,-76.54,44,320776.29,4.91
3779,Sensor,16.15,54.84,58.7,-46.31,18,233895.52,3.3954
3780,Light,13.45,38.63,55.59,-64.33,28,166635.18,2.8715
3781,Plug,5.19,59.52,52.8,-75.21,22,259136.08,11.4744
3782,Plug,11.44,69.86,20.31,-60.55,20,301255.77,6.1065
3783,Camera,13.48,55.34,19.96,-51.62,10,237807.53,4.1038
3784,Camera,8.44,78.12,23.37,-78.83,4,337583.06,9.2588
3785,Sensor,18.01,68.23,46.94,-68.68,17,293358.67,3.7892
3786,Plug,12.7,36.16,21.17,-42.87,46,156072.87,2.8469
3787,Sensor,10.56,47.97,23.21,-39.22,3,209052.21,4.5411
3788,Sensor,12.51,64.87,39.15,-58.07,7,278906.86,5.1861
3789,Plug,9.57,76.28,36.84,-48.0,35,328684.29,7.9707
3790,Light,9.36,44.6,40.6,-81.14,52,193454.46,4.7642
3791,Speaker,11.81,57.45,43.22,-35.63,9,247352.53,4.8638
3792,Sensor,8.1,82.94,48.47,-57.5,44,358949.85,10.2334
3793,Speaker,10.11,42.11,19.33,-86.98,31,183824.89,4.1638
3794,Camera,6.58,79.76,38.72,-72.39,49,343494.49,12.1134
3795,Light,14.7,60.36,43.33,-56.5,59,260996.12,4.1065
3796,Plug,12.15,46.8,45.91,-25.0,14,201616.55,3.8502
3797,Sensor,13.17,105.91,28.62,-63.12,13,458401.86,8.0447
3798,Camera,7.19,50.58,35.37,-65.29,19,219221.05,7.0376
3799,Light,10.08,42.05,31.65,-71.35,27,181498.08,4.1726
3800,Light,1.82,42.11,23.25,-56.14,42,182081.82,23.1074
3801,Plug,7.7,77.35,49.95,-53.46,38,332538.18,10.0417
3802,Plug,11.85,67.68,30.53,-63.68,18,290841.46,5.7117
3803,Plug,12.62,84.64,40.96,-70.24,55,364856.61,6.7093
3804,Sensor,8.23,30.98,49.35,-55.8,16,133978.36,3.7623
3805,Sensor,12.06,26.54,34.51,-74.83,43,114754.09,2.2011
3806,Plug,15.36,87.62,48.22,-35.47,45,379602.87,5.7062
3807,Camera,16.37,42.46,25.26,-62.01,31,183423.85,2.5937
3808,Plug,9.82,33.3,26.08,-52.56,55,145043.78,3.3928
3809,Camera,13.26,77.41,34.25,-52.24,15,333507.93,5.8368
3810,Plug,8.96,72.2,43.58,-44.66,26,311155.16,8.0627
3811,Light,6.7,43.12,26.32,-53.63,33,186104.62,6.4397
3812,Light,17.86,13.45,42.79,-76.96,7,58091.63,0.7529
3813,Light,7.0,32.52,42.37,-61.61,27,140123.97,4.6451
3814,Speaker,4.73,33.77,29.07,-41.89,45,143470.34,7.1434
3815,Light,,82.92,45.46,-90.0,4,359802.46,10.1509
3816,Speaker,10.39,70.96,31.32,-50.55,5,307620.14,6.8283
3817,Camera,10.18,35.9,37.86,-56.08,6,153532.88,3.527
3818,Speaker,7.37,51.25,28.98,-61.51,55,221069.65,6.9559
3819,Light,14.47,52.87,51.33,-38.46,16,229652.34,3.6538
3820,Speaker,2.0,72.95,46.32,-69.64,9,314331.63,36.4024
3821,Speaker,11.99,5.0,49.71,-62.49,14,20573.84,0.4171
3822,Light,17.37,79.13,44.13,-65.1,60,343391.94,4.5553
3823,Speaker,12.11,73.06,32.53,-73.01,38,314730.77,6.0315
3824,Camera,10.2,74.91,46.4,-65.57,55,322088.02,7.3416
3825,Plug,10.92,70.37,32.68,-39.18,21,304780.28,6.4429
3826,Camera,11.9,88.7,17.84,-47.4,29,384185.24,7.4572
3827,Light,14.84,34.51,37.19,-65.9,1,150835.92,2.3261
3828,Plug,6.9,81.35,33.49,-46.98,32,351505.56,11.79
3829,Plug,7.66,85.23,43.78,-48.85,53,369947.83,11.1224
3830,Sensor,8.24,77.17,26.29,-49.44,40,337331.25,9.3688
3831,Speaker,7.61,66.08,51.3,-57.59,9,286208.4,8.6859
3832,Plug,16.9,59.89,32.48,-64.64,49,258469.24,3.5437
3833,Camera,12.71,39.05,28.11,-70.47,51,168604.84,3.0728
3834,Light,20.38,54.21,36.26,-51.53,10,233996.67,2.6595
3835,Camera,11.29,29.71,45.4,-47.68,43,127177.19,2.6316
3836,Camera,11.1,27.5,34.25,-42.84,38,118588.13,2.4778
3837,Sensor,7.99,77.86,30.44,-72.67,16,337109.21,9.7495
3838,Light,9.16,51.21,35.28,-71.19,15,220607.95,5.5923
3839,Sensor,14.89,64.68,30.72,-58.93,39,281332.97,4.3434
3840,Speaker,21.54,57.11,23.49,-66.8,59,248043.2,2.6511
3841,Camera,10.56,,39.56,-45.07,31,299537.48,6.5537
3842,Plug,8.2,56.24,40.42,-56.38,52,243739.12,6.8616
3843,Camera,13.47,43.87,43.83,-37.29,23,187807.57,3.2581
3844,Plug,9.42,76.21,35.01,-34.88,51,330019.1,8.0913
3845,Light,14.41,62.68,41.68,-62.31,25,268663.86,4.3492
3846,Speaker,7.84,64.22,47.59,-53.95,22,277504.38,8.1916
3847,Light,17.89,29.0,36.62,-67.92,5,125090.9,1.621
3848,Sensor,13.3,72.31,33.56,-43.2,49,312333.8,5.4365
3849,Speaker,13.31,33.72,33.11,-63.27,6,146804.8,2.5346
3850,Camera,10.02,79.25,41.25,-71.89,40,341039.39,7.9103
3851,Camera,9.1,47.05,35.34,-77.33,51,203330.2,5.1722
3852,Sensor,3.53,28.27,39.43,-61.85,50,122270.13,7.9985
3853,Plug,9.97,80.2,38.87,-35.79,56,347449.75,8.0451
3854,Light,9.14,89.07,49.74,-66.17,42,385006.78,9.7466
3855,Camera,15.48,36.91,50.75,-42.16,41,162104.15,2.3848
3856,Plug,14.01,103.07,54.33,-53.15,29,448183.61,7.3589
3857,Speaker,8.32,73.2,44.85,-57.0,14,316726.36,8.8026
3858,Speaker,4.35,18.67,37.42,-64.44,26,80343.33,4.2893
3859,Camera,11.6,32.28,38.73,-49.09,24,139473.6,2.7829
3860,Plug,16.69,92.3,49.32,-65.54,42,397311.25,5.5291
3861,Sensor,14.0,45.69,47.25,-75.36,5,196610.41,3.2644
3862,Speaker,10.75,32.08,22.7,-48.93,8,140339.27,2.9834
3863,Camera,13.42,24.61,46.07,-58.31,25,105505.69,1.8335
3864,Light,10.39,29.2,44.78,-75.09,35,124266.39,2.8116
3865,Light,16.14,69.93,35.74,-56.67,60,302620.52,4.3322
3866,Speaker,19.35,43.7,31.5,-54.06,14,189979.48,2.258
3867,Sensor,14.49,53.1,40.65,-62.69,17,231022.35,3.6653
3868,Camera,7.67,27.12,43.03,-57.26,39,118757.38,3.5349
3869,Light,5.36,65.48,49.12,-84.27,15,281245.19,12.2085
3870,Plug,12.78,49.68,38.81,-71.94,13,215630.33,3.8885
3871,Sensor,12.44,37.14,36.81,-41.71,30,160179.71,2.9863
3872,Light,12.76,38.75,47.84,-36.87,23,168894.38,3.0376
3873,Plug,1.37,58.77,38.52,-40.63,21,253794.96,42.8469
3874,Plug,11.68,61.03,41.87,-64.39,8,261619.79,5.2238
3875,Light,10.67,78.8,24.97,-42.69,32,340061.38,7.3864
3876,Speaker,13.2,75.7,43.05,-50.49,53,323397.69,5.7358
3877,Light,14.21,8.62,34.68,-38.68,33,39946.09,0.6069
3878,Camera,10.52,30.91,30.92,-30.26,10,133048.84,2.9377
3879,Speaker,5.23,,36.47,-50.26,52,186078.05,8.2204
3880,Sensor,9.19,60.82,45.68,-58.74,55,262925.58,6.6162
3881,Speaker,16.54,47.04,35.78,-44.16,57,203889.67,2.8437
3882,Speaker,10.97,67.21,39.1,-44.45,1,291065.34,6.1281
3883,Light,12.44,35.24,53.33,-60.04,60,151463.31,2.8317
3884,Plug,16.91,76.11,27.95,-73.15,12,330709.62,4.5016
3885,Light,15.03,42.4,39.86,-62.93,47,185194.09,2.8201
3886,Plug,16.69,52.81,41.41,-51.57,45,228050.77,3.1643
3887,Sensor,15.67,81.01,30.37,-46.71,18,351156.53,5.1707
3888,Light,7.31,12.04,35.22,-57.72,6,54515.16,1.6459
3889,Plug,8.68,66.51,34.86,-66.51,27,286743.89,7.6661
3890,Sensor,14.84,69.75,33.95,-60.08,57,301135.84,4.7008
3891,Camera,12.39,14.3,39.35,-68.72,42,65374.65,1.1544
3892,Plug,12.31,43.53,52.08,-53.48,40,192103.34,3.5355
3893,Plug,12.78,20.88,31.43,-68.23,25,90278.39,1.6339
3894,Sensor,16.55,37.87,29.77,-67.68,19,162908.63,2.2885
3895,Plug,4.15,38.13,43.32,-67.94,7,163993.72,9.1912
3896,Light,11.18,21.63,41.94,-66.47,45,95049.07,1.9354
3897,Plug,11.65,5.0,28.48,-49.74,47,22263.05,0.429
3898,Light,16.35,48.92,27.91,-51.33,48,211349.82,2.9925
3899,Plug,15.39,46.1,26.83,-58.38,21,196692.55,2.9961
3900,Plug,12.34,63.31,32.12,-67.56,22,271200.85,5.1285
3901,Sensor,9.09,32.86,29.62,-52.83,54,142130.12,3.6153
3902,Sensor,11.77,55.17,44.78,-58.25,29,238870.14,4.6856
3903,Light,22.54,17.48,48.18,-82.59,9,76600.72,0.7757
3904,Light,15.66,81.39,41.5,-83.07,53,352774.74,5.1986
3905,Light,14.78,,47.39,-38.14,59,199444.45,3.1352
3906,Camera,15.5,57.29,30.87,-56.89,43,246293.83,3.6967
3907,Plug,10.17,75.87,55.98,-65.01,32,326685.78,7.4629
3908,Camera,14.13,60.03,33.84,-58.15,44,261194.54,4.2496
3909,Camera,20.8,79.3,34.91,-61.98,8,340439.73,3.8122
3910,Light,14.72,52.37,26.42,-67.93,40,225615.04,3.557
3911,Light,7.83,78.4,34.65,-68.74,27,336340.89,10.0071
3912,Plug,13.63,55.57,21.96,-70.17,4,242441.71,4.0769
3913,Light,14.5,57.78,42.4,-45.15,43,248610.25,3.985
3914,Sensor,15.4,29.75,29.06,-64.99,1,128553.02,1.9319
3915,Plug,13.59,36.12,31.45,-49.89,20,157326.65,2.6572
3916,Speaker,15.24,11.23,29.93,-69.13,13,48156.74,0.7372
3917,Light,18.36,48.19,28.24,-54.38,32,206257.3,2.6251
3918,Plug,18.37,26.6,36.03,-65.89,30,112249.05,1.4486
3919,Light,12.17,15.02,37.76,-61.57,27,68140.35,1.2341
3920,Sensor,15.0,39.74,32.91,-48.82,17,170981.11,2.6498
3921,Camera,5.51,67.32,25.07,-39.25,48,292679.09,12.2196
3922,Light,9.11,68.94,39.24,-71.39,51,296355.22,7.5673
3923,Light,9.58,44.42,41.23,-48.53,1,190733.94,4.6383
3924,Sensor,11.62,24.49,32.03,-59.94,30,104530.15,2.1084
3925,Plug,6.72,78.73,30.36,-64.1,17,339338.27,11.7101
3926,Plug,12.37,87.74,36.75,-52.42,51,378634.57,7.0906
3927,Camera,8.47,56.91,41.22,-58.54,9,244950.9,6.7234
3928,Light,6.69,31.47,32.88,-43.96,16,136092.9,4.706
3929,Light,3.82,51.26,32.27,-57.26,15,220875.83,13.4257
3930,Camera,9.64,65.1,55.23,-61.62,14,281472.23,6.7538
3931,Speaker,13.17,14.91,51.65,-57.14,26,63243.71,1.1323
3932,Light,13.75,30.97,43.39,-70.42,51,131435.06,2.2523
3933,Speaker,14.24,112.2,44.91,-47.53,18,484119.94,7.878
3934,Light,11.45,87.13,27.51,-54.57,41,377507.45,7.6094
3935,Light,13.18,71.7,28.07,-52.68,50,310468.72,5.4412
3936,Plug,11.13,48.37,46.39,-50.88,13,209156.72,4.345
3937,Sensor,9.88,59.89,40.62,-72.37,31,257894.97,6.0633
3938,Sensor,6.86,56.04,50.3,-38.09,23,243627.38,8.1636
3939,Speaker,8.96,,42.97,-46.79,26,262455.14,6.7738
3940,Plug,8.31,60.59,44.24,-57.27,12,262097.66,7.2884
3941,Light,15.2,61.73,37.6,-62.68,9,267508.63,4.0613
3942,Plug,8.97,39.1,23.61,-48.24,53,169434.55,4.3609
3943,Light,14.61,70.38,32.83,-64.79,4,304927.09,4.8171
3944,Camera,10.67,58.56,44.29,-58.33,20,251487.61,5.4865
3945,Sensor,17.37,12.64,22.07,-60.78,49,51820.34,0.7276
3946,Camera,7.57,41.09,35.13,-53.13,39,176839.57,5.4308
3947,Light,6.51,20.33,39.66,-50.33,19,86598.98,3.1242
3948,Light,15.0,28.95,40.7,-64.11,30,126777.79,1.9303
3949,Light,14.06,19.58,38.74,-41.13,28,86515.36,1.3924
3950,Speaker,11.66,76.77,34.36,-51.7,54,333938.73,6.5836
3951,Speaker,13.63,28.1,23.48,-76.81,35,119683.33,2.0619
3952,Camera,10.43,24.56,40.04,-62.37,30,106801.67,2.3546
3953,Plug,11.69,49.95,37.55,-64.93,14,217907.13,4.2722
3954,Plug,3.98,70.45,42.3,-69.22,29,305223.68,17.6822
3955,Speaker,12.79,22.51,40.63,-55.46,4,98720.62,1.7598
3956,Plug,7.93,90.82,31.75,-51.53,50,391720.66,11.4477
3957,Plug,20.57,52.42,38.05,-76.89,52,225877.96,2.5481
3958,Speaker,18.58,52.61,35.01,-39.13,25,225190.06,2.832
3959,Plug,3.99,62.67,46.45,-64.33,45,272264.38,15.6988
3960,Light,8.91,48.43,42.58,-47.02,42,209567.13,5.432
3961,Speaker,9.92,97.36,41.02,-50.35,19,421211.36,9.8178
3962,Speaker,7.84,51.54,26.36,-51.09,17,221488.73,6.5767
3963,Camera,12.36,62.27,35.75,-55.42,26,268648.12,5.0377
3964,Light,11.46,27.83,37.82,-59.58,52,117053.16,2.4279
3965,Plug,16.11,80.15,12.7,-60.42,16,346366.07,4.9751
3966,Camera,19.96,28.6,29.62,-65.05,22,125107.13,1.4325
3967,Sensor,6.16,,38.59,-47.96,45,26718.24,1.0103
3968,Light,16.94,54.52,45.55,-37.73,19,238127.95,3.2186
3969,Sensor,10.24,60.27,38.49,-57.27,39,261644.39,5.8864
3970,Speaker,,49.12,22.7,-48.93,36,211531.73,3.4412
3971,Plug,18.06,49.25,29.66,-57.12,29,212929.15,2.7273
3972,Light,14.13,58.45,39.62,-67.32,38,249454.99,4.1368
3973,Camera,13.52,91.52,33.72,-80.62,30,394909.84,6.7699
3974,Light,11.3,38.87,36.4,-77.49,6,168806.42,3.4414
3975,Camera,16.39,44.19,26.1,-54.98,2,188922.76,2.6959
3976,Light,10.33,36.41,42.98,-50.1,18,156564.0,3.5239
3977,Light,14.89,21.61,27.14,-39.53,51,94850.13,1.4514
3978,Light,15.26,53.86,35.54,-44.93,35,234285.34,3.5293
3979,Light,10.01,25.09,45.86,-62.98,31,107783.92,2.5062
3980,Light,18.13,83.88,37.02,-51.41,1,363099.23,4.6266
3981,Camera,14.36,87.38,35.76,-67.31,39,376661.22,6.0861
3982,Plug,12.55,55.6,28.2,-32.29,43,239417.4,4.4288
3983,Speaker,11.72,49.86,44.54,-48.62,32,216552.84,4.2554
3984,Speaker,13.27,39.58,38.88,-51.98,50,167662.75,2.9821
3985,Plug,10.51,50.64,25.84,-78.91,10,218476.49,4.8183
3986,Speaker,7.04,56.62,39.55,-90.0,45,243106.89,8.0423
3987,Speaker,10.26,54.63,39.95,-66.04,14,235524.07,5.3252
3988,Plug,23.65,88.07,28.86,-48.37,47,382010.12,3.7244
3989,Light,13.04,40.29,42.86,-64.44,21,178430.76,3.0899
3990,Speaker,7.72,44.66,21.44,-51.4,51,193147.6,5.784
3991,Sensor,10.66,64.11,27.89,-57.01,1,277495.27,6.012
3992,Plug,11.85,58.58,37.94,-48.53,19,253200.9,4.9416
3993,Speaker,15.84,55.3,26.38,-59.85,31,237569.79,3.491
3994,Plug,11.44,5.0,24.59,-78.16,48,22689.87,0.4371
3995,Sensor,10.01,81.76,16.29,-33.31,18,352697.35,8.1639
3996,Light,7.47,72.82,41.76,-63.24,24,315277.29,9.7447
3997,Camera,13.03,70.07,43.66,-71.67,34,304046.42,5.379
3998,Light,9.25,25.4,46.39,-59.54,26,108159.47,2.7462
3999,Camera,6.98,21.34,43.12,-72.15,54,91437.84,3.0567
4000,Plug,13.56,,46.53,-41.71,28,380433.07,6.5054
4001,Plug,10.73,20.64,42.68,-65.93,25,87425.24,1.9224
4002,Light,14.34,74.92,37.42,-46.93,35,326374.67,5.2251
4003,Plug,13.65,81.51,33.03,-69.21,60,351006.11,5.9709
4004,Sensor,10.69,31.93,33.16,-54.59,42,136427.69,2.9878
4005,Speaker,13.45,89.23,28.91,-57.15,13,386734.1,6.6333
4006,Light,19.14,36.06,20.84,-66.11,19,155705.05,1.8836
4007,Camera,7.7,55.63,38.8,-54.8,29,242818.42,7.22
4008,Speaker,9.04,53.75,35.9,-43.4,1,231224.26,5.9484
4009,Camera,12.52,56.44,42.78,-62.28,26,243453.57,4.5089
4010,Light,13.4,90.54,42.41,-61.47,21,389224.17,6.7572
4011,Speaker,14.62,55.5,34.75,-48.3,57,241526.45,3.7971
4012,Speaker,8.6,52.74,18.37,-63.19,57,229422.94,6.1351
4013,Camera,15.86,67.05,59.02,-73.05,37,288509.66,4.2275
4014,Camera,13.1,64.2,41.48,-51.5,18,278160.69,4.9012
4015,Speaker,11.69,99.84,53.76,-47.42,9,428668.76,8.5396
4016,Plug,5.86,5.0,35.55,-64.74,4,19333.55,0.8535
4017,Light,16.12,36.34,48.96,-66.81,10,159135.13,2.2553
4018,Sensor,8.66,75.36,31.43,-56.3,56,323481.09,8.6994
4019,Sensor,8.33,32.62,46.87,-31.92,47,140495.31,3.9149
4020,Plug,14.31,,46.22,-59.18,36,174717.25,2.8194
4021,Light,12.98,90.62,35.22,-64.07,2,392165.93,6.9813
4022,Camera,13.12,53.56,26.56,-59.23,34,230158.4,4.0817
4023,Sensor,21.43,59.04,37.61,-72.57,42,251396.23,2.7545
4024,Light,9.01,89.66,40.97,-70.97,30,389271.17,9.9492
4025,Sensor,16.83,86.18,29.0,-61.85,59,371290.62,5.1199
4026,Light,13.45,26.71,37.12,-70.52,43,114153.38,1.986
4027,Plug,21.89,86.49,35.62,-51.12,15,372095.06,3.9518
4028,Speaker,13.8,41.49,41.46,-67.36,7,179905.73,3.006
4029,Camera,11.7,,44.38,-64.12,27,177602.51,3.4932
4030,Camera,11.45,64.44,36.57,-82.28,7,278297.45,5.6294
4031,Sensor,11.02,81.94,54.78,-64.25,31,354431.58,7.4351
4032,Light,8.5,81.86,38.62,-85.12,9,349061.7,9.6273
4033,Camera,17.78,88.82,45.01,-54.5,36,383584.24,4.9967
4034,Plug,10.1,94.11,23.61,-67.46,56,408377.52,9.3136
4035,Camera,11.45,54.27,20.91,-79.85,44,235545.01,4.7397
4036,Camera,12.52,35.43,36.09,-65.08,12,151613.17,2.8307
4037,Light,13.85,24.92,49.87,-69.74,31,106614.48,1.7994
4038,Camera,14.91,41.91,41.64,-77.08,15,182213.8,2.8108
4039,Plug,18.36,58.98,41.75,-61.79,57,257185.22,3.2125
4040,Speaker,10.5,66.32,25.14,-64.81,8,286479.4,6.316
4041,Light,13.58,61.4,40.64,-60.27,54,264783.28,4.5227
4042,Light,5.76,67.72,23.9,-49.81,35,293286.32,11.7489
4043,Camera,9.43,59.55,61.62,-70.11,55,259437.29,6.3153
4044,Camera,12.13,87.37,32.15,-65.08,43,375682.22,7.2029
4045,Camera,11.12,67.74,47.82,-52.07,48,291588.62,6.0947
4046,Plug,16.62,47.85,27.08,-54.6,27,208107.93,2.8791
4047,Sensor,14.31,36.18,39.5,-45.71,36,156028.55,2.528
4048,Light,13.37,77.47,42.17,-41.28,50,332317.45,5.7958
4049,Plug,10.18,81.15,32.1,-73.72,35,351906.77,7.9727
4050,Camera,11.69,32.02,40.82,-64.71,26,138984.61,2.7399
4051,Sensor,13.7,37.05,43.83,-50.2,25,158343.66,2.7039
4052,Light,20.6,45.39,56.51,-74.06,2,196447.98,2.2038
4053,Light,13.71,16.13,27.93,-64.29,26,69012.64,1.1762
4054,Plug,10.12,48.43,39.55,-72.45,41,207107.46,4.7837
4055,Light,16.06,99.38,8.0,-53.56,34,428685.98,6.1863
4056,Plug,12.8,88.07,43.83,-56.34,59,380505.33,6.8795
4057,Sensor,3.97,79.19,26.91,-49.64,10,342892.71,19.9388
4058,Plug,9.14,96.35,44.28,-69.77,21,418776.63,10.5355
4059,Light,12.2,40.2,50.79,-51.57,48,174092.54,3.2949
4060,Speaker,10.6,61.88,35.92,-35.62,16,265394.13,5.8361
4061,Sensor,13.11,28.83,34.16,-71.61,18,124575.17,2.1994
4062,Plug,13.76,75.5,44.85,-37.11,49,325003.86,5.4858
4063,Plug,9.93,32.63,48.47,-55.39,47,141106.95,3.2857
4064,Speaker,15.42,62.61,22.73,-78.84,55,270869.23,4.0591
4065,Camera,19.16,34.2,28.62,-45.61,57,146264.59,1.7849
4066,Plug,17.57,43.57,40.7,-46.21,36,188944.35,2.4797
4067,Plug,13.94,86.35,34.1,-52.45,50,374613.6,6.1945
4068,Sensor,15.64,45.09,31.5,-61.73,57,192798.72,2.883
4069,Light,14.96,70.02,44.99,-46.57,48,302641.27,4.6813
4070,Sensor,8.3,37.06,36.89,-62.26,10,159265.82,4.465
4071,Light,11.01,76.36,32.74,-49.72,30,330590.14,6.9371
4072,Light,9.7,72.47,34.58,-61.62,24,311194.64,7.4697
4073,Plug,12.64,51.83,35.18,-64.88,55,224997.9,4.102
4074,Plug,16.87,35.45,49.99,-55.27,22,152598.91,2.1017
4075,Plug,10.02,13.21,24.08,-75.25,24,55332.57,1.3189
4076,Light,6.7,66.27,37.38,-60.79,35,285788.43,9.8953
4077,Speaker,11.63,68.66,39.14,-49.58,8,296833.86,5.9022
4078,Light,17.92,104.42,46.65,-55.09,20,453001.83,5.8263
4079,Camera,8.38,65.75,26.08,-72.34,49,285036.43,7.8418
4080,Light,12.66,50.93,28.89,-64.79,7,218927.39,4.0227
4081,Sensor,6.39,48.58,33.36,-47.76,43,209735.25,7.597
4082,Camera,9.41,45.76,41.31,-83.1,50,197661.96,4.8625
4083,Sensor,9.87,35.74,49.62,-50.65,2,155782.68,3.6207
4084,Light,17.05,44.14,41.15,-66.12,2,190317.64,2.5887
4085,Camera,9.02,33.7,25.21,-57.89,26,144777.18,3.736
4086,Speaker,17.79,38.37,49.56,-46.32,3,164954.0,2.1566
4087,Light,17.19,60.32,41.91,-63.5,21,264564.15,3.5096
4088,Light,8.83,5.0,33.62,-62.62,37,18970.53,0.5662
4089,Speaker,14.5,103.24,33.73,-65.47,41,446416.78,7.1219
4090,Speaker,7.66,79.57,36.11,-74.51,5,342452.82,10.3831
4091,Camera,14.64,71.66,28.04,-55.17,31,306480.07,4.8963
4092,Light,17.39,67.6,39.0,-66.24,2,292008.2,3.8868
4093,Light,10.73,58.11,40.53,-63.2,48,252072.11,5.4127
4094,Speaker,12.45,56.05,35.95,-56.49,47,240918.59,4.5017
4095,Plug,3.51,69.14,35.02,-69.59,35,301077.68,19.7083
4096,Light,17.49,64.13,43.1,-62.26,33,275197.66,3.6665
4097,Plug,7.4,68.83,39.76,-50.71,3,296225.26,9.3078
4098,Light,11.94,52.17,27.48,-62.41,44,224718.99,4.3694
4099,Camera,13.31,38.43,42.04,-71.91,28,163126.55,2.8887
4100,Sensor,16.15,78.87,38.66,-54.4,19,340933.81,4.8822
4101,Camera,11.02,56.89,51.83,-64.96,3,247242.63,5.1634
4102,Plug,15.07,51.0,8.0,-73.2,24,221993.46,3.3832
4103,Sensor,10.54,69.31,37.14,-49.56,60,301301.17,6.5741
4104,Plug,6.33,29.08,24.23,-39.85,38,123732.83,4.5927
4105,Speaker,17.02,,40.06,-70.33,10,232917.74,3.1473
4106,Light,10.61,34.8,41.84,-44.93,16,150007.7,3.2815
4107,Camera,9.48,46.51,24.8,-58.18,17,200187.39,4.9083
4108,Camera,9.85,36.16,31.48,-57.53,35,159049.03,3.6721
4109,Light,5.22,79.67,36.21,-58.9,7,343113.31,15.2535
4110,Camera,13.09,56.89,32.29,-52.29,34,246248.61,4.3452
4111,Camera,7.52,46.89,35.33,-60.19,40,201908.99,6.2336
4112,Light,17.59,35.98,58.24,-48.22,57,151485.83,2.0456
4113,Plug,11.47,52.81,31.45,-33.41,49,227873.01,4.6061
4114,Sensor,16.44,55.86,23.22,-43.45,12,241740.75,3.3983
4115,Plug,7.59,73.28,29.38,-64.3,11,314945.2,9.6585
4116,Light,10.2,53.47,36.38,-60.73,59,225468.31,5.2418
4117,Light,15.76,81.77,39.71,-67.43,55,353341.76,5.1869
4118,Speaker,16.78,33.62,39.16,-35.91,27,145034.11,2.0033
4119,Light,16.7,39.38,30.67,-56.08,3,168620.05,2.3585
4120,Camera,13.86,49.63,44.63,-36.11,40,211375.85,3.5817
4121,Light,7.35,75.77,21.57,-48.16,18,326714.16,10.3099
4122,Plug,15.72,32.4,52.28,-57.52,21,139623.26,2.0608
4123,Camera,7.62,,27.45,-49.35,16,259976.51,7.8911
4124,Camera,9.48,37.91,46.51,-46.31,48,161670.89,3.9979
4125,Light,14.67,58.21,45.13,-52.57,36,251605.19,3.9677
4126,Camera,9.49,32.37,32.84,-58.03,30,139253.71,3.4126
4127,Camera,10.21,55.1,37.47,-46.26,11,235904.78,5.3954
4128,Light,10.93,74.08,22.76,-60.95,25,323204.4,6.7767
4129,Camera,15.74,76.85,24.88,-56.55,18,332365.58,4.8838
4130,Speaker,15.39,74.54,48.48,-46.27,10,325030.87,4.8435
4131,Speaker,20.97,117.23,26.33,-73.6,53,505335.21,5.5915
4132,Plug,14.27,46.84,42.12,-64.7,46,202648.79,3.2833
4133,Light,16.16,37.43,50.31,-45.52,50,160711.81,2.3161
4134,Light,8.73,59.04,53.74,-79.49,41,255688.46,6.7634
4135,Camera,15.74,61.45,27.97,-70.68,49,265732.5,3.9048
4136,Sensor,16.93,53.17,37.05,-50.25,9,232291.7,3.1399
4137,Plug,14.91,62.93,39.5,-59.68,58,270840.98,4.2209
4138,Speaker,4.92,40.79,49.1,-44.61,22,175731.4,8.2961
4139,Camera,5.72,43.17,54.74,-64.47,14,189672.64,7.5474
4140,Sensor,9.78,72.39,48.68,-83.54,34,314804.53,7.4019
4141,Plug,12.84,45.37,38.25,-70.48,40,195500.75,3.534
4142,Sensor,8.21,16.41,32.22,-63.72,37,68204.73,1.9972
4143,Light,13.84,61.52,53.5,-43.91,27,264998.02,4.4446
4144,Speaker,11.21,39.81,33.95,-79.21,36,171902.53,3.5519
4145,Plug,,61.41,30.55,-73.41,36,262864.81,4.4304
4146,Camera,13.31,62.76,38.76,-54.32,41,274095.1,4.716
4147,Speaker,8.76,23.35,28.6,-62.96,38,101207.49,2.6661
4148,Light,14.0,25.74,42.56,-48.06,58,111161.95,1.8388
4149,Plug,,65.79,34.85,-59.56,14,282716.16,4.5401
4150,Plug,9.79,49.77,40.9,-68.87,35,217066.82,5.0838
4151,Speaker,11.51,71.45,32.45,-72.97,47,307981.22,6.2061
4152,Speaker,9.72,57.26,31.63,-61.74,19,245914.56,5.8918
4153,Speaker,10.02,46.92,33.92,-69.28,1,199828.5,4.6831
4154,Plug,10.61,67.85,21.66,-61.68,22,292600.37,6.3918
4155,Speaker,15.05,52.36,25.03,-69.8,3,225911.94,3.4796
4156,Speaker,4.99,13.61,38.96,-51.31,55,57099.21,2.7263
4157,Light,15.79,69.7,44.71,-75.58,7,302606.27,4.4158
4158,Speaker,16.55,80.45,33.9,-52.35,59,346581.68,4.8597
4159,Speaker,13.4,58.29,33.71,-72.85,26,251941.61,4.3508
4160,Light,15.18,63.55,35.34,-40.07,34,273609.95,4.1855
4161,Camera,16.86,31.86,35.58,-53.87,8,138159.83,1.89
4162,Plug,6.46,29.9,40.35,-61.15,12,129434.63,4.6293
4163,Sensor,7.84,89.04,51.41,-67.09,5,384016.68,11.3583
4164,Sensor,16.69,34.39,22.84,-82.57,15,148718.32,2.0605
4165,Plug,15.49,38.06,39.39,-82.43,48,162257.39,2.4575
4166,Speaker,16.04,44.01,55.79,-51.07,54,188707.59,2.7443
4167,Plug,5.94,81.93,35.79,-63.15,1,352353.77,13.7962
4168,Light,16.78,27.99,33.33,-60.2,22,121388.94,1.6684
4169,Sensor,2.71,61.12,34.23,-42.03,51,263371.73,22.5655
4170,Camera,17.29,50.19,33.42,-71.66,29,213923.82,2.9026
4171,Light,15.8,52.79,37.18,-62.49,29,230903.77,3.3406
4172,Speaker,12.24,29.36,28.4,-70.75,34,127791.09,2.3977
4173,Light,7.31,36.63,33.31,-63.35,44,157261.91,5.0134
4174,Plug,17.33,63.99,54.03,-51.51,57,275678.93,3.693
4175,Camera,13.26,38.8,41.88,-77.3,2,164743.65,2.9259
4176,Speaker,9.13,14.15,42.15,-83.86,45,60444.79,1.5492
4177,Camera,12.74,65.22,43.5,-48.94,15,281927.83,5.1212
4178,Plug,9.79,50.57,54.53,-61.96,56,222676.76,5.1675
4179,Plug,9.67,42.46,39.01,-52.67,44,183922.27,4.3923
4180,Camera,3.55,53.9,38.24,-60.5,1,231582.86,15.1633
4181,Camera,16.2,62.53,33.03,-66.35,51,270269.22,3.8586
4182,Speaker,4.16,81.54,44.07,-42.84,36,354169.31,19.5993
4183,Light,15.33,41.17,37.35,-63.68,5,180111.52,2.6861
4184,Camera,17.52,49.53,45.6,-63.32,23,213770.42,2.8276
4185,Light,4.82,58.2,26.27,-59.64,21,253840.98,12.0812
4186,Camera,14.8,31.71,23.66,-63.68,1,137575.19,2.1419
4187,Speaker,11.96,13.02,30.18,-52.56,50,51859.46,1.0886
4188,Plug,6.16,42.16,48.2,-62.1,3,181240.08,6.8384
4189,Light,14.62,77.3,45.4,-50.97,59,333281.07,5.2872
4190,Camera,12.06,56.09,49.38,-90.0,7,241859.92,4.6508
4191,Plug,14.64,33.89,31.05,-68.61,56,143529.07,2.3142
4192,Camera,12.25,63.71,28.23,-67.35,31,278049.83,5.2025
4193,Light,14.17,60.07,48.44,-74.71,29,259536.71,4.2396
4194,Light,17.67,65.28,39.54,-63.8,18,281795.53,3.694
4195,Speaker,9.62,39.28,41.23,-85.72,26,169584.11,4.0827
4196,Light,10.79,63.82,22.74,-29.96,54,274696.65,5.9123
4197,Plug,10.52,38.18,42.46,-65.81,45,164253.15,3.6291
4198,Speaker,10.33,55.2,39.22,-46.67,47,237331.81,5.3412
4199,Camera,15.04,64.99,44.13,-68.13,16,282625.56,4.3221
4200,Plug,12.99,48.9,42.21,-55.58,11,212691.67,3.7641
4201,Plug,10.13,89.27,39.93,-51.9,26,386954.39,8.8165
4202,Light,7.69,72.52,31.85,-55.35,36,314702.76,9.4275
4203,Plug,12.88,44.35,23.93,-49.14,37,192585.63,3.4429
4204,Plug,14.64,78.57,47.57,-41.38,21,339040.46,5.368
4205,Light,18.44,,44.93,-46.77,50,184778.49,2.3395
4206,Light,12.56,45.48,34.96,-67.88,15,196380.81,3.62
4207,Speaker,10.4,66.38,23.82,-50.35,55,286219.29,6.381
4208,Camera,2.49,69.27,39.69,-53.88,50,298174.42,27.8195
4209,Sensor,8.2,72.42,32.32,-56.72,24,313405.43,8.8365
4210,Speaker,8.69,105.66,18.51,-40.19,11,455947.02,12.1573
4211,Sensor,15.19,36.26,38.2,-64.72,53,155522.63,2.3871
4212,Sensor,11.55,73.09,35.11,-90.0,43,315464.47,6.3265
4213,Light,18.08,128.83,34.26,-77.35,22,559439.15,7.1269
4214,Sensor,11.37,25.58,19.61,-63.84,1,110370.73,2.2508
4215,Plug,11.97,76.12,43.24,-69.14,4,327338.44,6.3584
4216,Light,6.81,91.45,44.11,-66.08,19,396936.29,13.4319
4217,Camera,7.9,65.18,42.59,-42.56,9,280820.95,8.2519
4218,Speaker,10.72,75.4,37.3,-50.83,24,326738.22,7.0317
4219,Plug,12.54,34.24,35.8,-64.17,17,150015.87,2.7311
4220,Plug,11.92,23.14,22.75,-71.5,41,101547.52,1.9422
4221,Speaker,11.71,36.25,38.85,-61.63,55,157106.64,3.0966
4222,Sensor,14.29,75.83,39.83,-60.02,31,327587.88,5.3066
4223,Plug,10.1,39.11,50.59,-60.22,15,170807.6,3.8723
4224,Sensor,4.59,19.67,38.69,-70.67,23,85422.43,4.2856
4225,Camera,9.37,64.38,52.77,-57.13,41,278608.8,6.8673
4226,Camera,7.27,46.83,40.44,-50.36,11,202120.83,6.4439
4227,Camera,7.56,75.57,32.5,-66.29,30,329754.36,10.0009
4228,Plug,14.55,67.45,34.31,-86.17,34,291208.57,4.6348
4229,Speaker,11.78,69.66,43.02,-69.89,48,299881.76,5.9131
4230,Plug,14.45,60.85,52.15,-56.71,60,263760.12,4.2099
4231,Light,16.17,,48.65,-50.84,23,291360.59,4.167
4232,Sensor,9.53,62.72,22.8,-51.37,14,268655.06,6.5814
4233,Sensor,10.26,65.19,26.41,-44.17,44,282364.82,6.3535
4234,Camera,10.16,55.26,41.95,-64.2,19,239694.84,5.4397
4235,Plug,8.74,46.61,33.82,-81.87,33,201955.17,5.3309
4236,Plug,10.68,73.86,37.39,-50.53,47,319835.32,6.9133
4237,Plug,13.25,96.45,32.43,-62.02,46,416571.14,7.2779
4238,Plug,20.02,46.56,48.6,-50.96,30,201803.16,2.3252
4239,Sensor,13.11,60.52,41.87,-56.31,56,262471.94,4.6176
4240,Plug,13.47,46.21,34.81,-41.14,53,200571.83,3.4307
4241,Light,12.57,65.93,39.13,-44.79,3,285820.59,5.2452
4242,Plug,16.75,14.97,37.13,-49.13,54,65445.44,0.8935
4243,Sensor,14.88,96.03,29.8,-66.82,46,414553.06,6.4526
4244,Light,12.12,84.9,36.56,-58.98,1,366034.54,7.008
4245,Speaker,13.51,31.67,48.03,-74.36,32,136816.67,2.3445
4246,Plug,7.84,79.59,29.28,-57.19,53,343654.78,10.147
4247,Speaker,7.81,46.84,37.85,-73.77,2,201798.97,5.9968
4248,Plug,14.78,31.98,34.87,-52.93,26,137124.17,2.1637
4249,Plug,4.06,42.01,35.83,-61.39,56,181281.14,10.3489
4250,Sensor,17.41,42.42,45.61,-38.13,20,181781.36,2.4362
4251,Light,5.1,66.75,26.85,-51.7,4,290069.09,13.0846
4252,Light,12.23,63.2,52.44,-42.98,39,271998.16,5.1659
4253,Sensor,9.14,88.0,31.93,-59.38,11,379620.45,9.6327
4254,Camera,3.83,68.0,35.42,-82.4,47,294458.32,17.7536
4255,Speaker,6.6,41.46,49.67,-57.78,39,177252.59,6.2806
4256,Camera,9.05,56.39,55.46,-56.16,9,244734.98,6.2333
4257,Plug,16.23,58.32,18.08,-47.91,18,250391.13,3.5927
4258,Plug,10.22,57.18,41.55,-55.81,20,250108.48,5.5952
4259,Light,17.82,23.39,39.82,-33.14,43,99204.91,1.3131
4260,Light,12.35,76.06,43.69,-33.77,43,326434.22,6.1573
4261,Plug,7.97,101.71,34.54,-44.58,30,437083.26,12.7618
4262,Speaker,,27.86,39.29,-60.9,51,119375.99,1.9831
4263,Camera,18.77,41.36,43.74,-59.66,60,178849.51,2.2038
4264,Speaker,13.76,37.8,34.42,-69.98,43,163094.82,2.7477
4265,Camera,7.08,74.67,41.4,-55.9,16,322174.8,10.542
4266,Sensor,6.33,49.79,34.65,-44.84,31,218557.57,7.8701
4267,Light,1.0,56.12,42.53,-75.49,30,243487.57,56.1243
4268,Camera,18.54,60.17,38.6,-78.4,25,261524.96,3.2462
4269,Speaker,10.76,32.62,44.02,-52.72,51,139431.91,3.0304
4270,Speaker,11.68,51.11,50.88,-43.66,50,219847.83,4.3755
4271,Plug,11.4,60.02,31.75,-60.16,2,258279.41,5.2668
4272,Plug,13.25,71.37,16.83,-52.68,12,307423.85,5.3855
4273,Plug,12.03,81.38,31.12,-40.33,13,351157.81,6.7643
4274,Sensor,12.23,54.32,36.92,-42.0,36,234637.56,4.4406
4275,Sensor,8.43,60.3,27.88,-62.07,16,257536.58,7.1534
4276,Camera,9.01,82.76,27.44,-53.1,24,360187.16,9.1873
4277,Speaker,14.72,60.96,32.83,-59.65,45,263200.05,4.1412
4278,Speaker,9.1,56.75,21.56,-49.36,19,243740.47,6.2348
4279,Plug,16.02,19.23,41.25,-82.75,44,83083.46,1.201
4280,Plug,15.34,61.35,33.6,-40.33,20,266231.58,4.0001
4281,Speaker,7.76,51.26,26.77,-51.4,58,220727.75,6.6044
4282,Plug,9.05,91.65,40.36,-37.5,38,395542.84,10.1305
4283,Speaker,16.28,38.73,43.05,-68.53,46,169447.31,2.3787
4284,Light,10.26,50.34,44.97,-60.18,45,216703.55,4.9079
4285,Light,13.91,52.69,20.61,-71.5,17,225554.96,3.7869
4286,Sensor,10.13,67.42,50.9,-55.73,12,289660.55,6.6541
4287,Light,14.04,58.49,31.32,-63.78,5,253764.59,4.1674
4288,Sensor,8.01,20.73,57.57,-53.2,5,90847.62,2.5879
4289,Camera,5.82,59.79,43.22,-39.39,17,259011.39,10.2725
4290,Light,8.47,54.26,28.76,-61.53,43,236156.46,6.4082
4291,Plug,12.41,90.03,29.89,-77.93,12,386661.54,7.2552
4292,Speaker,11.4,61.33,30.4,-72.81,50,263658.06,5.3792
4293,Light,10.74,39.74,46.77,-61.01,18,169795.72,3.7011
4294,Speaker,6.14,115.51,37.63,-58.64,25,497834.71,18.7992
4295,Plug,11.29,86.07,21.43,-65.93,40,369379.93,7.626
4296,Sensor,10.35,83.47,40.12,-54.73,1,358477.07,8.063
4297,Plug,9.4,18.87,42.55,-62.62,40,82958.48,2.0079
4298,Sensor,13.79,79.11,38.12,-34.58,36,343870.77,5.7373
4299,Sensor,13.64,53.21,40.63,-46.89,7,230017.26,3.8994
4300,Camera,10.61,59.58,35.85,-57.68,58,258685.51,5.618
4301,Plug,7.85,52.62,32.16,-44.57,52,228920.67,6.7037
4302,Camera,8.09,72.35,32.33,-75.44,43,313079.55,8.9416
4303,Camera,13.34,39.74,54.02,-58.21,16,171027.73,2.9799
4304,Speaker,10.76,45.46,27.13,-43.67,14,197574.73,4.2265
4305,Light,12.83,59.77,45.07,-60.8,27,258125.02,4.6591
4306,Camera,11.42,79.72,38.23,-42.2,46,346143.11,6.9819
4307,Sensor,15.84,67.39,39.3,-36.11,32,291679.57,4.2544
4308,Camera,8.64,62.9,42.22,-54.21,8,275399.38,7.28
4309,Light,12.57,61.89,51.2,-68.9,37,265427.39,4.9243
4310,Speaker,14.5,25.72,60.8,-65.24,40,111882.82,1.7736
4311,Plug,12.02,50.29,43.14,-72.91,22,214266.27,4.1852
4312,Camera,6.65,57.19,45.55,-44.4,21,247415.83,8.5975
4313,Speaker,11.69,24.34,45.71,-56.74,20,106492.99,2.082
4314,Plug,12.07,60.13,43.56,-60.98,44,258523.68,4.9829
4315,Camera,12.01,27.01,33.52,-66.55,11,116331.04,2.2494
4316,Speaker,13.14,50.61,39.63,-47.31,26,220183.94,3.8515
4317,Speaker,12.79,67.95,51.67,-58.98,23,294588.98,5.3124
4318,Light,12.57,26.18,48.6,-47.44,58,110311.13,2.0824
4319,Plug,16.74,57.61,43.06,-52.93,27,248542.93,3.4421
4320,Light,12.06,55.63,24.92,-65.55,56,243054.32,4.6137
4321,Speaker,15.22,51.0,40.72,-43.23,45,222135.59,3.3504
4322,Plug,10.62,27.21,36.92,-61.19,8,118420.25,2.5627
4323,Light,16.43,38.33,30.57,-49.99,1,166942.48,2.332
4324,Plug,14.46,40.2,28.19,-58.14,41,175197.31,2.7803
4325,Speaker,13.02,11.95,58.23,-43.7,35,51133.6,0.918
4326,Speaker,12.58,51.92,35.65,-72.39,25,224632.88,4.1267
4327,Camera,10.01,53.08,35.67,-66.77,7,230925.79,5.3027
4328,Plug,9.99,60.27,43.96,-59.14,57,259519.71,6.031
4329,Sensor,18.05,75.59,35.88,-45.72,35,325976.81,4.189
4330,Camera,9.53,78.63,49.52,-50.55,20,340530.89,8.2472
4331,Camera,5.59,54.9,34.22,-58.11,29,239852.97,9.817
4332,Speaker,7.01,76.65,48.84,-77.01,6,334754.02,10.9385
4333,Plug,9.99,40.09,42.41,-65.31,49,174354.29,4.0128
4334,Plug,16.05,48.52,35.79,-25.0,50,211893.59,3.0234
4335,Plug,6.29,81.22,19.72,-53.87,28,352686.7,12.9229
4336,Speaker,17.77,60.93,53.51,-59.82,40,263609.79,3.428
4337,Light,12.34,27.03,24.34,-41.17,54,118494.42,2.1897
4338,Plug,9.15,82.87,32.21,-70.56,19,357198.18,9.0538
4339,Plug,3.16,55.26,38.27,-76.22,57,237702.18,17.4736
4340,Speaker,5.14,45.95,39.32,-81.04,14,197010.99,8.9353
4341,Light,9.52,85.29,25.29,-68.56,48,366536.46,8.9591
4342,Speaker,12.08,35.06,35.97,-56.46,34,148800.96,2.9017
4343,Plug,3.49,22.4,20.57,-78.42,25,97416.1,6.4152
4344,Camera,12.66,64.51,37.51,-44.35,2,279137.12,5.0956
4345,Light,9.11,28.39,33.0,-38.95,59,124757.14,3.1174
4346,Plug,12.41,72.92,31.95,-52.18,43,315804.32,5.8761
4347,Sensor,16.93,74.08,38.54,-64.11,57,320839.58,4.3762
4348,Speaker,18.63,61.67,41.66,-62.44,6,269258.57,3.3102
4349,Speaker,13.0,55.18,41.12,-48.65,21,238444.63,4.2453
4350,Speaker,6.86,36.81,46.57,-69.27,17,158552.69,5.3697
4351,Light,4.14,47.24,34.81,-33.57,43,205440.66,11.4015
4352,Light,11.23,67.29,20.58,-45.82,23,288436.94,5.9932
4353,Light,14.08,39.47,38.63,-43.6,10,168353.29,2.8027
4354,Camera,5.65,87.05,34.23,-44.95,56,377742.07,15.4064
4355,Light,2.31,88.75,39.7,-54.2,43,383726.56,38.3923
4356,Speaker,8.77,107.72,26.65,-59.89,21,467038.11,12.2775
4357,Light,9.84,71.18,25.43,-72.68,44,305826.62,7.2335
4358,Plug,13.51,61.59,50.18,-53.04,25,263709.19,4.5585
4359,Plug,11.56,88.04,40.09,-47.78,12,378810.63,7.613
4360,Camera,7.87,5.0,49.5,-61.18,42,20843.22,0.6351
4361,Plug,14.02,58.22,47.54,-60.51,49,252916.44,4.1523
4362,Speaker,6.18,68.42,46.98,-63.15,38,294893.56,11.0791
4363,Speaker,8.13,22.88,43.98,-57.32,56,95958.46,2.8123
4364,Speaker,8.03,53.79,33.19,-50.18,8,232400.66,6.6994
4365,Camera,11.25,38.46,44.14,-51.19,11,165109.2,3.4181
4366,Plug,20.36,28.83,46.95,-84.49,49,126668.88,1.4157
4367,Sensor,9.91,36.94,45.11,-53.99,48,160908.68,3.7269
4368,Speaker,13.38,26.85,33.53,-44.85,17,116166.67,2.0061
4369,Light,19.45,53.8,46.58,-46.56,44,231406.75,2.7665
4370,Camera,20.61,5.0,50.71,-47.45,36,23731.67,0.2426
4371,Light,5.99,101.24,36.33,-78.53,23,437725.65,16.8963
4372,Plug,10.58,69.93,50.05,-59.07,11,305385.36,6.608
4373,Speaker,11.07,47.89,40.6,-43.82,59,207464.22,4.3258
4374,Camera,7.42,,33.26,-50.16,50,49138.38,1.5929
4375,Speaker,11.84,80.16,34.69,-33.16,4,346280.5,6.7724
4376,Light,17.12,16.58,31.01,-55.23,2,71071.46,0.9688
4377,Speaker,10.43,46.22,43.32,-72.62,24,199227.98,4.43
4378,Light,17.63,85.71,38.59,-60.22,1,371816.84,4.8617
4379,Light,12.76,56.03,14.74,-66.67,1,242447.34,4.3914
4380,Sensor,14.9,56.01,28.94,-64.54,9,242218.72,3.7579
4381,Light,16.1,96.99,26.88,-64.52,44,419494.74,6.025
4382,Plug,20.28,57.41,36.35,-64.01,55,249108.87,2.8304
4383,Light,6.1,47.01,55.64,-63.57,32,203158.55,7.7054
4384,Sensor,14.43,48.39,27.93,-48.99,7,209780.52,3.3524
4385,Camera,11.02,16.33,60.31,-53.86,29,71223.35,1.482
4386,Plug,12.01,61.63,39.49,-48.67,8,265438.05,5.1296
4387,Camera,11.27,31.0,42.19,-58.93,45,135201.97,2.751
4388,Plug,3.39,63.54,36.89,-78.33,47,275220.45,18.733
4389,Camera,6.65,6.0,44.14,-58.13,11,25276.4,0.9024
4390,Plug,9.19,81.76,40.53,-63.25,11,354293.61,8.901
4391,Plug,14.94,75.42,51.1,-47.18,11,326268.5,5.0475
4392,Light,11.06,61.47,54.66,-51.54,28,267280.86,5.5591
4393,Light,13.64,36.16,33.4,-74.97,13,154681.72,2.6509
4394,Speaker,11.92,54.32,40.3,-62.2,48,234604.6,4.5578
4395,Speaker,11.95,,33.05,-58.13,52,151022.99,2.9398
4396,Sensor,5.87,17.42,23.97,-67.06,36,74296.77,2.9694
4397,Camera,,77.36,60.15,-74.58,22,334200.3,4.6593
4398,Camera,12.14,63.72,39.61,-83.02,21,278650.09,5.2478
4399,Sensor,13.75,23.78,43.67,-86.08,11,102446.88,1.7298
4400,Plug,7.58,68.98,44.34,-54.57,53,299872.5,9.095
4401,Light,11.08,66.34,26.89,-51.7,39,285864.53,5.9881
4402,Camera,10.66,19.54,45.02,-45.21,11,83120.88,1.8324
4403,Camera,11.67,77.55,31.27,-58.74,55,333793.26,6.6462
4404,Speaker,15.9,63.47,50.66,-59.29,26,274043.18,3.9925
4405,Speaker,10.01,82.36,41.87,-55.34,58,357638.33,8.2314
4406,Plug,13.84,73.86,40.03,-47.48,36,320750.51,5.3347
4407,Plug,14.38,46.78,39.96,-46.57,42,202117.65,3.2518
4408,Speaker,14.74,66.32,29.66,-60.89,39,286787.31,4.5005
4409,Plug,6.5,51.02,46.83,-45.46,26,220419.25,7.8494
4410,Camera,18.34,27.37,47.63,-73.04,42,117684.87,1.4918
4411,Speaker,11.66,58.46,30.99,-64.07,19,255049.95,5.0127
4412,Sensor,5.55,37.59,35.31,-48.75,5,162994.28,6.7747
4413,Camera,6.82,26.12,37.18,-52.79,3,114016.76,3.8324
4414,Light,6.61,36.02,30.1,-45.89,10,153873.04,5.4507
4415,Light,8.27,42.4,41.34,-56.19,47,183252.93,5.1251
4416,Camera,12.49,8.97,43.87,-62.25,8,39287.48,0.7178
4417,Plug,7.86,60.38,52.08,-55.28,20,259985.78,7.679
4418,Camera,14.8,41.53,48.97,-26.17,27,181206.39,2.8061
4419,Sensor,6.39,58.08,33.24,-67.35,33,248568.69,9.096
4420,Plug,10.6,40.87,48.31,-62.31,16,176541.58,3.8556
4421,Speaker,16.63,67.29,34.96,-64.96,5,290195.9,4.0469
4422,Plug,15.12,68.58,25.59,-57.12,8,297556.17,4.5373
4423,Camera,10.82,67.14,36.64,-66.49,9,289486.1,6.2079
4424,Speaker,11.43,74.64,34.04,-82.52,24,319815.97,6.529
4425,Sensor,11.0,71.18,53.1,-60.74,39,306943.3,6.4717
4426,Plug,7.57,72.21,34.09,-60.07,49,311011.67,9.5362
4427,Plug,17.88,65.94,38.36,-57.43,51,283627.32,3.6885
4428,Camera,7.4,51.51,31.77,-54.86,25,222045.8,6.96
4429,Plug,14.32,57.56,42.24,-76.23,52,249094.55,4.0186
4430,Speaker,2.28,51.42,34.46,-64.73,6,222599.06,22.5579
4431,Light,17.44,47.71,41.76,-71.66,2,205942.62,2.7353
4432,Light,7.5,30.84,35.17,-42.45,50,133784.89,4.1113
4433,Light,4.88,66.26,22.98,-39.48,59,287997.46,13.5835
4434,Light,8.94,53.89,30.43,-82.15,22,235195.05,6.0294
4435,Light,10.74,83.26,41.88,-57.66,29,364356.06,7.7554
4436,Plug,12.52,38.0,28.75,-65.57,24,163473.65,3.036
4437,Camera,10.91,56.0,38.09,-54.08,33,240535.01,5.1334
4438,Light,12.38,81.33,50.03,-64.82,15,351484.36,6.5698
4439,Light,16.56,62.59,50.68,-47.93,34,268585.81,3.7798
4440,Camera,18.96,37.87,30.07,-52.99,6,165381.18,1.9976
4441,Light,3.32,52.29,47.6,-72.51,51,225082.42,15.7688
4442,Light,8.6,86.46,40.4,-55.57,9,373826.42,10.0568
4443,Light,13.75,61.29,37.04,-48.96,45,264797.09,4.4584
4444,Light,8.68,56.71,36.59,-41.36,14,243875.97,6.5353
4445,Plug,19.53,74.28,41.03,-52.86,15,323093.38,3.8035
4446,Sensor,15.34,20.86,36.98,-76.01,18,88506.18,1.3601
4447,Camera,14.45,80.22,42.31,-69.93,25,347463.05,5.5495
4448,Camera,11.5,43.11,41.61,-38.77,12,185813.14,3.7495
4449,Light,15.65,66.76,20.35,-50.5,42,286432.52,4.2672
4450,Light,15.09,27.37,25.36,-71.13,26,117829.96,1.8134
4451,Camera,13.57,56.31,38.93,-79.64,31,244080.84,4.1483
4452,Camera,17.25,43.25,41.65,-67.88,21,188467.99,2.508
4453,Speaker,14.41,12.71,57.0,-49.02,8,54572.48,0.8824
4454,Camera,7.25,74.95,31.96,-65.23,29,326948.6,10.3391
4455,Camera,7.82,109.86,39.08,-54.2,54,474241.87,14.0416
4456,Sensor,15.4,65.27,30.17,-60.34,7,284635.82,4.2394
4457,Camera,11.5,55.87,35.44,-25.0,3,241569.57,4.8563
4458,Plug,12.01,60.79,41.11,-65.98,38,263710.09,5.0638
4459,Speaker,,17.37,39.96,-51.12,60,75105.03,1.8163
4460,Plug,16.67,27.2,20.64,-58.16,3,115235.23,1.632
4461,Light,11.24,60.41,43.91,-74.3,15,259789.28,5.3763
4462,Plug,14.14,20.08,34.45,-59.88,47,87949.18,1.4197
4463,Sensor,11.95,76.34,48.28,-63.78,43,331765.92,6.3888
4464,Speaker,9.18,58.28,37.66,-56.56,10,250389.73,6.3462
4465,Sensor,12.11,75.43,59.29,-39.05,59,325791.46,6.2312
4466,Light,11.65,54.36,26.72,-78.51,3,232984.17,4.6645
4467,Camera,11.7,41.95,50.83,-44.35,47,182712.92,3.5845
4468,Plug,13.78,54.87,39.88,-69.48,11,238303.17,3.9821
4469,Light,7.26,46.3,49.59,-80.06,12,199027.69,6.3812
4470,Sensor,8.24,58.33,28.51,-57.89,5,250398.39,7.076
4471,Camera,12.64,,38.12,-56.68,44,266457.56,4.8856
4472,Light,12.1,29.6,18.97,-60.57,44,127045.0,2.4468
4473,Sensor,10.26,22.6,46.03,-51.38,52,99227.06,2.2022
4474,Sensor,9.4,75.39,36.38,-60.95,14,327347.41,8.0232
4475,Plug,15.14,49.26,29.67,-68.22,56,212778.27,3.2545
4476,Sensor,6.92,62.39,39.49,-64.29,16,269169.82,9.0176
4477,Light,,64.59,29.09,-44.31,51,276757.84,9.5514
4478,Camera,15.57,69.21,37.28,-46.28,21,299132.33,4.4438
4479,Camera,6.64,60.24,45.89,-64.56,4,259231.59,9.0684
4480,Light,16.2,48.13,31.53,-57.06,20,209183.01,2.9706
4481,Plug,14.53,66.3,34.75,-53.37,31,288155.07,4.5624
4482,Speaker,13.73,73.49,42.59,-47.5,8,318769.5,5.3518
4483,Camera,12.81,52.15,27.05,-56.53,13,226863.69,4.071
4484,Light,12.21,44.14,28.6,-49.24,51,193340.72,3.6142
4485,Plug,15.28,30.28,27.9,-50.65,41,129799.11,1.9814
4486,Speaker,16.79,76.67,50.17,-73.91,54,332004.51,4.5671
4487,Light,4.01,68.86,40.12,-69.21,35,298174.73,17.159
4488,Sensor,12.05,44.71,50.22,-65.89,49,193710.49,3.7108
4489,Light,8.86,57.96,42.1,-66.63,12,250338.96,6.5424
4490,Sensor,15.86,63.79,40.94,-82.06,3,277004.66,4.0228
4491,Speaker,11.69,53.75,34.25,-56.51,54,233284.86,4.5979
4492,Sensor,11.5,54.14,43.39,-56.65,3,233201.18,4.7071
4493,Plug,6.37,70.95,38.37,-67.03,60,307527.99,11.1401
4494,Light,10.79,71.13,21.54,-85.86,6,306714.43,6.5903
4495,Light,17.88,56.98,28.54,-45.56,57,244865.58,3.1877
4496,Plug,14.88,62.32,32.55,-71.44,45,271608.46,4.1883
4497,Light,8.52,30.03,45.04,-44.82,43,130715.37,3.5267
4498,Sensor,15.22,25.17,39.95,-40.49,10,106651.43,1.6534
4499,Sensor,11.39,41.26,35.49,-77.6,29,177226.63,3.6232
4500,Light,14.75,50.03,44.33,-55.48,8,215874.13,3.3924
4501,Camera,14.95,48.01,34.33,-67.14,20,208189.36,3.2106
4502,Light,19.16,89.54,27.04,-71.69,57,388412.77,4.672
4503,Light,11.25,38.94,47.24,-59.71,47,168376.43,3.4621
4504,Camera,11.65,34.58,46.1,-68.39,54,150974.72,2.9685
4505,Plug,9.63,43.75,30.89,-42.94,7,190665.13,4.5414
4506,Plug,10.36,44.15,44.86,-55.85,19,189300.63,4.2615
4507,Plug,13.62,69.32,30.55,-52.64,9,304008.07,5.088
4508,Camera,9.54,60.26,35.77,-69.9,20,256927.19,6.3134
4509,Plug,8.4,51.41,34.98,-61.15,32,223503.96,6.117
4510,Speaker,15.89,46.84,43.91,-57.35,1,203813.63,2.948
4511,Sensor,18.03,73.28,46.08,-55.51,48,317028.41,4.0652
4512,Camera,16.22,80.47,38.46,-55.24,36,347640.75,4.961
4513,Camera,19.0,79.39,31.68,-60.29,7,345632.86,4.1781
4514,Sensor,12.84,72.8,36.72,-60.96,30,314813.12,5.6683
4515,Camera,,32.7,28.35,-66.19,25,139964.53,1.7201
4516,Camera,12.24,38.3,39.84,-49.89,53,164183.31,3.13
4517,Light,4.0,79.3,31.4,-67.04,45,344028.91,19.8454
4518,Light,13.55,51.29,57.46,-56.55,41,221703.65,3.7838
4519,Camera,10.2,60.8,37.86,-42.69,7,261906.84,5.9596
4520,Sensor,,5.0,49.64,-57.95,43,22295.69,0.3614
4521,Plug,10.81,78.3,49.45,-48.67,4,338788.94,7.2435
4522,Speaker,8.53,92.63,61.5,-66.07,48,400120.99,10.8534
4523,Camera,11.68,29.03,33.63,-50.32,6,125368.23,2.4844
4524,Plug,14.27,62.86,36.43,-56.44,59,274205.68,4.4061
4525,Light,16.59,73.84,24.03,-55.21,28,323681.85,4.4501
4526,Light,9.86,83.78,30.14,-47.91,18,362268.54,8.4966
4527,Speaker,12.94,49.28,46.48,-50.11,52,212054.83,3.8082
4528,Sensor,9.06,77.09,30.83,-41.03,59,333462.26,8.5058
4529,Camera,9.48,53.39,42.23,-64.15,17,233868.28,5.6291
4530,Camera,12.05,40.83,29.67,-42.44,19,175708.38,3.3884
4531,Speaker,12.74,93.56,41.49,-35.1,18,404953.25,7.3442
4532,Camera,9.05,39.38,32.83,-61.57,36,169666.38,4.3505
4533,Light,18.03,55.66,56.23,-56.5,36,243482.43,3.0879
4534,Light,9.48,15.14,34.35,-73.26,9,65782.64,1.5974
4535,Plug,10.82,16.78,37.3,-56.11,44,73296.99,1.5512
4536,Camera,18.61,,54.12,-57.67,3,129947.95,1.6127
4537,Speaker,3.95,58.36,27.48,-56.39,24,252122.16,14.7663
4538,Plug,13.26,58.03,44.3,-60.48,28,249630.84,4.377
4539,Sensor,10.31,60.35,22.6,-51.3,10,260453.51,5.8561
4540,Light,9.67,53.77,29.61,-58.55,5,230081.48,5.5597
4541,Plug,10.87,75.01,40.18,-59.48,45,324315.65,6.904
4542,Sensor,3.25,83.19,37.86,-50.45,47,359709.66,25.6229
4543,Camera,6.17,25.55,30.14,-76.15,39,113557.12,4.1397
4544,Plug,9.8,21.14,21.67,-64.5,47,89458.19,2.1572
4545,Speaker,12.36,51.08,28.58,-59.45,49,221015.58,4.1323
4546,Plug,9.91,41.36,37.09,-69.28,49,178790.79,4.1746
4547,Speaker,11.65,87.79,27.68,-59.2,58,378446.39,7.5368
4548,Sensor,7.18,56.59,42.46,-56.27,39,243255.96,7.8799
4549,Sensor,7.86,50.23,46.13,-67.33,45,214260.43,6.3913
4550,Camera,5.17,33.91,39.1,-54.41,32,148395.91,6.564
4551,Sensor,7.33,43.99,34.98,-72.51,24,190863.04,6.0026
4552,Plug,11.2,43.0,42.16,-53.37,55,184288.63,3.8385
4553,Light,17.66,43.59,44.62,-63.99,34,186406.15,2.4679
4554,Plug,11.99,39.12,34.3,-70.26,12,171899.93,3.2625
4555,Light,8.92,,41.52,-53.33,34,58596.07,1.5557
4556,Speaker,18.26,41.78,37.57,-35.42,54,180110.54,2.2878
4557,Light,15.85,69.41,32.05,-40.49,40,299871.23,4.3785
4558,Sensor,15.97,73.68,47.49,-57.91,3,317759.14,4.6129
4559,Camera,7.51,77.88,35.51,-52.31,52,337207.07,10.3682
4560,Light,14.47,103.29,33.18,-40.91,13,444085.85,7.1398
4561,Light,12.66,47.84,42.66,-41.6,36,207587.9,3.778
4562,Plug,18.94,45.86,39.41,-52.28,16,198652.86,2.422
4563,Plug,6.87,78.95,29.37,-80.03,56,340145.06,11.4897
4564,Speaker,10.9,63.11,44.31,-47.87,35,270394.42,5.7885
4565,Camera,12.64,36.31,41.24,-84.74,50,155669.32,2.8741
4566,Camera,17.36,108.63,41.96,-77.96,23,471236.15,6.2572
4567,Speaker,14.54,27.43,46.99,-25.0,20,120678.57,1.8869
4568,Camera,16.5,39.49,39.05,-65.4,58,169202.85,2.3937
4569,Speaker,8.7,68.26,27.96,-47.14,34,295303.2,7.8475
4570,Light,10.57,51.33,42.08,-52.56,46,220074.33,4.8551
4571,Camera,16.47,42.05,25.07,-64.64,26,182457.62,2.5534
4572,Light,12.29,,33.23,-68.63,6,332254.43,6.2769
4573,Speaker,9.15,81.69,48.55,-53.7,42,350867.81,8.9306
4574,Light,11.94,60.21,51.06,-67.42,23,259816.02,5.042
4575,Camera,8.51,39.46,32.14,-59.39,54,169248.69,4.636
4576,Camera,5.36,29.6,31.79,-62.25,52,127405.21,5.5178
4577,Camera,12.76,,41.48,-64.41,44,220380.14,4.0547
4578,Light,10.15,56.79,32.68,-55.88,54,247015.48,5.5932
4579,Plug,10.16,58.3,33.54,-66.51,23,253332.44,5.7371
4580,Plug,15.2,88.68,30.24,-55.64,54,382733.74,5.8339
4581,Light,10.59,67.73,39.07,-61.47,58,291574.21,6.3963
4582,Plug,9.79,109.76,36.06,-41.7,16,472795.08,11.2149
4583,Plug,15.79,98.6,34.75,-63.0,56,425932.33,6.2446
4584,Camera,14.08,60.71,33.95,-64.35,34,261769.13,4.3126
4585,Sensor,12.75,49.81,40.48,-63.81,9,212213.63,3.9057
4586,Sensor,10.32,51.04,29.85,-54.39,59,219549.82,4.9465
4587,Plug,12.62,86.94,43.46,-58.49,26,376245.39,6.8878
4588,Plug,14.03,52.98,20.12,-62.44,58,226712.44,3.7751
4589,Camera,9.19,52.46,34.46,-50.04,24,227678.54,5.7063
4590,Light,16.81,52.52,40.71,-67.65,44,228233.34,3.1243
4591,Light,6.13,5.0,38.08,-49.64,58,23674.78,0.8154
4592,Light,8.04,44.38,43.64,-52.01,28,192841.88,5.5177
4593,Camera,14.83,68.73,43.86,-56.83,20,299920.68,4.6359
4594,Speaker,6.92,91.01,51.77,-81.15,7,394568.95,13.1501
4595,Speaker,10.17,79.26,10.24,-57.94,60,341364.21,7.7917
4596,Plug,13.92,45.04,34.48,-39.14,1,196796.18,3.2362
4597,Light,17.22,61.93,38.73,-59.93,8,266498.35,3.5972
4598,Plug,16.54,41.42,24.24,-54.25,20,177801.8,2.5046
4599,Camera,11.27,77.08,40.99,-52.08,6,334032.17,6.84
4600,Speaker,9.61,14.01,32.83,-44.27,19,56665.82,1.4576
4601,Light,9.3,8.23,17.31,-36.81,13,35817.27,0.8849
4602,Light,3.19,54.77,30.8,-76.04,31,234161.64,17.1556
4603,Speaker,6.8,36.05,36.59,-57.08,17,157031.43,5.2992
4604,Plug,14.65,74.77,46.9,-48.29,13,319994.2,5.1049
4605,Camera,12.15,66.14,31.56,-77.46,56,285503.61,5.4413
4606,Light,,66.5,39.92,-74.77,6,288632.0,42.4749
4607,Sensor,11.31,64.96,46.76,-45.36,47,280273.07,5.743
4608,Light,7.06,97.12,29.99,-56.16,34,419594.04,13.7591
4609,Camera,9.67,5.0,25.87,-66.22,30,19681.88,0.5173
4610,Sensor,12.05,39.53,42.92,-54.74,32,169945.33,3.2809
4611,Plug,11.29,53.51,47.32,-58.71,2,233162.92,4.741
4612,Speaker,23.72,50.38,42.92,-38.57,21,220509.8,2.1242
4613,Plug,7.62,61.48,36.87,-37.85,41,264834.74,8.0659
4614,Sensor,8.1,43.34,37.28,-29.97,21,185999.37,5.3475
4615,Plug,15.02,34.57,41.32,-43.87,54,148083.44,2.3016
4616,Light,14.03,31.31,37.1,-59.05,11,132861.28,2.2306
4617,Plug,9.32,39.03,43.2,-51.28,16,168179.14,4.1893
4618,Light,7.46,34.82,36.62,-44.86,56,152478.64,4.6649
4619,Speaker,16.91,77.98,51.99,-52.07,41,334684.94,4.612
4620,Camera,17.32,48.7,45.27,-67.71,10,209921.18,2.8113
4621,Speaker,16.39,66.74,56.22,-57.86,24,285151.13,4.0728
4622,Light,13.82,62.15,41.35,-48.36,15,267821.84,4.4966
4623,Plug,18.89,71.36,33.29,-46.66,24,305467.73,3.7765
4624,Plug,3.19,72.1,47.17,-58.41,6,313388.77,22.6032
4625,Speaker,7.33,19.62,52.41,-59.31,49,82670.3,2.6755
4626,Light,6.89,87.22,32.99,-47.4,28,375460.18,12.6572
4627,Sensor,18.27,,38.61,-61.53,45,310295.89,3.9268
4628,Light,9.29,40.75,33.55,-52.43,53,177282.9,4.3862
4629,Plug,2.62,37.23,38.33,-58.88,38,161373.46,14.2365
4630,Plug,11.91,54.65,24.96,-40.88,2,235282.24,4.5881
4631,Light,,70.56,37.55,-48.86,17,304914.73,4.9384
4632,Camera,10.73,69.82,41.08,-57.59,52,302582.31,6.5081
4633,Speaker,9.29,,43.18,-58.75,2,268646.98,6.7192
4634,Speaker,17.09,68.77,40.72,-62.76,13,298256.94,4.0253
4635,Speaker,13.53,47.46,35.2,-67.81,9,203123.22,3.5091
4636,Sensor,15.05,89.83,53.77,-49.84,20,386234.08,5.9682
4637,Camera,8.44,61.46,43.6,-64.9,23,263033.04,7.2836
4638,Speaker,7.6,34.9,56.25,-79.66,37,151044.94,4.5917
4639,Plug,9.8,21.38,36.25,-64.68,6,95238.85,2.1817
4640,Plug,19.01,58.79,24.67,-48.76,59,253858.45,3.0925
4641,Camera,12.55,31.13,45.58,-63.71,52,134459.02,2.4811
4642,Light,12.4,84.09,47.1,-56.19,15,364565.86,6.7834
4643,Plug,16.53,43.33,34.17,-61.58,45,188213.13,2.6215
4644,Plug,10.26,65.75,44.01,-60.01,12,281606.97,6.4077
4645,Camera,10.69,30.57,45.96,-75.05,9,132924.65,2.86
4646,Speaker,17.87,29.87,28.36,-46.65,18,126404.58,1.6716
4647,Sensor,12.72,77.83,26.97,-45.8,13,336150.58,6.1191
4648,Speaker,11.16,66.34,44.56,-58.15,3,286207.64,5.9426
4649,Camera,12.31,50.23,24.57,-58.53,1,220061.31,4.0808
4650,Plug,13.36,91.89,35.2,-45.96,19,396186.87,6.8766
4651,Camera,16.21,40.43,53.19,-74.62,48,176025.6,2.4938
4652,Camera,13.76,55.64,52.57,-65.39,3,238002.36,4.043
4653,Plug,11.83,75.18,27.11,-57.3,56,328009.04,6.358
4654,Camera,12.07,65.02,44.89,-75.24,17,280565.15,5.388
4655,Camera,14.53,10.95,26.58,-60.36,55,46637.68,0.7541
4656,Light,13.28,71.75,34.71,-70.18,13,308651.67,5.4032
4657,Plug,3.42,68.87,44.51,-63.72,14,299704.35,20.1242
4658,Speaker,20.0,74.67,40.54,-69.17,43,323128.87,3.7344
4659,Plug,8.81,17.01,33.54,-73.33,49,72961.78,1.9319
4660,Speaker,9.11,54.92,35.24,-48.8,12,239346.36,6.0254
4661,Light,10.98,51.62,42.93,-52.93,31,222994.05,4.6999
4662,Plug,11.88,30.53,29.86,-64.81,53,131775.18,2.5693
4663,Speaker,16.05,61.02,27.27,-57.73,16,262154.13,3.8009
4664,Camera,9.85,71.77,38.5,-68.81,15,311698.33,7.2843
4665,Sensor,8.64,33.93,41.95,-63.44,26,146616.8,3.9269
4666,Plug,8.86,43.18,46.23,-43.56,34,189056.47,4.8734
4667,Plug,9.14,65.95,30.51,-51.4,39,282860.16,7.2173
4668,Plug,9.26,69.69,42.03,-32.91,53,302535.67,7.5222
4669,Speaker,14.71,59.84,41.83,-48.3,19,260125.83,4.0676
4670,Plug,,67.15,47.36,-57.38,4,290283.45,10.2717
4671,Camera,17.41,71.63,37.18,-59.11,50,310797.26,4.1154
4672,Speaker,11.26,113.85,27.11,-59.93,13,492080.27,10.1075
4673,Sensor,9.16,79.72,25.55,-45.98,58,341962.36,8.7061
4674,Light,16.46,30.93,41.77,-52.18,54,136069.88,1.8792
4675,Camera,8.3,69.25,48.61,-60.98,57,301481.82,8.3471
4676,Light,13.32,88.57,28.8,-69.13,39,383312.28,6.6478
4677,Plug,15.23,66.91,21.75,-62.31,44,289161.34,4.3919
4678,Sensor,12.24,82.32,26.37,-46.53,47,357175.55,6.7259
4679,Light,12.8,57.0,43.34,-71.12,3,246416.43,4.4546
4680,Speaker,14.87,94.15,36.16,-53.07,45,407309.2,6.3295
4681,Speaker,9.89,59.46,41.31,-53.36,8,257036.9,6.0136
4682,Camera,10.22,57.99,30.4,-58.06,8,249134.1,5.6751
4683,Camera,8.48,10.52,17.58,-59.27,14,42641.14,1.2396
4684,Light,18.49,5.63,28.23,-55.64,43,23580.99,0.3042
4685,Plug,19.15,55.04,22.57,-63.06,17,238154.68,2.8733
4686,Sensor,13.83,7.41,33.81,-57.59,39,35133.29,0.5357
4687,Camera,19.67,57.59,53.68,-40.93,40,249249.42,2.9285
4688,Speaker,12.84,78.01,45.26,-77.49,32,336778.2,6.0749
4689,Light,17.39,52.45,32.98,-56.36,3,226542.28,3.0151
4690,Light,15.01,44.17,49.11,-47.64,5,189794.01,2.9421
4691,Speaker,9.32,57.92,26.92,-68.96,26,249938.8,6.2144
4692,Speaker,14.14,74.77,47.85,-60.0,6,322844.83,5.2864
4693,Plug,9.14,53.51,35.52,-50.85,58,232915.23,5.8521
4694,Light,7.04,26.2,41.11,-70.65,23,114308.28,3.7217
4695,Camera,14.5,83.66,37.5,-52.91,6,362049.14,5.7677
4696,Speaker,6.83,50.53,21.34,-72.47,21,218463.0,7.4007
4697,Camera,13.43,24.84,42.16,-45.22,32,107854.16,1.8493
4698,Speaker,15.91,65.15,33.33,-65.13,41,281753.73,4.0948
4699,Light,8.02,71.44,37.96,-62.14,38,309331.07,8.9126
4700,Camera,7.56,41.8,41.28,-43.87,19,183290.81,5.5273
4701,Speaker,16.68,32.27,53.95,-46.86,16,137601.57,1.9351
4702,Camera,5.04,62.44,39.91,-75.22,25,267001.26,12.3899
4703,Camera,15.32,51.91,26.33,-63.85,14,223141.51,3.3879
4704,Plug,7.96,19.73,29.98,-68.77,26,86306.9,2.4783
4705,Light,8.28,81.45,34.93,-60.43,2,351288.94,9.8378
4706,Camera,9.37,52.91,44.51,-49.86,36,230645.85,5.6488
4707,Speaker,12.95,34.12,46.34,-62.01,22,144676.74,2.6348
4708,Plug,13.91,60.03,33.85,-74.62,16,257930.07,4.3158
4709,Speaker,7.34,46.32,38.86,-52.11,31,198415.54,6.3113
4710,Sensor,12.84,40.23,38.86,-50.76,45,172113.26,3.1325
4711,Speaker,8.82,44.3,28.31,-57.25,26,191989.07,5.0216
4712,Sensor,7.27,66.54,43.31,-56.92,32,287057.48,9.1596
4713,Sensor,2.75,35.87,48.25,-54.89,30,158462.54,13.0457
4714,Light,17.41,73.16,34.94,-47.2,56,313227.0,4.2011
4715,Sensor,11.41,73.0,45.86,-63.79,53,314241.79,6.3988
4716,Plug,9.69,38.56,35.71,-67.78,49,166519.41,3.9801
4717,Plug,14.14,38.64,37.09,-48.98,16,167943.82,2.7334
4718,Camera,7.29,57.53,44.19,-73.1,10,249313.79,7.8879
4719,Speaker,5.78,47.97,43.04,-52.45,9,206551.73,8.3013
4720,Camera,9.6,81.03,37.39,-55.94,27,351481.78,8.4372
4721,Plug,12.56,52.2,46.89,-71.04,31,225031.27,4.1556
4722,Sensor,9.55,18.74,47.36,-70.95,32,80157.36,1.9622
4723,Light,14.46,11.48,33.79,-49.03,8,50297.64,0.7936
4724,Sensor,4.31,25.99,31.49,-69.26,60,112178.82,6.0315
4725,Speaker,10.75,27.69,38.85,-70.34,37,121962.63,2.5763
4726,Light,19.74,74.27,49.16,-62.9,37,323183.77,3.7632
4727,Speaker,12.99,32.72,42.15,-55.46,59,139044.29,2.5184
4728,Sensor,7.08,81.13,19.05,-70.83,9,350348.81,11.4532
4729,Light,8.27,59.14,37.13,-81.55,38,255563.74,7.1508
4730,Camera,8.44,41.67,43.06,-50.02,38,177388.26,4.9351
4731,Camera,11.95,19.32,25.41,-40.21,19,83772.4,1.616
4732,Plug,8.1,55.31,33.82,-62.59,10,236681.59,6.8287
4733,Camera,8.42,52.75,41.83,-77.54,36,225879.58,6.2626
4734,Speaker,11.51,19.61,33.62,-73.11,59,81561.46,1.7037
4735,Light,19.08,39.57,44.39,-56.23,50,168896.98,2.0732
4736,Plug,12.15,31.75,51.89,-43.74,20,140996.12,2.6129
4737,Speaker,9.41,65.29,38.49,-87.53,4,282508.53,6.9393
4738,Light,19.1,46.04,52.81,-67.98,39,201577.39,2.41
4739,Plug,10.94,52.0,15.22,-72.12,44,226496.13,4.7516
4740,Sensor,11.32,48.12,41.58,-40.48,8,205206.91,4.2495
4741,Camera,7.93,53.36,49.52,-43.1,3,229546.46,6.73
4742,Sensor,11.59,57.15,47.11,-80.18,9,248769.63,4.9301
4743,Light,5.43,35.09,32.82,-32.94,51,150141.22,6.4684
4744,Camera,13.18,77.6,33.27,-54.62,13,334005.04,5.8897
4745,Camera,11.42,57.39,28.8,-49.36,52,248774.62,5.0262
4746,Camera,14.64,113.66,35.05,-58.92,21,488913.88,7.7633
4747,Plug,13.26,40.48,26.79,-70.92,54,175998.33,3.0537
4748,Plug,10.23,76.74,41.64,-52.64,7,332201.65,7.5021
4749,Light,8.07,27.23,24.55,-64.56,28,117193.89,3.3756
4750,Camera,11.41,,28.27,-62.62,24,185273.53,3.7726
4751,Plug,9.99,22.02,41.91,-74.45,52,94581.68,2.2048
4752,Camera,15.51,46.68,41.3,-57.95,29,199315.75,3.0102
4753,Camera,13.54,57.0,42.33,-58.74,43,247429.15,4.2096
4754,Speaker,9.5,50.15,35.06,-47.6,58,214840.62,5.2814
4755,Speaker,10.47,11.29,34.3,-76.02,8,53130.65,1.0786
4756,Light,14.96,70.75,46.75,-73.76,16,305441.39,4.73
4757,Plug,7.34,74.92,37.56,-43.72,2,325155.04,10.2006
4758,Camera,16.19,5.0,18.5,-53.92,13,24243.81,0.3089
4759,Camera,2.55,74.46,23.44,-70.96,34,320078.81,29.1709
4760,Light,11.29,32.56,40.83,-50.6,26,139336.43,2.8845
4761,Sensor,14.59,84.51,62.75,-52.02,31,365053.23,5.7911
4762,Light,16.8,56.49,42.01,-47.41,21,243235.92,3.3636
4763,Speaker,17.61,52.72,44.87,-72.31,59,226315.84,2.9944
4764,Sensor,3.56,24.25,30.93,-66.98,56,105033.38,6.8174
4765,Light,11.23,80.54,36.44,-54.2,19,350386.88,7.1746
4766,Plug,14.49,16.67,48.62,-43.0,59,70413.03,1.1509
4767,Sensor,14.31,39.42,26.28,-68.94,21,169289.16,2.7546
4768,Camera,15.92,43.72,39.64,-56.71,40,190595.61,2.7457
4769,Sensor,1.0,64.33,19.35,-50.47,47,278118.54,64.3253
4770,Light,,55.51,45.19,-62.31,17,240073.32,5.2711
4771,Light,13.42,15.22,30.42,-64.34,31,63877.17,1.1339
4772,Plug,11.8,55.19,34.62,-48.85,36,238490.41,4.6783
4773,Plug,7.3,66.13,33.56,-59.02,14,284637.66,9.0578
4774,Camera,11.51,90.72,46.41,-79.55,13,391760.96,7.8794
4775,Plug,9.93,24.36,51.76,-65.72,4,104811.99,2.4538
4776,Speaker,7.62,78.84,15.69,-68.84,53,341504.24,10.34
4777,Light,13.11,63.2,24.84,-55.52,8,272436.13,4.8203
4778,Plug,14.02,66.99,28.06,-28.78,29,289765.31,4.7782
4779,Camera,12.26,54.6,54.96,-80.07,3,235926.97,4.455
4780,Sensor,14.3,61.82,45.9,-70.27,34,268065.38,4.3231
4781,Light,13.91,91.19,28.76,-70.97,56,393396.18,6.5548
4782,Light,8.41,41.11,37.16,-77.13,12,178106.13,4.8856
4783,Light,14.25,91.85,32.77,-33.0,32,397310.82,6.4452
4784,Plug,11.48,70.24,48.57,-51.86,31,305801.05,6.1196
4785,Plug,14.63,81.02,43.77,-86.36,25,349059.03,5.5384
4786,Light,14.65,17.66,28.91,-64.21,54,76566.24,1.2058
4787,Light,12.85,62.79,35.96,-59.37,23,272550.2,4.8883
4788,Camera,12.5,41.9,39.49,-57.75,40,181010.95,3.3517
4789,Plug,5.58,60.85,50.11,-53.34,32,265411.0,10.9047
4790,Sensor,11.51,46.03,32.52,-70.7,41,199122.33,3.9977
4791,Camera,13.12,94.29,25.42,-54.17,25,408026.44,7.1888
4792,Sensor,12.8,43.63,45.96,-52.67,25,188771.11,3.4076
4793,Speaker,12.11,27.28,29.03,-78.16,44,119686.39,2.2533
4794,Sensor,8.28,,52.92,-58.95,16,196321.15,5.4339
4795,Sensor,10.12,58.6,25.48,-56.33,51,252637.85,5.7931
4796,Light,9.86,47.02,35.29,-49.89,49,205698.53,4.7699
4797,Plug,8.98,79.62,26.76,-51.54,33,343285.61,8.8612
4798,Camera,14.43,38.35,43.07,-49.36,59,164658.86,2.6588
4799,Plug,18.37,66.86,30.45,-44.37,55,288798.28,3.6404
4800,Plug,2.99,21.82,54.72,-52.58,14,93499.16,7.2854
4801,Plug,8.09,48.09,30.48,-49.55,25,206995.34,5.9444
4802,Sensor,9.92,49.58,45.12,-70.55,16,215248.17,4.9969
4803,Light,17.53,56.4,34.55,-81.95,29,244181.37,3.2177
4804,Camera,4.72,46.9,26.76,-52.47,37,205645.1,9.9427
4805,Light,6.52,84.37,36.35,-47.6,47,363351.87,12.933
4806,Light,13.57,31.2,30.03,-49.09,16,135374.44,2.2991
4807,Camera,19.04,21.48,12.51,-52.67,3,92157.91,1.128
4808,Sensor,7.9,73.84,36.53,-54.77,55,315862.08,9.3458
4809,Light,16.11,,34.53,-60.53,36,120141.68,1.755
4810,Plug,21.26,67.91,58.12,-38.12,29,291387.69,3.1938
4811,Sensor,15.04,16.97,20.83,-61.01,15,72353.6,1.1286
4812,Light,16.69,52.82,46.61,-59.21,33,223586.63,3.1649
4813,Camera,18.72,67.01,42.4,-63.66,55,289900.95,3.5801
4814,Light,18.71,71.38,39.84,-78.83,49,309989.07,3.8144
4815,Speaker,9.81,47.44,38.71,-50.25,15,204817.36,4.8373
4816,Camera,6.19,101.15,36.99,-58.25,50,437987.08,16.3283
4817,Light,3.67,72.08,40.97,-49.04,29,309098.95,19.6418
4818,Light,13.15,75.89,24.78,-69.14,56,328536.2,5.7724
4819,Plug,14.42,48.0,29.61,-64.09,24,206026.12,3.3278
4820,Camera,10.79,46.11,56.02,-64.4,43,200101.19,4.2735
4821,Sensor,11.59,53.28,33.41,-73.54,42,232816.07,4.5979
4822,Sensor,13.25,106.01,39.47,-49.47,51,457969.45,7.9989
4823,Plug,14.9,86.91,25.19,-75.45,50,375206.37,5.8324
4824,Plug,13.77,,29.33,-60.29,28,84242.45,1.435
4825,Light,7.67,5.0,32.72,-58.67,31,20228.43,0.6518
4826,Plug,19.08,33.54,40.16,-62.12,35,146057.04,1.7581
4827,Sensor,12.1,53.93,46.86,-77.94,39,230958.35,4.4551
4828,Light,13.2,25.66,43.37,-60.46,56,109306.44,1.9435
4829,Plug,9.65,66.48,43.94,-62.03,29,286357.87,6.8877
4830,Plug,9.83,47.99,38.35,-36.98,8,204784.91,4.8819
4831,Camera,8.75,60.63,35.41,-51.91,51,264006.93,6.9327
4832,Plug,,110.7,45.82,-45.02,53,477822.32,9.6157
4833,Light,10.74,39.43,40.58,-63.18,15,170148.83,3.6704
4834,Light,14.87,62.58,41.91,-55.76,45,269465.81,4.2069
4835,Speaker,7.68,101.86,34.44,-58.01,50,438691.62,13.2581
4836,Sensor,12.08,28.74,40.75,-63.99,13,125780.46,2.3783
4837,Camera,6.44,73.55,31.15,-53.33,22,317504.21,11.4157
4838,Plug,9.87,37.69,43.65,-87.78,32,162749.53,3.8163
4839,Plug,10.55,26.87,26.8,-49.15,41,116957.45,2.5467
4840,Plug,15.97,71.59,32.36,-69.0,30,310015.53,4.4836
4841,Light,8.18,70.79,56.92,-42.35,24,306996.28,8.6527
4842,Light,11.33,45.36,25.53,-62.3,15,196976.04,4.003
4843,Sensor,15.03,65.11,33.4,-68.46,51,281374.08,4.333
4844,Light,8.57,99.65,51.05,-67.04,12,432409.32,11.6221
4845,Light,7.32,42.68,55.55,-58.9,14,185182.7,5.8283
4846,Plug,,78.13,28.46,-76.74,39,336895.19,8.317
4847,Plug,10.96,14.61,31.22,-60.45,22,63190.57,1.3332
4848,Sensor,11.28,42.04,27.61,-64.45,13,183725.62,3.7265
4849,Plug,9.91,20.78,40.59,-68.72,9,90514.2,2.0974
4850,Plug,15.56,44.52,20.79,-49.6,31,188633.25,2.862
4851,Camera,15.37,47.95,42.57,-52.16,25,207493.44,3.119
4852,Plug,14.8,64.71,51.18,-36.99,55,277521.86,4.3732
4853,Speaker,5.31,51.9,33.14,-60.79,16,224628.69,9.7771
4854,Plug,6.22,46.12,37.74,-50.45,13,201315.87,7.419
4855,Light,1.21,63.5,45.4,-53.78,48,274180.66,52.4915
4856,Light,17.6,71.33,33.14,-63.0,2,307232.29,4.0519
4857,Light,15.1,43.33,33.84,-63.13,54,187647.19,2.8702
4858,Light,15.62,53.93,54.15,-58.01,27,234386.31,3.453
4859,Plug,9.18,101.93,50.91,-44.2,9,441261.18,11.1093
4860,Sensor,11.99,24.39,31.34,-39.23,5,107573.47,2.0337
4861,Camera,6.57,66.37,40.82,-65.86,48,286825.18,10.1074
4862,Light,9.3,20.96,36.77,-62.57,22,89300.5,2.2545
4863,Sensor,16.1,35.32,35.78,-67.35,11,152015.93,2.1939
4864,Speaker,12.8,64.6,46.16,-25.19,35,278289.06,5.0459
4865,Light,16.54,92.42,30.39,-41.21,4,398333.1,5.5867
4866,Light,9.03,80.66,45.66,-55.63,36,346814.83,8.9372
4867,Speaker,15.94,43.68,39.49,-62.73,10,189355.71,2.7405
4868,Light,12.68,62.12,46.03,-72.15,48,269999.55,4.8998
4869,Light,6.98,85.43,17.84,-66.79,14,370844.23,12.2313
4870,Camera,9.27,77.38,47.36,-51.26,50,335155.19,8.3447
4871,Light,4.49,26.86,18.45,-80.19,60,116799.4,5.9872
4872,Plug,6.24,56.15,57.06,-42.33,53,242522.26,9.0041
4873,Light,8.08,34.27,38.49,-72.84,50,148802.9,4.2394
4874,Plug,13.95,59.63,37.59,-58.95,46,257288.4,4.274
4875,Speaker,10.88,97.12,47.72,-63.89,20,418779.7,8.9226
4876,Plug,10.99,,42.09,-41.55,5,367126.98,7.746
4877,Light,18.31,65.85,30.57,-64.11,50,284023.95,3.5959
4878,Camera,13.46,56.93,42.79,-60.47,10,247185.42,4.2298
4879,Plug,13.55,27.01,28.27,-84.72,27,115900.07,1.9936
4880,Plug,9.01,63.3,34.23,-42.65,38,272325.73,7.0285
4881,Plug,13.34,35.2,23.55,-52.6,56,153972.73,2.6385
4882,Speaker,19.16,67.48,34.55,-44.24,28,293390.06,3.5221
4883,Plug,12.94,62.17,41.37,-46.82,51,267618.97,4.8059
4884,Plug,13.07,73.19,37.89,-67.92,30,317184.91,5.5981
4885,Light,14.3,60.03,51.34,-52.61,8,261580.22,4.199
4886,Light,13.45,74.03,32.19,-45.67,39,317865.79,5.5042
4887,Plug,7.64,45.88,29.86,-49.62,7,197919.18,6.0019
4888,Speaker,14.59,82.55,26.48,-78.63,45,356691.08,5.6572
4889,Sensor,7.46,60.7,38.51,-60.47,59,262304.31,8.141
4890,Camera,8.81,35.75,59.86,-67.59,6,155758.74,4.0579
4891,Camera,16.88,6.91,48.15,-58.16,34,28249.16,0.4093
4892,Camera,11.79,48.45,48.15,-71.61,59,208379.1,4.1099
4893,Plug,8.11,85.05,34.21,-73.62,57,369167.73,10.4851
4894,Light,11.81,72.95,48.15,-50.85,33,315935.86,6.1758
4895,Plug,13.5,5.0,29.27,-60.06,53,22307.4,0.3703
4896,Sensor,9.14,67.94,48.25,-49.94,37,291991.02,7.4331
4897,Plug,16.11,77.39,32.37,-51.15,59,334098.93,4.8033
4898,Sensor,20.99,81.39,35.99,-50.51,39,353082.63,3.8769
4899,Camera,5.63,39.01,34.69,-54.08,4,168509.92,6.9274
4900,Sensor,12.65,44.69,52.19,-57.29,6,192568.41,3.5331
4901,Light,5.79,89.14,40.18,-40.7,28,384985.07,15.3825
4902,Sensor,12.13,52.64,36.96,-68.26,38,226239.94,4.3386
4903,Light,6.63,43.91,32.16,-61.05,3,189215.64,6.6262
4904,Plug,12.88,24.51,41.18,-53.13,40,104260.33,1.9033
4905,Light,18.2,67.17,43.44,-69.71,37,289088.07,3.6907
4906,Plug,19.62,45.4,62.43,-45.87,37,195464.56,2.3142
4907,Plug,11.2,44.62,45.83,-45.12,52,191290.34,3.9826
4908,Plug,16.61,37.58,25.64,-56.87,5,161943.0,2.2629
4909,Light,21.0,41.4,45.4,-42.24,53,180582.72,1.9715
4910,Plug,13.56,43.05,34.3,-51.52,57,186377.97,3.175
4911,Speaker,8.94,52.86,24.85,-50.51,7,227430.95,5.9131
4912,Speaker,13.01,,26.6,-40.64,1,338528.03,6.0339
4913,Sensor,18.23,63.32,26.94,-78.06,26,273994.45,3.4732
4914,Light,15.79,63.78,31.83,-73.53,35,273702.29,4.0391
4915,Light,11.28,61.54,27.74,-63.92,8,267046.19,5.4566
4916,Speaker,5.5,42.62,27.33,-55.9,25,184433.17,7.7438
4917,Light,7.3,58.65,41.81,-57.93,8,253480.12,8.0314
4918,Light,19.14,89.69,39.76,-60.07,32,386126.87,4.6849
4919,Sensor,11.16,65.37,24.72,-50.76,17,280666.16,5.8601
4920,Speaker,16.58,35.04,31.36,-60.14,15,150998.09,2.1141
4921,Sensor,14.04,49.67,18.77,-53.35,18,211681.95,3.5378
4922,Light,9.8,5.0,37.5,-66.59,3,20148.4,0.51
4923,Plug,11.02,60.86,34.99,-52.74,16,263381.55,5.5219
4924,Plug,9.53,72.15,39.8,-73.86,34,310455.66,7.5718
4925,Light,16.82,99.08,52.62,-60.91,12,430530.03,5.8913
4926,Camera,9.64,,31.42,-41.54,27,246229.41,5.9244
4927,Light,20.52,52.54,39.81,-51.32,44,227429.89,2.5604
4928,Plug,14.01,93.35,46.95,-41.78,51,403020.77,6.6647
4929,Plug,7.56,55.4,36.07,-58.29,28,242091.81,7.3286
4930,Plug,17.21,75.82,42.08,-63.5,11,329924.14,4.4063
4931,Light,8.23,70.4,39.21,-49.36,4,304727.86,8.5594
4932,Sensor,4.72,63.74,36.77,-69.16,7,273991.56,13.4988
4933,Camera,16.26,93.29,35.57,-56.77,17,404102.18,5.7359
4934,Light,12.94,79.14,29.09,-65.06,53,342493.41,6.1148
4935,Speaker,,57.57,35.69,-53.46,40,248279.6,4.3814
4936,Plug,4.97,119.05,45.56,-65.35,27,516778.57,23.9321
4937,Light,12.83,80.7,52.24,-50.67,3,350262.14,6.288
4938,Camera,16.43,89.21,36.27,-76.26,30,384581.93,5.4304
4939,Sensor,12.84,77.62,41.79,-56.36,44,338371.25,6.0457
4940,Light,8.47,44.59,37.12,-80.17,26,191936.56,5.2641
4941,Plug,8.2,127.99,38.12,-65.07,51,552797.2,15.6071
4942,Camera,12.79,85.1,44.73,-53.89,23,366982.79,6.6553
4943,Camera,18.4,54.01,45.44,-45.3,46,234675.13,2.9358
4944,Plug,9.61,94.75,29.06,-60.04,12,405757.83,9.8579
4945,Camera,16.52,17.65,30.99,-60.9,13,75434.7,1.0685
4946,Camera,13.01,13.6,35.04,-79.06,53,60646.69,1.0451
4947,Camera,8.2,22.93,49.43,-42.13,53,99190.0,2.7949
4948,Light,15.64,65.28,46.59,-66.52,23,283343.37,4.1738
4949,Camera,14.32,50.95,33.24,-62.03,18,218292.74,3.557
4950,Plug,14.77,43.69,46.98,-55.24,41,188964.4,2.9586
4951,Speaker,18.14,46.79,42.1,-55.3,19,202079.12,2.5791
4952,Speaker,10.51,59.99,57.64,-80.44,38,259000.74,5.7055
4953,Camera,8.71,80.45,46.26,-47.65,54,348407.42,9.242
4954,Light,3.18,66.93,39.75,-41.49,3,290772.86,21.0517
4955,Sensor,10.29,65.14,46.8,-55.14,46,280867.33,6.3284
4956,Speaker,15.29,53.25,45.33,-57.52,16,231894.78,3.4836
4957,Plug,20.07,97.2,39.53,-54.55,37,420501.33,4.8432
4958,Camera,5.89,,47.62,-60.69,48,123046.57,4.7413
4959,Speaker,11.25,5.0,38.03,-45.49,42,20107.97,0.4443
4960,Light,8.4,72.19,36.37,-36.18,41,310730.18,8.5907
4961,Plug,10.24,46.41,39.19,-45.54,32,198299.18,4.5323
4962,Camera,12.81,62.3,47.86,-58.76,30,268952.46,4.8639
4963,Camera,15.14,61.33,33.72,-43.37,7,263942.9,4.0508
4964,Light,9.9,89.41,32.96,-53.7,11,385339.42,9.028
4965,Light,6.78,47.13,34.25,-53.13,32,200932.62,6.9532
4966,Speaker,10.73,71.52,41.38,-76.8,37,311202.67,6.6675
4967,Plug,7.79,23.83,43.86,-59.0,52,102380.18,3.0604
4968,Speaker,6.6,15.52,41.37,-90.0,41,68740.59,2.3514
4969,Sensor,8.62,65.52,24.9,-67.17,37,282820.25,7.6015
4970,Light,4.93,40.86,52.86,-52.02,3,177520.31,8.2932
4971,Plug,14.26,40.55,28.87,-56.66,42,175191.29,2.8439
4972,Light,9.1,27.65,33.37,-67.3,21,117936.2,3.0379
4973,Sensor,13.68,81.62,45.78,-77.23,40,351493.86,5.9644
4974,Plug,13.19,71.46,27.95,-52.03,31,310905.7,5.4198
4975,Camera,8.1,29.26,66.31,-58.32,48,126239.85,3.6115
4976,Camera,17.77,82.29,44.5,-64.92,42,357180.56,4.6302
4977,Plug,12.85,48.62,66.61,-71.36,13,208510.75,3.7834
4978,Sensor,11.59,40.19,44.46,-51.37,51,172442.11,3.4689
4979,Light,18.64,48.39,39.75,-72.4,39,210779.47,2.5964
4980,Camera,4.78,54.76,27.93,-58.03,51,233460.41,11.4561
4981,Plug,13.19,60.36,32.82,-64.38,25,261732.39,4.5778
4982,Speaker,13.76,79.76,39.38,-63.87,9,341823.64,5.7949
4983,Plug,12.74,78.52,41.22,-70.46,52,338777.21,6.1628
4984,Plug,2.29,52.65,30.91,-51.06,13,228299.38,22.9954
4985,Light,5.53,95.86,33.5,-34.36,25,414699.58,17.3332
4986,Camera,10.7,89.74,30.44,-52.79,35,389291.53,8.3898
4987,Plug,9.65,49.45,33.31,-55.43,51,211985.33,5.1233
4988,Light,13.02,,33.83,-65.51,10,324780.44,5.8136
4989,Speaker,6.95,61.88,35.92,-55.44,40,265882.38,8.9082
4990,Speaker,12.34,47.42,35.35,-43.94,40,205952.77,3.8436
4991,Speaker,3.83,68.24,46.92,-58.3,38,294701.67,17.7929
4992,Camera,10.98,43.11,46.82,-63.06,11,182825.14,3.9254
4993,Camera,6.41,30.38,44.59,-42.12,25,130766.73,4.7371
4994,Speaker,13.79,70.82,22.04,-86.73,43,305886.46,5.1372
4995,Speaker,6.52,35.11,33.13,-66.26,40,152978.53,5.3842
4996,Plug,11.94,73.61,40.73,-51.97,16,319606.58,6.1642
4997,Speaker,10.06,66.69,37.68,-35.04,40,290180.44,6.6286
4998,Plug,8.22,61.41,43.42,-61.45,5,266008.74,7.4691
4999,Light,13.23,52.03,46.81,-72.69,44,222559.0,3.9334
5000,Sensor,13.39,20.24,42.21,-66.59,46,90156.25,1.5119
