DeviceType	ActiveHours	PowerUsage	Temperature	SignalStrength	FirmwareAge	Cluster
Light	6.99	71.79	29.73	-46.62	43	4
Sensor	9.56	45.46	33.59	-60.82	26	1
Sensor	11.15	37.74	34.15	-61.35	30	1
Camera	13.29	50.32	17.73	-77.71	52	2
Camera	11.59	24.36	15.97	-50.38	22	2
Light	12.74	43.21	33.91	-46.27	7	4
Plug	12.67	37.05	26.79	-43.91	24	0
Plug	15.07	54.65	32.89	-76.58	13	0
Sensor	13.84	71.79	37.51	-65.59	36	1
Speaker	9.1	100.46	39.68	-52.2	52	3
Camera	15.43	83.67	36.28	-47.96	47	2
Speaker	14.58	43.41	33.82	-53.3	20	3
Light	15.36	29.53	46.47	-54.51	1	4
Speaker	9.32	54.42	42.9	-46.63	4	3
Light	5.12	57.67	39.18	-45.42	8	4
Camera	14.25	62.07	33.22	-76.76	20	2
Plug	9.5	26.08	36.97	-87.32	13	0
Sensor	6.24	40.08	21.63	-72.52	51	1
Camera	9.43	52.96	48.5	-46.53	31	2
Light	15.33	84.35	20.69	-61.12	49	4
Plug	15.05	87.71	35.09	-63.92	54	0
Sensor	17.41	38.3	41.76	-58.6	42	1
Plug	14.74	26.88	28.45	-63.76	31	0
Light	11.11	79.72	36.08	-60.64	53	4
Sensor	13.99	62.32	46.28	-50.66	13	1
Sensor	11.39	57.99	41.9	-63.16	55	1
Camera	6.54	79.02	41.06	-52.64	19	2
Plug	16.82	74.14	35.12	-60.43	8	0
Light	10.41	72.69	35.13	-68.26	59	4
Light	19.09	44.39	32.81	-59.59	24	4
Camera	15.99	50.86	21.55	-73.67	53	2
Sensor	6.4	34.9	49.23	-25.0	58	1
Plug	14.39	64.93	57.72	-69.34	46	0
Sensor	12.29	58.84	36.75	-66.0	9	1
Light	12.16	59.16	31.66	-56.75	18	4
Camera	9.11	91.87	40.15	-32.27	44	2
Plug	12.68	48.61	57.09	-69.79	7	0
Speaker	19.24	33.96	37.74	-28.32	14	3
Sensor	8.89	58.71	41.39	-67.99	45	1
Camera	6.63	66.15	27.21	-80.02	54	2
Sensor	11.19	68.85	36.92	-58.12	11	1
Plug	15.22	16.5	37.99	-58.06	31	0
Speaker	12.59	19.83	46.92	-68.22	11	3
Sensor	12.59	38.39	23.75	-62.78	9	1
Plug	14.33	40.86	47.54	-75.86	57	0
Speaker	11.44	55.3	41.27	-64.71	49	3
Camera	12.78	54.825	34.66	-54.24	60	2
Camera	10.58	66.55	32.03	-74.78	17	2
Light	16.11	38.07	48.46	-67.63	30	4
Plug	19.53	49.31	29.2	-72.52	25	0
Plug	1.0	58.37	27.41	-48.57	49	0
Sensor	11.74	53.74	35.5	-47.06	47	1
Light	16.26	21.68	38.46	-43.2	36	4
Camera	8.74	77.33	40.82	-59.55	39	2
Light	18.28	52.19	39.45	-62.27	31	4
Sensor	8.52	48.42	49.19	-37.95	6	1
Sensor	10.96	13.76	18.84	-44.66	7	1
Light	20.31	56.77	52.29	-58.29	50	4
Sensor	13.61	84.03	43.75	-47.29	11	1
Camera	9.17	82.78	28.87	-57.89	43	2
Camera	13.72	62.36	47.41	-59.04	10	2
Plug	11.96	33.35	55.99	-78.4	38	0
Camera	8.72	69.73	42.66	-59.97	10	2
Sensor	15.11	70.64	47.17	-73.7	28	1
Plug	13.27	64.68	39.73	-38.22	13	0
Sensor	9.8	52.38	41.4	-54.06	5	1
Sensor	13.8	63.72	36.9	-54.42	41	1
Light	10.9	41.42	33.48	-51.17	51	4
Camera	12.65	57.19	36.34	-50.8	22	2
Plug	17.78	79.97	32.81	-60.76	3	0
Plug	13.31	88.1	48.66	-49.55	42	0
Camera	16.16	75.87	41.17	-44.6	9	2
Plug	15.09	104.49	38.61	-55.1	30	0
Speaker	14.39	44.09	20.06	-66.93	13	3
Speaker	9.39	30.61	39.74	-54.5	16	3
Camera	13.73	45.58	30.71	-67.12	49	2
Light	10.21	61.56	36.72	-66.24	41	4
Speaker	15.69	30.28	35.92	-45.25	35	3
Light	11.74	46.03	34.68	-48.45	37	4
Light	16.6	10.8	57.18	-49.39	27	4
Sensor	13.42	71.38	34.74	-41.77	3	1
Light	19.7	33.64	21.59	-30.41	53	4
Light	14.79	54.45	49.57	-59.62	9	4
Plug	10.17	82.14	26.4	-45.51	41	0
Light	5.03	39.65	39.69	-52.33	58	4
Camera	12.72	49.2	45.15	-43.13	1	2
Light	13.7	52.2	41.87	-44.15	48	4
Light	15.1	12.18	48.17	-35.6	8	4
Light	13.16	47.65	48.22	-56.28	17	4
Light	13.44	106.49	39.03	-49.3	8	4
Light	12.67	49.52	53.43	-64.46	24	4
Light	19.26	62.18	41.65	-57.33	45	4
Speaker	10.17	59.83	36.29	-36.79	1	3
Plug	5.22	59.12	55.27	-69.64	4	0
Camera	12.41	58.73	27.35	-43.86	7	2
Light	14.57	36.35	23.8	-44.82	47	4
Light	22.07	55.41	50.81	-53.76	30	4
Plug	11.96	51.22	45.87	-38.37	26	0
Camera	15.8	106.99	28.72	-48.55	55	2
Speaker	11.56	49.51	41.39	-55.9	37	3
Camera	10.23	61.22	40.97	-64.45	19	2
Camera	16.43	81.62	34.05	-49.18	28	2
Sensor	22.44	90.09	40.27	-59.18	49	1
Light	6.57	79.36	44.29	-61.83	47	4
Light	7.8	68.83	50.13	-64.97	21	4
Sensor	10.97	72.59	38.64	-70.76	39	1
Sensor	12.34	35.95	44.9	-58.68	59	1
Light	11.63	64.97	39.6	-39.05	40	4
Light	16.41	71.89	37.22	-65.28	8	4
Camera	9.59	16.73	49.35	-36.14	34	2
Plug	10.47	44.16	27.85	-66.59	33	0
Speaker	14.84	49.4	35.29	-54.8	31	3
Plug	11.19	34.45	31.7	-38.59	6	0
Light	13.33	8.68	41.53	-53.94	55	4
Plug	10.54	70.85	26.94	-71.08	34	0
Camera	11.96	38.42	43.0	-60.86	34	2
Camera	13.79	97.99	44.99	-67.96	25	2
Light	13.14	16.74	38.81	-56.99	45	4
Sensor	11.88	51.56	44.36	-40.76	16	1
Light	10.28	50.06	54.49	-70.95	21	4
Light	11.2	34.56	31.65	-57.94	42	4
Plug	7.6	26.41	33.34	-46.86	52	0
Plug	10.26	83.82	45.82	-39.39	33	0
Light	8.66	45.95	42.76	-53.73	37	4
Plug	11.91	29.87	53.64	-66.34	17	0
Camera	10.06	42.95	35.47	-54.64	9	2
Camera	4.26	92.63	38.04	-76.04	45	2
Camera	14.02	84.67	24.03	-42.93	15	2
Light	17.74	34.63	50.85	-53.82	52	4
Sensor	19.16	19.84	27.36	-39.77	37	1
Camera	16.02	52.51	41.43	-61.43	22	2
Plug	13.49	72.75	43.45	-32.9	21	0
Light	8.58	53.33	26.7	-55.44	7	4
Plug	9.83	44.8	30.02	-41.34	57	0
Camera	20.04	72.69	38.1	-56.14	35	2
Sensor	14.23	87.77	32.04	-68.77	59	1
Camera	15.09	54.86	33.27	-72.75	53	2
Speaker	14.81	34.78	37.67	-44.75	19	3
Plug	10.08	51.84	30.95	-48.28	55	0
Sensor	21.05	56.54	50.14	-67.82	37	1
Plug	8.6	50.98	27.37	-58.16	37	0
Light	16.49	58.95	26.68	-58.89	51	4
Camera	9.36	45.82	46.83	-34.45	44	2
Light	16.0	49.04	36.32	-64.79	9	4
Plug	19.81	34.25	38.23	-64.02	7	0
Light	20.64	46.1	35.72	-67.85	25	4
Camera	3.08	71.32	38.13	-58.04	47	2
Plug	12.34	27.08	41.28	-69.43	57	0
Speaker	9.35	56.32	42.82	-57.71	7	3
Light	12.56	63.03	57.11	-51.35	7	4
Plug	15.5	60.67	35.01	-67.25	28	0
Plug	16.04	26.45	44.12	-61.93	15	0
Light	12.55	74.16	40.05	-60.98	16	4
Light	5.89	23.22	30.96	-67.72	13	4
Speaker	14.17	30.19	35.68	-52.82	39	3
Camera	8.88	54.76	35.15	-42.47	48	2
Light	16.09	67.15	37.45	-60.44	4	4
Sensor	13.46	33.75	32.6	-44.92	21	1
Sensor	7.65	61.56	36.51	-61.44	6	1
Camera	24.0	57.6	33.58	-58.53	35	2
Plug	14.84	37.14	37.65	-59.88	6	0
Camera	11.69	44.83	27.85	-45.52	60	2
Camera	13.32	27.25	28.71	-44.09	58	2
Speaker	7.26	74.03	50.25	-50.79	12	3
Plug	11.55	70.59	24.92	-45.66	49	0
Speaker	12.07	32.89	59.2	-49.87	42	3
Plug	13.61	66.04	30.56	-56.42	10	0
Sensor	4.65	32.72	42.36	-49.72	42	1
Light	12.84	82.98	36.13	-49.82	22	4
Speaker	17.25	62.09	26.47	-60.58	24	3
Camera	4.21	83.15	34.05	-51.42	14	2
Light	9.85	39.3	43.0	-67.49	6	4
Camera	15.82	82.36	45.91	-71.85	34	2
Camera	7.39	54.58	33.29	-49.28	28	2
Plug	23.57	66.85	12.33	-36.54	13	0
Sensor	11.63	52.3	45.35	-52.26	56	1
Light	16.94	35.39	42.09	-47.59	7	4
Speaker	12.08	57.65	39.29	-47.42	3	3
Speaker	6.36	32.75	47.22	-41.45	31	3
Sensor	10.48	46.81	49.04	-42.56	26	1
Plug	11.75	35.4	54.13	-45.86	32	0
Plug	11.74	30.05	37.58	-71.75	17	0
Speaker	7.87	23.86	40.45	-41.46	26	3
Light	12.77	80.12	27.78	-64.59	15	4
Plug	9.87	39.17	34.64	-61.55	35	0
Camera	6.11	55.82	41.29	-61.09	31	2
Sensor	9.53	92.55	40.21	-58.12	19	1
Sensor	13.09	54.2	53.03	-48.45	30	1
Sensor	14.68	49.29	38.62	-56.86	50	1
Light	8.37	27.68	48.03	-53.07	11	4
Camera	14.18	69.54	28.09	-51.77	57	2
Speaker	11.0	58.81	40.32	-69.05	41	3
Camera	19.86	57.78	36.62	-65.94	33	2
Light	9.93	57.57	44.27	-88.84	13	4
Plug	12.9	18.14	19.12	-41.2	14	0
Light	15.33	37.39	40.72	-62.88	11	4
Plug	14.1	54.19	46.31	-55.72	28	0
Sensor	13.37	82.79	36.91	-64.82	15	1
Plug	11.9	64.33	38.67	-53.71	54	0
Camera	8.34	49.44	38.61	-59.12	20	2
Speaker	9.08	35.15	33.65	-59.99	3	3
Sensor	19.19	27.27	33.3	-81.04	40	1
Plug	7.5	97.8	29.58	-55.98	50	0
Light	7.83	41.49	29.18	-59.4	12	4
Sensor	13.25	52.88	42.89	-41.07	58	1
Plug	4.38	46.17	36.36	-72.27	28	0
Sensor	10.64	52.74	43.69	-38.22	28	1
Camera	16.56	31.65	33.24	-58.65	27	2
Light	9.34	38.91	39.2	-58.11	33	4
Speaker	13.28	65.58	22.27	-52.75	13	3
Light	11.96	50.37	31.72	-42.91	25	4
Camera	14.39	51.62	36.8	-57.09	27	2
Camera	9.54	36.92	34.0	-51.43	37	2
Plug	8.93	47.76	33.95	-65.01	34	0
Plug	11.96	66.91	43.93	-32.82	1	0
Speaker	7.71	55.0	34.29	-60.76	9	3
Camera	19.14	68.93	38.23	-63.02	48	2
Sensor	12.78	50.13	41.28	-50.08	32	1
Light	19.08	42.76	46.33	-61.42	12	4
Speaker	12.17	42.34	34.55	-65.1	53	3
Camera	13.95	44.66	36.32	-56.35	2	2
Plug	9.35	27.96	26.62	-44.6	42	0
Plug	6.74	51.54	32.4	-46.89	29	0
Light	9.28	5.0	44.7	-43.13	44	4
Sensor	5.22	62.34	31.04	-68.52	56	1
Sensor	11.47	68.67	30.96	-54.76	55	1
Plug	19.78	48.57	33.57	-62.71	19	0
Plug	9.99	41.9	45.97	-60.4	23	0
Plug	15.41	39.54	39.05	-47.16	44	0
Speaker	18.49	75.43	35.21	-61.97	7	3
Light	15.62	50.9	42.05	-45.14	46	4
Camera	13.35	51.33	47.56	-56.7	51	2
Speaker	14.71	52.38	47.97	-45.46	3	3
Light	18.38	41.58	26.06	-59.75	53	4
Speaker	16.45	23.72	44.4	-35.66	41	3
Speaker	12.26	87.34	33.99	-54.41	27	3
Camera	9.16	54.825	37.33	-50.59	52	2
Camera	9.24	53.63	39.18	-75.96	8	2
Sensor	12.13	40.01	41.28	-47.79	35	1
Plug	19.75	29.68	36.49	-79.92	42	0
Sensor	15.92	27.66	37.72	-55.32	14	1
Plug	10.82	73.86	49.11	-62.65	24	0
Speaker	12.35	79.55	43.16	-47.42	54	3
Plug	7.93	36.06	43.4	-34.94	2	0
Camera	18.46	88.61	45.81	-55.43	16	2
Plug	11.1	78.81	18.28	-66.04	3	0
Camera	23.38	36.87	17.25	-60.43	49	2
Light	7.18	38.13	35.89	-76.3	58	4
Camera	16.01	44.25	36.45	-84.26	29	2
Plug	8.74	44.63	41.76	-59.57	12	0
Light	9.0	64.6	40.7	-43.03	36	4
Light	9.21	35.67	52.15	-41.61	18	4
Sensor	10.25	70.87	49.12	-41.26	5	1
Sensor	6.35	90.51	43.95	-71.23	59	1
Camera	10.43	80.8	30.72	-76.72	25	2
Sensor	14.91	53.23	24.43	-74.19	6	1
Light	8.14	94.46	39.13	-75.74	7	4
Plug	17.14	30.88	42.52	-42.6	22	0
Sensor	4.68	68.89	36.96	-40.47	44	1
Plug	5.93	33.94	30.85	-59.46	6	0
Camera	11.74	76.78	43.19	-60.69	22	2
Sensor	10.85	78.77	39.64	-61.51	49	1
Speaker	9.16	88.07	41.42	-66.18	38	3
Speaker	12.45	62.15	28.63	-51.43	44	3
Sensor	7.02	34.08	26.72	-57.91	30	1
Speaker	11.2	79.31	21.97	-75.78	23	3
Camera	12.32	25.8	42.12	-42.79	34	2
Speaker	6.07	67.52	30.18	-60.49	51	3
Speaker	13.2	42.86	47.5	-62.49	39	3
Light	14.5	74.47	56.38	-67.37	24	4
Plug	16.82	37.55	29.29	-66.78	51	0
Speaker	4.64	79.16	29.92	-66.3	49	3
Speaker	13.57	34.72	37.17	-73.03	35	3
Camera	15.7	40.85	34.25	-77.98	26	2
Light	11.96	83.22	51.56	-70.75	28	4
Light	16.35	49.72	31.15	-62.68	51	4
Sensor	13.98	64.36	49.64	-82.87	56	1
Light	3.04	20.48	42.26	-66.33	35	4
Plug	16.91	69.62	36.21	-66.56	8	0
Camera	11.09	69.55	41.16	-84.23	40	2
Sensor	8.23	55.59	34.36	-61.62	60	1
Sensor	10.53	67.43	51.97	-79.66	26	1
Light	11.96	42.46	37.35	-53.84	10	4
Plug	15.58	29.99	28.97	-58.72	19	0
Camera	10.46	64.3	37.76	-52.01	26	2
Speaker	16.72	121.82	34.25	-69.33	35	3
Light	5.64	80.76	24.39	-39.94	33	4
Light	14.26	71.7	25.36	-60.74	9	4
Sensor	16.06	90.36	25.12	-54.63	43	1
Light	7.51	41.96	33.99	-68.2	46	4
Light	5.14	45.4	40.09	-66.9	53	4
Camera	14.1	62.66	34.91	-64.99	20	2
Camera	1.0	5.6	62.03	-79.95	18	2
Camera	16.51	40.59	26.25	-50.77	25	2
Light	12.78	81.56	43.33	-65.49	43	4
Light	12.16	104.53	51.64	-56.06	4	4
Plug	12.46	35.63	22.29	-69.06	41	0
Light	12.32	45.8	31.57	-66.06	19	4
Plug	12.5	32.03	48.03	-60.68	13	0
Camera	16.39	56.64	48.9	-78.35	56	2
Camera	11.42	68.09	17.81	-62.34	54	2
Sensor	13.81	74.13	41.42	-70.57	9	1
Camera	9.94	54.825	39.07	-56.11	45	2
Sensor	9.73	90.5	47.15	-58.33	50	1
Plug	11.37	43.51	40.54	-45.36	10	0
Plug	15.87	54.65	47.6	-46.97	59	0
Camera	9.59	52.3	38.12	-62.64	9	2
Plug	15.02	24.13	39.48	-66.7	20	0
Sensor	17.42	46.66	35.82	-58.61	4	1
Camera	13.69	61.87	31.92	-78.07	7	2
Sensor	17.43	67.47	28.9	-45.89	57	1
Plug	13.34	92.03	25.57	-54.08	15	0
Camera	11.05	45.87	31.17	-67.18	29	2
Sensor	15.16	57.37	40.18	-63.12	43	1
Sensor	8.24	67.57	43.22	-54.8	56	1
Light	8.12	67.81	48.8	-61.16	30	4
Plug	5.82	44.57	39.69	-50.9	4	0
Plug	2.76	47.31	39.97	-58.88	24	0
Light	9.16	57.07	28.85	-51.08	37	4
Light	9.72	54.825	32.12	-80.83	16	4
Speaker	12.88	27.71	51.65	-51.92	47	3
Speaker	2.21	32.92	41.96	-61.89	48	3
Speaker	12.56	5.0	30.62	-67.34	20	3
Light	5.87	60.03	42.48	-56.71	54	4
Light	7.31	33.25	16.57	-57.64	37	4
Plug	12.47	55.43	22.96	-37.05	23	0
Camera	12.37	18.42	46.09	-70.5	38	2
Sensor	19.51	69.6	33.28	-74.64	48	1
Camera	12.18	64.68	34.93	-49.56	19	2
Plug	6.78	41.08	38.78	-68.0	58	0
Light	13.72	54.825	38.63	-57.4	14	4
Camera	16.43	21.34	48.4	-52.4	16	2
Plug	16.44	73.9	17.32	-49.18	44	0
Light	13.44	40.46	40.49	-47.89	48	4
Sensor	20.84	37.56	28.67	-71.18	2	1
Light	14.28	72.13	40.33	-62.9	47	4
Plug	14.96	9.69	21.03	-50.19	48	0
Speaker	3.65	47.82	41.68	-54.4	36	3
Speaker	7.77	39.83	55.65	-63.95	9	3
Camera	17.83	90.92	35.88	-70.66	2	2
Light	19.73	44.16	29.23	-54.83	57	4
Sensor	16.82	91.84	63.09	-59.02	28	1
Plug	13.15	77.95	22.77	-43.06	39	0
Plug	11.02	66.2	36.65	-44.74	17	0
Plug	11.55	54.01	52.24	-90.0	2	0
Plug	12.48	43.15	44.53	-41.84	28	0
Speaker	14.87	53.42	26.19	-62.79	7	3
Sensor	10.46	36.6	45.11	-75.9	51	1
Light	16.66	49.78	51.29	-54.39	37	4
Plug	14.99	27.9	49.7	-57.92	60	0
Plug	11.45	46.16	34.41	-40.77	52	0
Light	9.89	8.32	33.45	-68.28	37	4
Plug	15.49	21.56	37.83	-48.17	38	0
Light	8.34	58.43	43.6	-34.39	40	4
Light	4.21	14.43	26.16	-57.78	40	4
Sensor	14.8	25.89	18.09	-51.84	52	1
Plug	18.37	80.16	34.71	-44.8	36	0
Camera	11.03	50.41	50.03	-57.37	1	2
Plug	8.46	92.28	37.54	-59.7	30	0
Camera	4.79	22.46	48.39	-61.72	29	2
Light	15.06	10.94	48.34	-56.36	9	4
Sensor	5.85	79.34	42.63	-51.12	58	1
Speaker	9.69	78.98	50.77	-81.69	4	3
Camera	11.96	86.13	47.97	-66.66	14	2
Sensor	13.82	36.06	38.93	-54.56	59	1
Light	8.95	28.3	35.7	-82.7	15	4
Speaker	5.79	82.9	41.24	-72.68	2	3
Speaker	5.15	5.0	51.06	-64.25	1	3
Speaker	4.59	53.15	48.32	-46.72	7	3
Camera	12.44	32.78	43.32	-68.91	60	2
Sensor	15.76	32.31	52.76	-40.96	33	1
Sensor	9.12	57.92	41.43	-52.49	19	1
Plug	14.61	46.74	26.26	-62.14	44	0
Light	14.92	59.27	30.07	-78.22	57	4
Plug	12.26	12.46	34.5	-38.22	37	0
Light	9.62	81.18	33.44	-56.5	34	4
Light	10.52	81.06	43.7	-72.34	54	4
Speaker	10.0	35.52	24.43	-66.48	25	3
Speaker	11.72	100.39	25.54	-41.36	34	3
Camera	9.77	19.23	42.53	-77.63	2	2
Light	14.42	85.01	38.9	-40.96	51	4
Sensor	16.72	37.18	47.79	-56.41	46	1
Camera	10.35	21.55	26.5	-54.37	27	2
Camera	14.63	32.43	35.45	-45.71	37	2
Light	18.12	46.64	51.86	-52.39	39	4
Light	12.9	54.86	38.03	-57.31	56	4
Plug	15.5	54.27	17.47	-56.41	43	0
Light	14.13	12.78	35.01	-55.4	55	4
Plug	8.96	76.23	33.16	-67.68	28	0
Speaker	13.96	49.33	34.93	-48.74	17	3
Light	14.26	33.12	15.1	-65.87	1	4
Plug	11.71	44.84	62.83	-76.8	32	0
Light	8.83	69.06	28.81	-42.77	55	4
Camera	11.98	91.49	37.01	-37.43	6	2
Plug	13.1	45.09	23.17	-41.36	48	0
Light	9.77	85.68	40.19	-53.06	3	4
Speaker	9.03	76.92	46.32	-65.51	30	3
Light	17.61	51.9	37.12	-47.48	53	4
Camera	16.35	69.88	37.13	-41.7	19	2
Plug	8.7	29.9	29.09	-52.96	9	0
Camera	14.45	56.18	38.29	-53.95	58	2
Camera	6.82	47.67	45.69	-59.84	8	2
Sensor	12.79	26.98	27.75	-77.24	42	1
Speaker	9.81	24.01	42.69	-51.81	47	3
Camera	11.83	36.84	40.46	-51.33	40	2
Light	16.47	93.2	46.05	-58.9	42	4
Light	17.62	35.86	41.05	-71.7	14	4
Plug	11.12	61.58	22.14	-64.73	30	0
Light	7.4	77.8	40.84	-67.29	44	4
Camera	4.92	88.7	25.84	-64.55	31	2
Camera	17.74	53.32	43.54	-52.08	53	2
Sensor	13.46	31.02	41.78	-52.65	54	1
Light	15.31	44.11	33.62	-42.96	5	4
Speaker	12.47	76.71	34.32	-55.23	52	3
Speaker	10.64	42.25	35.34	-55.08	5	3
Light	13.09	76.81	46.65	-65.69	43	4
Camera	11.77	36.72	34.89	-52.16	22	2
Camera	8.52	54.24	35.61	-49.51	8	2
Light	8.97	85.41	35.28	-61.56	56	4
Camera	19.4	43.92	43.98	-81.64	16	2
Light	11.39	44.48	36.99	-54.9	48	4
Speaker	11.14	53.59	47.59	-90.0	59	3
Plug	11.96	80.18	47.26	-63.25	34	0
Light	6.27	51.6	26.21	-49.73	18	4
Sensor	12.06	51.82	29.25	-74.66	29	1
Speaker	6.49	84.52	46.76	-53.93	59	3
Light	20.1	73.47	39.72	-40.51	31	4
Sensor	10.1	103.78	56.99	-52.64	10	1
Plug	6.18	45.7	43.75	-37.12	7	0
Plug	4.28	56.96	49.05	-88.69	50	0
Plug	12.04	46.97	40.35	-46.27	47	0
Camera	11.75	38.67	37.73	-64.32	7	2
Speaker	9.26	57.65	46.01	-56.76	59	3
Light	8.06	54.825	36.65	-62.83	6	4
Plug	19.47	76.55	42.03	-39.88	20	0
Sensor	13.21	37.21	48.88	-51.65	6	1
Plug	19.08	54.63	40.46	-63.69	31	0
Camera	4.18	5.0	37.12	-76.52	25	2
Plug	12.04	60.75	29.57	-70.63	41	0
Sensor	15.52	34.32	42.73	-25.98	25	1
Light	16.82	65.47	46.76	-64.27	40	4
Camera	9.86	66.08	42.01	-46.54	6	2
Camera	17.11	41.34	31.62	-63.92	25	2
Speaker	9.83	40.86	27.64	-63.57	29	3
Camera	15.7	31.44	42.65	-62.63	41	2
Light	12.25	50.65	51.55	-66.78	51	4
Plug	11.03	46.87	53.4	-55.98	39	0
Light	7.57	54.77	27.45	-42.96	44	4
Camera	11.75	67.62	46.18	-34.65	54	2
Sensor	14.94	93.18	35.05	-66.72	19	1
Camera	15.56	88.32	39.29	-47.93	48	2
Camera	11.71	25.86	30.71	-50.24	23	2
Speaker	9.38	42.21	43.57	-59.28	59	3
Sensor	14.84	27.82	44.09	-52.02	44	1
Light	24.0	49.54	24.62	-51.94	59	4
Sensor	17.93	58.23	24.52	-75.79	20	1
Light	8.49	43.21	30.7	-54.52	43	4
Plug	9.34	22.63	47.92	-47.88	33	0
Light	11.99	45.29	22.91	-49.18	53	4
Camera	14.73	46.81	47.12	-51.6	51	2
Speaker	10.36	72.55	39.51	-54.57	28	3
Camera	17.27	81.86	32.3	-70.24	14	2
Plug	10.16	73.61	41.77	-59.46	55	0
Light	17.49	41.29	48.21	-59.24	23	4
Camera	8.7	61.64	48.65	-62.64	32	2
Light	15.11	59.92	39.76	-62.01	24	4
Light	9.21	64.34	28.36	-44.0	17	4
Light	5.18	34.49	46.65	-56.24	3	4
Light	13.39	60.67	25.68	-49.3	3	4
Camera	9.62	67.2	50.82	-65.97	37	2
Light	8.84	54.86	20.44	-39.21	46	4
Light	4.79	42.78	38.74	-53.11	22	4
Speaker	13.49	58.39	47.81	-59.53	26	3
Camera	15.0	56.26	39.82	-49.33	30	2
Speaker	11.35	51.24	55.47	-60.6	3	3
Light	9.48	47.9	42.47	-50.4	11	4
Plug	10.59	82.2	22.75	-78.9	49	0
Plug	15.78	25.78	60.29	-81.73	43	0
Camera	8.01	77.96	45.61	-47.57	1	2
Plug	13.58	76.52	44.06	-85.42	24	0
Plug	10.77	50.11	37.15	-41.8	52	0
Speaker	16.28	55.42	53.63	-62.98	57	3
Light	15.93	45.17	34.15	-45.42	60	4
Sensor	11.16	66.53	42.42	-43.69	20	1
Light	8.93	88.72	48.43	-44.46	46	4
Speaker	11.91	58.63	31.76	-52.79	43	3
Camera	10.88	67.25	32.6	-77.47	31	2
Speaker	7.41	62.01	30.86	-73.75	15	3
Sensor	8.59	41.03	29.65	-71.01	25	1
Light	12.48	28.11	38.12	-54.1	11	4
Light	13.14	62.99	50.28	-63.94	25	4
Plug	15.07	20.67	31.66	-51.89	5	0
Camera	14.92	24.83	41.29	-50.66	9	2
Camera	10.8	56.95	40.52	-47.38	51	2
Light	8.87	25.72	37.8	-59.9	8	4
Sensor	9.49	58.46	40.74	-41.85	34	1
Light	20.45	122.93	25.42	-68.65	35	4
Speaker	13.71	24.35	36.12	-68.32	30	3
Light	14.07	55.62	31.46	-46.91	11	4
Plug	15.56	48.95	33.5	-79.15	59	0
Speaker	8.51	70.95	31.18	-61.3	7	3
Light	7.99	82.98	24.05	-51.92	60	4
Plug	16.42	28.09	41.33	-67.55	58	0
Camera	13.95	50.13	56.5	-81.76	32	2
Plug	15.41	53.18	40.7	-63.18	41	0
Light	8.18	54.825	55.19	-74.1	20	4
Camera	12.25	104.22	34.16	-65.93	57	2
Speaker	3.39	44.98	36.99	-40.91	47	3
Speaker	11.54	23.1	40.55	-45.11	59	3
Camera	19.7	82.57	20.22	-59.38	5	2
Plug	14.66	67.95	41.9	-42.39	29	0
Sensor	14.68	77.9	33.9	-37.43	12	1
Light	12.66	40.96	40.96	-46.18	5	4
Light	11.94	47.09	28.58	-60.79	6	4
Plug	6.92	87.58	51.52	-71.39	59	0
Sensor	11.64	73.89	36.66	-67.07	35	1
Light	12.57	29.15	38.5	-48.18	59	4
Sensor	13.84	5.95	26.78	-67.37	5	1
Speaker	15.74	72.88	29.92	-51.09	49	3
Camera	8.09	60.88	31.03	-46.86	47	2
Light	13.35	49.16	41.94	-64.71	18	4
Plug	9.02	54.825	45.5	-53.55	60	0
Camera	11.85	50.31	29.27	-55.89	22	2
Light	13.28	57.27	34.61	-64.83	54	4
Light	24.0	93.64	31.53	-37.42	16	4
Speaker	20.65	66.17	34.3	-54.25	33	3
Plug	11.03	47.66	25.36	-53.48	40	0
Light	14.0	49.23	29.96	-60.58	14	4
Plug	16.81	19.69	43.97	-54.45	32	0
Speaker	14.08	5.0	35.23	-65.81	24	3
Camera	11.03	61.88	54.92	-69.9	16	2
Sensor	12.94	78.16	41.62	-46.79	27	1
Plug	10.31	51.39	32.4	-70.13	33	0
Sensor	12.11	55.3	38.43	-58.25	6	1
Camera	12.09	23.75	37.67	-44.42	56	2
Sensor	9.57	28.76	35.58	-59.29	49	1
Plug	6.66	79.76	50.79	-53.3	51	0
Sensor	10.37	49.42	17.21	-72.09	2	1
Light	5.46	30.15	44.29	-83.37	24	4
Plug	11.25	63.0	51.3	-70.82	33	0
Plug	13.97	62.48	51.15	-44.46	57	0
Plug	21.78	90.84	33.62	-61.58	46	0
Plug	8.5	97.39	41.88	-60.87	51	0
Plug	14.52	10.05	49.27	-51.0	31	0
Light	6.28	28.65	30.89	-35.98	42	4
Sensor	16.08	66.92	47.46	-51.29	30	1
Sensor	8.73	23.21	37.74	-43.01	24	1
Sensor	12.93	38.29	37.97	-72.82	53	1
Camera	8.21	14.68	51.82	-64.13	28	2
Sensor	9.29	95.03	36.38	-68.28	44	1
Camera	8.95	73.33	43.35	-45.31	41	2
Speaker	5.21	48.11	44.18	-51.98	43	3
Sensor	8.92	73.69	28.99	-56.43	8	1
Sensor	7.39	53.01	45.29	-64.14	10	1
Speaker	9.38	50.13	43.14	-43.66	5	3
Sensor	8.22	27.19	33.81	-78.88	35	1
Camera	13.53	34.92	39.25	-59.99	12	2
Speaker	13.25	58.54	43.08	-70.88	39	3
Camera	9.62	67.62	30.74	-70.7	13	2
Plug	17.55	68.11	40.6	-53.54	37	0
Speaker	7.66	56.5	40.06	-41.9	34	3
Plug	5.56	10.47	25.44	-72.74	52	0
Plug	8.3	66.4	47.01	-50.05	37	0
Camera	11.82	48.55	32.84	-67.12	11	2
Speaker	17.02	72.62	31.71	-58.25	55	3
Camera	11.89	25.94	44.26	-65.12	29	2
Camera	12.22	57.81	27.31	-66.74	45	2
Camera	10.31	91.97	33.7	-53.26	12	2
Plug	17.96	57.77	31.1	-46.23	7	0
Plug	12.2	62.24	34.45	-52.47	48	0
Light	16.11	84.74	32.63	-47.07	48	4
Camera	13.43	87.45	39.79	-65.32	50	2
Light	13.1	70.53	60.55	-54.43	16	4
Speaker	21.48	36.08	52.36	-57.18	8	3
Camera	9.08	72.63	48.2	-56.77	53	2
Sensor	13.27	57.06	37.52	-45.56	22	1
Light	7.77	45.24	36.69	-25.0	30	4
Camera	13.53	5.0	27.38	-70.28	20	2
Sensor	6.79	50.78	34.28	-48.86	22	1
Plug	16.07	62.05	31.29	-58.74	18	0
Plug	12.7	23.69	42.4	-65.94	32	0
Speaker	9.89	65.88	33.77	-68.16	43	3
Camera	11.78	58.57	31.36	-68.18	25	2
Sensor	21.19	45.76	43.85	-53.76	30	1
Camera	5.18	60.53	32.59	-81.78	28	2
Plug	14.38	76.61	41.43	-71.4	6	0
Light	20.33	48.05	23.71	-64.03	22	4
Light	9.34	63.53	44.23	-45.31	53	4
Plug	4.05	32.49	23.16	-49.25	25	0
Light	9.48	53.02	34.94	-77.08	2	4
Sensor	7.45	45.76	51.88	-58.55	60	1
Light	16.34	54.825	12.55	-32.17	28	4
Sensor	12.32	59.63	45.81	-46.23	1	1
Camera	18.03	65.32	22.22	-44.54	8	2
Plug	11.96	77.33	43.74	-64.92	39	0
Light	15.31	59.11	10.32	-82.22	41	4
Camera	2.48	44.63	58.28	-59.6	32	2
Speaker	9.88	34.16	29.14	-45.12	36	3
Speaker	10.88	31.13	42.66	-56.5	24	3
Light	16.48	33.9	44.93	-62.98	18	4
Light	11.95	41.21	30.59	-81.79	40	4
Light	5.2	28.21	50.42	-56.39	22	4
Camera	13.59	73.9	46.29	-66.76	6	2
Light	7.12	26.46	33.74	-62.41	51	4
Plug	15.28	67.73	39.24	-59.11	19	0
Plug	13.13	68.4	37.27	-60.35	54	0
Camera	9.97	77.73	49.3	-74.83	14	2
Light	14.84	99.03	43.13	-47.52	9	4
Plug	13.07	108.46	38.49	-68.58	40	0
Speaker	7.9	38.13	44.61	-51.41	28	3
Camera	12.18	48.51	38.05	-61.94	30	2
Plug	17.75	31.47	22.23	-52.25	46	0
Speaker	19.34	11.82	40.62	-64.1	55	3
Speaker	5.8	75.36	43.33	-57.7	47	3
Light	6.56	31.9	55.33	-55.54	38	4
Light	13.26	26.08	42.58	-49.94	11	4
Light	8.44	58.24	40.3	-50.31	57	4
Plug	11.51	39.93	52.3	-48.89	25	0
Camera	7.46	59.48	31.61	-71.75	47	2
Light	15.64	61.69	54.88	-51.21	41	4
Camera	12.54	54.87	47.89	-48.55	34	2
Light	9.63	78.8	49.2	-74.19	25	4
Sensor	11.56	54.45	42.03	-54.88	19	1
Light	8.83	53.54	29.51	-44.07	22	4
Light	12.99	74.74	47.49	-56.09	30	4
Light	11.58	54.63	33.35	-54.98	8	4
Plug	13.59	76.77	24.36	-66.72	17	0
Sensor	15.53	100.78	43.52	-63.11	20	1
Camera	7.02	37.16	30.35	-66.59	51	2
Camera	19.29	34.06	39.77	-54.43	57	2
Light	18.24	35.49	52.75	-54.44	54	4
Light	15.56	83.09	35.01	-49.47	47	4
Speaker	14.94	59.61	17.82	-55.39	41	3
Camera	11.96	40.63	52.14	-55.92	23	2
Sensor	16.43	49.99	42.73	-69.19	28	1
Light	6.38	28.04	57.0	-43.57	31	4
Plug	15.5	5.98	12.51	-61.08	12	0
Camera	13.56	55.29	25.78	-56.34	15	2
Sensor	11.4	71.94	34.78	-66.8	6	1
Light	9.63	13.77	40.16	-49.39	29	4
Light	9.39	57.6	36.89	-68.19	15	4
Light	12.95	44.46	25.62	-39.49	50	4
Speaker	9.39	73.78	38.5	-68.36	52	3
Plug	15.43	58.9	27.47	-71.92	58	0
Light	7.84	36.41	33.41	-49.56	1	4
Plug	12.83	60.52	35.78	-41.85	46	0
Camera	13.75	58.12	37.27	-79.52	40	2
Plug	11.63	43.64	53.67	-50.49	26	0
Speaker	16.67	46.33	49.86	-53.66	15	3
Plug	8.39	92.8	40.47	-57.41	41	0
Light	10.66	47.49	54.91	-57.22	16	4
Camera	14.67	89.95	36.55	-44.91	42	2
Camera	13.61	45.84	21.21	-46.67	2	2
Speaker	16.87	88.83	30.71	-66.1	3	3
Plug	7.09	77.77	43.31	-80.52	44	0
Sensor	14.09	59.71	50.35	-52.42	13	1
Plug	4.77	59.11	45.89	-65.24	22	0
Sensor	15.39	37.63	29.11	-76.55	49	1
Camera	16.8	67.92	52.54	-54.32	20	2
Plug	18.74	64.59	44.45	-65.03	4	0
Light	16.63	19.02	38.53	-33.85	46	4
Speaker	9.36	72.24	30.88	-44.74	5	3
Camera	7.19	78.77	51.87	-44.53	9	2
Camera	13.18	57.81	41.85	-64.29	8	2
Camera	12.76	46.28	30.82	-59.96	20	2
Light	14.77	51.94	30.23	-66.62	33	4
Sensor	9.95	66.34	34.84	-52.67	35	1
Speaker	11.96	53.85	25.63	-42.58	38	3
Plug	2.68	49.61	22.72	-39.7	40	0
Light	7.19	63.58	32.47	-79.64	3	4
Sensor	14.27	57.47	44.81	-75.25	26	1
Sensor	9.7	50.95	22.97	-54.46	24	1
Light	11.32	90.82	32.85	-60.53	49	4
Camera	6.09	39.68	34.8	-80.98	56	2
Sensor	5.12	26.57	14.47	-71.31	53	1
Sensor	5.29	16.47	19.1	-45.21	14	1
Camera	10.56	53.57	35.17	-60.19	49	2
Speaker	16.87	42.06	41.26	-72.02	32	3
Light	8.97	32.86	48.39	-48.65	22	4
Plug	15.36	73.15	47.68	-72.98	30	0
Light	9.19	48.35	48.98	-45.27	55	4
Speaker	14.75	31.78	31.62	-47.04	5	3
Light	9.63	67.72	44.39	-70.61	47	4
Light	11.96	35.58	44.65	-56.51	29	4
Speaker	12.51	38.51	35.08	-46.78	59	3
Plug	8.33	47.09	44.93	-58.7	36	0
Light	16.24	76.65	46.45	-51.29	16	4
Sensor	11.85	51.48	16.98	-55.94	43	1
Camera	9.79	54.825	47.01	-45.84	35	2
Plug	14.18	43.29	38.55	-52.36	11	0
Plug	10.54	34.04	34.52	-43.9	4	0
Plug	11.72	67.43	45.88	-49.64	49	0
Light	9.88	44.03	46.86	-62.5	58	4
Sensor	11.96	63.54	24.0	-47.12	51	1
Light	11.81	49.32	41.16	-75.65	29	4
Speaker	6.78	63.26	22.93	-55.52	25	3
Light	18.33	47.82	27.69	-64.19	42	4
Plug	7.81	32.82	45.21	-70.43	26	0
Light	10.78	61.23	30.92	-45.91	27	4
Sensor	7.61	62.81	29.95	-52.27	36	1
Light	11.69	74.12	33.57	-67.62	28	4
Camera	13.17	30.83	46.3	-48.26	9	2
Sensor	12.77	14.83	24.13	-51.42	9	1
Light	14.65	56.99	25.91	-48.46	22	4
Sensor	11.22	44.81	44.67	-59.2	36	1
Camera	17.42	73.31	25.41	-54.15	43	2
Camera	15.04	64.58	25.9	-65.95	24	2
Speaker	9.02	39.28	39.49	-69.01	5	3
Plug	17.67	34.57	48.6	-51.11	50	0
Light	11.41	55.36	29.44	-72.18	26	4
Sensor	13.63	61.12	49.43	-63.66	35	1
Speaker	8.37	92.84	29.39	-50.68	56	3
Plug	15.51	47.02	27.87	-74.52	41	0
Light	3.25	29.11	41.89	-70.78	59	4
Light	9.44	51.34	32.72	-66.28	16	4
Light	10.11	98.65	46.59	-49.37	45	4
Speaker	6.14	62.13	48.96	-85.87	60	3
Camera	8.7	61.57	39.39	-51.9	45	2
Plug	17.93	77.33	57.57	-64.37	59	0
Sensor	19.94	44.26	41.87	-55.7	1	1
Light	12.31	23.13	41.12	-65.98	21	4
Camera	11.3	81.71	29.32	-77.27	34	2
Light	7.85	88.32	51.87	-42.54	21	4
Camera	5.05	36.52	30.68	-44.96	25	2
Light	10.66	29.96	56.64	-65.59	28	4
Speaker	16.6	10.89	38.15	-69.89	44	3
Light	10.19	61.06	43.78	-62.49	43	4
Speaker	7.7	45.06	44.59	-78.23	48	3
Plug	10.83	54.43	37.51	-53.73	39	0
Sensor	9.45	62.57	40.81	-61.79	49	1
Sensor	21.13	62.29	33.9	-25.0	10	1
Sensor	15.78	71.89	46.85	-56.11	21	1
Sensor	11.37	7.09	37.09	-52.71	49	1
Camera	17.04	41.59	25.9	-62.15	32	2
Camera	11.89	25.25	39.9	-78.07	17	2
Camera	13.02	47.39	28.35	-57.15	60	2
Camera	8.19	98.8	19.54	-68.37	55	2
Plug	3.71	60.67	36.46	-68.06	22	0
Camera	15.55	69.66	24.89	-73.06	50	2
Speaker	8.07	82.5	32.18	-51.53	5	3
Light	17.89	16.42	32.52	-39.32	30	4
Light	12.11	40.59	41.19	-58.07	57	4
Light	11.96	75.21	43.43	-72.95	12	4
Plug	8.45	47.93	39.91	-73.65	59	0
Light	12.85	69.52	41.51	-49.73	36	4
Camera	17.47	52.55	27.23	-70.97	12	2
Speaker	13.06	41.54	32.28	-69.67	19	3
Speaker	11.9	99.63	43.26	-58.59	34	3
Sensor	2.52	60.07	31.1	-62.3	14	1
Plug	9.67	65.3	31.53	-71.02	53	0
Light	12.4	76.31	42.44	-90.0	53	4
Speaker	17.97	30.71	45.77	-59.04	2	3
Sensor	15.55	46.06	35.47	-43.62	46	1
Sensor	7.24	20.97	24.1	-48.8	36	1
Light	10.49	63.54	38.37	-58.85	23	4
Plug	13.68	33.83	45.14	-75.7	35	0
Sensor	13.73	77.07	29.4	-65.08	27	1
Plug	7.11	30.29	37.57	-58.15	43	0
Plug	12.08	52.27	28.98	-58.59	55	0
Speaker	15.07	27.2	41.12	-57.92	60	3
Plug	16.65	40.65	28.35	-48.85	39	0
Camera	11.17	43.45	28.76	-55.52	23	2
Plug	3.87	65.94	17.99	-71.55	58	0
Camera	12.75	46.79	45.76	-44.52	21	2
Sensor	12.0	39.56	32.76	-42.62	33	1
Speaker	13.54	72.1	40.18	-60.23	26	3
Camera	15.89	36.34	27.12	-70.42	38	2
Sensor	5.73	54.83	42.16	-67.22	51	1
Camera	14.01	68.29	32.69	-34.6	36	2
Sensor	14.66	102.66	25.4	-33.72	7	1
Light	9.63	20.62	27.84	-75.9	54	4
Light	12.39	5.0	32.49	-62.74	60	4
Plug	13.74	25.13	33.76	-37.55	4	0
Light	18.72	28.61	29.6	-83.61	51	4
Plug	14.52	36.16	38.01	-76.61	30	0
Sensor	6.17	41.13	22.71	-67.79	31	1
Plug	1.65	18.73	52.49	-44.51	60	0
Speaker	16.55	47.83	38.99	-49.14	30	3
Plug	14.36	49.6	37.84	-60.76	35	0
Sensor	1.27	69.89	39.83	-64.69	7	1
Light	11.96	56.39	37.38	-65.25	16	4
Speaker	15.67	42.65	38.97	-46.76	18	3
Camera	11.39	74.04	41.64	-55.47	2	2
Light	16.27	24.17	24.06	-53.63	34	4
Light	1.01	50.48	25.86	-52.5	5	4
Plug	12.97	38.2	44.12	-47.41	15	0
Light	8.02	46.4	20.78	-54.7	4	4
Light	14.35	76.6	31.79	-44.29	7	4
Speaker	5.71	59.76	41.86	-35.82	45	3
Speaker	11.73	44.76	30.99	-71.33	29	3
Sensor	9.79	47.67	46.82	-58.89	18	1
Sensor	12.54	53.46	31.11	-72.61	40	1
Speaker	17.89	41.94	32.83	-41.65	25	3
Plug	17.81	20.55	58.18	-61.54	29	0
Camera	7.62	28.52	54.18	-57.26	48	2
Camera	7.47	53.99	32.39	-50.11	4	2
Sensor	9.15	34.07	39.69	-55.38	50	1
Plug	2.18	29.69	40.76	-59.44	46	0
Camera	18.84	34.01	41.63	-73.8	51	2
Light	19.46	50.01	35.23	-41.36	33	4
Light	14.39	51.31	46.39	-56.73	43	4
Plug	13.05	53.12	31.23	-51.18	14	0
Plug	9.29	16.15	32.29	-67.59	13	0
Sensor	7.7	42.11	54.95	-50.7	54	1
Plug	10.15	54.6	46.19	-48.79	9	0
Camera	10.56	70.57	25.54	-42.88	9	2
Plug	12.94	44.28	27.49	-54.87	55	0
Sensor	10.61	22.77	34.06	-73.28	8	1
Light	15.26	31.33	35.54	-68.97	51	4
Plug	11.54	61.13	28.56	-46.08	6	0
Camera	6.61	89.15	55.79	-57.95	15	2
Light	11.95	86.21	39.21	-42.44	57	4
Plug	7.0	72.08	19.04	-55.88	24	0
Plug	10.52	39.56	39.25	-53.99	40	0
Camera	13.89	55.62	44.92	-67.56	57	2
Sensor	12.83	59.32	38.81	-53.96	58	1
Speaker	10.96	81.57	29.73	-72.9	37	3
Plug	11.93	84.28	31.26	-54.85	6	0
Speaker	16.54	60.98	30.38	-52.5	22	3
Camera	9.04	92.39	53.36	-50.86	1	2
Light	12.32	45.47	50.54	-53.14	20	4
Speaker	12.25	40.5	31.93	-83.66	30	3
Plug	12.79	51.96	44.65	-74.53	29	0
Plug	8.4	28.81	30.93	-71.92	23	0
Sensor	2.65	20.3	32.96	-44.63	7	1
Sensor	7.38	46.7	39.77	-52.71	25	1
Sensor	6.76	53.68	40.99	-58.53	31	1
Camera	8.12	32.65	23.92	-53.0	56	2
Sensor	20.49	44.85	44.1	-60.84	30	1
Camera	9.56	37.68	39.45	-64.7	10	2
Camera	13.3	88.63	32.57	-75.73	25	2
Light	11.04	58.41	34.95	-65.18	41	4
Speaker	13.19	29.18	34.74	-73.06	36	3
Plug	11.96	15.17	45.26	-45.58	52	0
Camera	12.74	54.37	46.18	-61.58	12	2
Speaker	10.59	67.39	40.65	-51.2	3	3
Speaker	8.39	36.37	51.53	-48.02	1	3
Speaker	10.76	37.87	33.98	-75.28	16	3
Speaker	19.47	35.28	34.02	-48.22	5	3
Sensor	12.4	57.34	23.92	-73.5	32	1
Camera	12.15	26.08	46.66	-55.27	53	2
Speaker	5.14	30.78	42.85	-60.97	19	3
Speaker	7.8	67.45	26.78	-70.37	41	3
Camera	16.41	61.85	37.3	-64.95	31	2
Camera	8.25	45.65	33.97	-63.99	53	2
Light	11.52	85.55	31.22	-37.32	9	4
Speaker	17.14	77.2	46.06	-66.52	17	3
Light	12.68	9.95	24.38	-59.77	53	4
Light	11.15	18.92	38.76	-29.69	27	4
Light	11.96	45.69	38.27	-39.66	19	4
Speaker	13.56	57.49	36.07	-50.26	44	3
Plug	12.1	79.8	27.06	-60.68	12	0
Speaker	13.35	62.08	49.95	-54.55	3	3
Speaker	15.93	46.52	34.93	-61.31	34	3
Sensor	7.69	54.76	30.36	-56.34	44	1
Camera	13.05	43.83	66.77	-54.47	13	2
Sensor	13.62	44.63	37.5	-42.24	3	1
Camera	9.61	80.17	33.29	-60.35	9	2
Light	8.68	50.22	37.71	-41.06	40	4
Light	9.47	32.94	40.92	-63.12	53	4
Camera	9.52	77.39	43.92	-30.65	16	2
Light	12.6	38.49	33.89	-42.14	17	4
Sensor	13.51	112.69	20.7	-58.76	49	1
Plug	12.79	54.825	31.41	-80.09	14	0
Light	17.37	47.96	23.41	-63.24	7	4
Sensor	13.32	7.8	25.91	-61.13	21	1
Camera	17.12	89.75	37.74	-63.56	59	2
Camera	8.68	75.68	45.5	-48.33	10	2
Light	11.4	63.03	46.82	-56.26	48	4
Plug	13.24	57.45	41.02	-55.23	45	0
Light	17.66	16.41	30.75	-36.9	25	4
Plug	13.93	41.77	25.68	-52.61	41	0
Light	2.59	52.84	36.64	-64.39	6	4
Plug	12.96	65.58	41.17	-36.52	40	0
Light	8.94	60.03	43.7	-59.25	48	4
Sensor	1.0	38.97	28.66	-58.28	24	1
Light	10.11	83.49	38.86	-59.09	8	4
Sensor	9.16	104.48	37.69	-44.71	49	1
Speaker	9.97	54.0	52.3	-50.27	53	3
Plug	14.41	50.79	32.13	-46.21	35	0
Light	16.67	115.88	30.62	-50.04	24	4
Camera	9.17	45.2	45.49	-58.6	58	2
Plug	10.7	54.825	37.08	-65.84	47	0
Plug	10.92	71.48	46.25	-40.58	37	0
Plug	13.6	78.15	31.53	-76.76	7	0
Light	12.54	69.32	54.79	-59.44	53	4
Camera	8.72	63.89	28.61	-52.07	12	2
Plug	13.43	45.76	36.45	-63.41	59	0
Sensor	16.03	45.52	44.94	-80.08	60	1
Plug	6.81	42.98	24.18	-53.88	41	0
Speaker	13.03	24.75	30.51	-72.9	13	3
Plug	6.85	49.34	41.48	-41.54	53	0
Camera	14.76	66.23	26.24	-62.27	30	2
Sensor	17.38	39.86	46.46	-57.36	18	1
Camera	16.5	58.75	33.7	-44.59	1	2
Light	8.92	70.73	40.0	-45.26	17	4
Speaker	12.79	44.87	36.15	-69.52	13	3
Light	6.64	54.46	43.88	-67.76	25	4
Speaker	17.45	41.16	36.05	-66.01	33	3
Light	18.26	75.46	44.53	-37.66	47	4
Light	8.23	25.38	25.88	-57.81	11	4
Light	11.58	25.9	48.56	-54.11	24	4
Plug	11.47	49.15	57.03	-49.49	39	0
Sensor	15.66	34.39	26.05	-59.2	19	1
Speaker	6.68	79.75	44.37	-51.09	44	3
Light	17.14	60.47	41.26	-56.51	55	4
Camera	12.74	74.87	33.34	-52.37	36	2
Plug	17.05	56.49	48.11	-69.72	5	0
Camera	7.35	54.17	40.06	-54.33	23	2
Plug	10.13	40.66	42.71	-66.95	3	0
Plug	9.85	52.48	36.87	-38.3	2	0
Camera	7.55	69.92	43.59	-76.53	53	2
Speaker	12.11	53.21	46.43	-57.89	24	3
Sensor	15.82	36.45	29.04	-47.24	41	1
Speaker	11.16	83.11	32.96	-49.37	39	3
Speaker	5.7	56.6	35.37	-52.12	52	3
Plug	14.8	85.56	41.28	-80.09	41	0
Sensor	18.37	25.06	33.04	-62.47	3	1
Plug	13.0	99.97	15.2	-33.47	17	0
Plug	12.53	68.63	18.78	-65.54	40	0
Light	11.08	77.45	34.94	-77.96	15	4
Speaker	1.0	76.53	38.5	-48.99	28	3
Speaker	12.52	74.27	34.09	-65.05	17	3
Light	7.87	28.89	47.37	-25.81	37	4
Light	11.91	58.08	49.13	-64.42	30	4
Camera	6.63	41.93	25.97	-74.03	56	2
Plug	12.29	56.55	55.35	-42.16	15	0
Light	8.64	53.62	28.94	-61.39	59	4
Speaker	17.06	73.24	23.76	-47.19	40	3
Plug	14.11	41.1	35.56	-57.7	59	0
Speaker	10.27	34.18	52.94	-68.39	38	3
Sensor	5.81	73.03	37.81	-50.63	53	1
Speaker	11.91	60.59	37.69	-48.77	50	3
Camera	16.7	79.6	44.09	-57.1	26	2
Light	15.32	40.43	36.96	-65.29	49	4
Plug	4.72	51.98	35.07	-61.35	26	0
Sensor	8.8	39.84	41.78	-43.7	25	1
Speaker	11.43	52.98	42.87	-52.71	18	3
Camera	13.18	19.34	54.62	-52.76	15	2
Plug	13.05	23.33	43.63	-50.7	39	0
Plug	17.8	63.99	47.95	-63.63	59	0
Camera	13.89	52.63	35.47	-59.48	18	2
Plug	11.65	46.05	47.4	-63.2	20	0
Light	8.23	56.14	34.09	-56.49	28	4
Plug	11.42	37.09	47.28	-74.21	30	0
Light	13.85	52.32	52.44	-74.68	47	4
Light	12.94	70.64	43.31	-55.49	45	4
Sensor	2.38	86.79	44.38	-79.1	25	1
Plug	8.92	43.87	36.24	-71.86	39	0
Plug	3.45	49.27	47.3	-59.46	5	0
Light	11.8	115.83	39.31	-57.92	55	4
Light	14.12	54.13	45.64	-56.06	60	4
Plug	1.0	19.0	52.7	-43.09	41	0
Light	15.27	74.26	39.77	-59.85	40	4
Speaker	20.75	53.17	24.45	-47.45	22	3
Sensor	13.48	80.08	42.46	-52.33	23	1
Light	14.16	59.02	45.46	-50.08	21	4
Camera	12.33	67.75	30.01	-67.2	57	2
Light	10.93	66.5	53.33	-66.45	3	4
Sensor	12.98	82.97	18.51	-67.68	3	1
Sensor	12.15	68.75	36.1	-49.44	23	1
Light	7.86	5.0	40.41	-56.66	52	4
Camera	15.76	29.06	32.35	-41.38	33	2
Camera	7.4	79.54	31.15	-61.02	22	2
Light	9.13	45.49	59.57	-42.32	26	4
Light	17.6	76.95	26.69	-40.35	40	4
Plug	13.86	16.22	30.82	-45.72	19	0
Camera	4.54	14.03	42.09	-62.29	32	2
Light	12.76	50.34	33.59	-69.09	37	4
Plug	15.39	74.62	37.51	-43.39	52	0
Plug	13.15	54.825	32.68	-77.51	21	0
Sensor	17.74	69.56	36.66	-55.41	42	1
Light	12.51	66.31	22.41	-53.7	55	4
Light	9.36	8.85	43.89	-57.57	41	4
Speaker	16.12	65.87	29.03	-74.21	25	3
Light	13.08	27.69	46.7	-56.83	20	4
Sensor	13.36	38.2	46.13	-66.97	6	1
Camera	9.7	40.34	32.12	-67.68	10	2
Sensor	17.91	59.43	53.78	-81.71	33	1
Light	19.42	16.84	32.97	-38.97	17	4
Light	4.24	61.66	39.2	-43.42	17	4
Camera	9.47	67.29	33.53	-53.05	29	2
Camera	7.63	42.22	37.39	-49.16	41	2
Sensor	8.42	34.16	33.65	-76.44	21	1
Light	11.25	91.82	46.0	-59.6	43	4
Camera	9.8	10.3	41.95	-54.79	42	2
Plug	18.2	32.76	45.15	-81.35	19	0
Speaker	11.58	40.19	39.15	-80.06	34	3
Light	6.77	50.13	17.28	-51.62	46	4
Camera	10.71	42.77	43.38	-78.95	43	2
Light	10.05	84.19	28.72	-64.19	13	4
Plug	9.34	22.67	24.36	-57.06	24	0
Plug	14.54	79.9	25.38	-46.51	16	0
Plug	11.96	89.08	30.01	-49.52	57	0
Plug	6.54	44.02	38.23	-48.69	48	0
Speaker	12.31	88.33	35.28	-50.97	30	3
Sensor	18.77	59.76	36.09	-50.28	34	1
Camera	14.95	71.8	44.07	-46.09	29	2
Speaker	12.98	63.37	27.3	-58.01	22	3
Speaker	16.05	26.64	42.54	-52.39	28	3
Plug	12.59	47.16	23.94	-68.88	29	0
Light	9.76	64.01	51.82	-61.2	20	4
Speaker	7.54	54.7	31.39	-65.03	42	3
Camera	11.96	14.81	32.29	-52.73	33	2
Plug	4.05	15.32	28.72	-61.92	17	0
Plug	13.84	50.3	50.01	-63.8	38	0
Speaker	3.17	65.86	39.94	-63.15	33	3
Light	9.06	84.92	46.95	-46.25	49	4
Plug	13.0	75.65	31.23	-67.84	32	0
Light	11.03	67.35	20.26	-56.26	24	4
Camera	10.63	71.31	45.76	-43.97	11	2
Plug	16.39	23.61	23.39	-48.32	9	0
Camera	15.66	12.29	48.11	-68.05	55	2
Speaker	8.21	47.03	45.72	-51.39	30	3
Sensor	13.15	17.6	44.65	-71.35	49	1
Sensor	7.34	65.19	35.47	-43.01	60	1
Speaker	7.84	54.77	37.67	-30.94	10	3
Sensor	9.44	50.08	43.35	-60.19	4	1
Light	10.59	61.5	43.74	-74.27	3	4
Sensor	14.19	73.48	27.56	-90.0	1	1
Speaker	11.96	54.28	40.86	-48.61	37	3
Plug	6.98	47.69	20.17	-56.22	59	0
Plug	15.11	45.34	31.97	-44.09	38	0
Speaker	19.8	88.49	32.02	-56.94	29	3
Light	14.12	37.13	34.79	-53.14	2	4
Light	20.43	61.58	15.3	-77.65	37	4
Light	8.89	99.88	50.13	-85.48	27	4
Plug	10.88	15.42	27.15	-76.63	19	0
Plug	8.75	42.23	42.74	-71.91	50	0
Sensor	7.34	72.84	33.54	-72.16	41	1
Plug	18.66	47.85	51.01	-72.96	28	0
Light	5.28	54.825	36.19	-65.73	55	4
Light	11.47	54.76	41.66	-69.47	30	4
Sensor	11.31	39.78	41.02	-57.81	3	1
Speaker	10.39	60.16	39.3	-63.66	24	3
Light	11.14	64.43	50.27	-64.22	35	4
Sensor	11.22	68.79	38.32	-46.19	45	1
Sensor	9.4	71.42	40.72	-45.91	25	1
Plug	8.1	32.37	19.36	-52.83	21	0
Plug	8.41	70.8	38.8	-54.85	1	0
Speaker	5.51	59.58	26.76	-87.73	43	3
Camera	8.35	43.25	30.58	-59.75	5	2
Plug	16.84	78.03	26.11	-63.31	32	0
Plug	11.83	93.13	41.8	-44.98	9	0
Sensor	9.07	49.44	35.94	-63.6	57	1
Plug	9.61	33.51	40.51	-52.65	40	0
Speaker	14.22	51.36	40.12	-77.0	15	3
Light	6.22	76.98	35.64	-43.86	48	4
Sensor	12.47	29.62	49.59	-61.93	23	1
Plug	9.44	88.25	25.77	-72.09	35	0
Plug	11.96	47.59	33.33	-52.52	48	0
Light	13.24	69.93	39.32	-48.95	57	4
Plug	18.59	50.12	20.93	-62.13	23	0
Speaker	11.96	43.6	36.06	-62.84	19	3
Plug	9.51	61.42	40.38	-63.47	6	0
Plug	16.24	5.0	25.08	-52.18	16	0
Light	10.36	5.96	48.82	-36.42	17	4
Speaker	20.95	22.4	42.95	-62.7	7	3
Light	11.23	96.57	42.8	-66.66	22	4
Camera	1.0	97.5	35.48	-34.75	26	2
Sensor	15.4	46.28	25.28	-59.7	28	1
Plug	15.39	43.64	37.43	-56.74	34	0
Light	17.31	79.64	44.64	-56.38	15	4
Camera	13.68	59.72	40.0	-76.7	48	2
Sensor	10.42	33.37	44.36	-52.9	46	1
Plug	11.02	69.57	41.94	-49.59	59	0
Camera	17.74	73.54	33.38	-69.15	47	2
Plug	4.95	77.98	33.46	-62.73	3	0
Camera	11.86	65.81	37.66	-48.94	30	2
Camera	14.88	27.59	51.58	-51.89	32	2
Light	13.55	86.65	46.68	-52.71	42	4
Speaker	9.65	34.29	44.82	-83.52	39	3
Sensor	17.25	39.65	24.81	-62.52	17	1
Sensor	4.93	34.66	31.67	-56.55	36	1
Camera	11.68	28.05	45.83	-43.21	15	2
Plug	11.49	82.68	43.05	-69.39	35	0
Speaker	12.19	71.56	30.95	-48.71	52	3
Camera	11.96	18.01	40.84	-57.45	15	2
Camera	6.0	37.12	33.89	-61.07	24	2
Light	12.53	66.84	41.35	-47.5	60	4
Sensor	14.38	41.69	33.77	-35.95	35	1
Plug	10.97	25.26	31.08	-61.14	45	0
Camera	15.16	59.54	18.93	-57.39	12	2
Plug	6.26	58.09	55.22	-47.15	39	0
Light	10.01	54.825	25.89	-59.73	19	4
Light	20.3	39.37	36.77	-42.76	9	4
Sensor	6.08	23.42	31.62	-54.87	48	1
Camera	17.82	89.77	37.48	-43.86	24	2
Plug	8.48	59.04	33.63	-71.35	52	0
Camera	7.24	55.44	29.35	-45.53	32	2
Light	9.62	67.17	31.53	-52.21	54	4
Plug	5.28	50.95	33.79	-54.61	42	0
Speaker	6.71	50.99	37.46	-41.9	41	3
Camera	8.93	57.58	44.1	-48.0	17	2
Sensor	16.94	51.75	37.18	-49.77	39	1
Light	10.63	66.44	44.16	-68.71	14	4
Plug	22.18	39.0	33.62	-47.48	39	0
Sensor	16.34	83.21	40.37	-45.53	25	1
Camera	5.17	45.75	54.11	-30.01	24	2
Sensor	8.85	43.85	41.69	-44.76	39	1
Speaker	12.36	96.37	36.79	-47.73	51	3
Sensor	11.21	61.18	56.95	-48.9	43	1
Camera	11.57	89.68	40.58	-47.27	47	2
Plug	9.69	8.1	33.09	-57.9	45	0
Sensor	17.25	71.85	35.16	-56.21	51	1
Plug	8.65	17.81	30.92	-67.06	4	0
Speaker	7.54	33.28	37.24	-34.36	23	3
Light	15.21	27.82	33.95	-59.19	60	4
Sensor	12.66	55.74	27.29	-51.27	27	1
Light	11.96	43.86	39.87	-70.83	18	4
Speaker	13.44	45.76	37.69	-65.5	30	3
Light	12.34	65.26	34.23	-74.98	7	4
Plug	11.54	68.57	61.01	-67.89	6	0
Light	11.37	61.96	39.46	-48.74	2	4
Camera	18.88	45.46	41.39	-68.44	23	2
Camera	17.43	80.28	55.79	-25.0	47	2
Light	14.7	89.75	52.66	-50.17	44	4
Light	17.15	23.88	36.0	-53.54	22	4
Light	9.31	17.67	50.36	-88.62	44	4
Plug	8.42	51.17	50.28	-62.06	39	0
Camera	16.91	17.38	39.82	-65.12	24	2
Light	1.16	41.17	29.24	-57.5	21	4
Plug	9.48	52.98	32.55	-51.07	56	0
Plug	10.01	77.73	36.18	-52.29	44	0
Speaker	11.52	40.73	26.97	-70.31	35	3
Plug	9.31	56.94	42.75	-53.27	45	0
Plug	19.39	37.22	63.8	-76.16	18	0
Plug	10.15	74.17	44.49	-66.41	7	0
Camera	18.24	86.66	47.08	-61.51	42	2
Speaker	1.04	97.21	38.28	-76.49	45	3
Camera	13.76	80.83	49.49	-58.64	52	2
Light	7.58	46.37	29.75	-43.39	23	4
Camera	8.91	43.68	27.7	-72.82	55	2
Speaker	8.33	64.23	38.99	-53.7	17	3
Sensor	3.22	52.18	56.65	-61.85	37	1
Sensor	17.27	80.86	47.54	-63.46	60	1
Speaker	18.39	53.68	44.15	-40.05	29	3
Sensor	5.18	47.55	41.26	-73.48	14	1
Camera	17.89	8.84	45.06	-53.54	17	2
Speaker	16.05	53.19	38.65	-47.03	49	3
Light	13.46	66.17	40.2	-51.85	16	4
Camera	7.37	64.17	48.27	-61.2	49	2
Plug	12.19	45.99	45.18	-60.05	36	0
Plug	19.29	55.94	37.7	-57.57	31	0
Speaker	13.07	77.64	32.61	-90.0	36	3
Speaker	10.32	51.78	39.15	-46.47	54	3
Speaker	11.44	6.85	34.95	-57.34	45	3
Camera	12.36	81.32	8.0	-43.15	44	2
Plug	9.79	45.54	39.37	-62.96	1	0
Light	9.69	65.65	30.29	-58.43	36	4
Camera	12.85	93.88	33.51	-56.14	47	2
Light	22.42	54.825	49.55	-63.28	31	4
Speaker	12.26	58.74	32.3	-56.44	26	3
Plug	11.96	47.88	23.81	-66.41	49	0
Camera	10.65	69.11	48.38	-69.75	41	2
Light	19.08	66.59	32.67	-80.18	16	4
Light	8.11	58.33	41.69	-53.81	48	4
Sensor	11.49	21.27	44.52	-56.61	49	1
Camera	11.07	45.89	30.25	-50.38	17	2
Sensor	12.84	69.05	32.03	-37.36	54	1
Light	8.47	50.98	38.94	-56.41	29	4
Plug	7.87	54.825	43.51	-58.16	56	0
Sensor	11.59	29.4	44.71	-63.88	6	1
Light	11.41	50.19	37.96	-80.15	30	4
Light	17.05	19.72	40.39	-35.58	12	4
Camera	14.38	63.5	49.78	-72.66	36	2
Light	19.01	39.57	38.14	-39.2	17	4
Speaker	9.25	54.42	26.26	-54.13	18	3
Speaker	13.81	88.71	38.59	-45.16	2	3
Sensor	13.84	34.28	27.85	-65.36	34	1
Speaker	17.76	52.35	51.07	-62.52	10	3
Speaker	7.93	61.03	43.76	-56.89	48	3
Speaker	6.32	38.17	35.99	-34.16	8	3
Plug	3.28	35.68	37.26	-59.07	8	0
Speaker	16.98	47.25	55.55	-71.6	5	3
Plug	9.46	34.32	31.91	-65.05	26	0
Speaker	12.46	36.79	43.61	-67.36	30	3
Camera	15.43	31.5	48.07	-54.58	10	2
Sensor	6.7	72.47	39.93	-46.86	58	1
Sensor	2.33	35.65	36.94	-59.7	47	1
Camera	9.39	47.04	50.41	-55.36	59	2
Sensor	5.73	32.49	31.93	-54.94	29	1
Camera	8.91	31.41	49.79	-47.72	42	2
Plug	21.46	64.92	33.4	-74.17	18	0
Sensor	10.89	70.72	32.9	-25.0	44	1
Plug	14.5	55.89	31.24	-84.45	32	0
Sensor	11.76	61.67	49.74	-51.77	30	1
Camera	15.92	35.81	34.34	-52.22	53	2
Plug	14.28	92.78	45.24	-37.14	47	0
Plug	10.15	80.99	36.53	-72.75	43	0
Sensor	15.47	52.19	19.99	-44.47	4	1
Speaker	8.14	46.76	41.15	-68.09	20	3
Camera	10.83	90.69	25.68	-63.93	39	2
Light	14.36	52.41	45.96	-66.6	28	4
Camera	8.45	14.24	29.48	-50.16	58	2
Speaker	5.34	39.61	43.87	-54.48	29	3
Light	18.43	75.39	29.78	-62.65	16	4
Plug	3.2	67.79	32.44	-47.34	12	0
Speaker	8.76	69.08	37.99	-61.35	47	3
Sensor	18.47	72.02	26.11	-38.95	11	1
Camera	6.46	59.32	25.31	-52.9	59	2
Camera	14.37	84.05	41.46	-75.33	53	2
Speaker	10.1	35.9	41.23	-55.38	2	3
Light	8.38	35.83	32.0	-47.93	22	4
Sensor	8.9	15.83	46.2	-41.1	39	1
Speaker	13.41	71.58	51.89	-45.71	57	3
Camera	11.44	64.95	43.81	-68.42	41	2
Sensor	14.12	35.2	21.34	-43.64	44	1
Plug	14.34	54.7	55.57	-64.18	60	0
Sensor	13.76	59.89	52.83	-76.97	20	1
Speaker	21.31	51.37	37.92	-64.04	14	3
Plug	10.13	69.71	36.86	-43.45	41	0
Speaker	11.96	82.79	38.56	-63.64	38	3
Light	10.67	62.47	20.95	-39.95	5	4
Speaker	9.15	60.54	48.57	-56.6	51	3
Plug	12.85	51.88	43.51	-39.06	32	0
Camera	13.36	64.61	23.3	-49.52	16	2
Plug	8.31	58.87	22.01	-66.39	19	0
Plug	13.96	5.0	31.85	-87.02	28	0
Light	11.98	52.71	24.14	-51.14	28	4
Sensor	20.32	70.66	11.57	-46.66	46	1
Camera	7.28	21.82	37.4	-59.73	20	2
Sensor	11.23	44.69	31.36	-51.92	15	1
Sensor	20.01	36.08	9.94	-74.36	28	1
Speaker	14.85	81.34	40.43	-72.58	14	3
Plug	15.04	30.57	45.14	-53.85	3	0
Light	9.65	68.02	48.09	-64.04	50	4
Speaker	10.94	17.66	60.2	-61.85	55	3
Light	10.27	54.34	33.78	-64.18	4	4
Speaker	8.06	78.66	49.16	-50.19	27	3
Plug	9.5	53.41	44.34	-46.34	15	0
Sensor	15.3	73.54	43.81	-62.1	17	1
Light	13.68	58.12	43.12	-76.95	27	4
Plug	12.56	109.26	22.5	-63.15	42	0
Sensor	9.5	71.69	48.64	-54.32	17	1
Speaker	16.74	60.4	51.3	-68.56	12	3
Camera	12.45	36.87	48.88	-64.31	34	2
Camera	15.55	66.76	38.09	-44.74	24	2
Light	6.82	56.48	50.17	-62.73	30	4
Camera	7.59	47.03	33.03	-87.31	55	2
Sensor	7.96	76.96	35.98	-52.72	20	1
Plug	11.82	51.49	44.49	-61.54	49	0
Camera	14.28	64.19	39.53	-46.1	11	2
Light	12.32	83.04	44.25	-68.22	60	4
Light	12.13	57.84	41.16	-64.05	12	4
Light	9.6	78.03	37.97	-56.74	21	4
Plug	3.57	104.05	42.01	-74.0	42	0
Light	12.91	73.45	39.67	-56.06	44	4
Speaker	15.49	19.38	38.45	-34.9	37	3
Plug	11.97	61.47	37.76	-69.39	43	0
Camera	11.95	36.69	37.51	-72.75	8	2
Camera	7.33	5.0	34.52	-49.43	28	2
Plug	3.73	46.08	38.49	-67.9	13	0
Plug	13.63	62.04	46.49	-64.93	53	0
Plug	20.4	94.24	25.08	-59.96	10	0
Light	16.54	45.75	45.72	-51.73	51	4
Camera	20.69	63.74	40.05	-46.82	31	2
Plug	12.13	89.06	30.37	-37.46	53	0
Light	19.89	44.61	40.38	-90.0	38	4
Light	9.69	42.92	33.07	-90.0	50	4
Speaker	19.09	53.99	31.44	-61.69	47	3
Light	19.71	39.41	16.55	-76.94	6	4
Light	12.28	12.74	40.78	-73.03	49	4
Camera	20.69	78.99	24.6	-74.35	57	2
Light	16.36	99.98	55.87	-74.7	57	4
Camera	9.95	54.31	43.92	-71.72	53	2
Light	9.73	71.27	31.51	-40.29	3	4
Camera	9.24	20.61	60.23	-88.07	36	2
Camera	11.79	94.11	23.31	-71.52	43	2
Camera	7.17	71.28	39.22	-39.05	41	2
Light	14.01	33.31	43.4	-46.47	10	4
Sensor	7.59	34.82	38.82	-26.74	37	1
Light	11.87	60.41	29.7	-64.33	34	4
Light	14.16	65.69	22.61	-50.41	13	4
Plug	12.77	45.76	31.28	-51.72	27	0
Camera	11.85	96.06	42.99	-82.69	56	2
Sensor	8.45	77.05	33.39	-77.65	30	1
Light	21.95	54.825	32.36	-81.43	55	4
Speaker	10.47	65.53	38.93	-60.18	2	3
Speaker	8.54	86.89	25.52	-70.08	32	3
Sensor	13.09	48.67	30.92	-55.4	58	1
Plug	10.03	79.54	42.68	-52.52	26	0
Light	15.27	90.1	33.28	-74.8	59	4
Camera	15.94	77.0	35.22	-42.29	42	2
Plug	16.33	62.24	34.37	-68.25	17	0
Camera	21.6	42.36	33.89	-76.55	27	2
Light	13.13	57.4	46.69	-33.05	44	4
Camera	8.11	32.6	41.42	-50.65	13	2
Sensor	12.11	26.51	46.17	-48.8	26	1
Plug	13.26	68.4	26.08	-36.9	51	0
Plug	9.16	60.17	38.02	-65.31	21	0
Sensor	12.31	29.19	40.66	-45.04	58	1
Light	2.55	62.22	35.7	-54.98	58	4
Light	9.3	87.18	41.76	-58.2	9	4
Plug	12.36	56.89	39.96	-57.56	46	0
Sensor	5.66	81.8	20.84	-59.31	28	1
Camera	6.29	54.825	35.26	-58.83	17	2
Light	9.76	52.98	38.01	-48.76	10	4
Light	10.01	74.21	45.41	-58.38	53	4
Plug	17.25	78.75	39.75	-63.33	16	0
Speaker	14.73	60.66	29.83	-52.31	49	3
Light	6.52	42.58	48.42	-62.93	23	4
Speaker	10.34	74.71	31.55	-58.99	50	3
Camera	11.67	69.31	39.03	-57.91	42	2
Light	17.46	62.58	31.12	-60.7	37	4
Light	12.78	28.17	44.34	-60.44	32	4
Camera	9.4	30.56	49.5	-74.01	39	2
Plug	20.74	77.64	39.83	-60.5	16	0
Plug	11.39	44.57	30.62	-55.08	57	0
Camera	8.92	90.73	35.43	-63.03	56	2
Sensor	14.39	17.34	45.19	-31.47	40	1
Speaker	12.24	52.22	28.51	-79.1	50	3
Light	14.53	48.46	37.43	-71.4	15	4
Light	14.05	43.41	39.35	-52.64	57	4
Speaker	14.77	76.75	46.72	-63.2	54	3
Light	16.91	57.8	38.52	-63.28	54	4
Speaker	6.0	30.17	47.1	-49.85	43	3
Sensor	14.88	99.5	37.53	-65.96	24	1
Plug	7.37	66.34	47.89	-62.13	12	0
Sensor	9.86	66.09	57.51	-60.98	42	1
Camera	13.15	18.61	57.0	-31.18	56	2
Light	14.51	31.75	36.68	-34.87	43	4
Camera	17.13	100.3	45.65	-64.03	34	2
Light	13.74	85.71	34.1	-70.47	46	4
Plug	12.81	23.07	48.06	-70.46	44	0
Sensor	13.57	63.16	37.83	-68.18	20	1
Speaker	18.8	62.77	24.85	-54.68	15	3
Plug	10.02	62.39	21.64	-40.71	53	0
Light	15.43	12.07	43.33	-61.55	42	4
Plug	11.96	80.08	44.05	-55.1	60	0
Plug	16.62	80.58	38.21	-53.64	39	0
Light	10.8	12.52	42.25	-46.97	39	4
Light	9.16	25.98	46.4	-28.44	2	4
Speaker	6.27	24.2	31.11	-67.02	34	3
Light	11.96	38.89	34.97	-60.4	14	4
Sensor	18.8	76.04	42.63	-63.26	8	1
Plug	15.16	28.29	59.71	-66.35	30	0
Camera	17.09	21.8	26.33	-81.05	34	2
Light	15.24	72.32	49.04	-57.88	22	4
Camera	12.94	5.0	38.76	-58.36	47	2
Speaker	14.36	75.39	36.13	-59.96	47	3
Plug	7.67	78.34	53.98	-61.23	39	0
Speaker	13.31	57.15	39.36	-68.42	42	3
Plug	17.43	44.84	25.06	-64.32	9	0
Light	10.53	61.05	31.83	-86.28	5	4
Plug	16.02	78.93	10.74	-51.11	27	0
Sensor	16.71	56.35	40.0	-36.94	27	1
Camera	16.27	78.81	22.64	-84.92	28	2
Light	20.27	91.02	38.57	-25.0	8	4
Speaker	15.25	69.13	43.6	-55.93	58	3
Speaker	15.4	60.89	39.38	-33.19	31	3
Camera	12.92	76.93	28.98	-78.35	28	2
Plug	7.1	59.5	36.18	-51.14	10	0
Plug	7.89	92.58	28.93	-66.87	51	0
Plug	11.62	59.19	34.13	-47.6	55	0
Plug	11.94	86.43	48.36	-67.69	4	0
Plug	13.2	42.66	27.37	-59.26	21	0
Camera	14.45	39.97	33.41	-72.18	47	2
Speaker	10.3	35.55	42.34	-38.06	9	3
Light	8.07	83.43	48.27	-60.57	16	4
Plug	12.54	48.08	49.25	-61.24	44	0
Light	18.24	32.08	33.62	-25.0	57	4
Speaker	14.31	81.62	58.71	-46.73	55	3
Speaker	11.96	89.99	44.74	-58.44	24	3
Plug	12.36	75.72	31.87	-62.18	41	0
Light	4.47	101.02	38.68	-34.51	2	4
Light	14.21	62.85	22.29	-53.4	42	4
Plug	11.13	60.05	39.18	-75.5	5	0
Plug	16.73	33.31	45.18	-42.89	1	0
Plug	21.02	29.46	25.35	-70.32	1	0
Camera	9.47	54.96	39.16	-70.16	38	2
Light	11.93	56.44	38.43	-35.17	14	4
Light	12.27	41.28	38.94	-41.71	33	4
Plug	11.0	34.73	42.58	-70.68	58	0
Plug	10.24	24.06	51.38	-58.56	29	0
Light	15.83	47.18	30.15	-50.14	1	4
Plug	13.75	46.41	34.15	-56.27	7	0
Plug	3.79	18.96	26.82	-74.47	14	0
Light	10.56	23.68	31.27	-45.76	5	4
Sensor	12.46	59.74	35.15	-62.94	4	1
Speaker	6.6	34.26	32.86	-77.84	10	3
Speaker	10.65	64.12	44.38	-57.03	15	3
Plug	10.08	51.18	18.25	-61.03	1	0
Sensor	13.22	63.5	34.51	-57.72	18	1
Camera	10.44	36.15	32.67	-57.84	2	2
Light	7.39	20.85	38.32	-51.72	57	4
Camera	10.22	51.01	32.95	-57.66	33	2
Speaker	18.21	85.96	30.29	-57.98	50	3
Plug	8.8	52.23	22.7	-52.9	36	0
Camera	20.69	91.96	40.25	-47.11	48	2
Camera	7.18	102.24	39.74	-66.96	49	2
Plug	4.72	43.84	38.64	-32.08	47	0
Plug	13.87	34.92	31.42	-47.94	6	0
Sensor	15.45	70.35	48.33	-58.65	55	1
Sensor	16.67	30.04	36.46	-50.31	11	1
Light	11.07	57.75	40.46	-44.05	18	4
Plug	15.82	37.24	41.87	-50.57	17	0
Sensor	8.46	33.69	39.25	-48.18	59	1
Speaker	15.05	65.3	31.83	-65.45	57	3
Sensor	11.3	86.46	44.45	-25.0	55	1
Plug	13.49	69.09	30.56	-50.39	12	0
Speaker	16.76	18.58	36.56	-65.84	25	3
Camera	19.79	41.05	33.53	-42.77	6	2
Plug	11.04	46.53	34.64	-72.54	3	0
Light	11.03	86.95	45.72	-61.67	53	4
Speaker	11.66	7.99	25.65	-41.22	6	3
Camera	6.74	76.74	51.21	-65.47	24	2
Light	18.56	58.13	52.6	-73.35	16	4
Light	11.95	26.15	36.66	-33.39	19	4
Plug	13.24	45.85	30.97	-50.07	51	0
Light	10.16	26.41	39.78	-61.69	28	4
Sensor	4.8	38.8	29.05	-58.35	28	1
Speaker	13.57	57.49	21.01	-46.25	18	3
Plug	15.0	47.61	35.1	-60.17	6	0
Plug	7.01	64.58	55.79	-38.12	59	0
Plug	20.86	11.55	44.68	-74.72	11	0
Light	15.68	39.07	43.38	-71.07	26	4
Speaker	6.22	44.38	28.09	-56.86	1	3
Light	10.25	49.11	44.02	-51.82	39	4
Light	10.38	41.59	40.71	-46.46	49	4
Sensor	9.37	52.38	44.88	-50.17	52	1
Light	9.59	64.3	38.45	-77.61	46	4
Camera	13.57	20.96	22.03	-55.69	36	2
Sensor	4.42	84.13	47.8	-52.85	40	1
Sensor	12.64	57.88	47.96	-64.86	52	1
Plug	8.6	5.0	37.44	-47.54	42	0
Camera	14.16	97.97	35.09	-36.29	34	2
Plug	16.71	18.1	24.08	-52.27	50	0
Speaker	19.04	95.79	45.24	-68.35	56	3
Speaker	11.3	66.54	54.18	-76.78	36	3
Sensor	10.89	72.05	34.62	-59.11	7	1
Light	8.72	83.82	27.46	-52.04	52	4
Plug	17.66	74.58	33.13	-50.95	40	0
Sensor	10.2	59.32	56.92	-60.65	25	1
Plug	13.44	59.69	46.7	-42.05	7	0
Plug	11.25	70.68	32.33	-65.81	4	0
Camera	8.94	73.7	36.86	-55.41	22	2
Light	8.94	77.54	62.87	-41.55	34	4
Speaker	12.6	26.92	52.6	-51.01	47	3
Camera	15.22	65.3	39.43	-58.42	29	2
Light	18.12	5.0	50.44	-57.86	49	4
Plug	14.11	69.45	35.74	-56.59	6	0
Light	18.31	57.6	29.31	-45.87	22	4
Light	10.09	86.45	39.56	-68.61	12	4
Plug	10.93	44.73	34.07	-61.27	5	0
Sensor	18.5	46.48	31.28	-47.9	46	1
Speaker	17.38	12.65	46.57	-60.26	25	3
Plug	11.96	60.64	44.47	-59.73	27	0
Speaker	11.68	40.48	22.14	-63.75	13	3
Plug	11.39	101.67	36.86	-65.05	50	0
Light	16.92	78.4	34.46	-60.63	55	4
Light	10.51	73.41	37.99	-31.63	3	4
Sensor	5.96	55.81	36.46	-55.7	47	1
Light	12.38	66.12	45.41	-74.35	42	4
Plug	10.88	43.04	27.88	-43.05	23	0
Plug	19.48	85.02	43.86	-55.11	37	0
Camera	8.72	36.5	40.65	-44.43	29	2
Light	7.54	51.78	30.29	-87.05	34	4
Camera	12.86	63.6	28.16	-63.5	57	2
Plug	12.64	48.04	39.71	-67.04	56	0
Light	13.11	27.02	27.28	-87.67	32	4
Sensor	7.56	47.06	46.76	-51.97	35	1
Sensor	9.35	39.17	41.63	-50.84	1	1
Light	16.11	37.94	19.13	-51.32	17	4
Light	15.63	66.58	43.36	-26.18	16	4
Sensor	17.67	67.94	35.63	-42.2	21	1
Light	11.57	60.11	28.83	-58.34	59	4
Plug	16.8	38.89	44.65	-59.23	20	0
Sensor	9.75	63.37	47.32	-41.86	41	1
Plug	15.04	53.91	28.32	-60.22	30	0
Sensor	12.55	51.21	30.72	-61.94	31	1
Camera	20.16	29.45	49.84	-59.08	7	2
Plug	10.74	59.45	30.44	-70.79	14	0
Sensor	11.1	70.6	22.53	-44.88	60	1
Sensor	6.57	44.95	41.41	-36.28	13	1
Speaker	8.57	38.37	42.85	-58.48	47	3
Plug	11.44	47.19	40.24	-58.63	14	0
Plug	11.35	68.92	32.92	-67.5	30	0
Sensor	6.08	76.25	33.73	-64.78	41	1
Plug	9.16	64.43	28.3	-55.26	12	0
Camera	9.69	60.95	25.31	-68.05	4	2
Sensor	2.03	52.46	53.84	-54.1	11	1
Sensor	5.76	74.66	24.65	-41.94	36	1
Plug	7.66	21.98	38.45	-74.04	15	0
Light	9.25	27.47	40.82	-64.88	47	4
Light	6.52	66.58	20.1	-49.68	58	4
Light	17.62	106.16	30.15	-67.52	47	4
Plug	11.93	71.15	44.44	-74.45	32	0
Light	17.19	5.0	40.47	-70.29	33	4
Plug	11.26	31.6	41.36	-48.73	48	0
Sensor	4.74	93.56	39.42	-80.93	43	1
Sensor	13.64	59.34	38.41	-35.92	42	1
Plug	17.74	73.41	13.19	-49.26	32	0
Speaker	17.92	59.89	44.04	-61.37	51	3
Sensor	20.4	54.09	47.11	-50.92	49	1
Speaker	11.96	54.825	50.14	-71.69	11	3
Light	12.01	53.32	24.58	-40.97	5	4
Plug	15.04	14.19	60.52	-70.6	26	0
Sensor	9.41	38.03	23.94	-69.13	54	1
Camera	4.95	66.3	36.55	-70.38	23	2
Plug	14.04	50.68	54.1	-85.63	11	0
Light	12.49	87.45	30.42	-63.39	30	4
Speaker	11.96	69.43	44.95	-66.9	51	3
Light	14.93	62.15	35.25	-48.95	50	4
Plug	15.56	58.71	34.27	-53.6	9	0
Plug	17.12	61.41	50.1	-66.4	25	0
Camera	16.21	83.78	33.97	-36.15	43	2
Speaker	12.95	17.6	34.25	-51.62	49	3
Camera	12.53	109.65	48.46	-58.94	19	2
Plug	10.84	73.27	54.49	-46.02	41	0
Camera	14.19	56.59	38.51	-56.25	14	2
Sensor	13.35	61.95	35.4	-72.64	27	1
Light	14.31	45.02	30.81	-68.47	27	4
Light	11.01	43.86	22.84	-64.27	30	4
Plug	10.5	72.77	59.57	-57.08	37	0
Speaker	6.95	50.32	37.3	-65.59	34	3
Plug	14.94	61.41	27.09	-53.53	26	0
Speaker	7.09	52.49	49.15	-64.24	41	3
Plug	11.19	11.77	34.37	-64.44	32	0
Camera	13.23	15.87	51.29	-64.92	3	2
Light	10.38	91.73	37.83	-50.79	31	4
Plug	14.16	67.06	36.16	-72.75	30	0
Sensor	9.91	44.35	41.76	-68.21	15	1
Sensor	13.9	99.03	18.55	-63.84	32	1
Speaker	10.67	72.98	31.49	-69.78	24	3
Camera	3.88	80.34	39.77	-62.15	8	2
Camera	13.16	48.9	27.82	-81.86	49	2
Speaker	5.92	58.18	37.28	-65.22	14	3
Plug	15.76	30.5	46.1	-82.42	7	0
Camera	14.37	42.79	34.56	-78.64	37	2
Camera	12.49	82.35	39.72	-52.71	54	2
Camera	20.28	39.95	28.03	-36.38	54	2
Plug	11.96	67.66	47.59	-64.09	23	0
Light	14.13	45.22	33.46	-67.7	3	4
Camera	8.34	57.25	42.64	-71.15	47	2
Plug	8.31	32.27	47.94	-70.09	35	0
Plug	18.07	59.02	49.36	-45.91	54	0
Plug	9.84	54.825	41.81	-84.52	47	0
Light	16.9	33.87	31.69	-60.22	10	4
Sensor	11.32	66.29	35.69	-59.87	15	1
Camera	15.27	69.69	37.61	-42.56	28	2
Camera	20.28	61.97	44.55	-55.54	40	2
Plug	4.47	81.74	46.88	-76.81	50	0
Light	16.96	61.57	37.34	-65.89	45	4
Light	18.94	54.33	31.45	-85.07	33	4
Sensor	17.9	66.71	27.66	-69.17	46	1
Light	17.59	38.33	42.44	-48.19	37	4
Camera	16.03	73.07	29.74	-70.42	19	2
Light	10.28	82.06	28.53	-78.46	47	4
Sensor	12.44	54.825	40.34	-74.39	16	1
Plug	11.93	54.05	33.14	-49.92	42	0
Plug	12.37	27.49	26.72	-25.0	27	0
Sensor	16.37	54.825	26.98	-65.55	55	1
Light	11.12	109.56	23.25	-47.49	10	4
Plug	3.22	20.29	42.74	-60.2	44	0
Plug	13.94	41.3	42.46	-77.86	55	0
Plug	10.4	101.33	48.01	-55.08	11	0
Plug	15.87	51.17	49.68	-80.87	59	0
Light	12.79	77.34	40.21	-56.11	52	4
Camera	8.17	85.47	34.16	-47.86	24	2
Light	10.05	33.51	44.87	-41.68	56	4
Light	12.22	35.91	31.0	-69.55	47	4
Speaker	7.91	54.825	31.38	-41.81	51	3
Camera	12.6	54.88	36.03	-68.1	55	2
Sensor	7.99	68.93	48.62	-63.7	12	1
Plug	10.85	64.46	42.02	-64.53	50	0
Plug	8.18	120.49	46.65	-60.34	16	0
Light	9.69	62.04	32.3	-69.03	21	4
Light	7.44	78.4	40.14	-71.99	16	4
Sensor	12.84	59.59	18.96	-70.72	57	1
Light	11.64	87.92	43.7	-57.45	19	4
Sensor	16.0	56.89	44.84	-71.72	20	1
Camera	13.11	86.65	39.75	-56.65	54	2
Speaker	9.84	54.98	40.64	-50.61	33	3
Light	13.76	66.89	25.01	-38.62	29	4
Sensor	18.24	86.01	39.0	-54.45	51	1
Plug	17.49	45.03	42.77	-56.58	24	0
Camera	8.6	52.54	55.01	-76.87	53	2
Sensor	9.95	79.46	39.7	-50.23	7	1
Speaker	24.0	81.43	47.65	-73.68	2	3
Camera	8.62	86.09	37.94	-56.17	34	2
Camera	13.08	68.8	33.46	-79.68	17	2
Light	12.24	49.47	22.28	-50.81	16	4
Sensor	9.79	36.88	35.81	-66.05	4	1
Light	18.69	45.95	32.85	-45.77	30	4
Camera	12.35	60.52	36.31	-74.17	13	2
Plug	7.14	57.53	39.3	-56.87	37	0
Plug	12.19	56.94	48.61	-49.78	55	0
Light	12.45	51.29	38.42	-44.57	17	4
Speaker	17.46	57.33	34.58	-58.14	22	3
Light	15.77	109.99	41.26	-66.59	4	4
Plug	14.37	46.8	31.57	-77.22	6	0
Sensor	19.49	110.85	35.86	-71.38	56	1
Sensor	13.79	5.0	26.48	-63.41	13	1
Plug	13.49	58.25	44.28	-48.88	14	0
Sensor	13.56	73.38	33.95	-50.14	10	1
Sensor	4.77	48.58	38.18	-64.44	54	1
Camera	7.05	73.07	47.09	-62.28	38	2
Plug	13.8	65.7	39.29	-48.37	5	0
Light	11.36	54.825	19.73	-72.4	38	4
Plug	10.06	34.36	36.37	-51.78	36	0
Plug	13.32	91.59	52.63	-66.87	52	0
Light	18.55	66.35	40.8	-64.48	16	4
Speaker	18.2	25.84	43.57	-52.2	15	3
Light	4.3	77.96	25.98	-48.86	44	4
Plug	15.42	64.3	37.71	-66.01	39	0
Light	9.85	74.64	35.33	-81.37	16	4
Camera	15.46	29.3	30.42	-49.15	38	2
Light	6.56	29.64	33.61	-55.57	55	4
Camera	12.39	68.28	34.73	-67.62	19	2
Sensor	14.31	45.24	27.34	-60.58	13	1
Speaker	18.65	48.93	37.09	-74.37	50	3
Plug	13.53	48.59	43.22	-46.66	37	0
Light	10.09	44.85	21.5	-46.44	3	4
Sensor	14.07	56.61	15.96	-29.34	29	1
Plug	3.58	49.12	45.92	-61.14	14	0
Speaker	10.12	39.21	39.38	-54.62	7	3
Speaker	18.71	52.0	37.89	-56.46	11	3
Plug	16.8	102.28	39.3	-51.38	15	0
Plug	19.04	55.55	34.76	-69.07	50	0
Plug	19.31	62.24	46.79	-49.84	43	0
Sensor	20.01	95.19	31.92	-54.84	44	1
Speaker	17.75	55.75	45.0	-52.67	44	3
Light	8.48	66.85	46.02	-62.87	26	4
Camera	11.52	42.94	21.92	-68.54	9	2
Sensor	12.17	5.0	32.46	-60.77	2	1
Plug	15.27	55.76	31.01	-61.04	35	0
Speaker	13.42	95.31	43.5	-54.02	29	3
Plug	8.2	77.3	29.07	-57.92	4	0
Sensor	15.26	58.38	45.39	-71.98	14	1
Light	11.8	60.98	36.05	-50.89	20	4
Camera	12.49	81.83	30.02	-61.64	3	2
Speaker	15.6	81.72	43.54	-70.89	33	3
Camera	10.04	64.84	49.72	-54.04	26	2
Camera	16.66	67.17	28.74	-51.15	31	2
Light	8.72	70.26	30.25	-62.41	24	4
Plug	14.0	79.61	37.46	-74.94	34	0
Light	14.55	45.39	32.55	-64.99	4	4
Camera	11.23	24.31	46.0	-71.22	4	2
Plug	10.25	39.14	28.39	-53.3	49	0
Speaker	18.28	69.76	49.26	-57.97	18	3
Light	18.62	27.29	31.99	-75.26	9	4
Speaker	15.68	64.87	47.72	-82.84	33	3
Light	13.55	43.35	56.22	-80.27	58	4
Sensor	19.48	41.46	42.97	-79.87	30	1
Plug	12.45	65.82	43.7	-50.35	15	0
Light	20.3	18.1	43.47	-57.25	33	4
Light	19.9	101.22	26.64	-51.88	41	4
Speaker	20.44	73.42	33.15	-53.32	33	3
Light	14.39	74.56	42.48	-53.93	17	4
Light	5.4	75.6	39.23	-62.14	57	4
Camera	10.45	33.52	35.5	-68.11	51	2
Plug	7.93	40.68	40.52	-60.86	26	0
Camera	14.98	88.54	33.23	-69.95	47	2
Camera	14.91	38.62	44.53	-48.57	26	2
Light	9.94	39.36	32.8	-60.14	30	4
Camera	13.9	54.67	47.96	-62.81	8	2
Plug	24.0	55.8	47.36	-57.84	52	0
Camera	20.28	62.12	25.53	-55.8	25	2
Camera	11.27	30.08	33.38	-49.66	31	2
Speaker	11.86	54.825	24.84	-25.0	16	3
Sensor	15.37	65.29	41.86	-64.07	16	1
Speaker	18.65	83.28	46.76	-55.73	39	3
Plug	15.47	55.91	27.54	-51.59	47	0
Speaker	3.86	101.98	40.16	-68.88	4	3
Sensor	13.74	40.94	48.99	-81.44	2	1
Plug	14.8	60.95	40.07	-58.92	32	0
Plug	10.42	77.05	42.36	-52.57	17	0
Plug	5.79	79.08	28.42	-90.0	22	0
Light	12.62	45.71	36.51	-66.84	1	4
Sensor	18.33	73.89	44.14	-53.56	50	1
Plug	9.22	54.825	37.91	-36.81	19	0
Speaker	9.74	76.93	49.16	-73.4	17	3
Plug	9.7	41.61	27.17	-48.39	33	0
Camera	8.79	53.66	41.1	-60.21	14	2
Sensor	11.29	68.64	38.54	-61.98	26	1
Sensor	13.3	25.4	25.03	-47.18	11	1
Plug	14.49	33.44	29.96	-65.74	26	0
Plug	10.46	49.13	38.56	-72.01	36	0
Light	9.73	39.1	36.44	-80.6	38	4
Plug	7.7	81.81	35.59	-40.46	32	0
Light	15.35	65.15	29.07	-40.84	44	4
Sensor	11.35	53.98	63.47	-76.44	27	1
Camera	8.63	75.16	47.95	-68.45	51	2
Light	16.71	76.55	34.85	-47.75	35	4
Light	8.94	26.13	58.83	-66.72	25	4
Light	11.67	51.08	51.95	-38.71	46	4
Plug	6.93	50.17	44.06	-69.6	21	0
Speaker	8.8	5.0	32.2	-54.91	21	3
Speaker	13.91	31.94	35.33	-78.15	1	3
Plug	11.96	44.42	44.33	-48.07	57	0
Speaker	12.17	39.96	37.54	-71.63	16	3
Plug	17.73	63.31	34.53	-51.31	34	0
Camera	7.76	33.31	40.16	-45.27	15	2
Camera	10.6	62.63	36.94	-47.04	23	2
Light	6.59	48.66	46.6	-58.2	12	4
Plug	5.5	59.42	33.17	-53.04	49	0
Speaker	7.09	29.47	40.99	-57.99	39	3
Sensor	8.45	83.75	31.96	-44.41	57	1
Plug	14.23	46.82	45.11	-72.03	27	0
Camera	12.69	51.59	30.33	-70.94	7	2
Light	11.73	74.09	52.04	-28.13	23	4
Light	15.71	47.08	36.94	-66.2	27	4
Camera	5.6	88.19	42.05	-51.24	47	2
Camera	16.17	35.52	40.87	-48.02	39	2
Speaker	8.54	40.49	42.54	-70.07	37	3
Speaker	7.35	33.13	38.42	-42.97	42	3
Camera	11.73	69.75	39.46	-66.7	60	2
Light	10.22	80.83	29.39	-53.92	24	4
Plug	20.28	78.28	37.1	-47.57	54	0
Sensor	20.84	24.56	24.47	-42.59	5	1
Camera	12.65	52.8	26.54	-52.85	40	2
Light	10.59	51.09	36.42	-39.15	58	4
Camera	16.85	30.44	42.48	-62.13	30	2
Speaker	11.2	19.68	55.56	-65.64	1	3
Light	7.56	53.53	27.97	-55.94	13	4
Plug	13.14	42.87	43.51	-74.3	19	0
Plug	10.8	64.22	47.32	-70.54	59	0
Plug	14.18	42.17	23.75	-46.33	42	0
Speaker	15.3	43.11	30.83	-48.11	53	3
Light	16.56	55.94	36.85	-48.15	43	4
Camera	7.47	20.6	29.61	-61.41	55	2
Camera	15.14	47.39	38.98	-63.24	1	2
Camera	9.69	83.47	31.92	-80.95	35	2
Light	16.92	45.35	40.5	-49.82	23	4
Light	14.44	39.99	50.14	-52.51	4	4
Light	9.11	71.04	37.77	-54.88	22	4
Light	11.96	73.72	31.32	-34.6	19	4
Sensor	9.71	82.05	30.54	-46.87	35	1
Light	9.56	69.7	26.08	-64.13	21	4
Speaker	16.3	66.44	49.17	-56.06	31	3
Light	5.93	47.26	44.95	-63.66	38	4
Sensor	15.39	61.83	34.91	-48.17	51	1
Plug	11.64	38.67	35.84	-51.04	54	0
Light	11.72	49.89	34.72	-79.45	37	4
Camera	9.53	78.16	37.24	-57.99	47	2
Light	3.7	35.24	33.55	-61.09	11	4
Sensor	18.31	74.57	27.07	-51.52	44	1
Light	6.9	40.24	28.22	-68.61	48	4
Light	8.93	57.87	32.06	-30.45	6	4
Plug	13.74	52.54	31.02	-73.99	55	0
Plug	12.98	67.84	54.36	-48.9	34	0
Plug	11.96	109.1	15.65	-59.12	27	0
Camera	11.88	75.12	22.64	-39.05	20	2
Speaker	9.1	85.57	48.46	-38.69	42	3
Camera	10.73	65.24	40.74	-60.52	33	2
Camera	8.77	36.96	40.89	-45.61	45	2
Speaker	5.13	24.1	40.67	-54.53	41	3
Plug	15.13	90.78	40.14	-62.59	22	0
Plug	18.94	38.83	58.58	-74.04	44	0
Sensor	13.71	47.23	25.28	-25.0	37	1
Camera	16.41	82.57	42.93	-45.93	28	2
Plug	2.88	34.74	35.67	-73.11	18	0
Camera	13.25	74.8	41.65	-41.75	53	2
Sensor	24.0	77.14	23.23	-64.44	47	1
Camera	6.49	54.825	34.69	-78.38	53	2
Camera	15.75	35.31	22.0	-65.31	48	2
Light	9.16	68.1	32.8	-61.1	32	4
Speaker	11.87	39.16	41.67	-47.4	20	3
Sensor	7.97	42.19	36.46	-49.78	54	1
Camera	11.82	42.43	43.94	-65.69	16	2
Plug	6.35	95.16	28.81	-50.66	42	0
Camera	13.67	51.03	33.51	-61.01	17	2
Light	3.84	51.14	34.69	-46.6	50	4
Plug	9.95	44.25	12.13	-58.25	39	0
Plug	21.92	60.31	37.56	-68.26	8	0
Sensor	13.79	38.64	42.54	-78.04	18	1
Light	12.56	29.53	40.92	-64.07	7	4
Light	9.38	26.05	49.86	-56.51	10	4
Plug	13.78	59.22	50.11	-28.78	58	0
Speaker	10.19	41.33	33.32	-43.18	2	3
Plug	20.29	75.14	44.91	-47.42	23	0
Camera	16.43	78.72	44.1	-73.17	57	2
Sensor	20.0	48.76	29.98	-64.05	10	1
Camera	12.27	7.5	38.54	-61.06	29	2
Camera	11.17	76.63	29.93	-55.72	55	2
Sensor	15.3	73.71	39.4	-42.15	56	1
Light	7.71	54.825	45.2	-74.01	52	4
Plug	6.96	49.93	41.75	-58.49	8	0
Plug	12.2	54.825	41.03	-61.64	34	0
Light	12.23	105.47	31.16	-59.36	56	4
Sensor	9.83	44.69	35.73	-61.91	36	1
Plug	16.74	55.82	51.62	-58.35	58	0
Light	9.35	91.98	25.35	-56.97	28	4
Camera	12.37	49.34	32.84	-61.19	19	2
Light	12.12	60.36	35.4	-62.25	34	4
Speaker	13.24	92.21	41.15	-46.57	54	3
Camera	11.57	65.14	38.0	-56.07	57	2
Sensor	12.67	35.88	30.55	-59.96	12	1
Plug	11.44	40.52	36.15	-60.25	24	0
Light	22.05	98.95	50.01	-74.24	49	4
Speaker	13.39	72.22	45.81	-39.99	60	3
Light	14.96	45.81	49.04	-49.26	11	4
Light	15.06	71.31	42.26	-66.3	14	4
Light	9.28	71.22	33.83	-75.7	50	4
Light	12.08	49.07	24.57	-38.78	11	4
Camera	16.19	30.7	34.19	-40.35	18	2
Speaker	11.25	75.5	36.44	-53.9	8	3
Sensor	15.21	73.37	45.29	-42.96	41	1
Camera	18.61	44.5	28.76	-37.03	45	2
Light	11.53	56.24	43.83	-60.9	42	4
Light	8.99	38.26	60.32	-27.57	34	4
Camera	10.54	85.25	34.83	-56.75	58	2
Plug	13.41	54.86	39.84	-54.93	46	0
Plug	7.27	65.96	31.62	-49.64	47	0
Light	17.5	49.75	30.82	-33.43	56	4
Light	11.64	50.39	25.6	-52.94	2	4
Plug	12.42	42.73	26.66	-58.87	48	0
Sensor	13.05	39.79	53.47	-37.65	45	1
Plug	8.44	45.91	36.82	-55.04	27	0
Sensor	11.96	80.99	37.25	-70.18	5	1
Light	13.25	79.27	37.67	-54.16	21	4
Light	10.86	26.83	38.94	-60.2	21	4
Speaker	16.94	60.5	44.96	-90.0	16	3
Light	9.77	54.69	24.97	-61.26	57	4
Plug	15.9	36.66	26.57	-64.71	40	0
Plug	12.03	68.64	49.41	-90.0	47	0
Camera	18.29	67.1	45.92	-51.82	35	2
Speaker	8.65	50.08	33.89	-79.49	52	3
Light	12.84	78.96	25.33	-44.08	53	4
Speaker	13.14	63.99	30.53	-70.91	49	3
Speaker	6.83	70.62	30.97	-56.44	16	3
Sensor	15.27	61.77	50.43	-72.73	3	1
Light	11.96	68.83	28.8	-32.78	35	4
Plug	10.87	32.79	51.05	-71.0	2	0
Light	10.83	57.89	27.48	-58.02	15	4
Camera	19.64	60.01	36.05	-48.02	47	2
Speaker	9.86	52.98	36.93	-45.02	28	3
Sensor	14.42	70.84	23.53	-58.06	3	1
Light	12.74	70.21	56.06	-52.05	20	4
Light	14.06	71.42	52.2	-63.57	13	4
Light	14.71	37.57	40.32	-56.25	38	4
Plug	5.19	5.0	38.54	-56.97	14	0
Camera	13.74	67.12	27.07	-66.04	42	2
Light	17.28	66.04	44.26	-39.38	18	4
Sensor	9.45	61.2	42.88	-71.87	40	1
Light	3.94	22.9	35.2	-66.01	35	4
Light	19.34	74.22	39.8	-47.49	48	4
Sensor	7.57	48.72	63.71	-49.29	11	1
Sensor	16.2	99.24	48.49	-67.71	6	1
Camera	12.73	42.34	39.59	-42.01	26	2
Speaker	3.98	60.83	46.17	-87.25	21	3
Speaker	20.14	72.27	38.56	-65.98	5	3
Plug	7.79	5.0	31.4	-43.09	56	0
Plug	7.91	76.27	40.78	-86.01	29	0
Camera	1.0	33.07	57.11	-54.46	56	2
Sensor	11.35	17.89	29.44	-59.33	43	1
Light	13.08	37.99	45.7	-58.96	53	4
Light	13.2	17.6	35.43	-63.37	15	4
Plug	5.81	61.63	47.76	-78.5	6	0
Camera	9.91	46.16	31.98	-49.84	48	2
Plug	8.06	58.21	32.53	-78.16	48	0
Camera	4.31	5.0	42.98	-40.46	2	2
Plug	8.3	54.5	38.53	-72.07	35	0
Camera	11.96	84.77	42.82	-68.91	34	2
Sensor	8.67	62.08	31.28	-72.07	56	1
Camera	12.62	77.66	41.03	-61.64	46	2
Sensor	14.73	50.12	38.0	-55.34	1	1
Sensor	5.3	31.48	44.26	-56.4	41	1
Plug	11.38	54.825	32.12	-60.74	40	0
Light	14.53	64.01	35.83	-65.8	44	4
Camera	16.22	46.9	44.51	-52.24	6	2
Plug	13.12	28.0	35.84	-50.02	38	0
Light	8.02	60.94	39.05	-59.76	57	4
Light	14.88	94.21	30.44	-56.33	19	4
Sensor	13.05	68.25	49.09	-42.61	51	1
Light	5.95	99.08	37.05	-37.83	13	4
Light	22.01	11.07	44.35	-71.79	49	4
Light	13.18	30.92	31.61	-49.02	30	4
Light	13.05	77.2	39.22	-42.51	10	4
Camera	12.54	59.94	39.43	-49.12	12	2
Plug	13.55	63.16	33.46	-49.06	47	0
Plug	10.83	70.19	48.98	-38.99	10	0
Sensor	12.64	62.63	38.2	-58.66	29	1
Plug	8.38	54.825	43.42	-67.25	3	0
Plug	12.87	66.58	37.17	-59.52	58	0
Plug	9.23	63.0	34.82	-51.74	60	0
Sensor	11.25	49.04	40.09	-62.45	15	1
Speaker	9.27	45.15	43.95	-58.03	47	3
Plug	14.15	21.22	47.14	-70.9	29	0
Plug	8.71	26.35	42.49	-47.37	57	0
Sensor	10.7	86.47	43.17	-61.25	13	1
Camera	15.64	39.52	28.87	-69.32	23	2
Light	12.74	61.22	32.79	-44.47	23	4
Speaker	11.59	17.97	32.16	-67.58	3	3
Light	2.01	20.7	25.67	-30.7	1	4
Speaker	11.96	62.6	38.93	-45.73	51	3
Light	9.4	38.28	43.53	-48.8	59	4
Sensor	6.34	57.47	44.29	-46.39	45	1
Plug	6.7	35.33	44.9	-53.06	39	0
Camera	12.94	65.68	36.75	-47.75	45	2
Speaker	11.4	76.58	40.26	-42.81	8	3
Light	10.37	34.8	40.4	-64.49	12	4
Plug	15.19	62.77	47.94	-62.02	29	0
Light	8.52	48.72	30.2	-54.84	40	4
Light	17.05	96.83	40.37	-67.69	25	4
Light	16.92	105.98	21.46	-59.17	31	4
Light	12.23	33.63	18.91	-48.2	8	4
Speaker	7.16	89.96	24.91	-32.65	6	3
Light	10.78	37.47	29.34	-55.23	27	4
Speaker	12.02	33.28	45.44	-57.64	5	3
Camera	15.73	87.57	33.6	-65.01	7	2
Light	11.75	72.5	42.6	-56.51	9	4
Plug	11.78	36.87	26.33	-50.73	22	0
Camera	11.1	42.3	23.82	-60.87	59	2
Light	12.74	59.22	24.49	-77.92	8	4
Sensor	8.37	76.17	46.24	-69.1	30	1
Light	14.43	51.95	39.68	-43.45	27	4
Speaker	7.24	45.5	33.73	-58.39	20	3
Light	11.97	59.29	23.3	-53.56	30	4
Speaker	11.8	52.04	34.03	-60.17	58	3
Speaker	16.01	30.44	49.97	-48.09	44	3
Sensor	13.14	82.16	24.53	-63.28	22	1
Plug	19.13	28.54	40.75	-77.13	11	0
Plug	18.16	44.57	44.0	-36.95	13	0
Speaker	8.83	80.71	40.44	-54.3	37	3
Light	10.35	39.93	34.34	-57.08	12	4
Speaker	6.55	30.2	55.77	-59.24	17	3
Camera	11.24	75.87	42.55	-70.17	17	2
Sensor	7.37	71.26	42.32	-48.18	41	1
Plug	11.43	56.21	37.71	-60.48	52	0
Sensor	10.74	73.28	49.23	-69.69	15	1
Sensor	16.53	55.66	50.57	-74.1	42	1
Speaker	7.85	67.97	40.25	-85.48	5	3
Light	8.57	81.61	19.93	-43.66	38	4
Camera	16.85	59.14	39.17	-69.9	59	2
Light	9.42	23.33	37.27	-62.03	16	4
Sensor	5.94	25.86	40.89	-39.05	39	1
Camera	14.47	43.84	35.35	-42.51	49	2
Sensor	15.27	62.24	46.52	-61.72	41	1
Speaker	10.98	45.29	32.4	-70.28	38	3
Light	11.96	71.26	45.47	-45.64	35	4
Light	15.44	54.825	26.82	-50.71	54	4
Light	11.61	51.09	66.11	-70.85	51	4
Light	9.45	70.36	18.53	-62.7	7	4
Light	7.2	35.3	39.94	-61.16	34	4
Light	7.4	68.93	53.28	-67.99	41	4
Plug	11.96	49.95	31.12	-50.88	38	0
Light	12.62	67.45	30.3	-53.45	15	4
Light	11.96	76.14	41.38	-67.76	9	4
Plug	3.63	28.14	44.09	-52.52	41	0
Light	16.27	44.09	31.5	-68.83	32	4
Sensor	11.71	94.88	35.4	-63.73	60	1
Sensor	5.51	67.8	23.06	-47.55	21	1
Camera	7.05	73.75	38.44	-55.92	11	2
Speaker	1.05	42.14	41.71	-55.75	22	3
Plug	13.85	26.83	36.61	-50.26	46	0
Sensor	8.59	39.5	29.48	-63.17	43	1
Sensor	15.0	84.65	38.58	-73.61	45	1
Plug	14.16	36.69	47.66	-70.02	11	0
Light	6.3	62.15	39.38	-54.92	60	4
Plug	12.91	51.19	41.52	-67.76	60	0
Light	13.61	84.19	36.69	-81.79	60	4
Sensor	15.11	101.82	43.83	-55.91	1	1
Camera	12.65	60.96	39.0	-38.53	31	2
Speaker	15.91	37.54	42.52	-50.47	4	3
Light	13.75	62.24	40.68	-54.98	31	4
Camera	14.36	76.97	29.41	-63.45	27	2
Camera	1.85	20.0	31.86	-69.36	4	2
Plug	11.48	68.54	38.08	-52.74	48	0
Light	11.3	64.13	44.51	-69.86	57	4
Plug	14.89	59.44	65.28	-57.14	55	0
Light	9.71	49.65	38.06	-75.01	36	4
Camera	9.57	60.85	46.67	-83.58	6	2
Plug	17.69	54.825	32.79	-54.7	23	0
Plug	9.99	29.45	33.98	-66.24	13	0
Speaker	9.75	62.84	30.03	-57.1	37	3
Camera	6.58	84.43	50.13	-41.27	17	2
Camera	3.3	30.41	27.18	-46.27	60	2
Camera	10.7	22.45	46.28	-69.23	48	2
Speaker	5.97	49.96	44.55	-61.0	39	3
Camera	15.97	50.46	44.33	-58.88	7	2
Speaker	12.97	5.07	30.72	-60.39	16	3
Light	11.57	35.29	43.03	-53.39	43	4
Speaker	8.44	97.16	39.32	-61.12	29	3
Light	11.59	68.95	40.84	-64.13	44	4
Speaker	13.45	46.8	41.87	-50.1	42	3
Sensor	8.63	80.1	46.84	-61.24	42	1
Plug	14.21	44.91	38.36	-49.91	17	0
Speaker	14.17	63.84	34.96	-56.13	33	3
Speaker	11.71	53.27	35.61	-55.52	59	3
Plug	12.94	87.01	49.78	-56.79	6	0
Camera	16.8	95.41	28.73	-64.11	34	2
Plug	3.6	62.49	47.45	-58.0	32	0
Sensor	13.59	45.07	33.18	-56.7	21	1
Light	8.66	48.2	41.23	-60.7	60	4
Plug	8.41	39.7	36.0	-90.0	11	0
Light	14.61	97.2	35.96	-72.5	19	4
Plug	20.16	61.12	38.12	-47.73	54	0
Light	13.85	77.26	30.23	-52.46	2	4
Plug	10.92	55.2	33.56	-53.04	11	0
Light	7.81	86.98	40.87	-69.15	50	4
Sensor	13.66	48.73	40.73	-44.05	51	1
Speaker	3.65	33.91	55.63	-86.19	27	3
Plug	12.7	64.37	31.76	-69.81	7	0
Camera	7.4	55.6	41.32	-53.16	52	2
Speaker	7.64	28.79	46.3	-61.66	49	3
Sensor	5.51	123.08	29.72	-71.77	37	1
Plug	13.38	35.87	15.6	-54.16	58	0
Camera	12.5	60.58	38.44	-64.01	52	2
Plug	14.33	66.88	24.15	-73.41	34	0
Camera	8.77	49.22	48.29	-55.14	19	2
Plug	13.73	43.84	36.41	-79.96	35	0
Light	19.9	77.9	33.26	-58.63	59	4
Camera	13.05	54.825	33.48	-56.35	5	2
Camera	14.76	69.63	43.73	-75.2	30	2
Plug	10.27	87.78	42.43	-61.26	33	0
Sensor	8.92	63.71	43.23	-84.35	24	1
Sensor	10.41	59.41	43.88	-72.8	2	1
Sensor	12.16	46.94	51.28	-56.39	19	1
Speaker	9.79	67.45	24.47	-54.9	22	3
Light	9.31	62.16	37.24	-55.58	56	4
Speaker	11.96	6.3	44.1	-82.64	16	3
Camera	6.18	45.24	37.17	-33.92	22	2
Speaker	7.95	25.23	27.47	-44.98	11	3
Plug	11.54	51.07	23.67	-38.42	25	0
Plug	7.32	75.22	39.85	-66.85	49	0
Plug	12.61	21.36	23.87	-61.71	54	0
Camera	17.5	56.57	41.43	-67.01	23	2
Camera	11.11	73.78	33.05	-73.97	15	2
Plug	15.1	61.69	34.8	-57.04	17	0
Speaker	10.87	57.42	28.72	-42.34	28	3
Plug	13.22	59.93	57.09	-46.48	5	0
Plug	11.24	87.51	47.94	-47.47	25	0
Light	16.32	64.67	33.3	-48.89	41	4
Light	11.91	63.95	45.55	-61.5	56	4
Plug	12.41	89.81	34.14	-75.61	27	0
Light	5.39	56.87	46.63	-60.36	18	4
Light	8.75	87.6	49.61	-36.87	46	4
Plug	17.2	59.04	42.86	-54.7	23	0
Light	8.66	70.64	36.46	-66.08	43	4
Plug	19.27	51.23	16.92	-45.91	5	0
Light	3.8	42.94	31.06	-48.62	56	4
Speaker	11.96	44.09	53.12	-47.46	38	3
Light	9.81	39.83	39.61	-60.4	7	4
Light	5.23	40.08	33.3	-50.26	4	4
Light	4.91	58.37	34.73	-66.68	20	4
Sensor	13.5	68.13	36.7	-55.02	37	1
Plug	18.4	110.63	34.37	-49.16	44	0
Camera	11.23	68.57	34.5	-47.66	50	2
Sensor	13.27	42.1	42.38	-45.51	18	1
Light	6.13	58.91	36.04	-72.2	39	4
Plug	15.78	49.12	34.64	-53.09	59	0
Speaker	21.63	80.61	43.13	-70.53	45	3
Camera	15.05	44.28	32.65	-62.95	4	2
Camera	10.15	73.88	52.63	-49.07	51	2
Sensor	13.2	45.15	40.12	-66.87	9	1
Light	12.44	113.79	53.4	-77.05	37	4
Light	11.36	72.5	34.35	-40.63	7	4
Plug	9.3	30.77	43.65	-27.88	2	0
Plug	15.13	45.13	44.92	-34.07	2	0
Speaker	14.13	72.58	46.62	-52.68	36	3
Light	12.7	73.9	42.42	-61.3	17	4
Speaker	16.59	69.44	28.75	-59.31	19	3
Light	8.96	61.54	32.04	-41.41	44	4
Plug	13.66	54.825	47.86	-44.75	40	0
Sensor	12.34	77.61	40.65	-61.76	52	1
Light	20.12	25.49	52.34	-64.24	55	4
Camera	9.88	65.41	63.67	-46.35	26	2
Light	8.0	52.11	41.06	-50.91	34	4
Plug	10.86	52.3	51.59	-66.74	19	0
Camera	11.09	45.13	31.49	-50.62	10	2
Plug	16.06	83.4	41.14	-52.71	30	0
Light	14.54	57.44	42.75	-63.56	58	4
Plug	14.29	8.88	31.25	-76.03	43	0
Camera	7.89	42.94	41.46	-77.35	49	2
Plug	6.06	82.34	32.51	-47.33	51	0
Plug	8.71	76.77	54.34	-27.4	35	0
Plug	13.23	68.38	38.62	-62.62	27	0
Speaker	12.91	88.68	55.22	-63.49	23	3
Light	10.13	12.68	27.84	-50.85	29	4
Light	12.82	79.18	41.24	-34.35	54	4
Light	7.51	53.39	26.55	-56.74	25	4
Sensor	8.01	59.22	32.76	-73.51	49	1
Light	11.9	34.64	34.04	-58.48	16	4
Light	7.91	76.06	44.6	-53.22	45	4
Light	10.48	12.63	40.17	-57.58	46	4
Plug	16.5	55.61	43.17	-31.33	53	0
Plug	11.55	64.34	43.77	-67.72	27	0
Light	13.55	58.4	57.32	-60.86	11	4
Sensor	6.91	62.83	34.63	-39.01	12	1
Camera	11.11	48.28	47.6	-79.02	11	2
Camera	11.84	70.21	37.88	-56.86	44	2
Camera	4.66	44.07	39.17	-72.47	11	2
Light	13.13	63.68	35.14	-90.0	37	4
Plug	14.31	52.1	41.84	-45.54	59	0
Light	17.97	19.89	41.95	-61.64	17	4
Camera	6.95	24.97	50.93	-51.85	37	2
Speaker	7.8	60.65	49.16	-59.07	1	3
Camera	10.14	28.21	23.87	-51.64	49	2
Camera	9.83	45.95	45.67	-55.62	36	2
Speaker	16.99	26.33	28.32	-66.07	48	3
Camera	20.79	64.83	36.54	-65.86	47	2
Speaker	8.65	62.79	39.25	-76.06	26	3
Speaker	8.31	39.41	38.77	-48.61	41	3
Camera	13.96	48.31	34.9	-59.74	59	2
Sensor	12.47	28.16	44.44	-48.26	42	1
Light	4.45	78.21	37.93	-39.72	34	4
Plug	11.23	51.13	38.31	-72.18	19	0
Plug	6.45	55.05	50.65	-49.1	48	0
Camera	10.28	73.09	32.4	-58.55	31	2
Plug	16.33	56.59	42.03	-59.57	58	0
Plug	15.95	70.34	26.61	-70.47	13	0
Speaker	13.19	14.93	33.88	-70.3	6	3
Speaker	7.92	41.03	46.92	-50.1	38	3
Camera	17.62	37.99	29.94	-51.58	56	2
Camera	15.69	36.63	35.59	-47.47	19	2
Plug	9.89	26.76	35.19	-64.87	54	0
Light	5.2	9.52	30.31	-59.61	28	4
Camera	14.47	52.81	40.06	-53.35	30	2
Plug	11.96	77.16	36.27	-53.65	44	0
Plug	12.52	37.18	26.97	-48.96	26	0
Sensor	10.58	63.21	50.62	-56.23	6	1
Camera	15.42	39.27	48.6	-57.4	12	2
Sensor	11.96	41.27	26.11	-53.59	5	1
Plug	8.68	49.49	41.98	-58.4	51	0
Sensor	7.67	88.27	48.71	-63.88	38	1
Camera	10.94	29.3	41.45	-68.83	7	2
Plug	6.7	12.84	26.44	-59.77	19	0
Plug	12.81	25.91	37.99	-65.91	13	0
Sensor	8.59	40.74	37.83	-44.24	7	1
Speaker	13.48	77.62	33.48	-25.88	45	3
Light	18.12	58.61	37.53	-62.73	38	4
Plug	15.7	48.9	35.32	-37.63	22	0
Light	14.34	55.45	40.12	-26.14	49	4
Light	11.96	83.86	58.13	-44.19	32	4
Camera	10.69	101.21	38.0	-75.64	34	2
Plug	6.68	61.96	33.31	-35.39	21	0
Light	3.89	36.83	43.88	-62.97	27	4
Light	17.16	78.11	46.92	-51.45	30	4
Camera	10.09	45.81	37.75	-75.34	35	2
Camera	14.95	55.77	51.42	-48.57	13	2
Camera	16.91	11.88	42.91	-43.96	53	2
Camera	17.9	68.4	35.6	-54.93	32	2
Plug	12.68	90.73	28.57	-55.8	57	0
Plug	10.84	68.52	26.94	-53.74	54	0
Light	9.52	49.2	55.74	-48.95	6	4
Light	13.16	45.25	49.09	-86.22	10	4
Camera	17.83	73.81	39.34	-41.56	35	2
Speaker	8.37	62.38	31.39	-70.51	37	3
Plug	8.7	59.78	28.93	-59.55	28	0
Sensor	19.59	83.29	39.48	-68.85	3	1
Light	12.58	49.64	40.63	-50.64	3	4
Camera	9.53	47.18	38.79	-60.58	6	2
Light	11.64	25.37	26.75	-38.38	31	4
Light	15.06	50.94	37.04	-55.06	24	4
Speaker	6.12	81.88	43.36	-53.95	47	3
Light	9.63	50.62	29.13	-58.89	28	4
Speaker	15.37	5.88	35.39	-65.2	32	3
Light	7.36	73.18	43.23	-63.38	55	4
Light	15.66	90.45	53.55	-71.01	14	4
Speaker	9.34	75.29	49.83	-63.57	54	3
Light	12.94	35.21	46.72	-33.85	35	4
Camera	13.65	39.09	35.06	-81.11	29	2
Light	13.68	42.34	36.49	-87.35	46	4
Speaker	3.46	40.1	40.85	-58.54	22	3
Light	8.17	62.37	59.39	-53.74	30	4
Light	16.79	69.92	45.96	-68.94	1	4
Speaker	9.34	80.24	30.63	-55.44	59	3
Camera	7.03	36.23	33.08	-49.8	56	2
Speaker	6.01	55.84	34.09	-48.84	17	3
Camera	5.64	54.825	44.62	-61.56	22	2
Plug	17.08	34.55	28.66	-50.68	26	0
Speaker	18.56	67.32	22.73	-69.67	4	3
Plug	4.61	60.25	42.89	-65.9	22	0
Sensor	14.97	76.93	49.86	-46.58	43	1
Plug	8.05	74.29	52.24	-59.13	4	0
Plug	13.17	56.0	40.31	-49.64	34	0
Sensor	14.01	57.63	45.51	-64.86	9	1
Speaker	10.69	30.44	33.62	-49.0	36	3
Plug	4.88	78.02	42.9	-54.81	40	0
Light	21.49	62.68	44.44	-59.87	44	4
Camera	18.33	50.72	38.79	-74.06	42	2
Light	10.17	92.78	28.39	-75.55	23	4
Light	6.36	36.16	24.98	-57.19	28	4
Speaker	18.96	88.98	35.59	-54.23	6	3
Camera	6.67	33.83	28.22	-48.76	58	2
Sensor	17.53	57.02	30.68	-60.5	21	1
Light	15.42	68.38	22.44	-46.99	59	4
Light	6.79	29.06	35.3	-49.34	28	4
Camera	9.68	45.56	39.19	-57.66	26	2
Sensor	13.97	58.38	36.86	-62.43	27	1
Light	9.91	10.81	31.51	-64.37	4	4
Camera	5.52	46.83	48.09	-52.04	29	2
Plug	2.39	5.0	44.6	-69.67	48	0
Sensor	5.33	63.1	45.41	-66.52	2	1
Sensor	14.41	59.74	57.17	-60.36	9	1
Light	9.47	77.82	44.28	-75.86	58	4
Camera	10.09	5.0	39.0	-59.15	8	2
Light	17.42	43.52	24.54	-65.78	4	4
Light	15.06	47.81	45.86	-59.44	54	4
Speaker	12.87	7.52	51.03	-49.95	4	3
Plug	6.24	67.59	43.9	-54.92	30	0
Plug	9.3	15.1	30.19	-74.52	32	0
Camera	7.64	34.42	18.81	-57.98	50	2
Sensor	5.1	54.74	44.91	-40.85	11	1
Speaker	12.31	54.78	38.07	-47.09	39	3
Camera	13.17	56.53	38.48	-60.72	30	2
Sensor	11.25	50.54	31.87	-72.08	13	1
Light	12.54	50.03	29.32	-38.54	8	4
Speaker	14.8	48.01	38.88	-50.79	15	3
Sensor	15.63	53.9	44.01	-41.86	29	1
Plug	12.57	81.09	48.33	-61.2	48	0
Plug	14.8	58.58	42.09	-63.0	3	0
Plug	7.45	64.98	11.97	-75.41	4	0
Camera	12.33	28.94	36.95	-54.2	43	2
Speaker	11.07	90.26	49.13	-68.21	54	3
Light	10.67	54.57	34.61	-56.18	26	4
Camera	12.21	41.91	42.28	-52.02	44	2
Speaker	13.55	58.1	37.99	-45.96	29	3
Plug	13.92	62.59	21.21	-68.69	57	0
Sensor	15.75	45.59	36.84	-61.96	7	1
Speaker	10.23	39.84	41.68	-72.51	53	3
Sensor	17.24	43.95	34.16	-67.3	9	1
Light	7.15	53.44	38.41	-64.73	58	4
Plug	11.82	100.7	33.61	-45.12	15	0
Light	6.41	46.61	52.4	-60.19	34	4
Light	16.43	63.76	27.24	-62.99	59	4
Light	18.34	42.91	37.89	-69.93	29	4
Camera	11.45	78.2	45.86	-55.18	31	2
Light	9.15	42.25	44.9	-58.12	46	4
Camera	6.86	54.825	31.56	-48.24	11	2
Camera	12.13	67.5	35.75	-57.11	28	2
Camera	10.83	45.25	28.31	-66.83	32	2
Speaker	15.99	54.01	26.97	-52.97	13	3
Plug	18.31	56.88	27.9	-64.46	52	0
Light	14.01	51.87	27.55	-59.53	50	4
Camera	13.04	81.28	42.98	-67.93	39	2
Plug	14.65	37.14	38.05	-59.69	54	0
Plug	14.76	51.61	55.48	-54.1	27	0
Light	15.74	46.02	40.41	-49.21	56	4
Camera	17.59	60.77	44.02	-61.68	28	2
Speaker	10.67	54.825	36.87	-70.35	7	3
Speaker	9.52	48.63	41.2	-44.62	56	3
Light	8.96	54.825	19.66	-50.65	40	4
Plug	16.81	40.57	35.02	-60.64	26	0
Light	14.77	74.57	36.69	-51.75	43	4
Plug	20.58	43.02	32.33	-59.09	5	0
Camera	11.07	75.39	40.81	-54.76	56	2
Sensor	10.29	75.26	43.42	-90.0	46	1
Plug	14.55	50.65	39.39	-46.6	60	0
Speaker	15.28	32.62	37.12	-54.61	43	3
Sensor	14.86	69.46	39.8	-65.15	35	1
Plug	15.11	45.55	46.3	-62.86	55	0
Sensor	9.12	79.61	36.84	-61.47	54	1
Light	14.32	110.77	45.61	-68.5	4	4
Plug	12.57	57.35	41.61	-56.87	40	0
Sensor	18.26	57.23	41.05	-38.7	16	1
Sensor	6.66	63.91	39.62	-49.74	18	1
Plug	8.96	67.28	50.91	-67.5	31	0
Plug	16.66	110.56	43.95	-30.46	37	0
Light	11.96	47.21	30.41	-70.12	52	4
Plug	18.82	42.53	27.1	-72.93	19	0
Speaker	11.04	70.23	36.3	-55.21	10	3
Light	15.35	35.78	43.42	-56.01	59	4
Speaker	7.07	48.52	32.13	-49.23	42	3
Light	11.3	72.63	45.94	-71.6	60	4
Speaker	18.32	89.25	41.89	-50.03	34	3
Light	18.35	119.59	33.1	-60.07	5	4
Speaker	11.48	7.54	27.34	-63.61	4	3
Plug	7.82	52.41	49.4	-47.41	15	0
Light	12.84	61.08	40.19	-52.1	60	4
Camera	13.95	36.51	26.86	-63.12	30	2
Plug	18.1	74.1	32.27	-44.2	3	0
Sensor	16.93	78.27	37.13	-59.34	48	1
Sensor	2.19	61.2	58.37	-66.49	20	1
Plug	11.47	89.81	54.4	-51.43	60	0
Speaker	16.24	89.72	27.51	-60.18	36	3
Camera	10.31	26.18	42.19	-57.72	48	2
Camera	12.45	82.26	29.81	-58.28	50	2
Speaker	14.19	65.15	50.38	-49.58	8	3
Plug	17.89	47.34	43.53	-61.16	34	0
Light	11.75	44.57	25.81	-60.42	55	4
Camera	18.22	67.09	31.11	-67.88	21	2
Plug	10.47	40.52	37.25	-41.25	36	0
Plug	17.64	20.26	33.34	-56.92	14	0
Light	11.58	44.86	41.82	-41.73	52	4
Speaker	10.75	53.03	23.82	-48.66	20	3
Light	13.56	48.51	45.47	-62.66	9	4
Light	13.44	42.75	27.42	-57.63	3	4
Sensor	11.93	28.32	21.23	-63.12	3	1
Speaker	11.19	51.31	37.84	-49.63	17	3
Speaker	10.12	67.03	50.62	-65.43	12	3
Camera	14.55	72.25	38.86	-62.19	49	2
Camera	10.94	94.0	46.47	-60.97	50	2
Speaker	12.51	69.01	29.65	-71.14	50	3
Sensor	12.06	43.4	38.5	-55.46	42	1
Sensor	18.91	75.35	38.86	-73.13	46	1
Camera	14.99	44.75	32.62	-67.73	17	2
Light	11.93	38.63	39.92	-43.41	11	4
Speaker	8.3	54.825	38.02	-68.31	60	3
Speaker	13.11	50.43	43.24	-46.75	38	3
Plug	9.73	36.44	26.32	-65.47	25	0
Camera	10.96	73.09	37.88	-55.18	9	2
Speaker	13.16	5.0	20.7	-64.82	15	3
Light	13.25	51.36	35.61	-62.92	30	4
Sensor	9.85	58.64	35.19	-66.29	35	1
Camera	16.82	49.42	30.85	-62.25	38	2
Camera	6.04	57.18	39.45	-78.29	20	2
Speaker	15.72	84.14	31.92	-43.87	27	3
Sensor	15.62	38.98	30.27	-75.23	52	1
Plug	18.63	53.41	27.85	-42.23	57	0
Camera	14.42	63.37	27.51	-65.41	10	2
Light	11.07	65.34	46.32	-61.31	6	4
Sensor	13.77	60.42	26.57	-58.97	60	1
Plug	12.33	77.66	37.97	-54.86	42	0
Plug	12.69	59.78	45.42	-62.91	28	0
Sensor	12.79	48.59	39.68	-51.2	30	1
Speaker	7.63	68.51	23.09	-60.49	49	3
Speaker	15.51	96.81	28.74	-66.02	52	3
Light	6.82	45.44	27.25	-51.52	46	4
Plug	5.83	53.54	33.82	-57.95	25	0
Camera	3.66	59.93	41.73	-57.08	42	2
Camera	6.75	31.68	32.25	-50.09	20	2
Light	8.21	57.22	28.16	-65.41	46	4
Plug	9.71	5.0	40.66	-37.18	43	0
Plug	9.74	55.82	33.74	-54.04	4	0
Light	15.56	69.5	44.71	-52.12	58	4
Speaker	15.66	37.92	42.58	-51.44	33	3
Plug	7.56	78.66	39.94	-57.7	56	0
Plug	11.96	56.73	39.51	-70.77	42	0
Light	9.25	68.62	29.38	-57.43	1	4
Light	16.57	65.53	34.95	-55.08	59	4
Plug	9.37	26.41	44.4	-62.29	44	0
Camera	10.47	75.17	52.4	-43.52	44	2
Light	8.39	48.6	36.55	-77.75	3	4
Speaker	12.56	36.33	53.73	-64.81	54	3
Camera	7.61	72.8	27.87	-50.43	27	2
Light	12.03	27.51	28.4	-69.89	3	4
Plug	17.24	45.13	47.7	-40.48	50	0
Camera	17.14	58.93	41.3	-65.56	18	2
Sensor	13.72	31.71	38.37	-52.78	47	1
Plug	12.41	74.87	35.07	-65.34	44	0
Light	7.91	54.825	43.69	-25.0	13	4
Light	11.66	79.1	24.92	-69.09	54	4
Plug	17.02	36.14	52.62	-52.69	20	0
Light	11.98	12.59	36.56	-68.5	18	4
Camera	10.03	54.825	45.77	-49.65	27	2
Plug	10.06	85.66	32.73	-48.54	59	0
Light	12.88	43.33	32.84	-59.91	34	4
Sensor	13.49	35.43	40.85	-43.68	21	1
Speaker	15.62	64.24	40.33	-52.42	15	3
Plug	5.61	48.24	22.22	-58.2	6	0
Sensor	12.83	49.67	53.7	-69.16	30	1
Plug	11.96	71.02	49.77	-49.05	11	0
Sensor	15.94	51.62	43.68	-48.3	39	1
Camera	8.24	66.78	38.64	-44.54	19	2
Light	13.73	87.63	30.84	-54.94	17	4
Camera	10.19	47.45	53.91	-57.69	58	2
Sensor	10.9	38.3	42.71	-47.14	4	1
Light	10.26	13.02	44.23	-62.02	5	4
Light	10.11	33.07	34.27	-49.73	55	4
Plug	13.45	54.825	44.72	-50.63	16	0
Plug	8.64	15.02	34.48	-64.44	43	0
Camera	5.02	45.7	38.75	-74.66	57	2
Camera	11.81	40.56	44.81	-61.32	6	2
Light	14.4	58.32	30.71	-58.11	35	4
Light	7.28	68.52	33.78	-65.89	6	4
Light	6.57	32.66	38.95	-59.69	44	4
Plug	11.9	98.27	56.38	-76.15	56	0
Sensor	12.59	32.5	35.39	-44.66	52	1
Camera	13.7	43.19	43.36	-54.87	27	2
Light	19.32	50.4	35.77	-62.74	25	4
Speaker	12.41	57.15	33.61	-73.25	30	3
Plug	16.34	41.96	27.4	-66.14	39	0
Plug	12.36	54.825	36.92	-64.0	26	0
Plug	14.0	45.34	38.77	-52.16	21	0
Speaker	13.97	47.51	43.49	-68.06	54	3
Speaker	16.27	25.67	47.33	-48.74	55	3
Speaker	6.88	59.11	38.05	-57.34	2	3
Camera	8.17	51.14	43.15	-58.45	31	2
Plug	8.74	65.88	45.44	-58.6	15	0
Plug	8.37	94.29	29.07	-37.99	33	0
Speaker	10.28	34.57	41.1	-81.88	47	3
Sensor	15.66	55.73	19.89	-54.18	28	1
Light	10.7	50.35	31.16	-67.71	25	4
Light	10.62	50.52	55.28	-69.46	44	4
Sensor	15.75	66.32	36.95	-25.0	25	1
Sensor	7.52	45.87	49.46	-61.7	42	1
Plug	11.96	63.17	48.54	-60.04	54	0
Light	11.07	54.89	41.7	-67.11	46	4
Speaker	4.26	87.6	39.08	-63.7	59	3
Sensor	5.66	46.53	48.28	-62.09	38	1
Speaker	15.71	82.84	49.77	-50.72	46	3
Camera	11.94	40.82	45.25	-49.29	11	2
Light	10.3	72.24	28.74	-26.24	58	4
Light	14.81	52.31	47.64	-61.83	54	4
Camera	12.3	30.31	39.35	-72.92	11	2
Plug	14.39	51.1	54.36	-65.91	31	0
Speaker	11.46	45.84	41.14	-66.82	15	3
Speaker	8.49	40.57	48.62	-45.15	16	3
Camera	15.26	63.16	42.65	-59.68	43	2
Sensor	11.71	48.3	39.97	-39.88	27	1
Light	12.77	50.23	50.18	-48.5	4	4
Plug	10.95	47.47	49.64	-51.26	14	0
Plug	17.09	32.27	34.17	-75.68	22	0
Plug	7.13	23.34	48.5	-70.21	38	0
Light	8.38	48.91	46.19	-60.64	58	4
Speaker	9.61	35.31	47.26	-42.39	58	3
Speaker	5.4	70.58	37.7	-60.89	49	3
Plug	9.21	57.61	24.28	-42.13	58	0
Light	10.25	50.06	38.15	-46.5	29	4
Light	8.63	59.26	43.65	-58.53	53	4
Camera	13.5	12.22	43.73	-60.0	4	2
Light	17.48	47.32	37.0	-49.85	31	4
Light	11.59	45.74	32.91	-65.49	5	4
Plug	15.6	58.95	58.08	-40.15	37	0
Plug	1.0	62.67	49.62	-48.99	26	0
Plug	11.16	48.3	31.9	-59.39	22	0
Light	13.11	30.48	33.27	-57.17	16	4
Plug	12.52	76.13	19.81	-60.68	38	0
Light	11.82	29.63	35.03	-55.59	31	4
Speaker	13.0	60.01	42.37	-47.71	29	3
Speaker	20.22	55.95	40.5	-46.22	8	3
Plug	13.62	31.72	33.93	-60.49	35	0
Speaker	11.41	69.55	54.36	-74.77	56	3
Sensor	4.62	68.6	46.33	-39.26	57	1
Plug	14.09	64.53	50.45	-46.28	31	0
Light	14.34	88.32	33.89	-67.87	49	4
Camera	15.6	93.16	50.5	-63.22	8	2
Plug	14.46	72.8	48.63	-42.07	19	0
Light	13.01	54.5	18.37	-48.37	14	4
Plug	11.94	67.75	14.29	-71.33	45	0
Camera	9.15	88.12	37.14	-69.6	56	2
Light	19.6	37.99	41.3	-52.97	20	4
Light	20.91	55.97	26.9	-42.48	3	4
Light	15.57	17.91	40.22	-57.54	17	4
Light	6.24	30.32	41.72	-47.53	32	4
Camera	12.46	40.66	24.77	-66.85	15	2
Plug	7.39	77.83	34.51	-51.14	53	0
Camera	11.63	51.71	37.97	-80.68	59	2
Camera	6.82	31.99	37.37	-57.48	35	2
Camera	15.11	54.825	43.98	-72.7	32	2
Light	11.31	70.45	36.24	-61.8	45	4
Camera	10.05	62.19	32.52	-69.46	6	2
Plug	9.83	54.825	55.7	-44.55	4	0
Plug	15.61	37.87	39.26	-49.43	34	0
Camera	3.03	74.9	38.55	-42.26	5	2
Plug	10.83	70.05	41.08	-48.6	50	0
Sensor	4.6	53.99	52.22	-81.18	32	1
Light	8.96	55.87	28.76	-38.23	48	4
Plug	9.82	66.18	31.06	-45.91	56	0
Light	21.18	67.32	45.97	-74.02	57	4
Camera	11.96	54.8	50.73	-57.69	33	2
Camera	17.45	68.7	36.26	-48.61	51	2
Sensor	10.31	47.78	26.28	-61.93	41	1
Light	13.69	41.17	47.52	-68.74	32	4
Light	9.02	50.91	28.71	-51.3	40	4
Sensor	6.89	23.26	45.5	-75.14	42	1
Speaker	15.95	49.15	35.82	-33.1	21	3
Plug	17.28	83.85	44.22	-58.87	37	0
Plug	16.37	87.53	37.79	-79.15	44	0
Camera	17.07	5.0	53.28	-60.76	45	2
Light	9.24	35.23	37.88	-45.57	18	4
Light	13.99	69.31	53.59	-51.07	6	4
Light	9.06	54.28	41.81	-49.66	54	4
Sensor	15.05	75.21	41.52	-60.18	19	1
Sensor	13.75	35.89	51.06	-75.78	55	1
Plug	15.93	64.96	28.88	-41.44	50	0
Light	14.94	39.51	29.66	-40.32	6	4
Plug	12.27	50.9	29.65	-41.33	46	0
Plug	9.98	45.1	41.44	-60.47	23	0
Speaker	13.44	55.78	45.25	-36.53	38	3
Plug	8.13	33.51	43.28	-58.21	43	0
Camera	11.57	38.63	45.25	-81.75	7	2
Camera	14.54	55.21	42.47	-59.3	43	2
Light	11.99	54.825	36.07	-56.71	20	4
Light	12.86	56.15	49.39	-47.31	54	4
Sensor	16.48	34.42	30.62	-33.92	55	1
Light	14.11	32.39	44.32	-44.54	55	4
Light	10.42	59.15	23.56	-50.73	53	4
Plug	10.47	55.27	23.61	-77.35	43	0
Light	10.89	68.53	34.87	-38.52	6	4
Plug	10.48	5.0	51.89	-25.0	3	0
Plug	13.99	27.22	43.71	-38.12	40	0
Plug	17.35	58.1	53.99	-54.97	33	0
Plug	13.2	32.15	26.0	-64.7	29	0
Camera	10.66	78.45	43.71	-59.33	38	2
Camera	13.17	22.14	44.0	-54.85	7	2
Light	4.04	28.07	43.74	-63.46	22	4
Light	8.82	52.45	45.49	-62.52	13	4
Speaker	8.66	43.74	38.43	-77.37	55	3
Camera	16.66	63.92	33.92	-72.52	47	2
Camera	2.24	112.43	40.41	-52.5	13	2
Plug	17.71	46.01	35.26	-51.79	9	0
Plug	14.9	77.8	44.42	-63.91	26	0
Light	11.67	65.19	41.86	-65.59	4	4
Speaker	14.04	8.15	38.72	-68.0	14	3
Camera	6.55	19.24	44.96	-83.18	55	2
Camera	9.95	59.25	26.8	-66.26	42	2
Light	12.68	41.96	34.17	-67.75	51	4
Plug	9.5	45.25	43.33	-68.54	24	0
Light	8.42	59.55	32.83	-58.05	58	4
Plug	11.26	76.93	48.83	-56.58	26	0
Sensor	12.66	51.35	33.28	-56.64	10	1
Speaker	18.66	54.09	41.34	-73.17	49	3
Sensor	9.65	60.92	43.13	-47.18	54	1
Speaker	11.02	92.8	28.8	-61.38	38	3
Plug	9.51	29.37	27.69	-48.66	12	0
Light	17.79	55.64	45.98	-53.3	41	4
Sensor	14.78	82.64	38.51	-71.96	51	1
Plug	8.66	85.05	32.92	-32.49	28	0
Speaker	13.76	41.79	22.21	-85.7	59	3
Camera	16.68	31.75	31.82	-65.51	2	2
Plug	18.21	41.37	40.83	-56.1	49	0
Camera	13.31	68.37	47.74	-45.49	17	2
Plug	10.84	107.46	55.15	-57.35	3	0
Plug	14.06	17.39	36.23	-48.12	1	0
Speaker	7.41	47.56	36.86	-60.88	41	3
Plug	8.21	48.34	50.72	-49.05	5	0
Camera	12.79	37.85	25.97	-54.68	35	2
Camera	18.09	61.87	29.46	-63.17	10	2
Plug	9.81	22.28	42.43	-67.41	57	0
Sensor	14.11	32.58	49.71	-43.01	29	1
Camera	5.39	109.27	33.07	-54.06	43	2
Plug	12.2	81.04	24.1	-64.57	55	0
Speaker	12.68	99.67	31.38	-69.85	3	3
Sensor	10.67	91.54	30.06	-59.26	12	1
Camera	11.26	42.35	44.65	-70.55	34	2
Speaker	8.96	19.31	34.41	-71.6	5	3
Light	11.81	55.48	37.52	-48.14	55	4
Light	15.62	67.02	32.51	-67.07	56	4
Light	3.97	19.19	29.34	-77.03	32	4
Camera	9.75	69.94	42.7	-78.76	52	2
Light	13.84	42.41	42.21	-70.89	4	4
Speaker	7.73	42.11	32.08	-87.28	51	3
Speaker	5.08	63.79	45.69	-65.21	11	3
Camera	13.72	24.64	26.94	-59.25	3	2
Camera	23.98	55.73	30.73	-50.1	17	2
Plug	9.19	66.28	37.38	-63.92	33	0
Speaker	7.98	39.41	36.57	-60.05	8	3
Plug	9.09	61.45	17.22	-62.09	2	0
Light	10.2	42.4	23.63	-64.31	55	4
Camera	15.6	73.38	27.82	-69.02	54	2
Plug	7.64	75.59	43.32	-52.03	45	0
Plug	11.96	63.58	49.46	-62.41	2	0
Camera	11.41	66.73	18.39	-58.03	19	2
Camera	10.58	77.8	38.2	-59.57	4	2
Camera	15.3	69.87	28.23	-25.86	48	2
Speaker	13.44	66.19	30.88	-35.77	55	3
Light	12.78	54.825	44.15	-43.69	54	4
Camera	6.75	99.07	26.61	-63.13	23	2
Plug	10.38	54.825	57.61	-67.62	42	0
Speaker	13.62	51.07	37.57	-63.21	23	3
Light	13.17	76.61	39.07	-48.25	33	4
Camera	6.06	48.24	39.88	-64.36	49	2
Light	10.87	36.96	31.73	-46.82	42	4
Camera	11.92	92.59	39.0	-66.0	37	2
Speaker	21.99	14.95	29.55	-37.15	38	3
Speaker	14.06	29.14	40.25	-48.39	53	3
Camera	13.99	77.8	41.6	-62.93	34	2
Plug	14.87	51.48	44.03	-57.7	25	0
Plug	11.35	41.22	43.2	-61.1	8	0
Light	13.82	33.45	28.05	-46.2	23	4
Speaker	8.25	11.13	44.81	-71.91	15	3
Speaker	13.68	56.93	37.63	-32.92	46	3
Plug	12.31	51.02	30.02	-50.63	48	0
Speaker	7.13	35.7	41.43	-69.12	26	3
Camera	14.44	54.825	38.67	-51.75	26	2
Plug	10.0	53.62	40.33	-72.82	14	0
Plug	6.48	56.32	48.38	-75.97	13	0
Light	15.36	73.01	37.08	-46.8	2	4
Sensor	14.62	56.5	35.93	-44.76	16	1
Plug	9.63	35.37	27.03	-61.07	3	0
Plug	11.85	57.05	45.56	-63.02	21	0
Speaker	13.21	60.98	50.37	-67.26	28	3
Light	5.59	53.34	33.19	-42.41	36	4
Plug	9.09	35.43	42.06	-59.69	11	0
Speaker	9.35	51.23	35.9	-68.02	15	3
Camera	9.31	35.98	38.3	-58.33	26	2
Sensor	15.32	54.825	26.97	-56.38	41	1
Camera	11.58	40.16	16.64	-59.01	52	2
Sensor	17.37	30.24	39.71	-63.22	4	1
Light	7.7	60.4	28.72	-46.03	10	4
Plug	9.36	64.19	37.98	-73.35	45	0
Speaker	11.96	9.19	43.43	-57.69	8	3
Plug	14.42	58.09	43.78	-63.16	51	0
Plug	12.25	62.42	39.8	-64.82	51	0
Camera	13.19	42.52	43.77	-69.28	47	2
Plug	22.5	45.91	38.94	-47.44	36	0
Sensor	15.12	110.66	44.39	-61.49	25	1
Speaker	13.61	50.19	31.36	-59.23	60	3
Speaker	14.67	41.77	40.33	-49.66	46	3
Camera	10.74	65.69	51.54	-48.02	19	2
Light	7.32	38.62	29.93	-57.2	38	4
Speaker	14.09	53.76	20.87	-66.99	22	3
Plug	13.83	97.76	29.72	-79.19	30	0
Plug	5.67	17.05	36.26	-45.21	47	0
Plug	6.86	33.34	41.48	-41.92	43	0
Light	8.62	44.14	46.58	-45.19	43	4
Camera	10.73	44.64	47.72	-55.73	27	2
Plug	10.93	88.11	42.98	-66.9	12	0
Sensor	15.63	43.28	24.95	-72.44	5	1
Light	12.97	23.1	45.52	-55.84	6	4
Sensor	5.53	52.94	46.51	-58.78	34	1
Sensor	13.26	80.87	24.99	-48.62	55	1
Light	10.51	31.45	30.12	-66.05	5	4
Plug	9.1	12.01	32.28	-65.12	20	0
Sensor	8.99	60.74	47.61	-56.35	59	1
Speaker	4.49	62.45	51.49	-47.69	59	3
Plug	19.72	56.69	31.09	-57.13	6	0
Plug	19.55	67.79	27.26	-65.04	51	0
Speaker	4.82	46.13	29.02	-53.98	26	3
Plug	7.12	32.12	52.09	-69.9	20	0
Speaker	9.45	21.42	31.1	-75.97	18	3
Sensor	9.93	57.95	56.98	-58.82	12	1
Speaker	15.68	74.97	43.04	-76.54	14	3
Camera	9.91	48.26	25.81	-62.22	4	2
Light	8.35	40.17	31.51	-65.23	23	4
Speaker	13.97	38.41	37.51	-55.6	53	3
Plug	11.19	84.72	40.03	-30.69	29	0
Camera	4.66	55.93	34.87	-69.97	7	2
Speaker	11.39	54.33	41.87	-74.99	5	3
Plug	14.62	71.99	56.63	-67.12	53	0
Plug	14.16	98.3	23.09	-59.33	57	0
Light	11.46	77.23	32.31	-46.97	45	4
Light	15.0	60.24	32.18	-62.37	53	4
Plug	12.51	77.69	40.42	-70.68	25	0
Speaker	13.86	59.6	30.31	-50.73	17	3
Light	13.92	52.31	48.28	-71.23	2	4
Plug	22.31	76.08	42.53	-74.14	35	0
Speaker	16.5	56.02	27.85	-47.08	22	3
Plug	13.31	81.23	41.55	-46.1	25	0
Speaker	11.75	71.3	33.1	-67.24	1	3
Speaker	8.33	72.86	35.58	-41.07	24	3
Plug	14.45	65.59	36.32	-64.41	47	0
Plug	8.73	55.92	39.79	-51.13	25	0
Light	14.58	68.43	48.07	-62.02	35	4
Light	12.57	72.93	34.95	-52.13	12	4
Plug	3.29	39.33	32.76	-67.11	34	0
Plug	10.87	76.96	39.19	-52.54	33	0
Plug	12.27	19.23	29.48	-54.8	33	0
Sensor	16.49	58.79	29.74	-49.04	47	1
Camera	13.14	52.58	49.11	-77.91	9	2
Camera	12.24	37.54	32.02	-54.43	41	2
Light	10.41	58.96	56.17	-44.06	59	4
Plug	17.45	53.26	23.16	-61.35	20	0
Plug	9.32	61.13	36.05	-38.62	42	0
Camera	8.78	46.43	37.9	-43.51	19	2
Sensor	14.91	72.75	50.46	-73.34	30	1
Light	17.42	79.47	45.91	-54.53	11	4
Sensor	6.36	65.73	29.18	-63.02	39	1
Light	11.24	46.03	36.85	-50.48	57	4
Plug	15.47	55.97	37.17	-58.47	13	0
Light	15.07	42.23	31.99	-76.22	52	4
Plug	10.9	47.7	35.02	-64.61	59	0
Plug	6.03	23.39	29.63	-42.15	14	0
Sensor	11.17	54.825	39.53	-71.61	1	1
Camera	15.87	46.63	35.22	-66.09	55	2
Camera	9.87	49.21	27.54	-66.55	51	2
Light	18.41	63.53	43.57	-44.05	33	4
Sensor	15.46	52.69	46.17	-48.07	40	1
Sensor	19.76	13.19	52.88	-76.47	50	1
Camera	18.0	22.52	45.96	-65.3	10	2
Plug	13.9	90.34	47.42	-69.77	15	0
Camera	8.43	44.82	40.97	-58.21	56	2
Light	14.2	84.45	51.18	-60.33	9	4
Speaker	9.59	29.55	49.56	-63.79	36	3
Sensor	11.28	55.79	25.9	-70.37	32	1
Light	9.39	69.28	38.56	-84.23	6	4
Speaker	12.75	7.59	44.89	-59.39	11	3
Speaker	11.36	35.42	40.89	-44.26	22	3
Light	11.16	59.54	34.68	-75.07	39	4
Plug	7.12	16.68	31.01	-74.82	46	0
Light	10.57	47.08	47.96	-58.81	37	4
Light	5.86	32.86	41.53	-39.28	21	4
Speaker	13.14	59.04	46.83	-68.77	10	3
Sensor	13.52	54.825	45.69	-80.75	54	1
Sensor	14.56	54.18	38.68	-48.89	35	1
Light	9.04	64.28	36.05	-49.92	8	4
Speaker	9.08	59.39	46.38	-42.66	1	3
Light	19.67	77.43	44.05	-65.78	15	4
Camera	20.48	84.63	37.87	-67.81	21	2
Camera	2.47	89.31	34.38	-67.72	31	2
Light	11.04	46.88	25.89	-59.76	17	4
Camera	10.23	27.92	20.8	-73.32	16	2
Plug	14.73	66.59	36.1	-63.31	43	0
Plug	15.43	71.57	27.94	-51.93	51	0
Plug	4.3	41.2	33.41	-49.66	58	0
Light	11.2	80.75	45.62	-70.52	13	4
Plug	10.25	14.14	26.7	-79.36	58	0
Speaker	7.56	73.45	35.93	-57.44	33	3
Plug	8.84	42.29	29.24	-59.41	34	0
Sensor	8.35	19.86	35.27	-77.48	19	1
Plug	19.8	10.66	19.87	-58.64	8	0
Plug	15.97	23.47	33.42	-58.51	15	0
Plug	14.52	101.23	23.07	-57.91	41	0
Plug	12.94	46.88	30.56	-62.34	3	0
Camera	16.39	102.69	35.76	-48.89	27	2
Sensor	16.91	68.07	41.35	-44.96	42	1
Camera	3.87	62.86	37.01	-40.47	49	2
Plug	13.62	70.8	43.41	-63.96	47	0
Sensor	13.92	26.32	29.55	-53.31	46	1
Light	15.33	67.87	42.66	-42.22	15	4
Plug	15.62	74.09	38.68	-46.22	22	0
Light	15.02	52.32	32.33	-76.9	30	4
Plug	10.59	74.49	45.46	-70.07	6	0
Camera	8.59	34.54	35.19	-41.65	7	2
Speaker	13.52	40.44	27.97	-71.9	5	3
Camera	14.39	108.97	39.23	-50.82	26	2
Plug	13.54	52.34	50.7	-57.86	19	0
Camera	9.65	5.0	39.99	-59.73	53	2
Light	2.33	87.39	30.19	-64.15	19	4
Plug	13.3	60.99	35.56	-59.51	59	0
Camera	11.96	56.82	34.26	-61.57	35	2
Plug	12.51	77.73	48.89	-81.08	3	0
Light	16.27	53.76	27.54	-68.05	40	4
Sensor	9.86	54.5	26.12	-56.59	19	1
Plug	13.05	51.82	30.05	-41.19	20	0
Light	9.25	49.63	25.07	-75.59	23	4
Sensor	11.41	45.42	32.89	-61.69	38	1
Speaker	10.04	48.26	42.11	-75.87	55	3
Sensor	17.98	15.47	53.76	-59.06	52	1
Light	18.51	32.06	43.64	-46.96	9	4
Camera	14.26	56.05	46.95	-40.54	32	2
Camera	8.28	39.62	32.75	-61.01	51	2
Camera	14.06	33.41	30.71	-47.25	22	2
Plug	15.53	68.97	35.89	-63.05	25	0
Plug	11.85	60.86	46.1	-58.57	28	0
Light	8.33	71.69	30.71	-60.35	38	4
Speaker	8.54	21.81	33.58	-59.94	46	3
Light	9.03	60.32	47.57	-58.86	4	4
Camera	10.78	47.8	46.91	-48.06	18	2
Plug	9.77	69.6	32.7	-44.25	31	0
Camera	15.9	54.825	48.66	-33.92	7	2
Plug	11.58	36.92	34.32	-72.79	58	0
Light	11.29	42.15	49.42	-54.31	18	4
Camera	12.06	63.95	32.77	-43.5	40	2
Light	13.93	52.68	36.73	-59.08	14	4
Camera	16.63	64.08	46.22	-37.06	24	2
Light	7.99	54.6	21.99	-56.66	59	4
Speaker	8.08	69.11	51.31	-34.01	54	3
Sensor	12.49	31.09	50.46	-52.5	22	1
Speaker	11.96	77.02	41.15	-58.86	31	3
Sensor	7.73	27.01	45.6	-57.34	15	1
Sensor	17.67	43.11	31.47	-58.93	43	1
Light	7.02	12.32	55.44	-49.16	44	4
Plug	15.05	25.12	33.33	-53.12	41	0
Plug	12.41	37.49	26.5	-57.01	5	0
Speaker	6.92	54.825	30.55	-72.74	51	3
Sensor	12.57	74.03	48.44	-48.0	38	1
Light	10.98	78.75	57.27	-63.48	7	4
Speaker	7.58	67.31	40.41	-46.72	57	3
Plug	11.86	36.1	27.34	-54.48	59	0
Plug	14.22	39.89	48.98	-85.42	38	0
Light	15.38	57.21	25.69	-67.15	10	4
Sensor	9.45	91.63	39.45	-33.01	31	1
Camera	7.07	49.66	42.94	-50.03	36	2
Speaker	16.65	32.38	40.1	-46.07	35	3
Camera	15.2	80.13	43.55	-39.85	45	2
Speaker	15.35	18.3	48.06	-38.22	48	3
Light	13.12	34.36	47.44	-47.77	13	4
Speaker	5.9	81.61	45.92	-45.6	32	3
Light	15.3	61.84	13.99	-79.42	24	4
Plug	17.08	31.36	33.84	-65.35	39	0
Sensor	7.61	34.51	34.5	-46.84	44	1
Speaker	19.58	46.73	41.27	-49.8	41	3
Plug	11.3	73.71	40.19	-40.37	24	0
Camera	12.36	64.73	26.61	-44.18	10	2
Light	11.96	71.48	38.81	-60.63	58	4
Plug	13.33	51.0	24.39	-36.74	42	0
Light	9.59	62.1	42.81	-58.95	2	4
Sensor	11.47	29.28	63.35	-54.34	18	1
Speaker	13.63	39.5	29.06	-58.06	23	3
Plug	11.34	75.56	26.42	-52.74	33	0
Speaker	12.89	62.02	34.83	-52.19	21	3
Plug	12.93	54.97	50.99	-47.63	57	0
Camera	17.78	58.47	55.89	-44.13	58	2
Plug	6.46	80.7	34.86	-34.37	57	0
Speaker	4.4	76.88	41.35	-47.48	43	3
Camera	6.29	34.05	31.8	-73.32	27	2
Plug	12.76	73.27	47.27	-51.98	31	0
Light	12.68	61.17	30.03	-71.47	41	4
Light	14.74	24.81	27.12	-64.85	11	4
Speaker	12.93	73.76	22.91	-41.69	19	3
Camera	6.91	88.99	23.56	-50.74	51	2
Light	9.78	69.25	35.87	-63.14	50	4
Camera	10.98	62.09	34.41	-35.86	39	2
Plug	13.53	69.83	33.93	-58.93	53	0
Plug	10.2	22.69	39.39	-63.27	43	0
Light	14.02	91.04	40.6	-39.55	18	4
Camera	7.67	36.93	30.9	-73.34	38	2
Speaker	9.99	58.01	23.69	-47.11	42	3
Sensor	16.01	58.85	42.9	-74.63	44	1
Sensor	7.38	80.33	49.85	-52.14	24	1
Light	14.91	48.04	48.2	-72.41	45	4
Light	10.74	11.58	32.66	-33.84	19	4
Sensor	11.96	30.67	28.27	-50.56	55	1
Speaker	15.56	113.79	49.67	-45.06	30	3
Sensor	14.87	37.26	46.32	-51.16	2	1
Sensor	12.87	23.36	53.51	-61.34	9	1
Sensor	11.93	16.55	38.29	-67.52	51	1
Camera	14.28	58.75	45.67	-55.97	58	2
Plug	12.13	73.99	33.79	-48.37	22	0
Plug	10.51	21.6	38.94	-84.33	60	0
Camera	14.37	40.56	37.72	-66.22	51	2
Camera	18.04	21.24	40.11	-46.68	35	2
Plug	11.04	55.2	47.8	-69.08	39	0
Plug	6.57	32.27	30.46	-39.21	41	0
Light	6.55	43.12	41.79	-49.36	28	4
Sensor	15.15	85.49	46.18	-46.18	58	1
Plug	9.95	68.02	23.1	-64.78	20	0
Light	7.34	74.83	35.57	-56.49	58	4
Camera	13.9	18.85	32.44	-54.27	38	2
Camera	13.62	50.48	48.25	-73.07	35	2
Light	10.55	86.56	42.26	-35.11	16	4
Plug	10.73	52.02	35.29	-73.89	44	0
Speaker	14.42	63.34	31.28	-46.74	36	3
Camera	12.86	88.35	26.73	-57.21	30	2
Plug	11.96	68.46	26.42	-34.85	56	0
Light	10.44	24.56	33.3	-41.43	19	4
Plug	13.75	41.04	47.05	-44.3	51	0
Light	12.8	50.27	40.23	-67.23	59	4
Sensor	15.49	34.19	50.29	-66.63	59	1
Camera	15.39	60.67	37.84	-54.42	45	2
Light	7.68	56.92	24.98	-51.48	48	4
Light	17.28	31.54	46.7	-41.37	21	4
Plug	9.31	76.05	43.46	-61.71	22	0
Speaker	13.18	68.53	36.67	-74.66	1	3
Plug	12.0	56.65	29.35	-47.17	4	0
Light	11.54	100.34	31.09	-68.63	52	4
Light	12.86	34.28	30.7	-54.9	26	4
Sensor	14.64	48.0	32.77	-52.5	34	1
Light	10.17	55.24	42.65	-41.97	16	4
Sensor	6.62	54.825	46.29	-48.5	28	1
Light	14.8	59.35	33.6	-75.08	54	4
Speaker	11.15	71.54	52.52	-47.68	17	3
Light	4.7	61.21	32.33	-59.93	44	4
Light	18.11	33.84	46.95	-68.33	20	4
Light	5.37	54.825	29.77	-63.67	26	4
Speaker	5.69	70.56	39.86	-56.56	20	3
Plug	13.51	76.6	35.72	-62.65	42	0
Sensor	12.46	59.11	51.22	-46.65	7	1
Plug	13.23	31.06	41.74	-55.28	39	0
Camera	21.46	38.89	39.83	-63.44	51	2
Light	13.42	39.73	25.34	-64.82	30	4
Light	14.48	38.92	29.16	-64.65	32	4
Light	13.0	48.64	18.68	-46.07	49	4
Light	10.89	62.47	37.56	-44.43	33	4
Speaker	14.84	27.28	27.01	-52.67	47	3
Speaker	14.7	41.81	43.38	-72.92	2	3
Speaker	13.08	50.73	38.31	-71.39	14	3
Sensor	11.74	97.92	28.78	-69.47	57	1
Camera	12.78	37.24	52.26	-47.95	28	2
Plug	15.31	61.32	46.64	-61.76	43	0
Speaker	12.82	51.5	36.88	-61.24	6	3
Camera	6.81	55.5	25.08	-47.05	24	2
Sensor	11.75	47.24	25.66	-61.81	7	1
Speaker	4.94	67.05	31.35	-58.83	51	3
Sensor	15.86	92.45	52.54	-45.5	20	1
Plug	7.21	58.65	43.36	-79.48	42	0
Speaker	8.27	49.73	40.62	-54.02	5	3
Sensor	9.99	93.89	44.93	-73.29	46	1
Camera	16.13	92.03	46.51	-57.66	25	2
Speaker	6.02	35.04	28.92	-45.55	4	3
Sensor	14.19	24.05	39.58	-69.33	28	1
Camera	12.15	48.57	35.81	-72.32	56	2
Speaker	4.06	52.26	49.31	-51.34	17	3
Speaker	6.97	61.02	31.93	-59.63	25	3
Speaker	13.0	47.45	49.29	-51.35	55	3
Speaker	14.64	69.04	40.63	-46.98	12	3
Plug	19.07	110.22	37.77	-60.08	37	0
Camera	11.74	5.0	34.63	-54.36	30	2
Speaker	14.66	47.16	41.84	-37.64	55	3
Camera	7.93	20.38	17.02	-55.19	17	2
Light	14.15	37.43	17.01	-44.6	35	4
Sensor	19.73	74.01	33.19	-56.44	56	1
Light	7.08	57.81	56.05	-45.11	51	4
Plug	12.55	43.79	44.27	-40.41	55	0
Sensor	12.14	51.98	40.68	-41.5	35	1
Plug	10.12	62.63	29.61	-58.02	36	0
Speaker	10.22	71.97	46.62	-59.71	51	3
Light	15.87	5.0	37.04	-49.18	23	4
Speaker	8.39	42.15	16.67	-57.0	32	3
Plug	13.47	44.77	31.41	-62.4	45	0
Speaker	9.53	65.41	36.21	-78.62	13	3
Plug	12.37	34.54	24.29	-47.93	8	0
Plug	6.33	92.88	47.57	-71.12	29	0
Speaker	12.65	47.01	38.03	-68.41	52	3
Light	14.78	77.28	30.02	-57.2	23	4
Light	12.07	58.96	35.07	-64.53	43	4
Plug	14.58	82.93	59.6	-52.81	39	0
Speaker	7.79	91.27	29.0	-54.65	33	3
Plug	7.16	23.98	41.1	-64.97	7	0
Plug	16.25	54.06	30.91	-60.45	39	0
Light	15.93	46.82	40.04	-63.0	1	4
Camera	11.58	72.48	31.07	-53.65	19	2
Sensor	8.81	73.03	18.84	-72.06	46	1
Light	11.42	72.22	30.51	-56.48	31	4
Light	11.96	90.77	41.83	-64.75	14	4
Camera	15.39	20.19	33.16	-55.57	17	2
Light	11.89	60.46	48.21	-53.3	24	4
Light	10.19	53.37	34.16	-51.68	20	4
Sensor	11.93	98.76	31.9	-73.02	49	1
Camera	11.25	52.15	33.75	-49.56	51	2
Camera	10.17	76.27	32.9	-50.86	44	2
Light	10.8	58.66	28.95	-67.43	52	4
Light	5.48	70.58	39.07	-52.27	51	4
Plug	11.96	20.46	23.58	-62.41	1	0
Camera	14.19	69.62	29.38	-67.43	44	2
Sensor	10.94	79.18	37.38	-81.21	34	1
Speaker	15.17	24.0	47.39	-60.28	34	3
Speaker	10.95	68.58	35.15	-54.67	13	3
Plug	16.66	47.92	40.45	-47.08	20	0
Speaker	10.62	67.02	49.7	-78.07	49	3
Plug	15.58	62.41	42.67	-57.53	57	0
Light	10.57	33.69	46.5	-71.66	4	4
Sensor	19.74	72.81	31.82	-41.64	45	1
Camera	11.23	69.69	35.26	-43.48	9	2
Light	14.2	40.75	40.86	-46.5	33	4
Camera	10.71	81.77	36.97	-55.27	1	2
Light	12.78	71.85	23.99	-50.33	41	4
Sensor	7.77	103.71	30.15	-58.15	30	1
Camera	14.18	85.37	40.77	-65.57	55	2
Speaker	16.9	38.25	29.48	-51.01	27	3
Plug	15.35	49.15	19.78	-47.0	6	0
Sensor	13.55	53.96	48.95	-63.49	33	1
Plug	12.25	37.73	40.91	-79.96	47	0
Sensor	15.53	91.86	28.92	-49.34	6	1
Light	13.02	69.86	48.98	-31.08	30	4
Light	11.24	63.16	35.56	-27.84	4	4
Light	8.78	90.81	43.79	-64.93	4	4
Plug	11.04	72.01	42.11	-57.64	28	0
Light	14.01	61.26	35.52	-53.59	51	4
Camera	7.96	61.8	52.54	-41.24	31	2
Plug	5.89	57.51	17.06	-80.4	57	0
Sensor	16.42	64.28	45.13	-45.92	55	1
Sensor	10.27	15.0	36.83	-40.0	1	1
Camera	10.91	38.33	35.96	-38.51	6	2
Speaker	9.46	42.84	25.47	-41.76	14	3
Light	13.85	41.4	42.41	-63.62	49	4
Camera	15.9	50.62	32.13	-58.25	31	2
Speaker	12.92	51.55	41.33	-41.92	20	3
Plug	16.7	24.04	41.91	-41.35	10	0
Light	9.38	66.28	44.56	-63.49	4	4
Plug	15.12	43.89	38.82	-47.34	20	0
Camera	17.99	51.4	34.74	-71.6	43	2
Light	19.58	35.54	49.27	-57.03	55	4
Sensor	15.71	66.48	39.47	-70.66	23	1
Plug	16.45	31.41	28.51	-45.61	21	0
Sensor	13.32	17.51	33.45	-39.7	40	1
Camera	6.72	81.49	24.63	-55.83	12	2
Plug	13.49	64.36	43.25	-70.65	24	0
Plug	14.63	85.5	25.35	-66.56	50	0
Plug	11.11	66.09	30.56	-35.73	58	0
Sensor	10.34	49.64	41.41	-67.92	20	1
Speaker	12.94	52.95	44.65	-55.96	30	3
Light	15.27	75.28	29.44	-59.91	49	4
Plug	3.65	46.78	36.76	-65.35	10	0
Speaker	11.0	66.78	37.46	-67.39	9	3
Light	15.48	38.49	38.94	-33.95	2	4
Camera	4.9	43.63	26.42	-62.86	23	2
Light	11.81	60.41	48.03	-53.8	1	4
Plug	11.07	57.62	41.71	-45.57	50	0
Light	9.0	58.99	45.78	-56.46	20	4
Light	12.83	20.7	41.87	-54.91	45	4
Sensor	5.75	66.69	34.2	-51.95	53	1
Camera	6.27	51.89	37.65	-40.61	3	2
Sensor	7.15	46.16	28.33	-47.16	15	1
Plug	11.59	64.16	42.75	-49.35	24	0
Plug	11.56	29.33	47.16	-40.66	17	0
Light	11.05	61.06	25.89	-49.11	36	4
Sensor	13.2	36.35	39.02	-77.26	4	1
Light	6.58	65.72	46.54	-71.0	42	4
Plug	11.1	56.57	36.03	-47.85	51	0
Plug	23.52	67.83	59.55	-58.81	52	0
Light	15.99	33.46	36.47	-73.9	1	4
Plug	5.59	35.94	46.56	-59.45	19	0
Light	18.17	67.68	52.41	-77.88	42	4
Camera	8.78	61.6	40.6	-65.45	40	2
Sensor	11.33	81.42	41.91	-71.8	28	1
Plug	15.16	51.95	42.87	-61.06	30	0
Speaker	10.66	61.6	45.66	-49.63	43	3
Light	10.71	34.53	37.61	-65.7	27	4
Camera	16.89	39.75	52.07	-62.33	54	2
Plug	14.88	31.86	41.64	-69.95	24	0
Plug	12.23	59.74	33.07	-67.35	39	0
Camera	5.04	57.28	42.78	-54.42	31	2
Sensor	11.89	46.01	42.71	-58.39	43	1
Speaker	13.74	98.71	38.19	-41.28	47	3
Plug	17.45	27.78	37.22	-60.33	38	0
Plug	12.64	15.41	29.28	-67.4	17	0
Camera	13.51	47.6	39.91	-48.05	38	2
Speaker	8.29	29.79	39.25	-54.01	36	3
Sensor	17.26	20.49	47.15	-90.0	38	1
Camera	13.71	56.93	34.1	-69.1	55	2
Camera	11.63	39.74	45.6	-55.98	56	2
Plug	13.72	47.82	32.94	-52.79	21	0
Speaker	12.19	12.76	33.05	-59.92	47	3
Camera	12.47	5.0	41.75	-65.0	2	2
Light	9.89	78.7	41.82	-54.06	44	4
Light	12.53	66.94	30.78	-70.09	23	4
Light	15.79	39.0	41.54	-51.19	11	4
Camera	11.96	44.78	31.6	-50.78	25	2
Plug	12.24	69.37	32.12	-68.18	46	0
Sensor	18.01	43.11	37.32	-55.96	15	1
Light	13.74	24.83	41.45	-42.04	51	4
Camera	8.89	71.13	45.84	-71.33	29	2
Light	13.53	48.81	32.68	-50.33	16	4
Light	13.8	45.95	37.09	-65.3	60	4
Plug	18.8	52.55	19.63	-67.64	58	0
Light	11.96	31.57	28.81	-46.96	21	4
Light	10.49	6.78	43.05	-49.38	9	4
Sensor	6.17	73.14	48.53	-67.26	12	1
Camera	7.04	22.65	47.47	-73.51	6	2
Speaker	13.11	44.75	34.62	-44.79	47	3
Plug	20.59	68.92	41.56	-48.41	50	0
Plug	12.61	54.91	43.71	-53.17	27	0
Light	6.29	69.04	37.48	-47.59	59	4
Light	14.04	102.85	36.21	-62.43	54	4
Light	15.11	52.76	48.09	-55.31	21	4
Plug	10.07	71.12	46.39	-43.4	52	0
Speaker	12.56	46.34	24.19	-66.98	45	3
Plug	12.62	59.34	29.51	-71.42	39	0
Plug	1.27	39.44	48.6	-63.71	52	0
Light	13.64	39.77	38.33	-65.12	46	4
Plug	11.43	12.43	37.83	-75.94	51	0
Light	12.51	60.36	25.81	-61.01	46	4
Light	11.59	47.63	40.61	-53.21	56	4
Light	8.53	69.25	25.82	-60.09	1	4
Camera	15.33	22.3	44.97	-69.89	37	2
Speaker	12.0	75.73	46.95	-40.05	11	3
Camera	9.83	65.69	32.05	-62.45	49	2
Light	14.07	73.23	37.02	-64.84	19	4
Light	11.12	64.77	46.22	-53.85	48	4
Camera	8.68	67.59	56.57	-80.96	29	2
Plug	12.02	80.71	53.7	-69.66	19	0
Speaker	12.2	71.9	48.18	-38.98	42	3
Light	13.72	79.57	29.07	-73.98	18	4
Speaker	9.24	28.33	36.75	-62.47	55	3
Light	12.52	57.2	40.58	-72.61	31	4
Plug	6.74	80.5	45.42	-54.2	30	0
Speaker	13.9	29.87	45.39	-73.93	23	3
Light	4.33	76.05	45.09	-58.05	26	4
Plug	11.96	26.45	54.66	-68.05	22	0
Light	12.87	51.88	45.65	-57.12	32	4
Plug	7.46	76.81	36.77	-58.36	40	0
Camera	2.19	44.7	32.66	-66.77	45	2
Plug	16.85	32.3	51.41	-53.09	8	0
Sensor	5.14	59.67	43.86	-58.92	41	1
Light	6.87	41.58	38.22	-53.15	52	4
Light	6.14	85.36	43.29	-69.03	27	4
Light	17.67	42.13	43.38	-55.64	32	4
Speaker	12.1	74.39	42.89	-72.0	46	3
Light	15.8	54.17	34.93	-66.58	38	4
Plug	10.41	25.87	39.41	-72.08	60	0
Light	7.47	62.92	22.19	-47.28	24	4
Camera	14.26	46.39	30.32	-50.74	32	2
Light	12.74	73.33	50.24	-40.65	41	4
Plug	10.46	46.72	37.45	-49.23	9	0
Speaker	8.46	25.75	42.91	-41.55	56	3
Speaker	14.02	28.79	32.1	-72.2	59	3
Sensor	12.24	28.41	30.46	-49.69	11	1
Speaker	13.97	83.52	47.72	-64.14	10	3
Sensor	11.4	59.24	22.78	-55.92	4	1
Camera	11.06	66.68	43.15	-57.31	20	2
Plug	6.36	77.89	50.37	-57.08	5	0
Speaker	5.73	52.21	34.63	-75.26	50	3
Speaker	10.45	72.79	22.5	-42.9	26	3
Sensor	15.57	75.03	30.34	-52.97	56	1
Plug	11.86	55.6	24.27	-60.87	54	0
Plug	6.15	54.825	32.19	-76.19	17	0
Plug	22.0	36.76	29.08	-48.78	17	0
Sensor	19.12	50.88	27.8	-66.39	30	1
Light	11.96	29.5	46.15	-77.15	60	4
Plug	11.96	78.79	65.07	-61.36	38	0
Light	13.71	28.48	35.81	-60.77	58	4
Light	16.49	30.04	40.67	-55.26	55	4
Speaker	9.33	52.14	24.54	-57.28	41	3
Light	14.05	70.16	33.87	-41.54	2	4
Camera	3.89	31.59	71.85	-39.38	25	2
Camera	7.75	42.42	50.99	-40.57	20	2
Camera	16.67	65.62	31.57	-74.63	60	2
Sensor	9.68	67.01	50.57	-56.49	38	1
Plug	11.86	40.19	45.23	-66.73	5	0
Light	10.21	20.7	32.32	-54.25	25	4
Light	12.72	58.44	35.78	-57.58	35	4
Plug	17.5	76.19	38.71	-36.49	50	0
Camera	21.25	61.92	40.65	-62.92	48	2
Speaker	1.45	45.57	32.22	-61.07	56	3
Camera	4.68	18.34	40.91	-51.51	19	2
Light	9.99	37.16	39.36	-50.31	28	4
Speaker	15.25	40.46	32.4	-44.56	6	3
Plug	8.77	25.62	45.91	-57.89	10	0
Camera	9.82	57.79	31.08	-62.98	15	2
Plug	10.4	43.94	35.06	-71.76	45	0
Light	4.42	46.77	36.66	-49.0	11	4
Camera	8.69	47.95	22.85	-74.29	29	2
Light	7.19	86.02	35.57	-39.67	18	4
Plug	12.58	90.34	33.84	-62.69	21	0
Plug	9.27	57.54	32.46	-64.02	58	0
Sensor	11.73	24.55	29.34	-52.95	56	1
Speaker	11.31	77.3	38.08	-54.97	7	3
Speaker	17.16	50.99	40.49	-49.13	42	3
Speaker	13.19	34.22	25.41	-55.16	24	3
Plug	17.56	22.6	25.69	-52.88	49	0
Speaker	21.3	42.13	29.89	-34.87	16	3
Camera	17.99	36.49	43.43	-73.32	13	2
Speaker	7.64	51.9	31.91	-39.8	21	3
Plug	9.42	49.15	39.57	-52.84	60	0
Camera	11.26	33.65	62.93	-33.95	9	2
Camera	10.58	82.72	49.59	-67.9	40	2
Plug	10.24	46.49	41.32	-67.63	48	0
Camera	14.85	80.36	49.44	-37.34	30	2
Plug	9.67	45.3	23.98	-53.76	56	0
Sensor	8.9	76.29	42.87	-71.66	45	1
Plug	14.71	13.54	47.03	-57.35	5	0
Sensor	9.79	41.54	40.69	-51.09	31	1
Speaker	7.88	18.56	28.52	-59.13	21	3
Camera	15.36	34.83	56.97	-55.41	3	2
Sensor	8.46	78.5	42.3	-77.15	27	1
Light	11.96	37.11	35.37	-61.31	49	4
Camera	13.9	66.86	25.64	-45.36	31	2
Camera	11.96	65.09	46.92	-61.62	58	2
Plug	10.64	51.76	25.97	-48.46	53	0
Plug	12.43	63.07	38.84	-58.71	13	0
Speaker	18.77	53.58	39.88	-57.78	59	3
Camera	13.55	48.29	30.47	-43.55	43	2
Sensor	4.35	39.99	40.16	-85.98	17	1
Light	16.04	87.01	30.95	-60.71	38	4
Light	11.27	15.77	36.0	-83.75	16	4
Plug	16.13	25.14	27.28	-75.6	2	0
Speaker	12.2	43.08	41.56	-52.44	55	3
Camera	11.96	67.44	52.27	-49.13	13	2
Plug	2.24	54.74	48.12	-59.13	9	0
Sensor	10.8	56.24	39.95	-53.17	9	1
Speaker	6.32	65.8	42.79	-57.26	37	3
Speaker	11.87	81.55	36.46	-48.3	33	3
Camera	8.75	42.53	28.81	-59.45	18	2
Plug	18.98	98.96	46.36	-74.15	30	0
Plug	13.23	50.99	17.05	-70.24	4	0
Speaker	10.63	48.39	25.18	-90.0	23	3
Plug	14.32	50.57	41.83	-51.85	39	0
Light	12.48	74.49	51.78	-61.3	1	4
Plug	17.3	44.29	36.66	-58.01	39	0
Camera	11.74	68.48	33.14	-81.02	38	2
Sensor	10.76	43.69	20.21	-55.85	1	1
Camera	17.31	34.77	38.73	-51.87	46	2
Light	16.66	34.24	38.62	-36.88	21	4
Camera	17.58	46.73	62.47	-90.0	25	2
Sensor	11.96	73.68	47.2	-42.98	18	1
Speaker	10.75	81.81	42.03	-67.58	52	3
Light	12.21	66.99	19.11	-47.4	15	4
Plug	9.18	30.08	29.38	-83.45	18	0
Sensor	11.95	45.12	34.39	-47.01	60	1
Plug	10.82	93.31	33.2	-67.7	13	0
Camera	14.61	78.22	25.1	-68.98	4	2
Camera	7.87	63.52	48.85	-48.24	53	2
Speaker	14.47	44.55	43.18	-56.23	13	3
Plug	14.14	102.97	15.47	-67.72	39	0
Camera	10.97	51.06	43.93	-55.21	52	2
Camera	12.65	36.31	54.5	-46.76	37	2
Camera	8.0	43.75	27.3	-56.47	16	2
Plug	15.57	48.98	49.19	-77.38	16	0
Camera	12.98	83.05	42.15	-52.17	34	2
Camera	14.96	56.03	49.58	-56.4	5	2
Camera	7.95	70.64	43.0	-67.43	43	2
Camera	13.3	45.17	47.86	-56.68	10	2
Plug	14.16	44.45	44.56	-60.06	58	0
Plug	8.14	52.88	15.8	-63.74	47	0
Sensor	10.68	28.46	32.69	-50.77	17	1
Sensor	7.28	109.0	30.34	-54.25	36	1
Light	11.96	82.23	45.71	-64.85	35	4
Plug	12.56	76.75	40.76	-34.1	31	0
Sensor	5.86	80.55	37.34	-50.97	17	1
Light	7.28	43.2	58.77	-55.98	44	4
Camera	20.18	99.84	27.52	-52.42	4	2
Camera	12.5	26.97	36.32	-64.19	48	2
Camera	16.34	54.85	42.76	-51.98	54	2
Sensor	4.65	50.88	37.4	-80.94	25	1
Light	10.78	75.35	21.33	-54.37	52	4
Camera	2.92	53.61	34.4	-56.51	16	2
Camera	14.93	39.09	35.57	-63.84	5	2
Camera	8.82	64.18	22.94	-80.03	49	2
Sensor	19.38	93.34	35.8	-72.98	22	1
Light	8.29	73.87	44.78	-35.09	2	4
Camera	3.96	72.97	35.48	-78.47	5	2
Plug	14.21	28.54	45.16	-62.07	6	0
Speaker	14.33	31.98	26.39	-52.45	59	3
Speaker	16.69	79.7	27.85	-45.52	6	3
Plug	14.13	74.26	30.85	-51.23	52	0
Sensor	20.09	38.47	39.01	-67.28	22	1
Speaker	17.2	60.29	39.64	-49.51	17	3
Plug	9.82	36.63	43.18	-47.03	60	0
Camera	8.96	60.74	28.97	-66.69	50	2
Camera	17.14	62.4	35.4	-64.42	36	2
Camera	13.48	35.06	47.18	-53.49	20	2
Sensor	13.96	50.79	36.73	-59.3	41	1
Camera	17.57	62.57	39.4	-90.0	11	2
Light	11.28	20.78	42.28	-56.55	54	4
Light	9.36	44.84	48.77	-62.08	33	4
Camera	17.43	61.36	40.33	-52.23	41	2
Plug	7.27	41.52	36.81	-70.05	34	0
Plug	9.6	62.07	37.07	-44.63	56	0
Light	5.75	28.58	47.55	-41.57	56	4
Camera	18.84	54.33	59.49	-76.6	41	2
Camera	10.49	70.51	39.27	-53.5	12	2
Light	14.19	25.49	57.54	-51.57	43	4
Speaker	18.15	33.08	56.0	-61.32	44	3
Plug	8.25	71.99	39.64	-67.62	42	0
Light	9.23	60.72	43.09	-65.42	24	4
Plug	9.45	5.0	29.31	-51.21	57	0
Speaker	17.76	75.84	49.12	-56.49	26	3
Speaker	9.36	64.26	37.17	-71.04	18	3
Speaker	11.42	68.62	42.09	-46.72	47	3
Camera	12.7	36.36	44.52	-67.43	10	2
Light	8.24	38.65	35.23	-69.99	42	4
Plug	13.11	68.78	43.17	-68.47	18	0
Light	16.87	40.59	43.21	-57.49	20	4
Speaker	11.96	56.94	25.56	-65.6	49	3
Camera	16.44	26.84	52.83	-64.97	45	2
Sensor	17.54	62.35	36.87	-40.09	23	1
Camera	13.43	82.53	42.4	-64.73	48	2
Sensor	10.25	36.79	24.32	-50.62	29	1
Camera	12.42	66.76	43.84	-55.56	52	2
Plug	19.08	40.49	42.55	-61.99	40	0
Camera	13.88	98.84	31.89	-31.87	46	2
Camera	4.62	59.91	41.91	-61.27	51	2
Sensor	11.15	71.41	48.64	-47.69	49	1
Speaker	11.44	61.7	33.29	-57.24	39	3
Light	4.95	84.34	64.61	-45.11	24	4
Sensor	10.78	63.19	45.33	-43.88	35	1
Camera	11.96	64.65	35.46	-55.23	5	2
Camera	15.52	82.74	40.92	-72.47	48	2
Camera	12.3	45.33	55.61	-51.68	8	2
Sensor	10.69	37.35	39.94	-65.94	16	1
Plug	13.33	54.23	33.31	-39.85	12	0
Camera	15.13	54.27	43.01	-54.78	47	2
Plug	8.35	81.34	47.85	-89.91	47	0
Camera	8.23	17.52	24.9	-55.68	58	2
Speaker	8.96	62.19	50.4	-47.59	53	3
Light	13.42	96.35	30.67	-60.25	57	4
Speaker	12.54	63.29	46.78	-67.67	42	3
Plug	15.52	99.68	48.04	-35.9	7	0
Camera	9.2	55.11	40.99	-67.41	30	2
Sensor	15.07	36.62	43.56	-83.11	24	1
Plug	16.12	54.825	42.43	-60.36	26	0
Light	11.96	101.2	28.17	-66.62	25	4
Speaker	14.45	31.84	33.54	-37.9	42	3
Sensor	6.5	17.53	48.45	-57.27	1	1
Plug	11.24	72.73	40.8	-50.82	54	0
Light	8.71	5.0	43.9	-46.92	52	4
Sensor	9.46	37.49	34.44	-75.22	13	1
Camera	14.91	20.06	50.06	-52.45	50	2
Plug	6.28	56.38	23.23	-45.26	36	0
Plug	8.75	47.13	42.92	-54.01	19	0
Plug	12.85	5.0	34.7	-47.23	23	0
Sensor	16.16	50.86	59.47	-72.95	2	1
Plug	7.65	50.86	49.08	-64.29	42	0
Plug	11.0	64.35	44.25	-69.16	4	0
Speaker	16.05	21.12	34.67	-80.53	37	3
Light	14.12	69.19	38.78	-40.37	5	4
Camera	11.41	83.86	21.63	-75.29	21	2
Speaker	10.19	71.42	29.38	-62.63	7	3
Sensor	7.52	32.17	39.23	-59.01	49	1
Plug	12.18	80.47	35.98	-60.76	14	0
Sensor	7.87	90.04	40.9	-49.47	9	1
Light	12.43	54.825	38.26	-50.15	16	4
Speaker	11.32	39.33	40.65	-47.71	22	3
Camera	13.1	97.24	31.94	-70.77	21	2
Camera	12.62	43.92	37.33	-67.94	47	2
Camera	9.63	60.54	26.03	-67.88	47	2
Camera	13.28	73.35	30.11	-35.52	30	2
Light	14.68	89.61	37.45	-53.66	28	4
Camera	9.62	20.91	37.14	-73.92	21	2
Light	15.52	53.78	42.75	-50.94	14	4
Light	13.42	71.58	53.12	-71.83	22	4
Speaker	17.82	60.77	23.42	-57.73	32	3
Camera	16.98	41.73	41.81	-61.12	24	2
Plug	6.47	72.91	48.89	-71.3	44	0
Light	15.95	34.98	57.85	-49.99	60	4
Light	10.41	37.18	33.69	-61.66	49	4
Sensor	8.35	38.76	40.93	-56.97	27	1
Plug	13.63	62.57	22.67	-53.87	58	0
Sensor	10.47	61.73	46.37	-49.38	34	1
Speaker	11.96	52.57	27.4	-80.53	6	3
Light	6.16	79.41	35.93	-34.79	6	4
Plug	6.75	59.52	47.78	-47.35	32	0
Camera	15.26	60.51	29.5	-39.62	36	2
Camera	11.96	29.04	24.6	-64.4	42	2
Light	11.38	60.8	33.01	-45.46	4	4
Sensor	17.43	54.62	41.98	-40.84	50	1
Light	8.48	86.07	37.68	-75.75	19	4
Plug	13.1	80.22	48.24	-63.32	5	0
Camera	6.18	47.1	35.31	-57.95	48	2
Camera	11.98	8.52	41.06	-50.3	55	2
Sensor	11.44	20.73	26.41	-55.57	43	1
Plug	13.47	77.4	21.56	-40.49	40	0
Camera	8.86	48.43	47.95	-57.09	42	2
Camera	15.56	54.46	37.62	-55.98	4	2
Camera	5.79	40.77	27.33	-64.76	60	2
Plug	8.14	67.93	36.48	-59.67	27	0
Light	11.25	102.59	40.88	-78.05	58	4
Plug	15.64	98.84	41.77	-64.86	38	0
Camera	14.95	52.71	37.16	-63.53	9	2
Camera	14.39	32.71	31.36	-63.85	39	2
Speaker	15.97	32.84	26.2	-63.86	28	3
Camera	15.76	29.41	26.83	-48.19	58	2
Light	5.55	80.8	38.08	-54.69	45	4
Speaker	11.44	70.5	47.07	-58.07	35	3
Light	12.38	78.14	25.88	-61.81	19	4
Plug	23.47	53.65	35.43	-61.91	6	0
Plug	11.66	100.37	38.78	-45.95	56	0
Speaker	11.85	63.91	27.06	-52.58	52	3
Camera	11.63	67.96	63.3	-48.67	36	2
Camera	17.46	67.56	40.56	-57.81	31	2
Light	10.86	94.97	47.35	-73.39	51	4
Sensor	11.96	11.84	30.99	-48.41	45	1
Plug	9.77	54.825	38.25	-54.58	45	0
Light	9.33	68.73	30.6	-74.35	53	4
Plug	8.85	83.42	31.67	-60.41	5	0
Plug	11.96	82.85	44.74	-49.19	53	0
Light	12.06	68.47	46.66	-59.27	29	4
Camera	19.5	29.48	34.06	-54.26	40	2
Light	7.7	55.91	48.95	-63.85	35	4
Camera	5.0	60.43	18.74	-49.6	24	2
Speaker	5.72	57.81	29.68	-63.73	30	3
Speaker	11.58	29.44	39.8	-57.65	55	3
Plug	17.57	40.13	41.19	-74.88	32	0
Speaker	15.57	54.56	25.79	-40.13	29	3
Camera	17.13	89.47	31.68	-47.05	4	2
Camera	3.89	47.06	48.91	-58.75	9	2
Light	17.25	104.97	14.79	-47.17	1	4
Speaker	3.9	54.12	52.97	-65.04	27	3
Light	13.32	74.49	36.07	-58.03	58	4
Camera	11.19	76.31	49.33	-53.62	24	2
Plug	9.2	93.35	28.94	-58.94	11	0
Light	9.81	44.68	42.25	-69.06	48	4
Speaker	8.98	58.81	32.5	-59.96	34	3
Light	9.14	72.2	32.88	-56.92	21	4
Speaker	10.29	56.73	50.44	-71.99	58	3
Light	15.66	41.04	38.36	-60.35	3	4
Camera	11.32	71.69	39.6	-41.38	12	2
Plug	4.88	43.11	44.14	-59.29	52	0
Plug	20.55	62.13	37.58	-54.1	25	0
Sensor	4.81	33.86	24.41	-64.07	1	1
Light	11.79	92.64	36.86	-59.91	27	4
Light	10.19	55.36	50.42	-48.58	30	4
Speaker	13.23	83.54	35.14	-51.21	52	3
Plug	14.77	56.76	44.86	-63.97	7	0
Speaker	15.92	61.0	34.44	-57.18	57	3
Light	15.03	21.25	35.48	-41.78	16	4
Light	9.87	33.43	27.13	-50.17	12	4
Camera	4.81	65.8	47.61	-50.77	25	2
Speaker	7.08	54.77	40.36	-57.6	12	3
Speaker	15.35	35.3	29.4	-52.04	42	3
Speaker	16.37	72.36	53.08	-43.42	15	3
Light	8.51	20.96	23.62	-51.67	31	4
Speaker	19.17	42.19	34.61	-45.58	16	3
Sensor	21.25	64.95	33.89	-49.53	29	1
Sensor	11.96	73.12	29.23	-71.91	7	1
Plug	10.2	59.18	38.97	-51.17	36	0
Plug	14.17	45.02	48.19	-53.67	55	0
Plug	16.82	42.9	28.27	-64.05	60	0
Speaker	10.93	34.91	38.57	-65.78	51	3
Sensor	14.98	55.52	33.5	-65.85	57	1
Camera	11.86	99.67	33.38	-49.09	28	2
Plug	14.47	36.51	52.61	-70.44	1	0
Plug	14.03	32.52	31.02	-58.06	26	0
Sensor	8.91	67.47	26.58	-40.37	34	1
Speaker	16.17	15.41	31.11	-58.72	53	3
Plug	11.34	39.69	25.15	-40.77	28	0
Camera	15.96	61.14	48.17	-50.3	2	2
Light	13.54	105.1	32.99	-56.71	33	4
Sensor	10.77	69.81	30.47	-62.25	30	1
Light	17.8	70.99	42.35	-71.13	29	4
Light	12.62	47.76	51.77	-42.05	2	4
Light	12.89	74.15	25.9	-48.11	3	4
Camera	13.88	74.4	30.69	-55.73	58	2
Light	15.31	54.62	33.99	-77.02	15	4
Speaker	7.74	67.24	46.95	-75.89	10	3
Camera	10.89	35.43	37.7	-64.66	6	2
Speaker	14.64	61.05	21.72	-71.84	14	3
Light	11.66	48.3	44.27	-47.05	49	4
Light	10.17	62.49	49.04	-55.95	32	4
Plug	9.58	68.04	30.52	-55.7	20	0
Sensor	11.94	37.34	31.21	-75.8	11	1
Light	18.57	48.58	51.02	-50.6	35	4
Sensor	12.65	93.4	27.38	-51.44	36	1
Sensor	11.87	32.82	46.69	-65.21	54	1
Speaker	11.61	43.79	31.76	-49.1	17	3
Camera	8.84	44.04	41.81	-43.83	8	2
Plug	16.76	50.0	22.66	-41.31	35	0
Camera	13.1	74.46	37.48	-31.67	58	2
Sensor	13.06	5.0	45.02	-54.12	36	1
Light	12.08	67.81	32.94	-78.86	45	4
Speaker	10.97	61.08	56.73	-56.1	27	3
Light	14.33	54.825	40.36	-60.72	39	4
Sensor	9.82	64.39	31.0	-31.74	9	1
Camera	12.25	81.68	36.04	-57.1	39	2
Camera	15.45	61.08	40.68	-70.52	18	2
Light	9.93	61.24	21.36	-61.73	36	4
Plug	14.62	42.92	44.76	-60.68	40	0
Camera	13.71	55.52	37.44	-63.21	3	2
Speaker	13.52	74.0	24.34	-44.49	13	3
Speaker	14.85	47.75	48.22	-68.75	29	3
Light	12.88	71.19	32.5	-66.59	55	4
Speaker	11.58	65.57	25.35	-41.4	50	3
Speaker	14.81	33.53	40.02	-63.32	6	3
Plug	8.16	62.35	38.01	-71.87	9	0
Speaker	12.42	35.29	40.04	-51.27	45	3
Sensor	10.11	34.05	31.13	-73.76	44	1
Light	7.64	50.8	47.85	-63.87	40	4
Plug	14.39	54.46	33.16	-64.73	38	0
Plug	13.36	29.68	36.87	-60.21	19	0
Light	12.11	23.51	42.77	-63.51	42	4
Camera	9.22	24.27	40.16	-44.34	30	2
Plug	2.32	75.56	35.5	-65.19	50	0
Camera	21.02	62.94	31.13	-62.91	18	2
Camera	9.49	78.79	38.58	-55.79	6	2
Plug	13.18	45.24	35.34	-55.93	59	0
Plug	16.6	58.07	47.37	-55.02	9	0
Light	7.96	81.15	24.19	-49.88	3	4
Camera	14.52	41.38	43.89	-51.97	35	2
Light	10.27	45.99	31.86	-54.68	25	4
Plug	12.42	101.43	45.92	-50.09	32	0
Camera	11.76	46.02	43.89	-56.52	22	2
Plug	11.29	77.75	36.4	-60.63	11	0
Light	11.34	54.825	37.04	-54.74	19	4
Sensor	15.77	57.28	35.83	-64.83	46	1
Speaker	13.92	58.7	36.12	-59.41	40	3
Speaker	13.26	58.55	38.51	-55.81	39	3
Plug	20.96	64.53	41.53	-62.79	28	0
Camera	15.2	40.93	37.92	-30.69	13	2
Camera	13.05	62.49	32.71	-76.73	4	2
Light	13.78	63.02	32.15	-66.91	54	4
Camera	21.51	59.19	40.48	-73.58	15	2
Sensor	6.97	27.96	40.42	-33.38	29	1
Speaker	14.2	40.28	55.22	-56.51	8	3
Speaker	11.44	54.825	48.43	-55.33	28	3
Camera	16.37	46.27	46.31	-52.76	7	2
Camera	12.42	57.25	45.2	-58.34	15	2
Camera	8.48	31.01	41.24	-42.89	45	2
Camera	11.22	65.81	36.62	-60.5	7	2
Light	7.7	50.78	44.76	-49.81	3	4
Speaker	11.96	70.88	30.33	-53.31	33	3
Camera	3.26	40.64	41.24	-58.77	57	2
Light	13.29	79.03	20.1	-61.08	1	4
Camera	7.52	30.34	42.8	-55.13	2	2
Sensor	17.53	68.66	34.76	-40.54	32	1
Camera	19.67	59.67	46.3	-61.86	57	2
Sensor	5.76	71.17	27.92	-66.03	3	1
Sensor	3.16	70.55	42.65	-57.15	31	1
Plug	9.96	45.37	41.34	-59.01	28	0
Plug	11.96	51.11	35.73	-35.42	43	0
Camera	19.89	73.56	50.35	-54.04	3	2
Camera	13.35	42.67	29.11	-64.08	27	2
Camera	7.99	49.0	48.22	-64.54	4	2
Speaker	12.2	83.63	30.22	-66.03	56	3
Light	9.81	47.83	28.74	-55.99	55	4
Camera	9.54	48.88	36.02	-61.53	51	2
Plug	10.19	58.72	34.56	-46.63	22	0
Plug	11.88	70.37	36.66	-48.56	36	0
Speaker	13.63	39.37	44.17	-55.96	15	3
Light	13.7	108.64	36.35	-70.89	54	4
Camera	11.98	6.98	38.25	-81.99	52	2
Camera	15.62	54.82	36.81	-64.43	39	2
Plug	11.09	42.98	38.44	-49.92	23	0
Plug	16.68	60.13	57.22	-67.24	2	0
Plug	15.21	80.32	40.12	-65.85	24	0
Plug	10.49	35.76	47.78	-71.51	38	0
Plug	10.63	70.62	55.33	-37.5	5	0
Sensor	9.12	59.39	34.61	-68.59	31	1
Light	16.24	40.92	47.0	-51.16	56	4
Speaker	14.36	52.6	48.42	-56.63	42	3
Camera	10.43	57.41	41.27	-50.48	27	2
Speaker	9.66	27.65	39.7	-76.12	16	3
Sensor	17.81	53.67	54.09	-77.13	51	1
Camera	13.28	66.28	41.51	-53.77	39	2
Plug	11.29	24.45	32.13	-48.27	28	0
Camera	4.14	29.72	51.14	-63.27	15	2
Plug	10.65	82.27	48.67	-52.3	43	0
Sensor	13.57	50.27	43.46	-61.15	51	1
Light	11.7	11.88	42.02	-58.6	60	4
Light	7.05	68.65	38.82	-71.61	6	4
Light	8.8	46.44	39.73	-69.05	53	4
Plug	7.63	84.23	29.31	-62.95	10	0
Camera	13.5	49.33	33.84	-67.55	37	2
Camera	6.15	105.55	26.12	-69.0	13	2
Light	13.08	55.19	48.1	-64.77	46	4
Camera	9.74	73.97	35.17	-59.5	44	2
Camera	8.97	58.68	39.21	-30.56	46	2
Plug	10.83	34.47	35.37	-74.0	36	0
Plug	8.81	54.825	28.51	-47.23	46	0
Plug	9.0	36.99	45.23	-37.07	41	0
Plug	13.91	53.24	34.76	-72.68	50	0
Plug	12.04	31.51	29.44	-89.77	51	0
Plug	7.12	65.03	58.51	-64.61	3	0
Camera	9.9	44.82	36.02	-44.83	50	2
Camera	13.77	5.97	17.08	-55.22	54	2
Light	13.01	73.61	35.63	-59.5	26	4
Light	7.09	68.79	20.43	-47.64	56	4
Speaker	19.38	67.15	24.92	-68.55	2	3
Speaker	10.6	67.27	35.37	-41.59	3	3
Sensor	11.42	57.48	22.95	-67.82	21	1
Sensor	10.84	52.25	30.77	-42.29	12	1
Sensor	11.51	52.8	34.83	-64.52	23	1
Light	11.99	24.11	41.99	-66.67	53	4
Sensor	15.83	51.11	28.4	-57.07	6	1
Plug	11.68	60.23	30.69	-84.44	29	0
Speaker	14.86	80.17	29.86	-43.05	33	3
Sensor	11.96	64.5	40.12	-63.32	54	1
Camera	10.74	100.32	37.94	-47.2	4	2
Plug	7.26	31.67	43.62	-80.36	22	0
Light	17.62	5.0	42.35	-44.98	23	4
Camera	17.31	29.31	27.32	-61.2	40	2
Camera	12.8	102.79	41.56	-78.63	28	2
Speaker	5.47	58.43	33.75	-48.55	30	3
Light	17.22	52.86	19.93	-46.98	36	4
Sensor	8.72	38.23	37.15	-64.9	24	1
Plug	9.52	37.84	41.42	-45.13	23	0
Plug	11.02	40.2	33.21	-65.17	11	0
Light	7.34	55.64	38.65	-68.48	22	4
Plug	11.96	45.8	37.05	-80.34	39	0
Sensor	8.64	36.2	39.13	-51.66	26	1
Light	11.01	49.19	40.41	-65.58	48	4
Camera	13.02	30.34	45.64	-57.17	54	2
Camera	16.98	80.25	37.66	-68.88	17	2
Camera	16.26	38.01	33.69	-90.0	25	2
Sensor	22.28	103.76	36.99	-77.83	44	1
Light	10.86	67.47	47.77	-62.71	3	4
Light	14.13	40.49	23.88	-35.79	20	4
Camera	8.03	43.95	54.28	-46.61	18	2
Sensor	19.63	39.49	37.9	-52.08	31	1
Plug	12.38	29.26	30.69	-73.88	6	0
Light	10.57	22.57	45.38	-62.32	53	4
Speaker	17.19	54.825	35.3	-42.92	54	3
Sensor	6.54	46.29	42.95	-66.04	20	1
Sensor	11.71	92.46	53.46	-60.65	59	1
Plug	14.48	91.01	33.88	-61.33	29	0
Sensor	16.14	53.07	40.54	-50.87	9	1
Light	6.08	90.7	28.48	-53.35	54	4
Light	12.36	54.825	30.52	-50.95	40	4
Camera	7.96	70.78	50.17	-53.81	39	2
Camera	11.94	70.22	30.89	-64.26	48	2
Light	11.69	53.16	42.84	-33.36	36	4
Camera	10.51	55.98	15.92	-54.47	48	2
Plug	13.79	56.43	36.47	-44.79	23	0
Plug	16.68	55.72	47.91	-36.02	3	0
Sensor	9.5	11.03	32.32	-74.82	58	1
Plug	15.17	21.83	43.19	-72.43	44	0
Speaker	16.8	58.66	40.24	-79.94	32	3
Sensor	12.17	42.89	38.07	-51.3	9	1
Sensor	4.03	52.49	20.29	-59.77	52	1
Light	8.66	77.19	51.61	-53.44	47	4
Plug	14.38	31.94	40.37	-76.85	51	0
Speaker	9.85	82.21	38.64	-61.1	11	3
Speaker	11.25	54.39	39.41	-80.53	18	3
Plug	16.36	30.57	50.85	-55.94	51	0
Plug	16.13	54.1	47.59	-74.9	30	0
Plug	11.72	74.94	26.97	-73.61	4	0
Light	10.55	51.07	42.49	-63.37	17	4
Light	12.69	16.66	32.01	-83.33	41	4
Plug	18.21	29.46	28.29	-55.29	20	0
Camera	10.03	54.26	32.28	-49.83	50	2
Light	14.95	70.78	32.38	-68.05	20	4
Camera	14.91	103.93	43.32	-62.32	37	2
Sensor	15.71	50.45	34.66	-78.38	21	1
Light	14.73	84.03	33.81	-64.39	10	4
Sensor	14.98	17.59	30.01	-55.77	20	1
Sensor	17.35	72.75	37.35	-41.92	24	1
Plug	8.59	71.93	38.41	-25.0	18	0
Light	9.32	30.38	44.13	-61.4	33	4
Plug	15.3	54.18	21.87	-74.24	44	0
Camera	18.69	41.43	39.73	-56.28	3	2
Plug	11.29	43.73	61.99	-56.63	48	0
Plug	6.78	63.56	24.94	-45.6	57	0
Light	7.44	72.65	46.86	-66.32	16	4
Camera	12.22	38.51	48.61	-55.07	1	2
Camera	9.51	37.61	47.77	-35.03	1	2
Plug	10.68	30.0	37.3	-70.09	33	0
Light	15.5	78.93	32.27	-77.72	41	4
Light	14.87	54.65	50.27	-65.47	21	4
Plug	11.41	79.56	51.62	-55.01	24	0
Sensor	13.51	48.57	45.27	-49.8	48	1
Light	11.83	86.46	15.65	-48.66	35	4
Plug	10.42	39.13	15.21	-49.08	18	0
Plug	19.32	92.26	8.0	-58.98	48	0
Light	6.47	75.44	51.61	-42.91	27	4
Camera	6.24	50.47	24.96	-60.58	57	2
Sensor	9.54	82.92	45.62	-51.26	29	1
Plug	6.59	47.35	40.18	-62.25	8	0
Plug	10.93	83.55	29.32	-78.6	20	0
Camera	20.02	87.87	38.51	-75.5	9	2
Speaker	15.4	62.97	29.9	-42.59	49	3
Sensor	15.38	18.16	48.33	-78.71	10	1
Sensor	12.78	61.85	35.42	-44.06	56	1
Speaker	5.63	64.94	31.42	-71.22	57	3
Light	4.01	41.13	34.75	-50.72	39	4
Light	15.79	49.02	32.53	-60.41	38	4
Sensor	9.86	27.46	36.0	-59.73	57	1
Speaker	10.1	57.75	41.97	-59.71	57	3
Plug	11.67	82.35	40.35	-59.1	29	0
Sensor	6.45	5.0	33.89	-55.86	24	1
Plug	10.16	53.39	60.03	-48.94	18	0
Camera	8.04	73.15	27.26	-62.33	4	2
Camera	14.97	59.15	55.48	-65.86	48	2
Speaker	16.92	63.63	35.67	-79.42	26	3
Sensor	18.31	89.61	29.41	-42.31	9	1
Sensor	11.24	47.71	34.56	-58.42	16	1
Light	9.97	34.89	42.27	-74.47	29	4
Plug	19.25	55.91	32.39	-72.36	41	0
Plug	15.37	39.98	33.01	-65.82	13	0
Speaker	13.39	57.27	44.68	-72.75	12	3
Light	14.88	69.24	47.96	-55.46	36	4
Sensor	10.93	57.18	39.24	-39.79	5	1
Light	13.63	69.45	35.45	-61.41	4	4
Light	22.49	17.68	28.34	-45.86	15	4
Speaker	18.93	60.72	30.26	-58.08	30	3
Sensor	12.08	70.43	36.32	-70.35	12	1
Camera	13.74	68.43	50.55	-55.84	6	2
Plug	10.89	97.82	44.44	-43.93	37	0
Sensor	11.69	25.29	34.6	-75.81	29	1
Speaker	12.95	44.35	48.9	-72.84	14	3
Plug	10.91	19.09	41.39	-40.61	7	0
Light	17.05	82.19	47.44	-48.58	37	4
Light	11.39	75.77	26.67	-65.15	16	4
Light	11.06	71.34	41.88	-46.64	17	4
Light	8.51	81.79	31.05	-46.65	17	4
Light	11.77	99.81	46.52	-32.39	40	4
Speaker	6.1	128.1	26.12	-62.35	16	3
Sensor	8.3	53.75	52.46	-56.01	18	1
Sensor	19.34	54.18	41.59	-54.41	51	1
Light	11.76	38.36	47.39	-50.07	54	4
Plug	13.74	47.13	38.12	-64.12	55	0
Light	12.74	60.63	47.63	-75.51	43	4
Light	7.34	38.77	37.12	-69.3	7	4
Camera	9.44	53.65	36.99	-62.81	54	2
Light	10.41	71.22	50.89	-56.5	35	4
Speaker	7.22	81.47	49.43	-57.73	19	3
Camera	12.35	43.07	38.91	-55.72	4	2
Plug	8.83	46.78	35.3	-57.66	25	0
Plug	12.31	88.93	35.59	-46.07	38	0
Light	15.21	51.35	43.0	-41.37	16	4
Light	14.94	39.33	36.88	-66.16	33	4
Light	13.81	53.06	41.91	-32.98	42	4
Light	7.79	37.73	33.65	-60.63	51	4
Light	6.16	42.1	44.67	-49.36	56	4
Light	11.69	84.21	45.52	-71.25	40	4
Camera	12.57	47.78	35.25	-44.32	30	2
Speaker	13.33	25.09	46.42	-61.23	30	3
Sensor	6.17	44.42	31.43	-59.33	57	1
Camera	16.94	63.52	37.24	-79.03	19	2
Sensor	16.07	59.34	34.01	-60.57	18	1
Light	7.96	81.53	50.37	-27.76	12	4
Camera	12.07	58.94	42.9	-65.87	48	2
Light	10.28	64.85	49.22	-71.4	41	4
Sensor	8.17	76.42	47.77	-76.27	7	1
Light	12.07	64.9	47.33	-77.69	10	4
Plug	10.77	78.6	38.65	-53.67	29	0
Plug	13.43	40.51	29.8	-65.96	22	0
Camera	15.39	46.67	47.21	-64.42	10	2
Plug	18.66	52.38	24.12	-57.69	44	0
Plug	11.66	30.57	39.84	-57.22	4	0
Camera	13.87	92.65	36.09	-63.13	42	2
Sensor	10.2	54.87	35.36	-65.63	53	1
Light	23.63	56.67	23.3	-51.99	37	4
Plug	11.24	101.46	48.06	-61.89	16	0
Camera	14.34	47.1	21.12	-46.9	22	2
Camera	16.75	57.18	52.84	-49.5	5	2
Plug	13.76	56.55	35.99	-44.77	37	0
Camera	12.44	30.02	44.29	-74.68	44	2
Speaker	3.62	103.59	31.62	-61.03	60	3
Plug	14.36	37.48	37.86	-56.05	53	0
Camera	10.92	61.99	30.08	-65.73	22	2
Plug	6.38	35.8	40.54	-69.12	49	0
Camera	15.79	39.31	38.17	-66.12	18	2
Light	11.06	48.72	52.26	-49.11	28	4
Plug	17.09	60.27	42.33	-73.67	20	0
Sensor	6.38	58.68	29.42	-44.14	8	1
Plug	14.45	79.25	36.12	-75.96	34	0
Sensor	10.97	94.34	32.95	-61.17	2	1
Light	12.53	67.28	30.12	-55.59	4	4
Plug	6.89	40.2	35.28	-65.0	6	0
Sensor	12.49	58.81	37.37	-54.12	32	1
Plug	12.91	43.72	42.64	-54.47	7	0
Speaker	8.43	54.825	58.43	-70.1	10	3
Light	10.58	57.73	50.3	-44.19	60	4
Light	15.5	7.64	42.54	-53.79	47	4
Speaker	11.96	65.51	44.0	-39.42	6	3
Plug	9.12	62.59	41.35	-48.65	9	0
Speaker	11.64	77.55	37.93	-50.36	41	3
Light	13.72	5.0	50.21	-80.08	37	4
Camera	10.64	9.12	28.29	-48.13	18	2
Light	13.1	34.09	44.0	-55.13	37	4
Plug	6.22	78.15	59.55	-64.43	41	0
Light	10.36	79.64	35.83	-52.75	18	4
Plug	18.74	26.74	30.35	-41.08	53	0
Camera	14.16	63.3	34.67	-55.47	4	2
Camera	7.83	101.91	42.86	-56.28	7	2
Camera	8.81	45.58	28.43	-64.1	9	2
Speaker	11.38	27.14	21.37	-56.63	53	3
Camera	14.8	54.63	31.15	-62.93	48	2
Plug	15.21	71.7	15.96	-64.78	7	0
Light	15.37	84.17	21.56	-63.07	51	4
Speaker	9.88	51.31	46.21	-54.17	54	3
Light	10.88	68.16	30.7	-82.75	58	4
Speaker	14.76	64.69	44.88	-66.1	39	3
Sensor	15.69	15.83	36.77	-61.55	37	1
Speaker	7.63	75.38	35.95	-47.27	15	3
Plug	12.98	39.76	37.74	-73.44	46	0
Plug	17.25	50.27	24.0	-56.7	52	0
Plug	8.92	40.58	36.72	-61.97	28	0
Plug	11.66	51.33	31.13	-62.95	8	0
Camera	11.14	62.82	45.09	-44.27	8	2
Plug	8.97	34.12	36.82	-64.65	53	0
Speaker	12.0	47.73	29.04	-30.3	35	3
Speaker	8.43	38.76	52.76	-37.73	58	3
Light	6.33	70.83	36.91	-50.02	19	4
Plug	10.71	88.54	28.11	-46.82	4	0
Light	17.25	27.43	24.94	-53.8	48	4
Sensor	16.84	17.59	52.34	-60.8	35	1
Camera	13.09	29.08	42.7	-57.09	20	2
Camera	12.92	46.01	27.56	-42.54	46	2
Speaker	10.71	31.76	40.29	-53.89	20	3
Camera	10.64	57.97	29.61	-60.41	10	2
Speaker	12.12	47.38	33.21	-46.46	48	3
Light	7.28	26.99	34.25	-58.09	1	4
Speaker	10.87	15.8	43.93	-51.43	21	3
Light	12.57	54.825	36.76	-41.45	53	4
Plug	13.61	77.68	48.37	-66.24	5	0
Speaker	11.62	33.58	24.45	-47.29	52	3
Sensor	13.3	64.07	32.12	-43.17	49	1
Speaker	7.12	73.68	47.65	-50.7	49	3
Camera	9.7	46.31	31.07	-66.21	12	2
Sensor	15.42	38.37	42.81	-62.9	19	1
Plug	4.39	54.21	29.13	-82.41	24	0
Speaker	11.13	52.71	30.84	-51.69	3	3
Sensor	11.48	37.02	40.01	-35.99	30	1
Light	8.82	76.7	32.52	-68.63	34	4
Light	7.98	55.94	44.18	-66.0	51	4
Camera	16.36	40.49	52.34	-65.44	6	2
Plug	11.32	68.0	29.44	-62.79	40	0
Speaker	15.25	77.0	27.15	-55.33	60	3
Sensor	17.6	100.27	51.13	-61.23	15	1
Sensor	6.98	51.24	44.08	-56.88	5	1
Light	5.88	74.17	39.33	-51.01	6	4
Sensor	8.8	53.08	30.66	-45.16	35	1
Light	16.25	13.69	47.7	-32.69	51	4
Camera	11.62	116.09	29.79	-38.01	10	2
Speaker	7.8	56.77	28.39	-61.97	27	3
Camera	16.07	40.23	38.29	-59.53	39	2
Camera	11.81	18.77	46.1	-74.42	11	2
Light	12.86	49.57	41.45	-59.27	25	4
Plug	13.03	73.67	32.32	-52.24	16	0
Light	13.07	46.36	28.55	-53.12	31	4
Camera	11.96	8.03	39.58	-81.82	41	2
Light	11.49	62.14	31.24	-71.41	56	4
Light	12.84	22.83	35.92	-55.96	4	4
Speaker	12.37	45.0	38.17	-41.69	51	3
Sensor	17.19	44.84	40.08	-57.63	45	1
Speaker	13.95	103.56	42.87	-65.48	60	3
Light	12.98	50.24	41.25	-64.78	25	4
Sensor	19.42	40.31	46.06	-62.18	55	1
Light	10.26	60.43	35.7	-53.35	8	4
Camera	15.95	47.04	38.33	-71.49	48	2
Plug	10.3	19.16	19.45	-43.84	50	0
Sensor	10.09	76.28	41.95	-44.4	10	1
Speaker	15.45	76.1	46.91	-44.85	45	3
Plug	11.59	60.86	40.38	-55.89	23	0
Plug	21.85	25.87	20.2	-48.33	46	0
Camera	12.39	37.05	42.53	-61.33	36	2
Light	10.48	44.6	37.56	-54.1	29	4
Light	12.01	43.91	37.97	-25.0	12	4
Plug	12.66	57.22	46.78	-58.24	30	0
Plug	1.59	46.93	14.58	-53.16	34	0
Light	13.75	35.56	50.97	-60.0	46	4
Camera	7.92	89.21	30.42	-60.39	42	2
Camera	11.81	52.32	32.68	-55.76	46	2
Light	12.65	41.4	30.55	-70.82	34	4
Plug	11.61	95.56	48.51	-54.87	48	0
Plug	15.23	89.71	42.83	-70.9	57	0
Sensor	13.57	16.71	37.82	-48.48	19	1
Sensor	16.11	53.11	33.14	-47.53	50	1
Light	12.38	42.65	49.77	-51.9	33	4
Plug	10.16	83.67	31.14	-70.25	39	0
Speaker	15.95	44.54	21.03	-60.85	43	3
Camera	15.08	74.03	43.28	-76.54	44	2
Sensor	16.15	54.84	58.7	-46.31	18	1
Light	13.45	38.63	55.59	-64.33	28	4
Plug	5.19	59.52	52.8	-75.21	22	0
Plug	11.44	69.86	20.31	-60.55	20	0
Camera	13.48	55.34	19.96	-51.62	10	2
Camera	8.44	78.12	23.37	-78.83	4	2
Sensor	18.01	68.23	46.94	-68.68	17	1
Plug	12.7	36.16	21.17	-42.87	46	0
Sensor	10.56	47.97	23.21	-39.22	3	1
Sensor	12.51	64.87	39.15	-58.07	7	1
Plug	9.57	76.28	36.84	-48.0	35	0
Light	9.36	44.6	40.6	-81.14	52	4
Speaker	11.81	57.45	43.22	-35.63	9	3
Sensor	8.1	82.94	48.47	-57.5	44	1
Speaker	10.11	42.11	19.33	-86.98	31	3
Camera	6.58	79.76	38.72	-72.39	49	2
Light	14.7	60.36	43.33	-56.5	59	4
Plug	12.15	46.8	45.91	-25.0	14	0
Sensor	13.17	105.91	28.62	-63.12	13	1
Camera	7.19	50.58	35.37	-65.29	19	2
Light	10.08	42.05	31.65	-71.35	27	4
Light	1.82	42.11	23.25	-56.14	42	4
Plug	7.7	77.35	49.95	-53.46	38	0
Plug	11.85	67.68	30.53	-63.68	18	0
Plug	12.62	84.64	40.96	-70.24	55	0
Sensor	8.23	30.98	49.35	-55.8	16	1
Sensor	12.06	26.54	34.51	-74.83	43	1
Plug	15.36	87.62	48.22	-35.47	45	0
Camera	16.37	42.46	25.26	-62.01	31	2
Plug	9.82	33.3	26.08	-52.56	55	0
Camera	13.26	77.41	34.25	-52.24	15	2
Plug	8.96	72.2	43.58	-44.66	26	0
Light	6.7	43.12	26.32	-53.63	33	4
Light	17.86	13.45	42.79	-76.96	7	4
Light	7.0	32.52	42.37	-61.61	27	4
Speaker	4.73	33.77	29.07	-41.89	45	3
Light	11.96	82.92	45.46	-90.0	4	4
Speaker	10.39	70.96	31.32	-50.55	5	3
Camera	10.18	35.9	37.86	-56.08	6	2
Speaker	7.37	51.25	28.98	-61.51	55	3
Light	14.47	52.87	51.33	-38.46	16	4
Speaker	2.0	72.95	46.32	-69.64	9	3
Speaker	11.99	5.0	49.71	-62.49	14	3
Light	17.37	79.13	44.13	-65.1	60	4
Speaker	12.11	73.06	32.53	-73.01	38	3
Camera	10.2	74.91	46.4	-65.57	55	2
Plug	10.92	70.37	32.68	-39.18	21	0
Camera	11.9	88.7	17.84	-47.4	29	2
Light	14.84	34.51	37.19	-65.9	1	4
Plug	6.9	81.35	33.49	-46.98	32	0
Plug	7.66	85.23	43.78	-48.85	53	0
Sensor	8.24	77.17	26.29	-49.44	40	1
Speaker	7.61	66.08	51.3	-57.59	9	3
Plug	16.9	59.89	32.48	-64.64	49	0
Camera	12.71	39.05	28.11	-70.47	51	2
Light	20.38	54.21	36.26	-51.53	10	4
Camera	11.29	29.71	45.4	-47.68	43	2
Camera	11.1	27.5	34.25	-42.84	38	2
Sensor	7.99	77.86	30.44	-72.67	16	1
Light	9.16	51.21	35.28	-71.19	15	4
Sensor	14.89	64.68	30.72	-58.93	39	1
Speaker	21.54	57.11	23.49	-66.8	59	3
Camera	10.56	54.825	39.56	-45.07	31	2
Plug	8.2	56.24	40.42	-56.38	52	0
Camera	13.47	43.87	43.83	-37.29	23	2
Plug	9.42	76.21	35.01	-34.88	51	0
Light	14.41	62.68	41.68	-62.31	25	4
Speaker	7.84	64.22	47.59	-53.95	22	3
Light	17.89	29.0	36.62	-67.92	5	4
Sensor	13.3	72.31	33.56	-43.2	49	1
Speaker	13.31	33.72	33.11	-63.27	6	3
Camera	10.02	79.25	41.25	-71.89	40	2
Camera	9.1	47.05	35.34	-77.33	51	2
Sensor	3.53	28.27	39.43	-61.85	50	1
Plug	9.97	80.2	38.87	-35.79	56	0
Light	9.14	89.07	49.74	-66.17	42	4
Camera	15.48	36.91	50.75	-42.16	41	2
Plug	14.01	103.07	54.33	-53.15	29	0
Speaker	8.32	73.2	44.85	-57.0	14	3
Speaker	4.35	18.67	37.42	-64.44	26	3
Camera	11.6	32.28	38.73	-49.09	24	2
Plug	16.69	92.3	49.32	-65.54	42	0
Sensor	14.0	45.69	47.25	-75.36	5	1
Speaker	10.75	32.08	22.7	-48.93	8	3
Camera	13.42	24.61	46.07	-58.31	25	2
Light	10.39	29.2	44.78	-75.09	35	4
Light	16.14	69.93	35.74	-56.67	60	4
Speaker	19.35	43.7	31.5	-54.06	14	3
Sensor	14.49	53.1	40.65	-62.69	17	1
Camera	7.67	27.12	43.03	-57.26	39	2
Light	5.36	65.48	49.12	-84.27	15	4
Plug	12.78	49.68	38.81	-71.94	13	0
Sensor	12.44	37.14	36.81	-41.71	30	1
Light	12.76	38.75	47.84	-36.87	23	4
Plug	1.37	58.77	38.52	-40.63	21	0
Plug	11.68	61.03	41.87	-64.39	8	0
Light	10.67	78.8	24.97	-42.69	32	4
Speaker	13.2	75.7	43.05	-50.49	53	3
Light	14.21	8.62	34.68	-38.68	33	4
Camera	10.52	30.91	30.92	-30.26	10	2
Speaker	5.23	54.825	36.47	-50.26	52	3
Sensor	9.19	60.82	45.68	-58.74	55	1
Speaker	16.54	47.04	35.78	-44.16	57	3
Speaker	10.97	67.21	39.1	-44.45	1	3
Light	12.44	35.24	53.33	-60.04	60	4
Plug	16.91	76.11	27.95	-73.15	12	0
Light	15.03	42.4	39.86	-62.93	47	4
Plug	16.69	52.81	41.41	-51.57	45	0
Sensor	15.67	81.01	30.37	-46.71	18	1
Light	7.31	12.04	35.22	-57.72	6	4
Plug	8.68	66.51	34.86	-66.51	27	0
Sensor	14.84	69.75	33.95	-60.08	57	1
Camera	12.39	14.3	39.35	-68.72	42	2
Plug	12.31	43.53	52.08	-53.48	40	0
Plug	12.78	20.88	31.43	-68.23	25	0
Sensor	16.55	37.87	29.77	-67.68	19	1
Plug	4.15	38.13	43.32	-67.94	7	0
Light	11.18	21.63	41.94	-66.47	45	4
Plug	11.65	5.0	28.48	-49.74	47	0
Light	16.35	48.92	27.91	-51.33	48	4
Plug	15.39	46.1	26.83	-58.38	21	0
Plug	12.34	63.31	32.12	-67.56	22	0
Sensor	9.09	32.86	29.62	-52.83	54	1
Sensor	11.77	55.17	44.78	-58.25	29	1
Light	22.54	17.48	48.18	-82.59	9	4
Light	15.66	81.39	41.5	-83.07	53	4
Light	14.78	54.825	47.39	-38.14	59	4
Camera	15.5	57.29	30.87	-56.89	43	2
Plug	10.17	75.87	55.98	-65.01	32	0
Camera	14.13	60.03	33.84	-58.15	44	2
Camera	20.8	79.3	34.91	-61.98	8	2
Light	14.72	52.37	26.42	-67.93	40	4
Light	7.83	78.4	34.65	-68.74	27	4
Plug	13.63	55.57	21.96	-70.17	4	0
Light	14.5	57.78	42.4	-45.15	43	4
Sensor	15.4	29.75	29.06	-64.99	1	1
Plug	13.59	36.12	31.45	-49.89	20	0
Speaker	15.24	11.23	29.93	-69.13	13	3
Light	18.36	48.19	28.24	-54.38	32	4
Plug	18.37	26.6	36.03	-65.89	30	0
Light	12.17	15.02	37.76	-61.57	27	4
Sensor	15.0	39.74	32.91	-48.82	17	1
Camera	5.51	67.32	25.07	-39.25	48	2
Light	9.11	68.94	39.24	-71.39	51	4
Light	9.58	44.42	41.23	-48.53	1	4
Sensor	11.62	24.49	32.03	-59.94	30	1
Plug	6.72	78.73	30.36	-64.1	17	0
Plug	12.37	87.74	36.75	-52.42	51	0
Camera	8.47	56.91	41.22	-58.54	9	2
Light	6.69	31.47	32.88	-43.96	16	4
Light	3.82	51.26	32.27	-57.26	15	4
Camera	9.64	65.1	55.23	-61.62	14	2
Speaker	13.17	14.91	51.65	-57.14	26	3
Light	13.75	30.97	43.39	-70.42	51	4
Speaker	14.24	112.2	44.91	-47.53	18	3
Light	11.45	87.13	27.51	-54.57	41	4
Light	13.18	71.7	28.07	-52.68	50	4
Plug	11.13	48.37	46.39	-50.88	13	0
Sensor	9.88	59.89	40.62	-72.37	31	1
Sensor	6.86	56.04	50.3	-38.09	23	1
Speaker	8.96	54.825	42.97	-46.79	26	3
Plug	8.31	60.59	44.24	-57.27	12	0
Light	15.2	61.73	37.6	-62.68	9	4
Plug	8.97	39.1	23.61	-48.24	53	0
Light	14.61	70.38	32.83	-64.79	4	4
Camera	10.67	58.56	44.29	-58.33	20	2
Sensor	17.37	12.64	22.07	-60.78	49	1
Camera	7.57	41.09	35.13	-53.13	39	2
Light	6.51	20.33	39.66	-50.33	19	4
Light	15.0	28.95	40.7	-64.11	30	4
Light	14.06	19.58	38.74	-41.13	28	4
Speaker	11.66	76.77	34.36	-51.7	54	3
Speaker	13.63	28.1	23.48	-76.81	35	3
Camera	10.43	24.56	40.04	-62.37	30	2
Plug	11.69	49.95	37.55	-64.93	14	0
Plug	3.98	70.45	42.3	-69.22	29	0
Speaker	12.79	22.51	40.63	-55.46	4	3
Plug	7.93	90.82	31.75	-51.53	50	0
Plug	20.57	52.42	38.05	-76.89	52	0
Speaker	18.58	52.61	35.01	-39.13	25	3
Plug	3.99	62.67	46.45	-64.33	45	0
Light	8.91	48.43	42.58	-47.02	42	4
Speaker	9.92	97.36	41.02	-50.35	19	3
Speaker	7.84	51.54	26.36	-51.09	17	3
Camera	12.36	62.27	35.75	-55.42	26	2
Light	11.46	27.83	37.82	-59.58	52	4
Plug	16.11	80.15	12.7	-60.42	16	0
Camera	19.96	28.6	29.62	-65.05	22	2
Sensor	6.16	54.825	38.59	-47.96	45	1
Light	16.94	54.52	45.55	-37.73	19	4
Sensor	10.24	60.27	38.49	-57.27	39	1
Speaker	11.96	49.12	22.7	-48.93	36	3
Plug	18.06	49.25	29.66	-57.12	29	0
Light	14.13	58.45	39.62	-67.32	38	4
Camera	13.52	91.52	33.72	-80.62	30	2
Light	11.3	38.87	36.4	-77.49	6	4
Camera	16.39	44.19	26.1	-54.98	2	2
Light	10.33	36.41	42.98	-50.1	18	4
Light	14.89	21.61	27.14	-39.53	51	4
Light	15.26	53.86	35.54	-44.93	35	4
Light	10.01	25.09	45.86	-62.98	31	4
Light	18.13	83.88	37.02	-51.41	1	4
Camera	14.36	87.38	35.76	-67.31	39	2
Plug	12.55	55.6	28.2	-32.29	43	0
Speaker	11.72	49.86	44.54	-48.62	32	3
Speaker	13.27	39.58	38.88	-51.98	50	3
Plug	10.51	50.64	25.84	-78.91	10	0
Speaker	7.04	56.62	39.55	-90.0	45	3
Speaker	10.26	54.63	39.95	-66.04	14	3
Plug	23.65	88.07	28.86	-48.37	47	0
Light	13.04	40.29	42.86	-64.44	21	4
Speaker	7.72	44.66	21.44	-51.4	51	3
Sensor	10.66	64.11	27.89	-57.01	1	1
Plug	11.85	58.58	37.94	-48.53	19	0
Speaker	15.84	55.3	26.38	-59.85	31	3
Plug	11.44	5.0	24.59	-78.16	48	0
Sensor	10.01	81.76	16.29	-33.31	18	1
Light	7.47	72.82	41.76	-63.24	24	4
Camera	13.03	70.07	43.66	-71.67	34	2
Light	9.25	25.4	46.39	-59.54	26	4
Camera	6.98	21.34	43.12	-72.15	54	2
Plug	13.56	54.825	46.53	-41.71	28	0
Plug	10.73	20.64	42.68	-65.93	25	0
Light	14.34	74.92	37.42	-46.93	35	4
Plug	13.65	81.51	33.03	-69.21	60	0
Sensor	10.69	31.93	33.16	-54.59	42	1
Speaker	13.45	89.23	28.91	-57.15	13	3
Light	19.14	36.06	20.84	-66.11	19	4
Camera	7.7	55.63	38.8	-54.8	29	2
Speaker	9.04	53.75	35.9	-43.4	1	3
Camera	12.52	56.44	42.78	-62.28	26	2
Light	13.4	90.54	42.41	-61.47	21	4
Speaker	14.62	55.5	34.75	-48.3	57	3
Speaker	8.6	52.74	18.37	-63.19	57	3
Camera	15.86	67.05	59.02	-73.05	37	2
Camera	13.1	64.2	41.48	-51.5	18	2
Speaker	11.69	99.84	53.76	-47.42	9	3
Plug	5.86	5.0	35.55	-64.74	4	0
Light	16.12	36.34	48.96	-66.81	10	4
Sensor	8.66	75.36	31.43	-56.3	56	1
Sensor	8.33	32.62	46.87	-31.92	47	1
Plug	14.31	54.825	46.22	-59.18	36	0
Light	12.98	90.62	35.22	-64.07	2	4
Camera	13.12	53.56	26.56	-59.23	34	2
Sensor	21.43	59.04	37.61	-72.57	42	1
Light	9.01	89.66	40.97	-70.97	30	4
Sensor	16.83	86.18	29.0	-61.85	59	1
Light	13.45	26.71	37.12	-70.52	43	4
Plug	21.89	86.49	35.62	-51.12	15	0
Speaker	13.8	41.49	41.46	-67.36	7	3
Camera	11.7	54.825	44.38	-64.12	27	2
Camera	11.45	64.44	36.57	-82.28	7	2
Sensor	11.02	81.94	54.78	-64.25	31	1
Light	8.5	81.86	38.62	-85.12	9	4
Camera	17.78	88.82	45.01	-54.5	36	2
Plug	10.1	94.11	23.61	-67.46	56	0
Camera	11.45	54.27	20.91	-79.85	44	2
Camera	12.52	35.43	36.09	-65.08	12	2
Light	13.85	24.92	49.87	-69.74	31	4
Camera	14.91	41.91	41.64	-77.08	15	2
Plug	18.36	58.98	41.75	-61.79	57	0
Speaker	10.5	66.32	25.14	-64.81	8	3
Light	13.58	61.4	40.64	-60.27	54	4
Light	5.76	67.72	23.9	-49.81	35	4
Camera	9.43	59.55	61.62	-70.11	55	2
Camera	12.13	87.37	32.15	-65.08	43	2
Camera	11.12	67.74	47.82	-52.07	48	2
Plug	16.62	47.85	27.08	-54.6	27	0
Sensor	14.31	36.18	39.5	-45.71	36	1
Light	13.37	77.47	42.17	-41.28	50	4
Plug	10.18	81.15	32.1	-73.72	35	0
Camera	11.69	32.02	40.82	-64.71	26	2
Sensor	13.7	37.05	43.83	-50.2	25	1
Light	20.6	45.39	56.51	-74.06	2	4
Light	13.71	16.13	27.93	-64.29	26	4
Plug	10.12	48.43	39.55	-72.45	41	0
Light	16.06	99.38	8.0	-53.56	34	4
Plug	12.8	88.07	43.83	-56.34	59	0
Sensor	3.97	79.19	26.91	-49.64	10	1
Plug	9.14	96.35	44.28	-69.77	21	0
Light	12.2	40.2	50.79	-51.57	48	4
Speaker	10.6	61.88	35.92	-35.62	16	3
Sensor	13.11	28.83	34.16	-71.61	18	1
Plug	13.76	75.5	44.85	-37.11	49	0
Plug	9.93	32.63	48.47	-55.39	47	0
Speaker	15.42	62.61	22.73	-78.84	55	3
Camera	19.16	34.2	28.62	-45.61	57	2
Plug	17.57	43.57	40.7	-46.21	36	0
Plug	13.94	86.35	34.1	-52.45	50	0
Sensor	15.64	45.09	31.5	-61.73	57	1
Light	14.96	70.02	44.99	-46.57	48	4
Sensor	8.3	37.06	36.89	-62.26	10	1
Light	11.01	76.36	32.74	-49.72	30	4
Light	9.7	72.47	34.58	-61.62	24	4
Plug	12.64	51.83	35.18	-64.88	55	0
Plug	16.87	35.45	49.99	-55.27	22	0
Plug	10.02	13.21	24.08	-75.25	24	0
Light	6.7	66.27	37.38	-60.79	35	4
Speaker	11.63	68.66	39.14	-49.58	8	3
Light	17.92	104.42	46.65	-55.09	20	4
Camera	8.38	65.75	26.08	-72.34	49	2
Light	12.66	50.93	28.89	-64.79	7	4
Sensor	6.39	48.58	33.36	-47.76	43	1
Camera	9.41	45.76	41.31	-83.1	50	2
Sensor	9.87	35.74	49.62	-50.65	2	1
Light	17.05	44.14	41.15	-66.12	2	4
Camera	9.02	33.7	25.21	-57.89	26	2
Speaker	17.79	38.37	49.56	-46.32	3	3
Light	17.19	60.32	41.91	-63.5	21	4
Light	8.83	5.0	33.62	-62.62	37	4
Speaker	14.5	103.24	33.73	-65.47	41	3
Speaker	7.66	79.57	36.11	-74.51	5	3
Camera	14.64	71.66	28.04	-55.17	31	2
Light	17.39	67.6	39.0	-66.24	2	4
Light	10.73	58.11	40.53	-63.2	48	4
Speaker	12.45	56.05	35.95	-56.49	47	3
Plug	3.51	69.14	35.02	-69.59	35	0
Light	17.49	64.13	43.1	-62.26	33	4
Plug	7.4	68.83	39.76	-50.71	3	0
Light	11.94	52.17	27.48	-62.41	44	4
Camera	13.31	38.43	42.04	-71.91	28	2
Sensor	16.15	78.87	38.66	-54.4	19	1
Camera	11.02	56.89	51.83	-64.96	3	2
Plug	15.07	51.0	8.0	-73.2	24	0
Sensor	10.54	69.31	37.14	-49.56	60	1
Plug	6.33	29.08	24.23	-39.85	38	0
Speaker	17.02	54.825	40.06	-70.33	10	3
Light	10.61	34.8	41.84	-44.93	16	4
Camera	9.48	46.51	24.8	-58.18	17	2
Camera	9.85	36.16	31.48	-57.53	35	2
Light	5.22	79.67	36.21	-58.9	7	4
Camera	13.09	56.89	32.29	-52.29	34	2
Camera	7.52	46.89	35.33	-60.19	40	2
Light	17.59	35.98	58.24	-48.22	57	4
Plug	11.47	52.81	31.45	-33.41	49	0
Sensor	16.44	55.86	23.22	-43.45	12	1
Plug	7.59	73.28	29.38	-64.3	11	0
Light	10.2	53.47	36.38	-60.73	59	4
Light	15.76	81.77	39.71	-67.43	55	4
Speaker	16.78	33.62	39.16	-35.91	27	3
Light	16.7	39.38	30.67	-56.08	3	4
Camera	13.86	49.63	44.63	-36.11	40	2
Light	7.35	75.77	21.57	-48.16	18	4
Plug	15.72	32.4	52.28	-57.52	21	0
Camera	7.62	54.825	27.45	-49.35	16	2
Camera	9.48	37.91	46.51	-46.31	48	2
Light	14.67	58.21	45.13	-52.57	36	4
Camera	9.49	32.37	32.84	-58.03	30	2
Camera	10.21	55.1	37.47	-46.26	11	2
Light	10.93	74.08	22.76	-60.95	25	4
Camera	15.74	76.85	24.88	-56.55	18	2
Speaker	15.39	74.54	48.48	-46.27	10	3
Speaker	20.97	117.23	26.33	-73.6	53	3
Plug	14.27	46.84	42.12	-64.7	46	0
Light	16.16	37.43	50.31	-45.52	50	4
Light	8.73	59.04	53.74	-79.49	41	4
Camera	15.74	61.45	27.97	-70.68	49	2
Sensor	16.93	53.17	37.05	-50.25	9	1
Plug	14.91	62.93	39.5	-59.68	58	0
Speaker	4.92	40.79	49.1	-44.61	22	3
Camera	5.72	43.17	54.74	-64.47	14	2
Sensor	9.78	72.39	48.68	-83.54	34	1
Plug	12.84	45.37	38.25	-70.48	40	0
Sensor	8.21	16.41	32.22	-63.72	37	1
Light	13.84	61.52	53.5	-43.91	27	4
Speaker	11.21	39.81	33.95	-79.21	36	3
Plug	11.96	61.41	30.55	-73.41	36	0
Camera	13.31	62.76	38.76	-54.32	41	2
Speaker	8.76	23.35	28.6	-62.96	38	3
Light	14.0	25.74	42.56	-48.06	58	4
Plug	11.96	65.79	34.85	-59.56	14	0
Plug	9.79	49.77	40.9	-68.87	35	0
Speaker	11.51	71.45	32.45	-72.97	47	3
Speaker	9.72	57.26	31.63	-61.74	19	3
Speaker	10.02	46.92	33.92	-69.28	1	3
Plug	10.61	67.85	21.66	-61.68	22	0
Speaker	15.05	52.36	25.03	-69.8	3	3
Speaker	4.99	13.61	38.96	-51.31	55	3
Light	15.79	69.7	44.71	-75.58	7	4
Speaker	16.55	80.45	33.9	-52.35	59	3
Speaker	13.4	58.29	33.71	-72.85	26	3
Light	15.18	63.55	35.34	-40.07	34	4
Camera	16.86	31.86	35.58	-53.87	8	2
Plug	6.46	29.9	40.35	-61.15	12	0
Sensor	7.84	89.04	51.41	-67.09	5	1
Sensor	16.69	34.39	22.84	-82.57	15	1
Plug	15.49	38.06	39.39	-82.43	48	0
Speaker	16.04	44.01	55.79	-51.07	54	3
Plug	5.94	81.93	35.79	-63.15	1	0
Light	16.78	27.99	33.33	-60.2	22	4
Sensor	2.71	61.12	34.23	-42.03	51	1
Camera	17.29	50.19	33.42	-71.66	29	2
Light	15.8	52.79	37.18	-62.49	29	4
Speaker	12.24	29.36	28.4	-70.75	34	3
Light	7.31	36.63	33.31	-63.35	44	4
Plug	17.33	63.99	54.03	-51.51	57	0
Camera	13.26	38.8	41.88	-77.3	2	2
Speaker	9.13	14.15	42.15	-83.86	45	3
Camera	12.74	65.22	43.5	-48.94	15	2
Plug	9.79	50.57	54.53	-61.96	56	0
Plug	9.67	42.46	39.01	-52.67	44	0
Camera	3.55	53.9	38.24	-60.5	1	2
Camera	16.2	62.53	33.03	-66.35	51	2
Speaker	4.16	81.54	44.07	-42.84	36	3
Light	15.33	41.17	37.35	-63.68	5	4
Camera	17.52	49.53	45.6	-63.32	23	2
Light	4.82	58.2	26.27	-59.64	21	4
Camera	14.8	31.71	23.66	-63.68	1	2
Speaker	11.96	13.02	30.18	-52.56	50	3
Plug	6.16	42.16	48.2	-62.1	3	0
Light	14.62	77.3	45.4	-50.97	59	4
Camera	12.06	56.09	49.38	-90.0	7	2
Plug	14.64	33.89	31.05	-68.61	56	0
Camera	12.25	63.71	28.23	-67.35	31	2
Light	14.17	60.07	48.44	-74.71	29	4
Light	17.67	65.28	39.54	-63.8	18	4
Speaker	9.62	39.28	41.23	-85.72	26	3
Light	10.79	63.82	22.74	-29.96	54	4
Plug	10.52	38.18	42.46	-65.81	45	0
Speaker	10.33	55.2	39.22	-46.67	47	3
Camera	15.04	64.99	44.13	-68.13	16	2
Plug	12.99	48.9	42.21	-55.58	11	0
Plug	10.13	89.27	39.93	-51.9	26	0
Light	7.69	72.52	31.85	-55.35	36	4
Plug	12.88	44.35	23.93	-49.14	37	0
Plug	14.64	78.57	47.57	-41.38	21	0
Light	18.44	54.825	44.93	-46.77	50	4
Light	12.56	45.48	34.96	-67.88	15	4
Speaker	10.4	66.38	23.82	-50.35	55	3
Camera	2.49	69.27	39.69	-53.88	50	2
Sensor	8.2	72.42	32.32	-56.72	24	1
Speaker	8.69	105.66	18.51	-40.19	11	3
Sensor	15.19	36.26	38.2	-64.72	53	1
Sensor	11.55	73.09	35.11	-90.0	43	1
Light	18.08	128.83	34.26	-77.35	22	4
Sensor	11.37	25.58	19.61	-63.84	1	1
Plug	11.97	76.12	43.24	-69.14	4	0
Light	6.81	91.45	44.11	-66.08	19	4
Camera	7.9	65.18	42.59	-42.56	9	2
Speaker	10.72	75.4	37.3	-50.83	24	3
Plug	12.54	34.24	35.8	-64.17	17	0
Plug	11.92	23.14	22.75	-71.5	41	0
Speaker	11.71	36.25	38.85	-61.63	55	3
Sensor	14.29	75.83	39.83	-60.02	31	1
Plug	10.1	39.11	50.59	-60.22	15	0
Sensor	4.59	19.67	38.69	-70.67	23	1
Camera	9.37	64.38	52.77	-57.13	41	2
Camera	7.27	46.83	40.44	-50.36	11	2
Camera	7.56	75.57	32.5	-66.29	30	2
Plug	14.55	67.45	34.31	-86.17	34	0
Speaker	11.78	69.66	43.02	-69.89	48	3
Plug	14.45	60.85	52.15	-56.71	60	0
Light	16.17	54.825	48.65	-50.84	23	4
Sensor	9.53	62.72	22.8	-51.37	14	1
Sensor	10.26	65.19	26.41	-44.17	44	1
Camera	10.16	55.26	41.95	-64.2	19	2
Plug	8.74	46.61	33.82	-81.87	33	0
Plug	10.68	73.86	37.39	-50.53	47	0
Plug	13.25	96.45	32.43	-62.02	46	0
Plug	20.02	46.56	48.6	-50.96	30	0
Sensor	13.11	60.52	41.87	-56.31	56	1
Plug	13.47	46.21	34.81	-41.14	53	0
Light	12.57	65.93	39.13	-44.79	3	4
Plug	16.75	14.97	37.13	-49.13	54	0
Sensor	14.88	96.03	29.8	-66.82	46	1
Light	12.12	84.9	36.56	-58.98	1	4
Speaker	13.51	31.67	48.03	-74.36	32	3
Plug	7.84	79.59	29.28	-57.19	53	0
Speaker	7.81	46.84	37.85	-73.77	2	3
Plug	14.78	31.98	34.87	-52.93	26	0
Plug	4.06	42.01	35.83	-61.39	56	0
Sensor	17.41	42.42	45.61	-38.13	20	1
Light	5.1	66.75	26.85	-51.7	4	4
Light	12.23	63.2	52.44	-42.98	39	4
Sensor	9.14	88.0	31.93	-59.38	11	1
Camera	3.83	68.0	35.42	-82.4	47	2
Speaker	6.6	41.46	49.67	-57.78	39	3
Camera	9.05	56.39	55.46	-56.16	9	2
Plug	16.23	58.32	18.08	-47.91	18	0
Plug	10.22	57.18	41.55	-55.81	20	0
Light	17.82	23.39	39.82	-33.14	43	4
Light	12.35	76.06	43.69	-33.77	43	4
Plug	7.97	101.71	34.54	-44.58	30	0
Speaker	11.96	27.86	39.29	-60.9	51	3
Camera	18.77	41.36	43.74	-59.66	60	2
Speaker	13.76	37.8	34.42	-69.98	43	3
Camera	7.08	74.67	41.4	-55.9	16	2
Sensor	6.33	49.79	34.65	-44.84	31	1
Light	1.0	56.12	42.53	-75.49	30	4
Camera	18.54	60.17	38.6	-78.4	25	2
Speaker	10.76	32.62	44.02	-52.72	51	3
Speaker	11.68	51.11	50.88	-43.66	50	3
Plug	11.4	60.02	31.75	-60.16	2	0
Plug	13.25	71.37	16.83	-52.68	12	0
Plug	12.03	81.38	31.12	-40.33	13	0
Sensor	12.23	54.32	36.92	-42.0	36	1
Sensor	8.43	60.3	27.88	-62.07	16	1
Camera	9.01	82.76	27.44	-53.1	24	2
Speaker	14.72	60.96	32.83	-59.65	45	3
Speaker	9.1	56.75	21.56	-49.36	19	3
Plug	16.02	19.23	41.25	-82.75	44	0
Plug	15.34	61.35	33.6	-40.33	20	0
Speaker	7.76	51.26	26.77	-51.4	58	3
Plug	9.05	91.65	40.36	-37.5	38	0
Speaker	16.28	38.73	43.05	-68.53	46	3
Light	10.26	50.34	44.97	-60.18	45	4
Light	13.91	52.69	20.61	-71.5	17	4
Sensor	10.13	67.42	50.9	-55.73	12	1
Light	14.04	58.49	31.32	-63.78	5	4
Sensor	8.01	20.73	57.57	-53.2	5	1
Camera	5.82	59.79	43.22	-39.39	17	2
Light	8.47	54.26	28.76	-61.53	43	4
Plug	12.41	90.03	29.89	-77.93	12	0
Speaker	11.4	61.33	30.4	-72.81	50	3
Light	10.74	39.74	46.77	-61.01	18	4
Speaker	6.14	115.51	37.63	-58.64	25	3
Plug	11.29	86.07	21.43	-65.93	40	0
Sensor	10.35	83.47	40.12	-54.73	1	1
Plug	9.4	18.87	42.55	-62.62	40	0
Sensor	13.79	79.11	38.12	-34.58	36	1
Sensor	13.64	53.21	40.63	-46.89	7	1
Camera	10.61	59.58	35.85	-57.68	58	2
Plug	7.85	52.62	32.16	-44.57	52	0
Camera	8.09	72.35	32.33	-75.44	43	2
Camera	13.34	39.74	54.02	-58.21	16	2
Speaker	10.76	45.46	27.13	-43.67	14	3
Light	12.83	59.77	45.07	-60.8	27	4
Camera	11.42	79.72	38.23	-42.2	46	2
Sensor	15.84	67.39	39.3	-36.11	32	1
Camera	8.64	62.9	42.22	-54.21	8	2
Light	12.57	61.89	51.2	-68.9	37	4
Speaker	14.5	25.72	60.8	-65.24	40	3
Plug	12.02	50.29	43.14	-72.91	22	0
Camera	6.65	57.19	45.55	-44.4	21	2
Speaker	11.69	24.34	45.71	-56.74	20	3
Plug	12.07	60.13	43.56	-60.98	44	0
Camera	12.01	27.01	33.52	-66.55	11	2
Speaker	13.14	50.61	39.63	-47.31	26	3
Speaker	12.79	67.95	51.67	-58.98	23	3
Light	12.57	26.18	48.6	-47.44	58	4
Plug	16.74	57.61	43.06	-52.93	27	0
Light	12.06	55.63	24.92	-65.55	56	4
Speaker	15.22	51.0	40.72	-43.23	45	3
Plug	10.62	27.21	36.92	-61.19	8	0
Light	16.43	38.33	30.57	-49.99	1	4
Plug	14.46	40.2	28.19	-58.14	41	0
Speaker	13.02	11.95	58.23	-43.7	35	3
Speaker	12.58	51.92	35.65	-72.39	25	3
Camera	10.01	53.08	35.67	-66.77	7	2
Plug	9.99	60.27	43.96	-59.14	57	0
Sensor	18.05	75.59	35.88	-45.72	35	1
Camera	9.53	78.63	49.52	-50.55	20	2
Camera	5.59	54.9	34.22	-58.11	29	2
Speaker	7.01	76.65	48.84	-77.01	6	3
Plug	9.99	40.09	42.41	-65.31	49	0
Plug	16.05	48.52	35.79	-25.0	50	0
Plug	6.29	81.22	19.72	-53.87	28	0
Speaker	17.77	60.93	53.51	-59.82	40	3
Light	12.34	27.03	24.34	-41.17	54	4
Plug	9.15	82.87	32.21	-70.56	19	0
Plug	3.16	55.26	38.27	-76.22	57	0
Speaker	5.14	45.95	39.32	-81.04	14	3
Light	9.52	85.29	25.29	-68.56	48	4
Speaker	12.08	35.06	35.97	-56.46	34	3
Plug	3.49	22.4	20.57	-78.42	25	0
Camera	12.66	64.51	37.51	-44.35	2	2
Light	9.11	28.39	33.0	-38.95	59	4
Plug	12.41	72.92	31.95	-52.18	43	0
Sensor	16.93	74.08	38.54	-64.11	57	1
Speaker	18.63	61.67	41.66	-62.44	6	3
Speaker	13.0	55.18	41.12	-48.65	21	3
Speaker	6.86	36.81	46.57	-69.27	17	3
Light	4.14	47.24	34.81	-33.57	43	4
Light	11.23	67.29	20.58	-45.82	23	4
Light	14.08	39.47	38.63	-43.6	10	4
Camera	5.65	87.05	34.23	-44.95	56	2
Light	2.31	88.75	39.7	-54.2	43	4
Speaker	8.77	107.72	26.65	-59.89	21	3
Light	9.84	71.18	25.43	-72.68	44	4
Plug	13.51	61.59	50.18	-53.04	25	0
Plug	11.56	88.04	40.09	-47.78	12	0
Camera	7.87	5.0	49.5	-61.18	42	2
Plug	14.02	58.22	47.54	-60.51	49	0
Speaker	6.18	68.42	46.98	-63.15	38	3
Speaker	8.13	22.88	43.98	-57.32	56	3
Speaker	8.03	53.79	33.19	-50.18	8	3
Camera	11.25	38.46	44.14	-51.19	11	2
Plug	20.36	28.83	46.95	-84.49	49	0
Sensor	9.91	36.94	45.11	-53.99	48	1
Speaker	13.38	26.85	33.53	-44.85	17	3
Light	19.45	53.8	46.58	-46.56	44	4
Camera	20.61	5.0	50.71	-47.45	36	2
Light	5.99	101.24	36.33	-78.53	23	4
Plug	10.58	69.93	50.05	-59.07	11	0
Speaker	11.07	47.89	40.6	-43.82	59	3
Camera	7.42	54.825	33.26	-50.16	50	2
Speaker	11.84	80.16	34.69	-33.16	4	3
Light	17.12	16.58	31.01	-55.23	2	4
Speaker	10.43	46.22	43.32	-72.62	24	3
Light	17.63	85.71	38.59	-60.22	1	4
Light	12.76	56.03	14.74	-66.67	1	4
Sensor	14.9	56.01	28.94	-64.54	9	1
Light	16.1	96.99	26.88	-64.52	44	4
Plug	20.28	57.41	36.35	-64.01	55	0
Light	6.1	47.01	55.64	-63.57	32	4
Sensor	14.43	48.39	27.93	-48.99	7	1
Camera	11.02	16.33	60.31	-53.86	29	2
Plug	12.01	61.63	39.49	-48.67	8	0
Camera	11.27	31.0	42.19	-58.93	45	2
Plug	3.39	63.54	36.89	-78.33	47	0
Camera	6.65	6.0	44.14	-58.13	11	2
Plug	9.19	81.76	40.53	-63.25	11	0
Plug	14.94	75.42	51.1	-47.18	11	0
Light	11.06	61.47	54.66	-51.54	28	4
Light	13.64	36.16	33.4	-74.97	13	4
Speaker	11.92	54.32	40.3	-62.2	48	3
Speaker	11.95	54.825	33.05	-58.13	52	3
Sensor	5.87	17.42	23.97	-67.06	36	1
Camera	11.96	77.36	60.15	-74.58	22	2
Camera	12.14	63.72	39.61	-83.02	21	2
Sensor	13.75	23.78	43.67	-86.08	11	1
Plug	7.58	68.98	44.34	-54.57	53	0
Light	11.08	66.34	26.89	-51.7	39	4
Camera	10.66	19.54	45.02	-45.21	11	2
Camera	11.67	77.55	31.27	-58.74	55	2
Speaker	15.9	63.47	50.66	-59.29	26	3
Speaker	10.01	82.36	41.87	-55.34	58	3
Plug	13.84	73.86	40.03	-47.48	36	0
Plug	14.38	46.78	39.96	-46.57	42	0
Speaker	14.74	66.32	29.66	-60.89	39	3
Plug	6.5	51.02	46.83	-45.46	26	0
Camera	18.34	27.37	47.63	-73.04	42	2
Speaker	11.66	58.46	30.99	-64.07	19	3
Sensor	5.55	37.59	35.31	-48.75	5	1
Camera	6.82	26.12	37.18	-52.79	3	2
Light	6.61	36.02	30.1	-45.89	10	4
Light	8.27	42.4	41.34	-56.19	47	4
Camera	12.49	8.97	43.87	-62.25	8	2
Plug	7.86	60.38	52.08	-55.28	20	0
Camera	14.8	41.53	48.97	-26.17	27	2
Sensor	6.39	58.08	33.24	-67.35	33	1
Plug	10.6	40.87	48.31	-62.31	16	0
Speaker	16.63	67.29	34.96	-64.96	5	3
Plug	15.12	68.58	25.59	-57.12	8	0
Camera	10.82	67.14	36.64	-66.49	9	2
Speaker	11.43	74.64	34.04	-82.52	24	3
Sensor	11.0	71.18	53.1	-60.74	39	1
Plug	7.57	72.21	34.09	-60.07	49	0
Plug	17.88	65.94	38.36	-57.43	51	0
Camera	7.4	51.51	31.77	-54.86	25	2
Plug	14.32	57.56	42.24	-76.23	52	0
Speaker	2.28	51.42	34.46	-64.73	6	3
Light	17.44	47.71	41.76	-71.66	2	4
Light	7.5	30.84	35.17	-42.45	50	4
Light	4.88	66.26	22.98	-39.48	59	4
Light	8.94	53.89	30.43	-82.15	22	4
Light	10.74	83.26	41.88	-57.66	29	4
Plug	12.52	38.0	28.75	-65.57	24	0
Camera	10.91	56.0	38.09	-54.08	33	2
Light	12.38	81.33	50.03	-64.82	15	4
Light	16.56	62.59	50.68	-47.93	34	4
Camera	18.96	37.87	30.07	-52.99	6	2
Light	3.32	52.29	47.6	-72.51	51	4
Light	8.6	86.46	40.4	-55.57	9	4
Light	13.75	61.29	37.04	-48.96	45	4
Light	8.68	56.71	36.59	-41.36	14	4
Plug	19.53	74.28	41.03	-52.86	15	0
Sensor	15.34	20.86	36.98	-76.01	18	1
Camera	14.45	80.22	42.31	-69.93	25	2
Camera	11.5	43.11	41.61	-38.77	12	2
Light	15.65	66.76	20.35	-50.5	42	4
Light	15.09	27.37	25.36	-71.13	26	4
Camera	13.57	56.31	38.93	-79.64	31	2
Camera	17.25	43.25	41.65	-67.88	21	2
Speaker	14.41	12.71	57.0	-49.02	8	3
Camera	7.25	74.95	31.96	-65.23	29	2
Camera	7.82	109.86	39.08	-54.2	54	2
Sensor	15.4	65.27	30.17	-60.34	7	1
Camera	11.5	55.87	35.44	-25.0	3	2
Plug	12.01	60.79	41.11	-65.98	38	0
Speaker	11.96	17.37	39.96	-51.12	60	3
Plug	16.67	27.2	20.64	-58.16	3	0
Light	11.24	60.41	43.91	-74.3	15	4
Plug	14.14	20.08	34.45	-59.88	47	0
Sensor	11.95	76.34	48.28	-63.78	43	1
Speaker	9.18	58.28	37.66	-56.56	10	3
Sensor	12.11	75.43	59.29	-39.05	59	1
Light	11.65	54.36	26.72	-78.51	3	4
Camera	11.7	41.95	50.83	-44.35	47	2
Plug	13.78	54.87	39.88	-69.48	11	0
Light	7.26	46.3	49.59	-80.06	12	4
Sensor	8.24	58.33	28.51	-57.89	5	1
Camera	12.64	54.825	38.12	-56.68	44	2
Light	12.1	29.6	18.97	-60.57	44	4
Sensor	10.26	22.6	46.03	-51.38	52	1
Sensor	9.4	75.39	36.38	-60.95	14	1
Plug	15.14	49.26	29.67	-68.22	56	0
Sensor	6.92	62.39	39.49	-64.29	16	1
Light	11.96	64.59	29.09	-44.31	51	4
Camera	15.57	69.21	37.28	-46.28	21	2
Camera	6.64	60.24	45.89	-64.56	4	2
Light	16.2	48.13	31.53	-57.06	20	4
Plug	14.53	66.3	34.75	-53.37	31	0
Speaker	13.73	73.49	42.59	-47.5	8	3
Camera	12.81	52.15	27.05	-56.53	13	2
Light	12.21	44.14	28.6	-49.24	51	4
Plug	15.28	30.28	27.9	-50.65	41	0
Speaker	16.79	76.67	50.17	-73.91	54	3
Light	4.01	68.86	40.12	-69.21	35	4
Sensor	12.05	44.71	50.22	-65.89	49	1
Light	8.86	57.96	42.1	-66.63	12	4
Sensor	15.86	63.79	40.94	-82.06	3	1
Speaker	11.69	53.75	34.25	-56.51	54	3
Sensor	11.5	54.14	43.39	-56.65	3	1
Plug	6.37	70.95	38.37	-67.03	60	0
Light	10.79	71.13	21.54	-85.86	6	4
Light	17.88	56.98	28.54	-45.56	57	4
Plug	14.88	62.32	32.55	-71.44	45	0
Light	8.52	30.03	45.04	-44.82	43	4
Sensor	15.22	25.17	39.95	-40.49	10	1
Sensor	11.39	41.26	35.49	-77.6	29	1
Light	14.75	50.03	44.33	-55.48	8	4
Camera	14.95	48.01	34.33	-67.14	20	2
Light	19.16	89.54	27.04	-71.69	57	4
Light	11.25	38.94	47.24	-59.71	47	4
Camera	11.65	34.58	46.1	-68.39	54	2
Plug	9.63	43.75	30.89	-42.94	7	0
Plug	10.36	44.15	44.86	-55.85	19	0
Plug	13.62	69.32	30.55	-52.64	9	0
Camera	9.54	60.26	35.77	-69.9	20	2
Plug	8.4	51.41	34.98	-61.15	32	0
Speaker	15.89	46.84	43.91	-57.35	1	3
Sensor	18.03	73.28	46.08	-55.51	48	1
Camera	16.22	80.47	38.46	-55.24	36	2
Camera	19.0	79.39	31.68	-60.29	7	2
Sensor	12.84	72.8	36.72	-60.96	30	1
Camera	11.96	32.7	28.35	-66.19	25	2
Camera	12.24	38.3	39.84	-49.89	53	2
Light	4.0	79.3	31.4	-67.04	45	4
Light	13.55	51.29	57.46	-56.55	41	4
Camera	10.2	60.8	37.86	-42.69	7	2
Sensor	11.96	5.0	49.64	-57.95	43	1
Plug	10.81	78.3	49.45	-48.67	4	0
Speaker	8.53	92.63	61.5	-66.07	48	3
Camera	11.68	29.03	33.63	-50.32	6	2
Plug	14.27	62.86	36.43	-56.44	59	0
Light	16.59	73.84	24.03	-55.21	28	4
Light	9.86	83.78	30.14	-47.91	18	4
Speaker	12.94	49.28	46.48	-50.11	52	3
Sensor	9.06	77.09	30.83	-41.03	59	1
Camera	9.48	53.39	42.23	-64.15	17	2
Camera	12.05	40.83	29.67	-42.44	19	2
Speaker	12.74	93.56	41.49	-35.1	18	3
Camera	9.05	39.38	32.83	-61.57	36	2
Light	18.03	55.66	56.23	-56.5	36	4
Light	9.48	15.14	34.35	-73.26	9	4
Plug	10.82	16.78	37.3	-56.11	44	0
Camera	18.61	54.825	54.12	-57.67	3	2
Speaker	3.95	58.36	27.48	-56.39	24	3
Plug	13.26	58.03	44.3	-60.48	28	0
Sensor	10.31	60.35	22.6	-51.3	10	1
Light	9.67	53.77	29.61	-58.55	5	4
Plug	10.87	75.01	40.18	-59.48	45	0
Sensor	3.25	83.19	37.86	-50.45	47	1
Camera	6.17	25.55	30.14	-76.15	39	2
Plug	9.8	21.14	21.67	-64.5	47	0
Speaker	12.36	51.08	28.58	-59.45	49	3
Plug	9.91	41.36	37.09	-69.28	49	0
Speaker	11.65	87.79	27.68	-59.2	58	3
Sensor	7.18	56.59	42.46	-56.27	39	1
Sensor	7.86	50.23	46.13	-67.33	45	1
Camera	5.17	33.91	39.1	-54.41	32	2
Sensor	7.33	43.99	34.98	-72.51	24	1
Plug	11.2	43.0	42.16	-53.37	55	0
Light	17.66	43.59	44.62	-63.99	34	4
Plug	11.99	39.12	34.3	-70.26	12	0
Light	8.92	54.825	41.52	-53.33	34	4
Speaker	18.26	41.78	37.57	-35.42	54	3
Light	15.85	69.41	32.05	-40.49	40	4
Sensor	15.97	73.68	47.49	-57.91	3	1
Camera	7.51	77.88	35.51	-52.31	52	2
Light	14.47	103.29	33.18	-40.91	13	4
Light	12.66	47.84	42.66	-41.6	36	4
Plug	18.94	45.86	39.41	-52.28	16	0
Plug	6.87	78.95	29.37	-80.03	56	0
Speaker	10.9	63.11	44.31	-47.87	35	3
Camera	12.64	36.31	41.24	-84.74	50	2
Camera	17.36	108.63	41.96	-77.96	23	2
Speaker	14.54	27.43	46.99	-25.0	20	3
Camera	16.5	39.49	39.05	-65.4	58	2
Speaker	8.7	68.26	27.96	-47.14	34	3
Light	10.57	51.33	42.08	-52.56	46	4
Camera	16.47	42.05	25.07	-64.64	26	2
Light	12.29	54.825	33.23	-68.63	6	4
Speaker	9.15	81.69	48.55	-53.7	42	3
Light	11.94	60.21	51.06	-67.42	23	4
Camera	8.51	39.46	32.14	-59.39	54	2
Camera	5.36	29.6	31.79	-62.25	52	2
Camera	12.76	54.825	41.48	-64.41	44	2
Light	10.15	56.79	32.68	-55.88	54	4
Plug	10.16	58.3	33.54	-66.51	23	0
Plug	15.2	88.68	30.24	-55.64	54	0
Light	10.59	67.73	39.07	-61.47	58	4
Plug	9.79	109.76	36.06	-41.7	16	0
Plug	15.79	98.6	34.75	-63.0	56	0
Camera	14.08	60.71	33.95	-64.35	34	2
Sensor	12.75	49.81	40.48	-63.81	9	1
Sensor	10.32	51.04	29.85	-54.39	59	1
Plug	12.62	86.94	43.46	-58.49	26	0
Plug	14.03	52.98	20.12	-62.44	58	0
Camera	9.19	52.46	34.46	-50.04	24	2
Light	16.81	52.52	40.71	-67.65	44	4
Light	6.13	5.0	38.08	-49.64	58	4
Light	8.04	44.38	43.64	-52.01	28	4
Camera	14.83	68.73	43.86	-56.83	20	2
Speaker	6.92	91.01	51.77	-81.15	7	3
Speaker	10.17	79.26	10.24	-57.94	60	3
Plug	13.92	45.04	34.48	-39.14	1	0
Light	17.22	61.93	38.73	-59.93	8	4
Plug	16.54	41.42	24.24	-54.25	20	0
Camera	11.27	77.08	40.99	-52.08	6	2
Speaker	9.61	14.01	32.83	-44.27	19	3
Light	9.3	8.23	17.31	-36.81	13	4
Light	3.19	54.77	30.8	-76.04	31	4
Speaker	6.8	36.05	36.59	-57.08	17	3
Plug	14.65	74.77	46.9	-48.29	13	0
Camera	12.15	66.14	31.56	-77.46	56	2
Light	11.96	66.5	39.92	-74.77	6	4
Sensor	11.31	64.96	46.76	-45.36	47	1
Light	7.06	97.12	29.99	-56.16	34	4
Camera	9.67	5.0	25.87	-66.22	30	2
Sensor	12.05	39.53	42.92	-54.74	32	1
Plug	11.29	53.51	47.32	-58.71	2	0
Speaker	23.72	50.38	42.92	-38.57	21	3
Plug	7.62	61.48	36.87	-37.85	41	0
Sensor	8.1	43.34	37.28	-29.97	21	1
Plug	15.02	34.57	41.32	-43.87	54	0
Light	14.03	31.31	37.1	-59.05	11	4
Plug	9.32	39.03	43.2	-51.28	16	0
Light	7.46	34.82	36.62	-44.86	56	4
Speaker	16.91	77.98	51.99	-52.07	41	3
Camera	17.32	48.7	45.27	-67.71	10	2
Speaker	16.39	66.74	56.22	-57.86	24	3
Light	13.82	62.15	41.35	-48.36	15	4
Plug	18.89	71.36	33.29	-46.66	24	0
Plug	3.19	72.1	47.17	-58.41	6	0
Speaker	7.33	19.62	52.41	-59.31	49	3
Light	6.89	87.22	32.99	-47.4	28	4
Sensor	18.27	54.825	38.61	-61.53	45	1
Light	9.29	40.75	33.55	-52.43	53	4
Plug	2.62	37.23	38.33	-58.88	38	0
Plug	11.91	54.65	24.96	-40.88	2	0
Light	11.96	70.56	37.55	-48.86	17	4
Camera	10.73	69.82	41.08	-57.59	52	2
Speaker	9.29	54.825	43.18	-58.75	2	3
Speaker	17.09	68.77	40.72	-62.76	13	3
Speaker	13.53	47.46	35.2	-67.81	9	3
Sensor	15.05	89.83	53.77	-49.84	20	1
Camera	8.44	61.46	43.6	-64.9	23	2
Speaker	7.6	34.9	56.25	-79.66	37	3
Plug	9.8	21.38	36.25	-64.68	6	0
Plug	19.01	58.79	24.67	-48.76	59	0
Camera	12.55	31.13	45.58	-63.71	52	2
Light	12.4	84.09	47.1	-56.19	15	4
Plug	16.53	43.33	34.17	-61.58	45	0
Plug	10.26	65.75	44.01	-60.01	12	0
Camera	10.69	30.57	45.96	-75.05	9	2
Speaker	17.87	29.87	28.36	-46.65	18	3
Sensor	12.72	77.83	26.97	-45.8	13	1
Speaker	11.16	66.34	44.56	-58.15	3	3
Camera	12.31	50.23	24.57	-58.53	1	2
Plug	13.36	91.89	35.2	-45.96	19	0
Camera	16.21	40.43	53.19	-74.62	48	2
Camera	13.76	55.64	52.57	-65.39	3	2
Plug	11.83	75.18	27.11	-57.3	56	0
Camera	12.07	65.02	44.89	-75.24	17	2
Camera	14.53	10.95	26.58	-60.36	55	2
Light	13.28	71.75	34.71	-70.18	13	4
Plug	3.42	68.87	44.51	-63.72	14	0
Speaker	20.0	74.67	40.54	-69.17	43	3
Plug	8.81	17.01	33.54	-73.33	49	0
Speaker	9.11	54.92	35.24	-48.8	12	3
Light	10.98	51.62	42.93	-52.93	31	4
Plug	11.88	30.53	29.86	-64.81	53	0
Speaker	16.05	61.02	27.27	-57.73	16	3
Camera	9.85	71.77	38.5	-68.81	15	2
Sensor	8.64	33.93	41.95	-63.44	26	1
Plug	8.86	43.18	46.23	-43.56	34	0
Plug	9.14	65.95	30.51	-51.4	39	0
Plug	9.26	69.69	42.03	-32.91	53	0
Speaker	14.71	59.84	41.83	-48.3	19	3
Plug	11.96	67.15	47.36	-57.38	4	0
Camera	17.41	71.63	37.18	-59.11	50	2
Speaker	11.26	113.85	27.11	-59.93	13	3
Sensor	9.16	79.72	25.55	-45.98	58	1
Light	16.46	30.93	41.77	-52.18	54	4
Camera	8.3	69.25	48.61	-60.98	57	2
Light	13.32	88.57	28.8	-69.13	39	4
Plug	15.23	66.91	21.75	-62.31	44	0
Sensor	12.24	82.32	26.37	-46.53	47	1
Light	12.8	57.0	43.34	-71.12	3	4
Speaker	14.87	94.15	36.16	-53.07	45	3
Speaker	9.89	59.46	41.31	-53.36	8	3
Camera	10.22	57.99	30.4	-58.06	8	2
Camera	8.48	10.52	17.58	-59.27	14	2
Light	18.49	5.63	28.23	-55.64	43	4
Plug	19.15	55.04	22.57	-63.06	17	0
Sensor	13.83	7.41	33.81	-57.59	39	1
Camera	19.67	57.59	53.68	-40.93	40	2
Speaker	12.84	78.01	45.26	-77.49	32	3
Light	17.39	52.45	32.98	-56.36	3	4
Light	15.01	44.17	49.11	-47.64	5	4
Speaker	9.32	57.92	26.92	-68.96	26	3
Speaker	14.14	74.77	47.85	-60.0	6	3
Plug	9.14	53.51	35.52	-50.85	58	0
Light	7.04	26.2	41.11	-70.65	23	4
Camera	14.5	83.66	37.5	-52.91	6	2
Speaker	6.83	50.53	21.34	-72.47	21	3
Camera	13.43	24.84	42.16	-45.22	32	2
Speaker	15.91	65.15	33.33	-65.13	41	3
Light	8.02	71.44	37.96	-62.14	38	4
Camera	7.56	41.8	41.28	-43.87	19	2
Speaker	16.68	32.27	53.95	-46.86	16	3
Camera	5.04	62.44	39.91	-75.22	25	2
Camera	15.32	51.91	26.33	-63.85	14	2
Plug	7.96	19.73	29.98	-68.77	26	0
Light	8.28	81.45	34.93	-60.43	2	4
Camera	9.37	52.91	44.51	-49.86	36	2
Speaker	12.95	34.12	46.34	-62.01	22	3
Plug	13.91	60.03	33.85	-74.62	16	0
Speaker	7.34	46.32	38.86	-52.11	31	3
Sensor	12.84	40.23	38.86	-50.76	45	1
Speaker	8.82	44.3	28.31	-57.25	26	3
Sensor	7.27	66.54	43.31	-56.92	32	1
Sensor	2.75	35.87	48.25	-54.89	30	1
Light	17.41	73.16	34.94	-47.2	56	4
Sensor	11.41	73.0	45.86	-63.79	53	1
Plug	9.69	38.56	35.71	-67.78	49	0
Plug	14.14	38.64	37.09	-48.98	16	0
Camera	7.29	57.53	44.19	-73.1	10	2
Speaker	5.78	47.97	43.04	-52.45	9	3
Camera	9.6	81.03	37.39	-55.94	27	2
Plug	12.56	52.2	46.89	-71.04	31	0
Sensor	9.55	18.74	47.36	-70.95	32	1
Light	14.46	11.48	33.79	-49.03	8	4
Sensor	4.31	25.99	31.49	-69.26	60	1
Speaker	10.75	27.69	38.85	-70.34	37	3
Light	19.74	74.27	49.16	-62.9	37	4
Speaker	12.99	32.72	42.15	-55.46	59	3
Sensor	7.08	81.13	19.05	-70.83	9	1
Light	8.27	59.14	37.13	-81.55	38	4
Camera	8.44	41.67	43.06	-50.02	38	2
Camera	11.95	19.32	25.41	-40.21	19	2
Plug	8.1	55.31	33.82	-62.59	10	0
Camera	8.42	52.75	41.83	-77.54	36	2
Speaker	11.51	19.61	33.62	-73.11	59	3
Light	19.08	39.57	44.39	-56.23	50	4
Plug	12.15	31.75	51.89	-43.74	20	0
Speaker	9.41	65.29	38.49	-87.53	4	3
Light	19.1	46.04	52.81	-67.98	39	4
Plug	10.94	52.0	15.22	-72.12	44	0
Sensor	11.32	48.12	41.58	-40.48	8	1
Camera	7.93	53.36	49.52	-43.1	3	2
Sensor	11.59	57.15	47.11	-80.18	9	1
Light	5.43	35.09	32.82	-32.94	51	4
Camera	13.18	77.6	33.27	-54.62	13	2
Camera	11.42	57.39	28.8	-49.36	52	2
Camera	14.64	113.66	35.05	-58.92	21	2
Plug	13.26	40.48	26.79	-70.92	54	0
Plug	10.23	76.74	41.64	-52.64	7	0
Light	8.07	27.23	24.55	-64.56	28	4
Camera	11.41	54.825	28.27	-62.62	24	2
Plug	9.99	22.02	41.91	-74.45	52	0
Camera	15.51	46.68	41.3	-57.95	29	2
Camera	13.54	57.0	42.33	-58.74	43	2
Speaker	9.5	50.15	35.06	-47.6	58	3
Speaker	10.47	11.29	34.3	-76.02	8	3
Light	14.96	70.75	46.75	-73.76	16	4
Plug	7.34	74.92	37.56	-43.72	2	0
Camera	16.19	5.0	18.5	-53.92	13	2
Camera	2.55	74.46	23.44	-70.96	34	2
Light	11.29	32.56	40.83	-50.6	26	4
Sensor	14.59	84.51	62.75	-52.02	31	1
Light	16.8	56.49	42.01	-47.41	21	4
Speaker	17.61	52.72	44.87	-72.31	59	3
Sensor	3.56	24.25	30.93	-66.98	56	1
Light	11.23	80.54	36.44	-54.2	19	4
Plug	14.49	16.67	48.62	-43.0	59	0
Sensor	14.31	39.42	26.28	-68.94	21	1
Camera	15.92	43.72	39.64	-56.71	40	2
Sensor	1.0	64.33	19.35	-50.47	47	1
Light	11.96	55.51	45.19	-62.31	17	4
Light	13.42	15.22	30.42	-64.34	31	4
Plug	11.8	55.19	34.62	-48.85	36	0
Plug	7.3	66.13	33.56	-59.02	14	0
Camera	11.51	90.72	46.41	-79.55	13	2
Plug	9.93	24.36	51.76	-65.72	4	0
Speaker	7.62	78.84	15.69	-68.84	53	3
Light	13.11	63.2	24.84	-55.52	8	4
Plug	14.02	66.99	28.06	-28.78	29	0
Camera	12.26	54.6	54.96	-80.07	3	2
Sensor	14.3	61.82	45.9	-70.27	34	1
Light	13.91	91.19	28.76	-70.97	56	4
Light	8.41	41.11	37.16	-77.13	12	4
Light	14.25	91.85	32.77	-33.0	32	4
Plug	11.48	70.24	48.57	-51.86	31	0
Plug	14.63	81.02	43.77	-86.36	25	0
Light	14.65	17.66	28.91	-64.21	54	4
Light	12.85	62.79	35.96	-59.37	23	4
Camera	12.5	41.9	39.49	-57.75	40	2
Plug	5.58	60.85	50.11	-53.34	32	0
Sensor	11.51	46.03	32.52	-70.7	41	1
Camera	13.12	94.29	25.42	-54.17	25	2
Sensor	12.8	43.63	45.96	-52.67	25	1
Speaker	12.11	27.28	29.03	-78.16	44	3
Sensor	8.28	54.825	52.92	-58.95	16	1
Sensor	10.12	58.6	25.48	-56.33	51	1
Light	9.86	47.02	35.29	-49.89	49	4
Plug	8.98	79.62	26.76	-51.54	33	0
Camera	14.43	38.35	43.07	-49.36	59	2
Plug	18.37	66.86	30.45	-44.37	55	0
Plug	2.99	21.82	54.72	-52.58	14	0
Plug	8.09	48.09	30.48	-49.55	25	0
Sensor	9.92	49.58	45.12	-70.55	16	1
Light	17.53	56.4	34.55	-81.95	29	4
Camera	4.72	46.9	26.76	-52.47	37	2
Light	6.52	84.37	36.35	-47.6	47	4
Light	13.57	31.2	30.03	-49.09	16	4
Camera	19.04	21.48	12.51	-52.67	3	2
Sensor	7.9	73.84	36.53	-54.77	55	1
Light	16.11	54.825	34.53	-60.53	36	4
Plug	21.26	67.91	58.12	-38.12	29	0
Sensor	15.04	16.97	20.83	-61.01	15	1
Light	16.69	52.82	46.61	-59.21	33	4
Camera	18.72	67.01	42.4	-63.66	55	2
Light	18.71	71.38	39.84	-78.83	49	4
Speaker	9.81	47.44	38.71	-50.25	15	3
Camera	6.19	101.15	36.99	-58.25	50	2
Light	3.67	72.08	40.97	-49.04	29	4
Light	13.15	75.89	24.78	-69.14	56	4
Plug	14.42	48.0	29.61	-64.09	24	0
Camera	10.79	46.11	56.02	-64.4	43	2
Sensor	11.59	53.28	33.41	-73.54	42	1
Sensor	13.25	106.01	39.47	-49.47	51	1
Plug	14.9	86.91	25.19	-75.45	50	0
Plug	13.77	54.825	29.33	-60.29	28	0
Light	7.67	5.0	32.72	-58.67	31	4
Plug	19.08	33.54	40.16	-62.12	35	0
Sensor	12.1	53.93	46.86	-77.94	39	1
Light	13.2	25.66	43.37	-60.46	56	4
Plug	9.65	66.48	43.94	-62.03	29	0
Plug	9.83	47.99	38.35	-36.98	8	0
Camera	8.75	60.63	35.41	-51.91	51	2
Plug	11.96	110.7	45.82	-45.02	53	0
Light	10.74	39.43	40.58	-63.18	15	4
Light	14.87	62.58	41.91	-55.76	45	4
Speaker	7.68	101.86	34.44	-58.01	50	3
Sensor	12.08	28.74	40.75	-63.99	13	1
Camera	6.44	73.55	31.15	-53.33	22	2
Plug	9.87	37.69	43.65	-87.78	32	0
Plug	10.55	26.87	26.8	-49.15	41	0
Plug	15.97	71.59	32.36	-69.0	30	0
Light	8.18	70.79	56.92	-42.35	24	4
Light	11.33	45.36	25.53	-62.3	15	4
Sensor	15.03	65.11	33.4	-68.46	51	1
Light	8.57	99.65	51.05	-67.04	12	4
Light	7.32	42.68	55.55	-58.9	14	4
Plug	11.96	78.13	28.46	-76.74	39	0
Plug	10.96	14.61	31.22	-60.45	22	0
Sensor	11.28	42.04	27.61	-64.45	13	1
Plug	9.91	20.78	40.59	-68.72	9	0
Plug	15.56	44.52	20.79	-49.6	31	0
Camera	15.37	47.95	42.57	-52.16	25	2
Plug	14.8	64.71	51.18	-36.99	55	0
Speaker	5.31	51.9	33.14	-60.79	16	3
Plug	6.22	46.12	37.74	-50.45	13	0
Light	1.21	63.5	45.4	-53.78	48	4
Light	17.6	71.33	33.14	-63.0	2	4
Light	15.1	43.33	33.84	-63.13	54	4
Light	15.62	53.93	54.15	-58.01	27	4
Plug	9.18	101.93	50.91	-44.2	9	0
Sensor	11.99	24.39	31.34	-39.23	5	1
Camera	6.57	66.37	40.82	-65.86	48	2
Light	9.3	20.96	36.77	-62.57	22	4
Sensor	16.1	35.32	35.78	-67.35	11	1
Speaker	12.8	64.6	46.16	-25.19	35	3
Light	16.54	92.42	30.39	-41.21	4	4
Light	9.03	80.66	45.66	-55.63	36	4
Speaker	15.94	43.68	39.49	-62.73	10	3
Light	12.68	62.12	46.03	-72.15	48	4
Light	6.98	85.43	17.84	-66.79	14	4
Camera	9.27	77.38	47.36	-51.26	50	2
Light	4.49	26.86	18.45	-80.19	60	4
Plug	6.24	56.15	57.06	-42.33	53	0
Light	8.08	34.27	38.49	-72.84	50	4
Plug	13.95	59.63	37.59	-58.95	46	0
Speaker	10.88	97.12	47.72	-63.89	20	3
Plug	10.99	54.825	42.09	-41.55	5	0
Light	18.31	65.85	30.57	-64.11	50	4
Camera	13.46	56.93	42.79	-60.47	10	2
Plug	13.55	27.01	28.27	-84.72	27	0
Plug	9.01	63.3	34.23	-42.65	38	0
Plug	13.34	35.2	23.55	-52.6	56	0
Speaker	19.16	67.48	34.55	-44.24	28	3
Plug	12.94	62.17	41.37	-46.82	51	0
Plug	13.07	73.19	37.89	-67.92	30	0
Light	14.3	60.03	51.34	-52.61	8	4
Light	13.45	74.03	32.19	-45.67	39	4
Plug	7.64	45.88	29.86	-49.62	7	0
Speaker	14.59	82.55	26.48	-78.63	45	3
Sensor	7.46	60.7	38.51	-60.47	59	1
Camera	8.81	35.75	59.86	-67.59	6	2
Camera	16.88	6.91	48.15	-58.16	34	2
Camera	11.79	48.45	48.15	-71.61	59	2
Plug	8.11	85.05	34.21	-73.62	57	0
Light	11.81	72.95	48.15	-50.85	33	4
Plug	13.5	5.0	29.27	-60.06	53	0
Sensor	9.14	67.94	48.25	-49.94	37	1
Plug	16.11	77.39	32.37	-51.15	59	0
Sensor	20.99	81.39	35.99	-50.51	39	1
Camera	5.63	39.01	34.69	-54.08	4	2
Sensor	12.65	44.69	52.19	-57.29	6	1
Light	5.79	89.14	40.18	-40.7	28	4
Sensor	12.13	52.64	36.96	-68.26	38	1
Light	6.63	43.91	32.16	-61.05	3	4
Plug	12.88	24.51	41.18	-53.13	40	0
Light	18.2	67.17	43.44	-69.71	37	4
Plug	19.62	45.4	62.43	-45.87	37	0
Plug	11.2	44.62	45.83	-45.12	52	0
Plug	16.61	37.58	25.64	-56.87	5	0
Light	21.0	41.4	45.4	-42.24	53	4
Plug	13.56	43.05	34.3	-51.52	57	0
Speaker	8.94	52.86	24.85	-50.51	7	3
Speaker	13.01	54.825	26.6	-40.64	1	3
Sensor	18.23	63.32	26.94	-78.06	26	1
Light	15.79	63.78	31.83	-73.53	35	4
Light	11.28	61.54	27.74	-63.92	8	4
Speaker	5.5	42.62	27.33	-55.9	25	3
Light	7.3	58.65	41.81	-57.93	8	4
Light	19.14	89.69	39.76	-60.07	32	4
Sensor	11.16	65.37	24.72	-50.76	17	1
Speaker	16.58	35.04	31.36	-60.14	15	3
Sensor	14.04	49.67	18.77	-53.35	18	1
Light	9.8	5.0	37.5	-66.59	3	4
Plug	11.02	60.86	34.99	-52.74	16	0
Plug	9.53	72.15	39.8	-73.86	34	0
Light	16.82	99.08	52.62	-60.91	12	4
Camera	9.64	54.825	31.42	-41.54	27	2
Light	20.52	52.54	39.81	-51.32	44	4
Plug	14.01	93.35	46.95	-41.78	51	0
Plug	7.56	55.4	36.07	-58.29	28	0
Plug	17.21	75.82	42.08	-63.5	11	0
Light	8.23	70.4	39.21	-49.36	4	4
Sensor	4.72	63.74	36.77	-69.16	7	1
Camera	16.26	93.29	35.57	-56.77	17	2
Light	12.94	79.14	29.09	-65.06	53	4
Speaker	11.96	57.57	35.69	-53.46	40	3
Plug	4.97	119.05	45.56	-65.35	27	0
Light	12.83	80.7	52.24	-50.67	3	4
Camera	16.43	89.21	36.27	-76.26	30	2
Sensor	12.84	77.62	41.79	-56.36	44	1
Light	8.47	44.59	37.12	-80.17	26	4
Plug	8.2	127.99	38.12	-65.07	51	0
Camera	12.79	85.1	44.73	-53.89	23	2
Camera	18.4	54.01	45.44	-45.3	46	2
Plug	9.61	94.75	29.06	-60.04	12	0
Camera	16.52	17.65	30.99	-60.9	13	2
Camera	13.01	13.6	35.04	-79.06	53	2
Camera	8.2	22.93	49.43	-42.13	53	2
Light	15.64	65.28	46.59	-66.52	23	4
Camera	14.32	50.95	33.24	-62.03	18	2
Plug	14.77	43.69	46.98	-55.24	41	0
Speaker	18.14	46.79	42.1	-55.3	19	3
Speaker	10.51	59.99	57.64	-80.44	38	3
Camera	8.71	80.45	46.26	-47.65	54	2
Light	3.18	66.93	39.75	-41.49	3	4
Sensor	10.29	65.14	46.8	-55.14	46	1
Speaker	15.29	53.25	45.33	-57.52	16	3
Plug	20.07	97.2	39.53	-54.55	37	0
Camera	5.89	54.825	47.62	-60.69	48	2
Speaker	11.25	5.0	38.03	-45.49	42	3
Light	8.4	72.19	36.37	-36.18	41	4
Plug	10.24	46.41	39.19	-45.54	32	0
Camera	12.81	62.3	47.86	-58.76	30	2
Camera	15.14	61.33	33.72	-43.37	7	2
Light	9.9	89.41	32.96	-53.7	11	4
Light	6.78	47.13	34.25	-53.13	32	4
Speaker	10.73	71.52	41.38	-76.8	37	3
Plug	7.79	23.83	43.86	-59.0	52	0
Speaker	6.6	15.52	41.37	-90.0	41	3
Sensor	8.62	65.52	24.9	-67.17	37	1
Light	4.93	40.86	52.86	-52.02	3	4
Plug	14.26	40.55	28.87	-56.66	42	0
Light	9.1	27.65	33.37	-67.3	21	4
Sensor	13.68	81.62	45.78	-77.23	40	1
Plug	13.19	71.46	27.95	-52.03	31	0
Camera	8.1	29.26	66.31	-58.32	48	2
Camera	17.77	82.29	44.5	-64.92	42	2
Plug	12.85	48.62	66.61	-71.36	13	0
Sensor	11.59	40.19	44.46	-51.37	51	1
Light	18.64	48.39	39.75	-72.4	39	4
Camera	4.78	54.76	27.93	-58.03	51	2
Plug	13.19	60.36	32.82	-64.38	25	0
Speaker	13.76	79.76	39.38	-63.87	9	3
Plug	12.74	78.52	41.22	-70.46	52	0
Plug	2.29	52.65	30.91	-51.06	13	0
Light	5.53	95.86	33.5	-34.36	25	4
Camera	10.7	89.74	30.44	-52.79	35	2
Plug	9.65	49.45	33.31	-55.43	51	0
Light	13.02	54.825	33.83	-65.51	10	4
Speaker	6.95	61.88	35.92	-55.44	40	3
Speaker	12.34	47.42	35.35	-43.94	40	3
Speaker	3.83	68.24	46.92	-58.3	38	3
Camera	10.98	43.11	46.82	-63.06	11	2
Camera	6.41	30.38	44.59	-42.12	25	2
Speaker	13.79	70.82	22.04	-86.73	43	3
Speaker	6.52	35.11	33.13	-66.26	40	3
Plug	11.94	73.61	40.73	-51.97	16	0
Speaker	10.06	66.69	37.68	-35.04	40	3
Plug	8.22	61.41	43.42	-61.45	5	0
Light	13.23	52.03	46.81	-72.69	44	4
Sensor	13.39	20.24	42.21	-66.59	46	1
