StudentID,Age,StudyHours,AttendanceRate,AssignmentsCompleted,OnlineActivity,SleepHours,SocialActivity,MidtermScore,FinalScore,GPA,GradePoints,PerformanceIndex,Major,City,Gender
1,24,32.0,91.3,59.1,7.7,5.8,2.9,71.2,92.8,3.67,91.87,82.0,IT,Cần Thơ,Female
2,21,15.5,78.4,77.9,6.3,6.2,0.2,59.8,82.2,2.94,73.52,70.98,CE,Hà Nội,Male
3,30,29.7,90.0,67.2,6.2,8.1,2.2,65.5,93.9,3.61,90.34,79.68,SE,Hà Nội,Male
4,28,30.0,89.8,96.6,4.5,6.1,0.0,61.5,87.0,3.74,93.57,74.24,CS,Cần Thơ,Male
5,25,9.7,71.2,89.1,5.9,7.6,3.1,58.0,76.4,3.2,80.04,67.24,CS,Đà Nẵng,Male
6,30,,83.8,75.3,3.4,8.0,3.2,60.9,83.4,3.44,86.06,72.18,SE,TP.HCM,Female
7,22,21.3,87.7,82.1,4.0,5.0,2.3,55.6,80.0,3.32,82.97,67.79,DS,Đà Nẵng,Male
8,24,18.9,80.6,60.4,7.3,6.5,0.7,64.0,77.6,3.1,77.59,70.81,CE,Cần Thơ,Male
9,27,35.8,88.1,68.7,4.8,8.0,1.3,77.1,100.0,3.91,97.65,88.55,AI,Đà Nẵng,Male
10,20,19.8,93.1,100.0,4.2,6.8,0.1,43.0,84.7,3.23,80.71,63.85,CE,Cần Thơ,Male
11,24,18.5,84.7,80.8,7.1,6.5,2.4,47.8,68.3,2.64,65.99,58.06,AI,Đà Nẵng,Male
12,28,,87.2,94.0,6.9,8.0,7.3,61.7,87.8,3.54,88.47,74.72,IT,Đà Nẵng,Male
13,28,30.5,98.8,83.5,5.5,8.3,2.3,71.9,100.0,3.85,96.14,85.95,DS,Huế,Male
14,25,23.9,89.7,99.7,5.6,6.2,1.9,47.6,89.5,3.58,89.55,68.54,DS,TP.HCM,Female
15,22,34.3,87.0,50.0,7.0,9.1,2.8,70.6,96.4,3.87,96.8,83.5,CS,Hà Nội,Male
16,21,29.2,75.4,77.2,8.4,4.9,0.8,55.2,97.7,3.87,96.8,76.46,IT,Huế,Female
17,25,7.6,91.7,100.0,6.5,5.2,0.8,49.8,72.0,2.55,63.82,60.93,SE,Cần Thơ,Male
18,25,20.8,88.3,94.3,3.0,6.5,1.6,49.6,71.1,2.63,65.83,60.33,DS,Cần Thơ,Female
19,20,20.5,97.8,99.9,5.4,6.6,3.8,37.6,79.7,3.15,78.85,58.61,AI,Hà Nội,Male
20,23,28.8,85.5,79.9,5.0,6.7,3.0,46.2,88.8,3.13,78.16,67.5,DS,Huế,Male
21,22,4.0,66.8,71.9,3.4,6.4,2.3,29.6,39.9,1.8,45.06,34.76,CS,Huế,Male
22,19,45.4,68.0,64.6,7.2,6.1,3.6,64.8,100.0,4.0,100.0,82.4,DS,TP.HCM,Female
23,25,29.2,92.4,63.5,7.4,6.7,5.1,60.7,92.7,3.88,96.93,76.71,SE,Huế,Male
24,29,,79.3,92.1,7.8,6.3,3.6,52.7,70.3,2.87,71.74,61.49,AI,Huế,Male
25,23,34.5,89.4,87.7,3.5,7.8,1.0,63.9,74.4,2.73,68.24,69.15,IT,Cần Thơ,Male
26,19,43.7,86.1,79.0,6.4,7.0,0.0,67.0,100.0,4.0,100.0,83.51,IT,TP.HCM,Female
27,29,,83.3,87.6,6.0,6.7,0.0,61.4,93.7,4.0,100.0,77.59,DS,TP.HCM,Male
28,22,32.6,84.0,82.1,6.8,6.9,3.8,69.0,98.4,3.71,92.73,83.71,CS,Huế,Male
29,18,26.0,76.3,94.4,6.3,8.3,1.4,55.9,75.3,3.52,88.05,65.58,IT,Huế,Male
30,29,23.9,84.8,94.3,6.0,6.4,3.7,59.7,79.7,3.35,83.76,69.68,AI,Hà Nội,Female
31,27,21.2,79.2,64.0,5.7,5.5,1.8,58.1,97.1,3.67,91.81,77.62,CS,Huế,Male
32,23,18.4,81.3,84.1,8.8,5.8,3.1,49.8,93.0,3.52,87.9,71.38,CS,Đà Nẵng,Female
33,30,19.5,81.8,55.0,3.8,6.7,3.6,38.5,55.5,2.12,52.93,46.96,DS,Cần Thơ,Male
34,29,14.2,82.7,82.0,5.6,7.6,1.3,50.0,70.5,2.81,70.21,60.21,CS,Đà Nẵng,Male
35,26,,94.2,89.1,8.7,8.1,3.7,52.4,99.9,3.92,97.99,76.12,CE,TP.HCM,Female
36,18,11.5,83.7,60.3,4.0,9.0,1.5,52.7,70.0,2.24,55.98,61.32,SE,Cần Thơ,Female
37,28,26.5,95.2,73.8,4.1,7.9,1.4,69.4,100.0,3.74,93.49,84.71,SE,Đà Nẵng,Female
38,28,24.7,100.0,80.1,7.8,5.9,3.7,56.6,87.3,3.49,87.31,71.97,CE,Huế,Male
39,27,26.2,93.5,83.5,2.4,6.8,3.4,59.9,93.9,3.79,94.85,76.9,CS,Đà Nẵng,Male
40,29,20.8,90.3,75.8,7.7,4.4,3.2,59.2,94.3,3.95,98.8,76.73,DS,Đà Nẵng,Male
41,29,49.6,88.3,62.4,4.8,6.6,0.8,69.4,100.0,3.87,96.67,84.68,CE,Huế,Female
42,20,35.9,93.7,79.2,7.0,6.3,1.9,66.0,93.7,3.78,94.42,79.85,AI,Cần Thơ,Female
43,29,15.0,85.9,55.2,2.9,4.2,3.5,37.6,61.2,2.45,61.28,49.4,SE,Hà Nội,Male
44,24,26.9,94.8,76.5,,9.5,5.9,67.2,99.3,3.8,95.11,83.25,IT,Huế,Male
45,21,20.1,91.1,73.4,3.0,6.5,5.2,66.4,84.0,3.48,87.06,75.19,AI,Huế,Female
46,26,16.9,,78.0,,4.5,1.8,50.6,68.3,2.83,70.75,59.48,CS,Cần Thơ,Female
47,20,14.3,94.0,71.6,,6.7,1.5,44.2,62.4,2.96,73.98,53.28,CS,TP.HCM,Female
48,22,28.5,85.9,57.4,10.5,9.0,5.1,61.2,82.1,3.5,87.39,71.62,SE,Huế,Male
49,20,19.5,83.9,74.5,5.8,9.3,3.4,42.7,67.0,2.37,59.29,54.86,DS,Hà Nội,Male
50,24,32.7,80.2,94.0,10.9,7.1,1.8,58.3,96.5,4.0,100.0,77.43,DS,Hà Nội,Male
51,22,33.0,86.7,98.9,4.0,7.1,2.7,59.6,91.1,3.36,83.97,75.35,AI,Huế,Male
52,26,36.0,95.0,100.0,4.9,8.5,0.6,62.3,100.0,4.0,100.0,81.16,SE,Huế,Male
53,24,18.2,93.9,100.0,9.0,6.8,4.0,54.4,80.0,3.14,78.49,67.17,IT,Huế,Male
54,19,28.8,88.5,62.0,2.4,7.6,4.6,63.1,98.3,3.99,99.86,80.7,CE,Huế,Female
55,21,30.1,91.0,73.9,4.3,8.0,4.8,61.3,86.9,3.74,93.44,74.08,CS,TP.HCM,Female
56,26,21.2,97.7,79.7,7.2,5.7,4.2,62.3,99.2,4.0,100.0,80.78,SE,Huế,Female
57,29,18.8,83.5,78.7,3.5,8.8,2.0,54.6,62.9,2.68,66.97,58.74,IT,Cần Thơ,Female
58,19,37.9,73.8,81.0,,5.9,3.8,60.8,94.4,3.65,91.13,77.58,CS,Cần Thơ,Female
59,27,26.8,,100.0,6.4,6.2,4.7,59.0,87.7,3.32,83.04,73.35,DS,TP.HCM,Female
60,26,30.1,79.7,63.8,2.2,7.1,3.9,58.9,83.1,3.33,83.22,71.0,AI,Đà Nẵng,Male
61,27,18.4,78.1,69.3,8.4,8.1,3.8,47.7,54.0,2.29,57.29,50.82,IT,TP.HCM,Female
62,22,15.2,67.0,100.0,2.8,7.8,2.8,50.3,75.9,3.01,75.37,63.1,SE,Huế,Female
63,19,20.4,90.7,70.8,7.9,6.9,1.1,38.0,81.2,3.58,89.39,59.57,DS,Đà Nẵng,Male
64,21,,68.8,85.9,6.3,7.3,5.3,53.6,80.9,3.35,83.72,67.22,SE,Đà Nẵng,Female
65,29,16.5,77.5,95.5,4.9,8.3,2.4,51.3,65.4,2.55,63.84,58.34,AI,Hà Nội,Female
66,29,24.9,90.9,87.3,3.2,7.0,4.3,61.8,84.1,3.33,83.29,72.94,CE,Cần Thơ,Male
67,24,11.5,92.2,82.9,6.8,6.0,6.2,55.8,68.1,2.61,65.31,61.91,AI,TP.HCM,Female
68,29,16.0,78.5,94.1,3.8,6.3,3.9,47.7,67.2,2.78,69.59,57.48,CE,TP.HCM,Female
69,30,30.4,83.7,66.6,9.0,8.1,4.3,66.6,100.0,3.92,98.04,83.28,CE,TP.HCM,Male
70,25,29.8,76.3,72.6,9.1,6.0,1.1,63.4,86.8,3.51,87.77,75.08,IT,Huế,Male
71,20,21.9,79.5,88.0,10.1,5.1,1.4,55.3,72.8,3.22,80.41,64.03,AI,Huế,Male
72,18,16.9,87.7,49.0,6.7,6.6,4.4,40.4,70.8,2.92,73.12,55.6,CE,Hà Nội,Male
73,21,16.8,,100.0,5.0,6.9,1.7,57.8,75.4,3.01,75.14,66.58,AI,TP.HCM,Male
74,19,22.0,82.6,84.6,,8.0,0.5,54.6,84.7,3.34,83.61,69.66,SE,Đà Nẵng,Female
75,25,,70.4,82.3,5.1,5.3,0.0,56.3,97.9,4.0,100.0,77.09,IT,Cần Thơ,Male
76,21,32.4,96.3,55.5,6.6,7.4,2.2,55.1,92.7,3.79,94.65,73.89,AI,Huế,Male
77,19,21.0,90.1,60.7,7.1,8.4,2.2,36.0,81.4,3.41,85.14,58.65,CS,Đà Nẵng,Female
78,23,15.8,92.9,74.0,9.1,6.0,4.0,65.0,81.2,3.13,78.28,73.11,DS,Hà Nội,Male
79,23,27.1,97.9,92.1,,7.1,1.0,62.3,100.0,3.73,93.35,81.17,AI,TP.HCM,Male
80,27,18.4,76.7,48.9,2.5,4.4,4.6,42.0,78.6,3.4,84.99,60.3,AI,Hà Nội,Male
81,21,20.9,81.4,91.8,5.0,8.0,0.7,43.4,68.5,2.95,73.79,55.93,AI,Đà Nẵng,Female
82,23,35.6,66.1,74.6,9.9,8.0,0.7,59.5,100.0,3.79,94.71,79.76,CE,Hà Nội,Female
83,30,31.6,100.0,76.6,2.1,7.0,2.7,69.8,100.0,4.0,100.0,84.89,DS,Huế,Male
84,19,26.3,83.5,83.8,7.8,5.4,2.6,62.0,78.8,3.42,85.62,70.36,SE,Đà Nẵng,Female
85,27,14.8,95.4,84.0,5.0,7.8,3.4,55.5,67.0,2.6,65.07,61.28,IT,Đà Nẵng,Male
86,29,26.7,72.6,69.3,3.8,6.7,0.7,49.3,92.4,3.69,92.18,70.83,IT,Cần Thơ,Male
87,19,,95.0,89.4,7.0,3.7,3.0,63.0,100.0,4.0,100.0,81.51,IT,Cần Thơ,Female
88,27,22.0,100.0,45.2,9.9,7.9,0.0,57.4,95.9,4.0,100.0,76.7,IT,Huế,Male
89,21,35.8,84.4,73.2,6.9,8.4,0.0,64.1,96.0,3.69,92.35,80.05,IT,Huế,Male
90,25,35.3,74.9,82.3,5.3,8.6,5.2,66.8,93.5,3.61,90.31,80.17,CS,Huế,Female
91,24,38.3,83.6,74.8,2.8,5.5,4.1,78.1,94.6,3.74,93.48,86.35,CE,Hà Nội,Female
92,29,27.4,62.7,52.6,5.8,4.7,2.5,56.6,78.6,3.19,79.86,67.56,SE,Cần Thơ,Male
93,26,29.7,84.6,91.4,2.7,6.5,0.0,55.6,91.7,3.77,94.3,73.62,SE,Đà Nẵng,Male
94,25,36.3,93.2,61.3,5.2,7.6,1.8,55.3,100.0,3.75,93.74,77.66,AI,TP.HCM,Male
95,22,28.6,84.6,79.0,5.8,5.9,3.2,60.4,87.9,3.39,84.81,74.15,DS,TP.HCM,Female
96,30,21.0,82.2,82.3,0.1,5.1,1.8,48.1,73.8,2.58,64.42,60.95,IT,Hà Nội,Female
97,19,21.4,90.3,80.3,9.5,7.9,4.8,57.8,84.6,3.54,88.44,71.22,IT,TP.HCM,Female
98,22,26.9,91.0,97.5,2.9,6.6,3.4,61.6,97.3,3.9,97.58,79.44,SE,Hà Nội,Male
99,25,14.7,68.4,79.2,5.5,7.7,1.1,58.0,81.9,3.23,80.85,69.97,SE,Huế,Female
100,27,23.9,,86.4,7.3,7.0,0.1,57.4,79.3,3.09,77.19,68.35,DS,Cần Thơ,Male
101,26,33.8,100.0,79.2,9.3,6.8,3.8,68.7,100.0,3.97,99.2,84.37,CE,Huế,Female
102,29,,71.6,89.2,4.0,6.9,3.8,36.4,54.3,2.25,56.29,45.34,DS,Hà Nội,Male
103,29,37.3,,100.0,,6.6,3.6,54.8,95.0,3.56,89.01,74.9,DS,Đà Nẵng,Female
104,29,34.0,100.0,82.1,8.7,6.4,5.0,73.5,100.0,3.85,96.32,86.77,IT,Đà Nẵng,Female
105,30,21.3,96.0,91.7,2.9,5.7,3.2,64.4,85.0,3.2,79.94,74.74,SE,Huế,Male
106,26,29.3,79.9,100.0,6.9,7.6,2.6,56.5,78.3,2.62,65.45,67.41,CE,TP.HCM,Female
107,30,25.0,87.1,100.0,7.1,8.5,3.6,42.3,74.6,3.34,83.53,58.48,CS,Đà Nẵng,Male
108,30,34.8,85.0,74.2,0.0,6.4,4.4,74.1,92.3,3.83,95.68,83.18,CE,Hà Nội,Female
109,18,32.9,77.5,95.5,2.0,9.2,3.5,70.2,96.5,3.7,92.45,83.35,DS,TP.HCM,Female
110,26,13.8,84.3,83.7,4.8,7.5,2.5,47.1,65.4,2.66,66.6,56.26,CE,Hà Nội,Male
111,24,29.7,82.2,96.8,0.0,7.3,4.0,67.6,88.8,3.32,83.0,78.22,CE,Huế,Female
112,26,23.4,86.1,88.5,2.7,7.8,2.6,55.1,82.9,3.42,85.42,69.02,CE,TP.HCM,Male
113,25,25.7,77.5,84.1,6.3,8.2,1.8,57.5,64.2,3.05,76.18,60.83,DS,Đà Nẵng,Male
114,18,19.2,72.2,86.5,5.8,6.5,2.7,38.0,64.6,2.78,69.4,51.33,SE,Đà Nẵng,Male
115,29,39.0,84.6,83.8,6.8,7.7,2.0,76.1,100.0,3.6,90.1,88.05,CS,Cần Thơ,Female
116,25,33.3,100.0,84.4,7.1,8.3,2.4,51.8,100.0,3.69,92.33,75.92,IT,Huế,Female
117,25,19.1,85.8,77.6,1.8,6.5,1.2,65.1,87.3,3.19,79.85,76.19,IT,TP.HCM,Male
118,28,14.3,81.7,76.2,,7.0,4.0,61.7,83.9,3.27,81.8,72.78,CE,Cần Thơ,Male
119,20,21.9,92.5,100.0,7.9,6.1,2.8,36.2,64.0,2.55,63.69,50.09,CS,Hà Nội,Male
120,18,28.5,,87.2,9.8,6.4,3.6,70.5,100.0,4.0,100.0,85.27,IT,Huế,Female
121,25,26.9,100.0,71.4,3.6,6.6,3.2,58.4,94.4,3.5,87.61,76.4,IT,Đà Nẵng,Female
122,20,35.0,85.0,75.8,6.6,5.9,1.1,67.2,96.2,3.85,96.36,81.71,DS,Hà Nội,Male
123,20,31.3,92.0,95.8,8.0,6.9,4.5,51.7,92.3,3.16,79.07,71.98,AI,Hà Nội,Male
124,18,32.8,77.5,69.0,6.6,7.4,2.2,58.8,100.0,3.79,94.85,79.38,SE,Hà Nội,Male
125,28,27.6,90.0,57.8,5.4,7.5,2.0,50.4,88.1,3.26,81.4,69.23,DS,Hà Nội,Male
126,22,13.9,87.8,58.9,4.4,6.0,2.8,42.7,68.5,2.31,57.76,55.56,SE,Huế,Male
127,27,23.4,84.4,54.1,11.0,6.3,2.9,64.4,92.9,3.87,96.68,78.65,AI,Cần Thơ,Female
128,24,33.5,80.0,60.5,6.2,8.0,6.4,69.6,95.0,3.67,91.73,82.3,SE,Huế,Female
129,27,24.6,78.6,62.3,7.0,6.3,3.4,61.4,77.8,3.15,78.72,69.61,CS,Đà Nẵng,Male
130,26,29.0,87.8,100.0,6.8,8.0,1.8,55.9,100.0,3.72,93.08,77.95,DS,TP.HCM,Female
131,29,22.5,91.3,79.3,4.0,6.1,5.3,50.4,69.1,3.0,74.98,59.73,DS,Đà Nẵng,Female
132,24,16.8,83.7,74.6,6.1,7.5,0.1,37.8,69.0,2.57,64.22,53.37,AI,TP.HCM,Female
133,26,24.0,87.9,58.3,5.2,7.9,1.8,61.3,86.2,3.67,91.79,73.76,CE,Đà Nẵng,Male
134,25,27.5,84.6,77.9,5.1,3.8,1.7,72.8,87.6,3.72,92.93,80.2,CS,Cần Thơ,Female
135,29,19.8,86.0,53.9,6.8,8.0,2.5,63.6,71.7,2.92,72.97,67.66,IT,Đà Nẵng,Male
136,19,23.1,83.0,74.5,3.7,8.6,3.0,55.0,80.4,3.29,82.17,67.71,AI,TP.HCM,Female
137,18,17.5,85.2,100.0,3.0,6.6,3.2,54.6,78.6,2.94,73.55,66.6,SE,Huế,Male
138,24,,100.0,90.0,7.3,7.4,3.1,67.3,100.0,3.68,91.9,83.66,AI,TP.HCM,Female
139,24,22.6,88.1,76.9,4.7,6.0,3.4,62.0,78.9,3.2,79.9,70.48,CE,Cần Thơ,Female
140,25,,91.5,90.5,5.1,7.4,2.4,79.3,100.0,4.0,100.0,89.63,CE,TP.HCM,Male
141,22,37.2,89.4,72.2,1.2,10.0,4.4,62.1,100.0,3.92,98.12,81.03,CS,Hà Nội,Male
142,20,24.4,82.4,68.0,,4.4,0.1,51.6,78.4,2.97,74.27,65.0,DS,TP.HCM,Female
143,29,16.9,97.9,100.0,7.3,6.4,0.0,50.2,75.4,2.84,71.12,62.83,CE,TP.HCM,Female
144,25,8.3,82.1,62.9,7.8,8.0,3.6,43.3,69.8,2.49,62.36,56.53,SE,Đà Nẵng,Female
145,23,13.2,95.6,74.7,7.0,8.5,2.0,54.7,61.3,2.64,66.1,58.02,IT,Đà Nẵng,Female
146,28,14.0,,84.6,2.2,5.3,5.1,47.3,57.7,2.17,54.19,52.46,IT,Huế,Female
147,20,36.0,75.4,66.0,6.6,6.2,4.1,56.9,100.0,3.81,95.27,78.47,IT,Hà Nội,Male
148,18,25.9,88.7,89.8,4.5,6.3,3.4,51.4,79.9,3.32,83.02,65.65,CS,Huế,Male
149,20,28.1,74.0,75.4,3.6,6.2,1.8,48.4,77.7,3.0,75.03,63.01,DS,Hà Nội,Male
150,22,7.2,90.4,90.0,7.3,6.9,3.5,43.2,57.7,2.19,54.7,50.43,DS,TP.HCM,Female
151,20,15.4,73.1,88.8,10.1,5.3,1.9,55.3,67.9,2.94,73.51,61.56,AI,Hà Nội,Male
152,18,32.1,,76.4,9.7,6.7,2.6,64.5,91.2,3.42,85.44,77.85,CS,Cần Thơ,Female
153,22,27.3,70.7,100.0,7.6,5.9,2.0,60.3,85.9,3.22,80.41,73.09,CS,TP.HCM,Female
154,27,23.8,100.0,70.0,5.9,6.9,2.9,49.7,95.3,3.43,85.79,72.49,SE,Hà Nội,Male
155,24,29.5,68.5,100.0,5.5,6.2,2.1,48.6,75.4,3.01,75.26,62.0,IT,Hà Nội,Male
156,24,38.1,85.1,97.6,3.7,6.8,4.0,67.7,98.6,3.82,95.62,83.11,IT,Đà Nẵng,Female
157,28,23.2,96.4,100.0,5.3,5.8,3.2,66.2,90.3,3.98,99.59,78.26,AI,Hà Nội,Female
158,26,25.6,95.4,82.6,8.3,8.1,1.7,64.8,100.0,3.88,97.04,82.4,CE,Huế,Female
159,27,26.5,93.5,68.2,10.6,6.6,1.8,53.9,85.9,3.57,89.14,69.88,CE,Cần Thơ,Male
160,27,44.1,81.8,100.0,4.0,7.0,0.6,87.6,100.0,3.83,95.65,93.78,IT,Đà Nẵng,Male
161,29,8.2,98.5,75.0,1.0,6.8,0.0,30.7,44.7,1.95,48.79,37.71,IT,TP.HCM,Female
162,30,30.5,94.1,67.8,4.7,7.0,3.9,62.2,89.4,3.87,96.63,75.78,IT,Huế,Female
163,20,,87.1,77.2,8.3,7.0,2.0,56.9,77.9,3.01,75.24,67.38,DS,TP.HCM,Female
164,24,29.5,87.4,65.3,11.2,8.0,0.7,58.7,82.5,3.26,81.61,70.57,CE,Huế,Male
165,18,19.7,82.0,87.9,9.3,6.7,3.2,56.0,78.3,3.09,77.26,67.19,AI,Đà Nẵng,Female
166,21,24.6,,70.9,9.2,6.1,1.4,53.3,78.6,3.2,79.99,65.98,IT,TP.HCM,Male
167,30,30.7,97.4,75.7,3.9,7.1,2.4,51.4,100.0,4.0,100.0,75.7,CS,Huế,Male
168,21,49.9,98.1,94.5,3.9,6.3,0.6,76.5,100.0,3.88,96.88,88.24,CE,TP.HCM,Male
169,22,31.5,76.2,89.4,2.7,6.9,3.5,61.3,99.0,4.0,100.0,80.12,CS,Huế,Male
170,24,18.2,83.5,80.2,4.3,5.7,2.6,58.0,76.1,3.09,77.14,67.07,CS,Cần Thơ,Female
171,24,21.6,83.6,82.6,8.3,8.3,3.2,64.4,76.6,3.38,84.47,70.48,SE,Đà Nẵng,Male
172,30,21.4,84.7,80.2,10.1,6.1,1.9,47.3,82.2,3.36,83.92,64.77,CS,Cần Thơ,Female
173,28,10.6,85.6,73.5,6.9,8.4,2.9,58.4,60.8,2.15,53.82,59.6,IT,Cần Thơ,Male
174,30,22.4,94.5,80.0,5.4,6.9,0.3,52.7,93.2,3.87,96.76,72.96,CS,Hà Nội,Male
175,21,30.9,77.5,87.4,3.3,8.0,5.9,55.9,81.8,3.28,81.88,68.89,CS,TP.HCM,Male
176,30,14.8,76.5,78.1,5.7,6.1,3.1,44.5,72.0,2.82,70.62,58.27,AI,Cần Thơ,Female
177,24,33.4,97.4,86.3,6.5,4.6,5.1,50.0,97.4,4.0,100.0,73.72,SE,Huế,Male
178,28,28.9,80.4,67.4,2.3,5.0,2.1,55.6,79.7,3.03,75.84,67.65,IT,Đà Nẵng,Female
179,20,19.1,72.4,70.9,8.3,10.0,0.9,60.0,86.2,3.41,85.22,73.1,CE,Hà Nội,Female
180,23,23.9,80.1,69.0,4.9,6.3,1.8,58.5,98.5,3.84,95.94,78.52,DS,Đà Nẵng,Male
181,29,37.8,81.7,71.5,8.2,8.3,2.4,67.3,96.3,3.99,99.68,81.79,IT,Hà Nội,Male
182,19,30.9,100.0,99.3,6.0,5.4,2.3,65.8,94.3,3.71,92.71,80.06,AI,Huế,Male
183,27,25.1,94.2,90.9,6.7,7.2,5.3,67.4,91.8,3.7,92.49,79.59,IT,Cần Thơ,Male
184,30,23.1,96.5,63.8,4.2,7.4,1.2,50.2,91.0,3.67,91.84,70.61,IT,Cần Thơ,Male
185,26,25.6,93.2,86.6,5.1,10.0,1.6,65.0,100.0,4.0,100.0,82.48,DS,Hà Nội,Male
186,22,,94.5,74.1,7.6,6.6,3.6,55.3,79.5,3.09,77.16,67.44,AI,Cần Thơ,Female
187,23,8.2,78.1,69.8,5.7,6.1,0.1,37.0,58.3,2.57,64.29,47.61,AI,Huế,Female
188,29,41.3,83.0,57.7,3.2,7.4,2.4,71.9,100.0,4.0,100.0,85.97,IT,Cần Thơ,Male
189,29,26.2,75.1,94.6,6.3,5.9,2.7,56.6,79.9,3.57,89.3,68.24,IT,TP.HCM,Male
190,29,28.2,82.9,59.5,7.0,7.5,3.2,52.5,81.7,3.09,77.17,67.1,SE,Cần Thơ,Female
191,29,24.5,91.8,79.2,9.4,6.9,3.0,49.2,72.4,2.93,73.3,60.77,CE,Hà Nội,Female
192,21,19.1,86.3,65.8,8.9,6.1,5.5,49.0,81.8,2.96,73.88,65.42,DS,Hà Nội,Male
193,28,23.5,98.1,91.6,5.8,7.6,1.2,53.5,87.2,3.26,81.55,70.34,CS,Cần Thơ,Male
194,27,12.2,73.6,75.0,4.6,7.1,1.5,54.3,79.0,3.31,82.71,66.67,CS,Cần Thơ,Male
195,24,,90.0,78.0,5.4,7.9,3.4,69.3,100.0,3.98,99.41,84.65,SE,Huế,Female
196,29,,72.5,78.5,4.7,9.0,2.8,44.4,62.1,2.29,57.28,53.26,CS,TP.HCM,Male
197,26,16.7,85.9,84.5,7.3,6.4,3.0,58.9,67.7,2.86,71.62,63.32,AI,Cần Thơ,Male
198,24,21.5,92.4,80.2,8.6,6.5,0.4,65.1,100.0,4.0,100.0,82.55,IT,TP.HCM,Male
199,18,35.3,82.9,79.4,9.1,5.4,5.8,57.7,81.4,2.78,69.47,69.56,CS,Hà Nội,Female
200,18,25.1,90.5,72.2,5.0,7.6,3.2,48.1,80.3,3.43,85.85,64.21,IT,Huế,Male
201,26,15.1,75.4,56.4,4.7,6.2,0.1,51.5,67.2,2.7,67.5,59.35,DS,Cần Thơ,Female
202,28,35.0,,63.2,4.9,7.4,3.4,60.0,86.8,3.36,84.1,73.41,CE,Đà Nẵng,Female
203,26,30.8,90.6,90.8,1.2,8.4,0.8,57.6,87.1,3.21,80.37,72.36,SE,Đà Nẵng,Female
204,21,29.3,100.0,75.4,3.0,6.2,3.9,69.8,89.2,3.66,91.52,79.49,IT,Hà Nội,Male
205,30,30.7,75.0,70.0,5.9,6.4,0.5,57.3,83.3,3.24,80.88,70.32,AI,Hà Nội,Female
206,26,44.2,97.2,58.9,6.9,8.2,4.0,87.1,100.0,3.97,99.26,93.54,AI,Đà Nẵng,Male
207,20,42.5,85.4,54.2,7.2,7.8,0.7,70.0,100.0,4.0,100.0,85.02,DS,Đà Nẵng,Male
208,24,19.5,71.6,69.5,4.0,7.7,1.0,51.6,69.1,2.87,71.7,60.34,IT,TP.HCM,Female
209,23,38.0,73.7,93.3,4.8,6.5,2.7,81.3,100.0,4.0,100.0,90.67,SE,Hà Nội,Female
210,25,28.1,85.2,71.6,5.3,5.3,1.6,61.1,82.1,3.59,89.63,71.6,SE,Đà Nẵng,Female
211,28,29.0,81.0,86.0,5.0,6.1,1.7,53.6,88.5,3.18,79.57,71.02,CE,Đà Nẵng,Female
212,26,,71.9,71.0,7.7,5.8,0.2,36.7,59.2,2.25,56.32,47.95,SE,Huế,Male
213,22,23.6,68.1,89.6,2.7,7.7,2.0,49.5,78.6,3.36,84.05,64.06,AI,Đà Nẵng,Female
214,18,18.5,76.5,74.7,3.1,7.3,3.8,52.1,68.7,3.16,78.99,60.4,AI,Đà Nẵng,Female
215,20,31.6,86.9,61.5,5.3,6.3,5.3,68.6,89.4,3.81,95.25,79.01,DS,Đà Nẵng,Female
216,27,33.6,84.9,76.0,2.6,6.5,3.7,51.6,91.8,3.77,94.31,71.71,AI,Cần Thơ,Female
217,29,8.4,80.0,100.0,1.2,7.6,3.5,43.3,63.7,2.72,68.06,53.5,CS,Đà Nẵng,Female
218,25,24.8,87.0,100.0,2.3,6.6,0.0,66.3,82.8,3.48,87.05,74.54,CS,Hà Nội,Female
219,28,34.0,95.4,87.3,5.4,6.3,2.5,66.8,96.9,3.76,94.06,81.85,SE,Cần Thơ,Male
220,23,23.5,88.9,77.9,7.6,9.4,1.5,66.1,78.7,3.27,81.8,72.44,DS,Cần Thơ,Female
221,25,30.8,83.8,84.6,7.6,6.3,0.2,49.4,79.4,2.98,74.53,64.37,SE,Huế,Female
222,26,27.8,94.3,84.8,10.0,7.8,0.6,58.3,87.6,3.53,88.33,72.97,SE,Cần Thơ,Male
223,21,27.7,75.4,79.4,6.3,7.5,3.5,58.0,78.6,3.04,76.12,68.28,AI,Đà Nẵng,Male
224,18,22.8,82.8,86.6,6.6,5.2,1.7,58.7,89.3,3.67,91.7,74.0,CS,Huế,Male
225,18,15.3,83.0,83.1,5.4,6.2,0.3,42.5,68.8,2.65,66.21,55.68,DS,Huế,Male
226,27,16.0,72.6,75.3,5.5,8.0,1.5,51.0,79.5,3.19,79.87,65.26,CS,TP.HCM,Female
227,21,30.7,80.8,62.1,11.2,6.8,2.9,63.8,100.0,3.8,94.98,81.92,CE,Cần Thơ,Male
228,29,25.2,64.3,73.1,6.7,5.2,1.5,53.0,77.8,3.04,75.96,65.38,AI,Huế,Male
229,24,23.9,100.0,92.0,6.9,7.5,0.7,61.4,74.6,3.22,80.44,68.03,AI,TP.HCM,Male
230,19,21.6,75.6,79.5,3.1,6.3,1.1,54.9,81.3,2.88,71.99,68.1,IT,Huế,Female
231,20,22.6,100.0,84.5,7.0,7.5,3.8,52.0,93.6,3.76,93.92,72.8,CE,Cần Thơ,Male
232,18,33.4,85.4,75.8,7.6,10.0,0.0,61.7,100.0,4.0,100.0,80.83,CE,Cần Thơ,Male
233,22,22.3,,64.1,8.8,7.5,2.1,46.0,82.3,3.47,86.75,64.13,AI,Hà Nội,Male
234,18,14.3,80.1,76.4,7.6,7.7,2.3,36.5,61.7,2.48,62.08,49.08,AI,Đà Nẵng,Female
235,25,30.9,87.1,64.7,5.7,6.7,1.4,63.2,85.6,3.57,89.36,74.39,CS,Đà Nẵng,Female
236,18,23.4,91.5,63.7,5.6,5.7,1.1,42.0,84.7,3.24,80.97,63.35,DS,Đà Nẵng,Male
237,28,25.3,91.6,98.1,5.8,8.2,4.0,55.9,84.9,3.54,88.54,70.37,CS,Hà Nội,Male
238,18,37.9,92.7,73.7,,6.3,4.0,70.4,100.0,4.0,100.0,85.2,CS,Hà Nội,Male
239,19,24.8,81.3,68.9,9.2,6.7,2.7,55.9,78.6,3.19,79.78,67.27,IT,TP.HCM,Male
240,19,27.3,80.2,100.0,8.7,9.2,1.7,73.9,100.0,4.0,100.0,86.95,CS,Đà Nẵng,Male
241,29,15.6,69.1,92.2,7.9,6.6,2.7,50.2,69.0,2.56,63.97,59.64,DS,TP.HCM,Female
242,23,23.2,90.2,74.4,11.1,8.5,3.1,54.0,80.2,2.98,74.45,67.1,DS,TP.HCM,Female
243,24,29.9,95.8,86.4,0.0,7.5,2.3,66.3,88.4,3.69,92.26,77.35,IT,Huế,Male
244,22,12.6,100.0,76.5,4.8,6.3,3.1,39.6,57.5,2.79,69.87,48.54,CS,Đà Nẵng,Male
245,18,26.6,88.1,69.6,6.0,7.4,2.0,65.7,96.3,3.87,96.78,80.99,AI,Hà Nội,Male
246,18,25.8,77.3,87.1,4.3,6.1,0.0,52.2,77.8,3.29,82.22,64.98,AI,TP.HCM,Male
247,20,25.3,68.0,75.1,3.7,8.1,2.2,62.5,79.0,2.57,64.33,70.76,AI,Đà Nẵng,Male
248,19,33.3,95.4,81.1,1.7,8.5,3.5,67.3,96.8,3.99,99.83,82.03,DS,Cần Thơ,Female
249,22,27.7,67.0,95.3,5.2,7.1,2.5,60.5,75.3,2.91,72.8,67.88,AI,Đà Nẵng,Female
250,29,36.8,81.6,93.7,8.2,8.6,3.0,60.7,96.0,4.0,100.0,78.37,DS,TP.HCM,Male
251,27,17.1,82.8,71.7,7.9,7.2,2.1,41.6,70.1,2.96,73.93,55.83,SE,Cần Thơ,Female
252,23,26.1,84.3,87.3,4.1,8.1,2.2,48.5,74.7,3.0,75.09,61.58,IT,Đà Nẵng,Female
253,24,25.7,85.4,63.1,6.6,10.0,2.8,44.2,83.4,3.23,80.63,63.77,SE,Cần Thơ,Female
254,21,16.4,86.4,86.8,9.4,10.0,5.4,47.4,61.6,2.72,67.97,54.49,CE,TP.HCM,Male
255,24,32.7,60.8,82.2,2.2,6.8,3.8,54.2,81.2,3.51,87.73,67.7,CE,Huế,Male
256,28,43.6,85.1,85.7,5.6,7.4,3.6,78.1,100.0,3.84,95.96,89.03,CS,Đà Nẵng,Female
257,25,24.9,62.7,75.5,6.7,5.7,2.8,45.3,73.3,3.17,79.19,59.32,AI,Huế,Female
258,28,29.0,92.3,100.0,6.0,8.0,0.5,77.1,87.2,3.69,92.27,82.14,CE,Cần Thơ,Male
259,18,25.7,79.4,66.5,8.1,7.5,4.3,48.7,58.0,2.37,59.33,53.31,DS,Đà Nẵng,Male
260,23,19.3,63.4,94.6,2.3,6.1,3.9,42.2,70.5,2.99,74.64,56.34,DS,Hà Nội,Male
261,25,,76.9,64.5,3.5,8.4,3.0,33.3,62.4,2.61,65.28,47.85,DS,Huế,Male
262,22,19.4,,87.6,7.7,6.7,2.4,51.5,78.4,2.93,73.25,64.96,IT,Huế,Female
263,21,13.9,96.9,88.6,1.7,6.4,3.3,47.5,70.5,2.89,72.31,59.02,CS,Cần Thơ,Male
264,19,38.6,87.0,80.8,8.0,7.5,2.2,66.2,100.0,3.97,99.36,83.11,IT,TP.HCM,Female
265,23,24.1,88.4,72.6,7.1,6.4,3.6,59.4,84.8,3.18,79.41,72.11,AI,Hà Nội,Male
266,23,22.2,96.8,82.1,7.9,7.0,1.2,63.6,93.2,3.57,89.32,78.4,CE,TP.HCM,Male
267,28,32.1,,84.0,4.8,9.1,0.0,52.9,90.6,3.29,82.34,71.78,SE,Đà Nẵng,Male
268,18,16.0,92.5,100.0,7.3,6.3,0.7,51.0,78.6,2.8,69.9,64.82,IT,TP.HCM,Male
269,26,,91.8,66.9,3.1,7.8,2.7,59.3,91.7,3.55,88.86,75.54,IT,Huế,Female
270,29,25.5,72.1,71.7,5.0,6.3,2.0,46.8,70.1,3.03,75.64,58.44,AI,Hà Nội,Male
271,28,33.2,99.7,84.3,6.1,5.8,2.3,85.6,100.0,3.74,93.55,92.81,SE,Đà Nẵng,Male
272,23,29.0,70.8,76.2,3.8,6.9,0.6,74.9,86.1,3.2,80.09,80.52,SE,Đà Nẵng,Female
273,30,27.0,94.2,78.5,6.5,10.0,3.0,58.8,87.4,3.88,97.01,73.11,IT,Huế,Female
274,20,25.6,69.8,96.1,3.1,7.9,0.9,46.4,76.6,2.87,71.85,61.5,DS,TP.HCM,Male
275,21,28.2,91.0,37.7,6.7,7.6,3.2,52.5,81.3,3.26,81.45,66.89,DS,Đà Nẵng,Female
276,29,26.6,100.0,71.0,10.4,6.4,0.4,61.7,80.9,3.33,83.36,71.28,AI,Đà Nẵng,Male
277,28,16.8,82.9,53.9,2.9,6.5,1.2,54.8,64.4,2.54,63.41,59.6,CE,Đà Nẵng,Male
278,21,25.4,82.4,62.1,5.9,5.2,1.0,42.6,82.9,3.31,82.68,62.74,CS,Hà Nội,Female
279,20,,91.1,100.0,,9.2,3.4,43.9,66.6,2.5,62.56,55.23,CE,Huế,Female
280,27,25.6,81.7,89.0,3.9,7.3,1.8,57.6,83.5,3.21,80.22,70.51,AI,Đà Nẵng,Female
281,20,21.2,100.0,94.3,7.8,7.2,3.1,45.3,80.9,3.3,82.47,63.1,AI,Hà Nội,Female
282,20,45.3,86.9,78.8,4.9,7.2,4.2,69.8,100.0,3.76,93.99,84.9,DS,Hà Nội,Male
283,21,24.7,81.8,91.4,7.9,9.5,5.2,59.0,81.5,3.55,88.63,70.24,SE,Cần Thơ,Female
284,24,13.8,79.6,53.5,6.9,7.4,2.8,46.0,68.6,2.38,59.61,57.3,AI,Đà Nẵng,Male
285,21,23.9,75.7,95.6,,6.8,0.8,48.8,69.2,2.81,70.3,59.01,CS,Cần Thơ,Male
286,26,29.2,78.7,67.7,3.4,9.2,4.4,59.3,86.8,3.26,81.5,73.07,CE,Cần Thơ,Female
287,18,38.4,,72.0,7.7,6.8,4.8,69.8,95.3,3.91,97.71,82.58,CE,Hà Nội,Female
288,25,20.3,80.1,87.6,6.8,5.0,2.4,45.3,72.6,2.71,67.77,58.98,CS,Đà Nẵng,Female
289,24,12.3,78.4,84.7,2.2,5.2,4.5,48.6,66.2,2.77,69.17,57.41,SE,Hà Nội,Female
290,19,31.5,100.0,81.3,3.6,6.8,3.0,66.1,98.3,4.0,100.0,82.22,SE,TP.HCM,Female
291,25,14.0,74.7,59.6,0.0,7.3,0.0,50.6,64.6,2.76,69.11,57.58,DS,Đà Nẵng,Male
292,18,21.5,86.5,81.5,2.6,8.0,1.6,56.1,83.7,3.25,81.28,69.9,CE,TP.HCM,Female
293,28,22.9,90.9,94.4,5.2,5.9,1.7,56.8,81.5,3.56,89.02,69.15,CE,TP.HCM,Male
294,29,24.4,91.3,72.0,3.4,6.7,2.0,55.9,82.7,3.32,83.0,69.29,IT,Huế,Female
295,26,30.5,84.4,99.7,3.9,6.0,1.1,58.3,83.5,3.33,83.25,70.88,IT,TP.HCM,Female
296,26,19.5,82.6,66.9,9.5,8.3,1.1,57.5,83.0,3.43,85.73,70.22,DS,TP.HCM,Male
297,19,22.8,89.5,80.1,8.6,8.5,4.5,54.8,82.2,2.96,74.01,68.5,SE,Cần Thơ,Male
298,24,24.9,87.7,100.0,,9.3,0.0,60.8,84.2,3.32,83.03,72.5,CS,Đà Nẵng,Female
299,27,26.2,82.4,69.8,8.0,7.4,1.4,60.9,79.2,3.24,80.99,70.04,DS,TP.HCM,Male
300,20,25.8,69.4,95.8,9.0,9.2,3.4,47.7,95.9,3.72,93.0,71.81,AI,Cần Thơ,Male
301,24,28.5,80.3,100.0,7.5,6.2,1.7,56.0,63.2,2.52,63.02,59.62,CE,Hà Nội,Male
302,29,31.8,73.5,82.6,6.7,7.3,3.1,59.4,83.8,3.69,92.13,71.61,IT,Hà Nội,Male
303,27,28.1,78.3,72.1,8.7,5.7,1.9,58.5,83.4,3.18,79.44,70.98,SE,Đà Nẵng,Female
304,26,28.6,85.3,68.4,7.9,7.7,3.2,62.5,98.5,4.0,100.0,80.5,CE,TP.HCM,Male
305,21,12.3,,99.6,3.0,7.3,0.9,48.9,66.9,2.55,63.78,57.9,CS,Huế,Female
306,29,25.4,100.0,99.2,5.5,4.1,0.0,59.4,93.1,3.74,93.55,76.26,AI,Huế,Female
307,18,28.8,79.6,100.0,4.6,8.3,1.9,55.3,83.6,3.45,86.31,69.47,AI,TP.HCM,Female
308,19,,92.7,79.5,8.9,8.0,0.0,70.0,100.0,4.0,100.0,84.98,IT,Hà Nội,Male
309,18,19.5,88.1,95.6,4.5,6.3,2.4,55.4,82.4,3.37,84.3,68.92,IT,Hà Nội,Male
310,29,19.7,98.0,79.3,4.1,7.3,0.8,53.6,77.1,3.23,80.83,65.38,CE,Cần Thơ,Female
311,22,20.4,90.8,66.8,8.6,5.2,0.8,51.0,85.5,3.38,84.58,68.23,IT,Cần Thơ,Female
312,22,29.3,74.9,96.9,6.6,6.1,4.7,60.3,85.4,3.33,83.27,72.86,CS,Huế,Female
313,28,33.3,67.8,100.0,11.3,9.0,2.9,60.3,100.0,4.0,100.0,80.17,SE,Cần Thơ,Male
314,24,21.7,88.1,64.7,3.8,5.6,0.2,43.1,88.3,3.17,79.14,65.72,IT,TP.HCM,Female
315,26,32.3,79.7,64.4,4.7,7.0,2.4,53.7,92.5,3.62,90.5,73.12,SE,Cần Thơ,Female
316,26,26.0,75.2,80.6,8.8,5.3,2.3,65.6,84.8,3.34,83.55,75.17,CS,Đà Nẵng,Male
317,20,24.0,72.3,94.3,2.8,7.4,0.0,56.6,75.7,3.06,76.57,66.15,SE,Huế,Female
318,20,23.3,86.6,63.0,9.3,7.7,3.0,50.7,88.0,3.7,92.55,69.36,CS,Hà Nội,Male
319,20,31.0,100.0,83.4,3.0,7.9,3.9,60.4,100.0,4.0,100.0,80.22,AI,Cần Thơ,Female
320,21,27.6,80.9,71.1,7.5,7.6,1.9,51.4,82.3,3.25,81.21,66.84,CS,Đà Nẵng,Male
321,25,,90.9,90.5,1.4,8.7,2.1,67.1,100.0,4.0,100.0,83.55,CE,Hà Nội,Male
322,23,18.2,84.0,68.0,6.1,6.3,1.7,58.9,82.3,3.35,83.73,70.61,SE,Cần Thơ,Female
323,25,29.1,72.1,91.6,2.6,5.7,3.1,56.3,92.4,3.72,93.06,74.37,SE,TP.HCM,Male
324,18,20.8,92.3,77.6,10.8,6.3,2.1,60.7,78.0,3.44,85.96,69.31,IT,Huế,Female
325,25,18.0,74.1,65.9,3.3,5.4,2.2,61.8,79.7,3.38,84.55,70.78,AI,Hà Nội,Female
326,21,24.9,85.2,81.0,3.9,7.1,1.3,53.5,100.0,4.0,100.0,76.75,DS,Hà Nội,Male
327,28,26.1,81.6,50.9,7.3,6.8,5.6,47.1,81.1,2.85,71.35,64.11,CS,Đà Nẵng,Female
328,18,48.3,,71.6,4.5,7.6,2.1,78.6,100.0,4.0,100.0,89.3,DS,Huế,Female
329,25,23.5,74.4,85.1,7.7,5.1,3.6,47.7,79.2,3.47,86.66,63.44,CE,Huế,Male
330,21,16.0,88.9,53.4,4.2,7.0,2.9,50.3,77.9,2.98,74.5,64.11,CS,Đà Nẵng,Female
331,23,27.2,76.6,41.4,4.0,8.5,0.0,58.1,76.9,3.05,76.3,67.51,CE,Cần Thơ,Female
332,25,8.4,79.9,44.9,5.9,7.7,1.9,57.2,81.9,3.29,82.33,69.55,CE,Đà Nẵng,Female
333,21,,48.6,99.9,3.0,4.7,0.8,52.9,73.0,2.83,70.78,62.97,CS,Hà Nội,Male
334,20,25.1,100.0,78.8,7.0,7.0,4.0,55.4,93.0,3.65,91.27,74.2,AI,Hà Nội,Male
335,26,31.4,90.5,72.0,8.2,6.1,0.6,66.8,98.9,4.0,100.0,82.84,IT,TP.HCM,Female
336,20,,77.3,94.2,7.4,7.0,3.2,67.3,100.0,4.0,100.0,83.65,AI,Huế,Female
337,26,21.0,73.8,73.9,7.6,6.5,4.0,60.8,74.3,3.09,77.26,67.57,DS,Hà Nội,Male
338,30,23.8,80.0,84.0,1.2,9.1,2.9,47.9,68.0,2.8,69.9,57.98,DS,Hà Nội,Male
339,19,18.9,92.2,80.4,4.8,7.1,2.5,62.7,81.8,3.29,82.25,72.22,CS,Huế,Female
340,19,16.0,66.1,72.9,5.4,7.4,1.9,64.0,76.3,2.83,70.66,70.16,IT,Cần Thơ,Male
341,19,27.5,83.6,84.4,9.6,6.9,2.3,67.7,88.9,3.75,93.72,78.28,SE,Huế,Female
342,23,14.8,100.0,91.6,4.5,7.6,0.5,62.0,75.6,3.01,75.33,68.78,SE,Hà Nội,Female
343,20,21.7,73.7,77.2,0.2,6.7,2.8,49.1,77.5,2.79,69.74,63.29,IT,Huế,Female
344,30,17.0,85.8,73.1,3.5,7.9,4.1,63.3,71.2,2.88,71.98,67.24,CE,Cần Thơ,Male
345,26,29.4,100.0,74.9,4.3,6.5,1.2,58.5,100.0,4.0,100.0,79.24,CS,Hà Nội,Female
346,21,39.4,91.3,45.5,0.6,8.7,2.5,68.0,100.0,4.0,100.0,83.98,CE,Cần Thơ,Female
347,18,14.6,86.3,84.2,8.4,7.6,2.3,45.4,73.4,2.66,66.62,59.38,SE,TP.HCM,Female
348,21,10.2,90.1,61.9,2.1,6.8,3.0,41.8,54.7,2.17,54.17,48.26,CE,Cần Thơ,Female
349,18,24.0,81.0,89.4,7.1,8.0,1.7,55.1,93.1,3.59,89.66,74.09,CE,Hà Nội,Female
350,22,25.1,98.0,78.6,3.3,7.6,0.2,49.9,90.7,3.46,86.51,70.28,CS,Huế,Female
351,21,26.7,81.0,81.6,,8.0,0.8,52.1,89.2,3.61,90.34,70.64,CE,Cần Thơ,Female
352,25,21.4,65.4,90.5,5.3,7.1,0.0,43.6,60.3,2.32,58.08,51.95,AI,Huế,Female
353,25,23.4,81.1,66.1,4.8,6.7,3.7,66.2,79.5,3.28,81.97,72.83,DS,Hà Nội,Male
354,24,27.9,75.3,85.5,7.3,7.2,3.1,69.4,91.8,3.49,87.3,80.58,IT,Huế,Male
355,20,,,84.0,3.5,6.4,2.5,81.4,94.5,3.75,93.76,87.94,AI,Hà Nội,Male
356,18,9.4,82.4,77.2,7.4,8.2,1.5,43.9,57.1,2.34,58.55,50.5,SE,Hà Nội,Female
357,18,22.0,97.0,66.1,4.8,8.8,2.3,56.3,91.2,3.73,93.32,73.77,CE,Cần Thơ,Female
358,29,26.7,92.0,88.9,4.5,7.7,2.5,64.6,87.2,3.53,88.17,75.92,AI,TP.HCM,Female
359,28,17.7,87.6,90.6,5.8,8.7,1.7,41.8,74.9,2.99,74.7,58.36,AI,Đà Nẵng,Male
360,20,38.8,85.0,81.7,3.3,8.4,1.8,59.5,94.9,3.68,92.0,77.22,SE,Cần Thơ,Male
361,23,19.9,74.4,63.9,5.5,6.7,4.5,39.1,73.3,3.25,81.29,56.23,AI,TP.HCM,Male
362,24,24.7,63.2,72.1,6.8,8.0,0.6,59.3,70.6,2.87,71.71,64.95,IT,Cần Thơ,Female
363,23,29.4,86.1,79.1,0.2,5.5,4.0,53.5,93.2,3.5,87.53,73.38,SE,Cần Thơ,Male
364,23,20.3,92.9,90.3,8.7,7.2,0.1,61.7,100.0,3.61,90.18,80.83,SE,Hà Nội,Male
365,23,10.2,83.9,56.2,8.0,5.6,4.9,41.8,57.4,2.53,63.37,49.59,CS,TP.HCM,Male
366,30,21.6,79.7,71.5,1.4,6.9,0.0,53.2,73.6,2.69,67.15,63.37,CE,Đà Nẵng,Male
367,20,33.2,89.6,74.0,1.0,5.3,3.2,62.1,100.0,4.0,100.0,81.04,SE,Huế,Male
368,23,22.3,84.2,78.8,8.1,8.3,1.5,55.8,82.2,3.05,76.19,68.97,CE,Hà Nội,Female
369,25,18.2,100.0,60.5,7.9,6.5,2.2,50.0,70.0,2.83,70.74,60.01,SE,Cần Thơ,Female
370,28,32.4,97.3,76.7,7.6,8.1,2.3,71.7,100.0,4.0,100.0,85.85,DS,Huế,Female
371,28,22.4,94.6,75.3,2.4,6.9,3.4,54.7,85.6,3.58,89.56,70.13,CS,Cần Thơ,Female
372,19,20.9,92.6,64.4,10.6,4.8,0.0,57.3,78.6,3.13,78.19,67.98,IT,Hà Nội,Female
373,22,26.2,72.1,78.2,4.1,6.4,2.5,56.3,76.9,3.06,76.41,66.57,AI,Cần Thơ,Female
374,18,31.2,91.6,71.9,6.6,6.4,2.8,54.5,99.7,3.77,94.36,77.11,DS,Hà Nội,Male
375,29,44.1,88.8,87.4,6.6,7.0,1.5,81.5,100.0,3.95,98.73,90.74,CE,Cần Thơ,Male
376,18,31.6,91.1,66.7,10.0,8.8,2.3,57.5,83.4,3.34,83.62,70.46,CS,Huế,Female
377,22,34.3,89.9,81.3,6.3,9.0,1.5,70.3,96.1,3.85,96.34,83.2,SE,Hà Nội,Male
378,29,21.0,89.5,67.9,7.0,6.7,3.3,59.6,89.7,3.55,88.83,74.64,SE,TP.HCM,Male
379,30,16.8,100.0,71.0,5.8,5.5,3.0,41.4,72.0,2.67,66.64,56.68,CS,Huế,Male
380,20,25.5,84.2,84.5,3.0,6.1,2.8,55.4,80.1,2.95,73.64,67.77,CS,Hà Nội,Female
381,21,25.9,94.4,83.5,0.2,7.6,3.5,62.9,90.3,3.91,97.85,76.61,DS,Hà Nội,Female
382,20,,80.3,73.7,6.1,6.9,4.4,47.2,73.5,3.06,76.49,60.35,DS,TP.HCM,Male
383,18,23.6,92.9,76.0,2.5,5.1,1.0,55.7,98.1,4.0,100.0,76.87,DS,Cần Thơ,Male
384,18,28.2,94.4,58.2,6.9,6.4,5.8,61.9,95.2,3.89,97.17,78.55,CS,Đà Nẵng,Female
385,29,27.9,88.6,100.0,6.4,8.6,3.1,56.4,100.0,4.0,100.0,78.19,CS,Hà Nội,Male
386,29,29.0,100.0,90.3,6.3,7.4,1.7,64.5,100.0,3.82,95.47,82.23,DS,Huế,Female
387,30,27.3,76.2,89.8,3.4,7.1,5.9,57.2,81.6,3.56,88.98,69.44,DS,Cần Thơ,Female
388,22,20.9,80.1,56.1,8.6,6.5,1.9,51.2,84.1,3.0,74.91,67.7,CS,Huế,Male
389,23,20.9,87.1,71.1,7.2,6.4,0.7,46.5,82.6,3.43,85.82,64.52,SE,Hà Nội,Female
390,20,15.4,93.8,75.0,3.0,7.7,1.7,53.7,85.3,3.44,85.89,69.5,DS,TP.HCM,Female
391,29,39.3,,51.0,11.2,7.2,1.7,49.4,100.0,4.0,100.0,74.7,DS,TP.HCM,Male
392,26,25.1,97.9,93.3,5.5,7.9,4.1,60.5,90.8,3.61,90.19,75.66,CS,TP.HCM,Female
393,22,23.2,78.4,100.0,2.7,7.7,2.3,54.3,76.2,3.06,76.39,65.23,IT,Cần Thơ,Female
394,25,17.6,73.6,100.0,4.1,7.0,2.7,43.1,68.9,2.37,59.28,56.03,IT,TP.HCM,Male
395,30,48.5,88.1,64.3,2.2,7.5,2.6,64.2,100.0,3.62,90.54,82.08,DS,Cần Thơ,Female
396,18,16.4,84.2,81.8,9.4,6.3,4.2,53.1,72.0,2.95,73.82,62.53,CE,Hà Nội,Male
397,22,21.6,90.4,99.8,8.7,6.9,2.0,52.9,72.0,3.11,77.66,62.43,AI,Hà Nội,Male
398,20,28.3,,76.2,7.8,8.6,2.2,60.0,93.6,3.8,95.03,76.79,IT,Đà Nẵng,Male
399,29,29.8,,71.5,7.4,7.0,1.5,45.8,91.8,3.65,91.14,68.81,CE,Huế,Female
400,18,32.7,84.3,52.0,9.1,6.7,1.9,65.7,99.5,4.0,100.0,82.58,DS,Hà Nội,Male
401,21,39.5,85.3,97.0,5.4,7.3,3.3,74.4,100.0,4.0,100.0,87.22,AI,Cần Thơ,Male
402,30,29.0,82.0,79.7,7.1,5.6,3.6,57.9,86.4,3.59,89.66,72.14,CS,Cần Thơ,Male
403,22,16.6,83.0,69.1,4.0,7.3,5.0,43.1,78.4,2.95,73.63,60.79,CE,Cần Thơ,Female
404,24,22.9,81.0,84.3,5.6,9.0,2.3,57.6,89.8,3.64,91.04,73.68,AI,TP.HCM,Male
405,18,,93.6,82.3,7.1,6.0,2.1,57.5,82.2,3.08,77.1,69.83,DS,Huế,Female
406,20,41.5,86.9,82.5,0.0,7.3,3.1,75.7,100.0,4.0,100.0,87.84,IT,Đà Nẵng,Female
407,19,13.8,100.0,76.7,,7.0,1.8,50.5,77.5,2.88,72.0,63.99,CE,Huế,Female
408,26,34.6,86.6,100.0,6.4,6.9,1.5,47.9,91.1,3.6,89.99,69.5,IT,Huế,Female
409,27,26.4,,78.0,,6.9,3.0,39.1,66.8,2.79,69.75,52.95,CS,Hà Nội,Female
410,23,31.7,100.0,100.0,4.9,7.9,1.9,58.4,81.2,2.99,74.64,69.85,IT,TP.HCM,Female
411,27,24.2,89.1,88.5,7.5,5.7,2.1,59.9,88.1,3.36,83.99,73.98,CE,Hà Nội,Female
412,20,18.3,94.9,85.3,4.2,7.8,3.4,49.2,63.7,2.99,74.86,56.46,SE,TP.HCM,Female
413,25,31.0,90.9,78.3,2.9,7.1,3.0,65.6,92.5,3.89,97.24,79.06,IT,Đà Nẵng,Male
414,25,30.2,91.2,94.6,9.0,4.9,5.5,56.4,97.0,3.95,98.68,76.7,CE,Hà Nội,Female
415,19,32.8,90.4,81.7,8.6,7.5,3.9,78.6,100.0,4.0,100.0,89.3,AI,TP.HCM,Male
416,23,24.9,74.0,66.0,4.5,7.1,1.3,53.4,75.7,2.69,67.22,64.55,IT,TP.HCM,Female
417,24,20.2,88.7,65.5,5.8,6.0,1.9,55.5,87.6,3.63,90.75,71.54,CE,Cần Thơ,Male
418,19,12.5,,86.3,8.1,7.2,0.4,38.0,64.6,2.97,74.35,51.27,AI,Hà Nội,Female
419,28,31.6,83.3,66.4,6.1,5.4,1.0,58.0,88.7,3.45,86.21,73.35,SE,TP.HCM,Male
420,27,28.4,77.7,79.1,7.3,6.2,4.4,61.7,100.0,4.0,100.0,80.83,CS,Cần Thơ,Female
421,19,17.3,88.6,95.9,7.2,7.0,2.1,50.9,79.2,3.08,76.89,65.05,CE,Cần Thơ,Male
422,27,20.7,88.3,84.6,5.2,5.0,0.4,32.9,66.1,2.67,66.67,49.48,SE,Cần Thơ,Female
423,18,21.3,89.8,69.2,7.3,5.6,0.0,58.2,67.2,2.42,60.48,62.67,CE,Hà Nội,Male
424,25,13.1,87.9,100.0,3.6,5.8,0.3,52.6,73.6,3.03,75.73,63.08,DS,Đà Nẵng,Male
425,18,18.5,78.9,88.2,7.0,7.1,1.3,56.2,72.0,2.91,72.77,64.09,AI,Huế,Female
426,26,15.9,82.4,95.3,5.8,7.5,2.5,57.6,74.7,2.94,73.56,66.11,CS,Cần Thơ,Male
427,28,21.7,94.2,46.0,5.1,5.9,1.9,56.8,82.4,3.12,78.07,69.57,SE,Hà Nội,Male
428,23,19.1,95.7,85.0,2.9,5.9,3.5,71.6,69.7,2.83,70.83,70.67,CS,TP.HCM,Female
429,24,12.0,73.5,92.6,6.3,7.2,1.1,46.8,61.3,2.33,58.15,54.03,DS,TP.HCM,Female
430,30,41.2,69.7,100.0,6.1,7.1,4.3,49.1,85.7,3.65,91.24,67.39,DS,Huế,Female
431,27,35.0,77.7,58.0,3.9,6.2,2.3,64.6,92.9,3.77,94.23,78.77,SE,Hà Nội,Male
432,24,18.8,95.5,98.1,2.0,9.2,3.2,61.8,78.4,3.04,75.98,70.11,AI,TP.HCM,Female
433,27,27.2,97.1,100.0,1.9,7.2,1.7,49.6,88.9,3.76,93.89,69.26,SE,Huế,Female
434,20,28.3,75.8,49.7,5.4,6.8,4.0,55.6,87.3,3.41,85.17,71.46,IT,Cần Thơ,Male
435,19,34.5,88.1,87.2,6.8,6.5,0.5,73.2,100.0,4.0,100.0,86.6,DS,Huế,Male
436,26,18.5,100.0,89.3,10.6,8.2,0.6,49.6,60.8,2.45,61.35,55.18,CS,Đà Nẵng,Male
437,25,33.7,89.2,75.1,,7.7,1.0,61.9,100.0,3.62,90.46,80.95,CE,Cần Thơ,Female
438,30,20.6,99.2,72.6,1.9,4.9,4.3,61.2,72.6,3.02,75.53,66.89,CS,TP.HCM,Female
439,29,14.3,95.0,90.0,5.5,6.2,2.1,40.4,69.6,2.77,69.37,55.0,DS,Huế,Male
440,27,30.8,75.9,70.8,9.1,6.5,1.1,59.4,83.4,3.45,86.22,71.42,CS,Hà Nội,Male
441,24,35.3,83.1,76.7,4.3,7.0,2.2,56.7,98.2,3.97,99.24,77.42,AI,Hà Nội,Male
442,26,45.7,85.3,92.2,8.8,7.8,2.8,70.1,98.4,3.98,99.55,84.26,SE,TP.HCM,Female
443,21,15.4,86.0,100.0,6.4,5.7,0.9,51.2,85.4,3.42,85.59,68.31,CE,Cần Thơ,Male
444,30,30.6,94.2,88.1,7.6,6.9,2.7,70.0,96.2,4.0,100.0,83.12,SE,Huế,Female
445,21,21.7,89.1,82.0,10.6,9.0,2.3,57.0,86.7,3.57,89.36,71.87,IT,Đà Nẵng,Male
446,18,31.3,55.6,72.3,1.4,7.0,1.7,52.6,75.2,2.65,66.34,63.87,IT,Cần Thơ,Male
447,25,13.2,,64.8,8.2,6.2,0.6,54.7,81.1,2.94,73.56,67.89,CS,Đà Nẵng,Male
448,29,14.9,63.1,96.6,5.8,5.4,3.8,50.3,53.3,2.22,55.47,51.78,CS,Huế,Female
449,20,18.8,86.8,77.7,3.6,6.4,1.8,37.5,50.1,1.89,47.27,43.84,DS,Hà Nội,Female
450,24,25.6,87.4,97.3,5.7,5.7,0.0,63.6,100.0,4.0,100.0,81.81,CE,Hà Nội,Female
451,29,19.9,87.8,75.1,10.2,6.5,3.0,53.6,69.3,2.84,70.93,61.44,CE,Hà Nội,Female
452,19,30.3,75.4,70.3,,7.7,3.1,58.8,87.9,3.59,89.83,73.36,CE,Hà Nội,Male
453,19,33.2,91.7,86.3,1.0,7.0,3.9,72.6,100.0,3.82,95.4,86.3,IT,TP.HCM,Male
454,24,29.8,92.2,78.9,4.1,6.4,3.1,59.6,90.1,3.72,92.98,74.87,CE,Cần Thơ,Male
455,23,38.0,72.4,61.9,8.4,4.9,2.7,71.0,100.0,4.0,100.0,85.52,CE,Huế,Male
456,20,28.3,70.3,100.0,5.9,8.0,1.8,66.4,94.8,3.6,90.12,80.59,IT,Cần Thơ,Female
457,26,15.3,85.0,70.6,6.0,6.6,1.8,49.7,71.9,2.69,67.2,60.77,AI,TP.HCM,Female
458,27,35.9,100.0,93.9,,7.1,3.5,70.3,100.0,4.0,100.0,85.14,CE,Hà Nội,Male
459,30,20.2,100.0,92.6,4.1,5.9,2.3,60.3,91.3,3.76,94.11,75.8,CE,Cần Thơ,Male
460,23,32.3,90.6,61.1,2.6,6.5,0.3,66.3,92.0,3.6,90.04,79.12,SE,TP.HCM,Male
461,27,,77.7,65.0,1.9,6.3,2.0,71.5,100.0,3.89,97.27,85.76,CS,Huế,Female
462,27,28.7,93.9,75.5,2.9,5.4,2.4,52.7,89.8,3.59,89.83,71.26,DS,Cần Thơ,Female
463,23,13.0,80.5,67.0,3.7,5.9,0.0,42.0,65.1,2.66,66.5,53.54,IT,Đà Nẵng,Female
464,18,17.7,77.3,100.0,4.1,7.0,3.6,40.4,70.3,2.54,63.61,55.37,DS,Cần Thơ,Female
465,21,35.6,63.6,77.0,3.9,7.4,2.5,73.9,100.0,3.98,99.38,86.93,IT,TP.HCM,Female
466,27,23.6,86.0,93.3,8.6,6.2,0.5,43.1,71.2,2.44,60.96,57.14,AI,Đà Nẵng,Female
467,23,25.6,78.7,87.7,3.7,5.6,2.1,65.9,98.0,3.92,97.89,81.98,IT,Hà Nội,Male
468,23,31.1,86.0,84.0,9.6,6.6,2.3,64.7,100.0,4.0,100.0,82.37,CS,Đà Nẵng,Female
469,28,30.6,62.0,80.6,4.8,7.9,3.9,50.7,76.3,2.79,69.75,63.46,CE,Hà Nội,Male
470,29,27.2,86.7,98.6,7.1,5.9,3.9,48.9,98.4,3.91,97.73,73.66,CS,Hà Nội,Male
471,22,23.3,,67.6,7.2,7.0,4.1,51.3,71.8,2.83,70.69,61.55,AI,Hà Nội,Male
472,18,22.5,95.9,100.0,3.8,6.2,3.1,54.6,89.0,3.33,83.34,71.77,SE,TP.HCM,Male
473,25,31.9,90.2,60.7,5.2,8.4,1.5,65.4,94.1,3.67,91.86,79.76,CE,Cần Thơ,Female
474,22,29.4,82.2,91.7,4.7,6.4,1.1,42.9,90.4,3.35,83.81,66.66,DS,Hà Nội,Female
475,29,22.9,90.6,58.9,6.9,7.8,1.4,54.4,80.2,3.01,75.35,67.29,CE,TP.HCM,Female
476,29,33.7,75.2,75.3,5.7,8.2,2.4,55.0,92.1,3.72,92.95,73.54,AI,Cần Thơ,Male
477,29,24.0,85.7,81.4,4.1,8.8,2.5,65.4,66.6,2.74,68.49,65.98,CS,Hà Nội,Male
478,22,18.2,92.9,72.7,6.3,5.4,4.0,55.7,75.2,2.94,73.52,65.41,SE,Hà Nội,Male
479,24,,54.1,77.3,6.8,5.3,2.1,43.5,59.3,2.64,65.99,51.39,CE,Hà Nội,Male
480,21,17.2,80.5,59.2,10.6,8.4,0.0,60.6,62.2,2.63,65.82,61.39,AI,Đà Nẵng,Male
481,23,22.8,84.8,65.2,6.2,8.2,0.7,51.6,87.1,3.88,96.93,69.33,AI,TP.HCM,Male
482,30,34.9,83.0,87.5,6.0,6.3,1.0,62.8,95.0,3.78,94.41,78.92,CS,Hà Nội,Male
483,21,18.6,99.6,80.4,7.1,3.1,1.0,55.9,67.8,2.5,62.54,61.84,IT,Huế,Male
484,20,26.5,73.8,69.6,3.6,7.1,0.0,62.8,91.2,3.61,90.26,76.99,IT,Cần Thơ,Male
485,24,19.7,78.8,99.9,1.7,5.2,4.9,51.7,83.3,3.74,93.38,67.51,SE,Hà Nội,Female
486,25,22.9,65.8,61.7,5.2,6.0,0.0,62.7,79.0,2.96,73.96,70.85,AI,Huế,Male
487,21,12.9,100.0,74.6,8.7,7.2,1.6,46.7,60.3,2.58,64.56,53.49,CE,Cần Thơ,Female
488,30,23.2,82.5,72.4,,7.4,3.5,47.5,63.2,2.32,58.04,55.32,SE,Hà Nội,Male
489,19,23.5,80.6,89.2,1.3,8.9,3.4,66.6,75.8,2.96,73.99,71.22,AI,Hà Nội,Female
490,29,,84.5,80.7,7.7,6.6,0.3,57.3,83.8,3.25,81.29,70.55,SE,Cần Thơ,Male
491,27,26.8,91.4,78.4,0.5,5.8,4.3,63.2,100.0,3.82,95.41,81.62,CS,Hà Nội,Male
492,20,15.4,88.5,52.3,7.1,8.1,4.1,55.6,72.9,3.07,76.77,64.23,AI,Huế,Female
493,18,33.7,100.0,93.0,7.0,7.5,2.2,80.9,98.5,4.0,100.0,89.71,IT,Cần Thơ,Female
494,25,26.7,89.5,76.7,1.7,6.6,2.5,56.2,83.0,3.5,87.53,69.62,CS,TP.HCM,Female
495,20,,80.3,81.7,8.5,7.0,1.1,61.0,96.0,3.84,96.09,78.45,CS,Hà Nội,Male
496,29,24.9,79.4,68.8,10.4,6.5,2.9,49.7,84.7,3.09,77.27,67.22,SE,Huế,Female
497,27,20.9,81.1,66.4,5.8,7.8,2.8,49.2,76.5,3.08,77.11,62.83,AI,Cần Thơ,Male
498,24,26.7,70.0,100.0,6.4,9.0,1.8,49.9,78.5,3.26,81.61,64.18,IT,TP.HCM,Female
499,27,28.8,85.4,53.4,9.7,6.1,3.5,65.8,92.6,3.69,92.14,79.18,CE,Huế,Female
500,22,11.0,92.8,64.2,3.2,7.5,3.0,54.1,72.0,3.14,78.6,63.03,IT,Huế,Female
501,27,20.7,78.9,100.0,3.2,5.2,7.3,55.1,74.7,2.95,73.73,64.91,AI,Đà Nẵng,Female
502,22,23.0,76.9,89.6,3.9,5.7,1.1,47.9,78.0,3.0,74.99,62.96,SE,TP.HCM,Female
503,24,27.0,100.0,75.1,6.1,7.7,4.5,55.4,88.2,3.72,93.1,71.78,AI,Cần Thơ,Female
504,26,34.5,70.7,98.7,6.1,6.9,1.2,56.3,84.5,3.55,88.85,70.38,DS,Cần Thơ,Male
505,29,18.8,64.3,86.7,4.6,5.7,3.3,51.4,67.5,3.0,74.98,59.47,IT,Hà Nội,Female
506,22,21.0,73.5,83.5,5.2,7.0,0.0,39.9,73.8,3.06,76.38,56.85,AI,Hà Nội,Female
507,18,20.9,69.6,83.4,,8.1,1.7,48.1,66.8,2.51,62.76,57.46,IT,Cần Thơ,Male
508,27,18.6,,87.0,4.8,5.3,3.2,42.2,76.4,2.54,63.45,59.31,DS,Cần Thơ,Female
509,27,22.2,81.4,87.6,4.1,9.1,2.9,57.7,87.7,3.16,79.1,72.69,DS,TP.HCM,Female
510,18,,82.8,100.0,,7.7,0.0,53.4,93.2,3.61,90.29,73.28,AI,Cần Thơ,Female
511,19,16.6,96.5,77.1,1.0,7.7,1.9,66.6,78.8,3.42,85.4,72.68,DS,Huế,Female
512,23,28.4,78.1,77.5,5.4,7.0,4.7,65.9,90.4,3.86,96.51,78.13,IT,Huế,Female
513,26,11.4,92.8,61.4,1.1,9.1,4.0,46.8,69.1,2.68,67.05,57.93,SE,Huế,Female
514,25,20.5,100.0,79.2,7.9,8.2,3.9,58.5,86.4,3.62,90.43,72.42,CS,Đà Nẵng,Female
515,30,22.4,80.4,100.0,4.6,6.6,6.0,57.4,91.8,3.4,84.91,74.57,CS,TP.HCM,Male
516,22,38.4,92.4,94.8,5.7,7.9,0.0,60.5,94.9,4.0,100.0,77.66,CS,Cần Thơ,Male
517,18,22.8,82.6,71.8,5.1,6.1,1.9,63.8,86.4,3.4,85.04,75.11,CE,Hà Nội,Male
518,30,,94.2,80.5,5.4,6.7,2.5,44.0,60.0,2.53,63.26,51.99,CS,Đà Nẵng,Male
519,24,9.0,69.3,60.6,9.2,8.8,1.4,36.4,44.9,1.9,47.56,40.63,AI,TP.HCM,Female
520,22,25.3,68.5,65.5,2.6,7.5,2.7,58.3,70.8,2.93,73.14,64.56,SE,Hà Nội,Male
521,23,29.9,81.1,82.2,1.9,7.8,4.5,51.2,93.4,3.5,87.38,72.28,DS,Huế,Male
522,30,,76.1,72.6,6.3,8.4,2.7,62.3,76.5,2.94,73.6,69.44,DS,Đà Nẵng,Female
523,24,26.3,79.8,64.3,4.8,7.7,0.0,59.3,89.0,3.77,94.31,74.17,AI,TP.HCM,Male
524,20,34.3,82.8,87.3,6.9,6.0,3.5,58.3,95.9,3.94,98.41,77.07,SE,Huế,Female
525,29,20.7,92.2,78.8,7.8,9.0,2.5,61.5,77.4,2.88,72.01,69.46,SE,TP.HCM,Female
526,27,32.2,80.9,56.5,3.2,7.6,0.0,66.5,100.0,4.0,100.0,83.27,IT,Hà Nội,Female
527,20,11.9,76.8,48.9,,7.7,1.6,43.1,53.5,1.93,48.23,48.26,DS,Huế,Male
528,22,17.8,81.5,71.4,3.4,7.1,0.0,54.6,71.4,2.6,65.1,63.0,SE,Cần Thơ,Male
529,23,10.5,77.3,56.2,6.2,8.3,2.1,34.5,49.2,1.85,46.14,41.88,SE,Cần Thơ,Female
530,26,22.8,,52.0,2.9,9.3,1.7,57.1,86.2,3.43,85.75,71.68,DS,Cần Thơ,Female
531,30,24.6,68.9,96.9,6.3,6.5,0.2,42.9,84.3,3.13,78.29,63.58,CE,Huế,Male
532,29,25.9,85.7,78.5,5.9,8.3,2.9,58.3,88.6,3.72,93.1,73.45,IT,TP.HCM,Male
533,22,25.5,79.3,76.0,3.2,7.0,0.9,61.2,100.0,3.86,96.45,80.59,DS,Cần Thơ,Male
534,18,17.6,94.7,77.2,2.6,4.6,4.5,54.9,81.9,3.27,81.76,68.42,SE,Cần Thơ,Female
535,21,23.5,70.5,62.9,7.9,5.3,2.8,64.8,87.2,3.58,89.39,75.99,DS,Đà Nẵng,Male
536,22,13.0,79.6,86.2,,7.5,2.1,40.8,71.9,3.25,81.15,56.33,SE,Huế,Male
537,29,,100.0,78.0,8.5,8.2,4.4,70.0,100.0,4.0,100.0,85.0,SE,Đà Nẵng,Female
538,27,22.6,75.6,68.6,4.6,7.7,2.9,37.3,74.8,2.93,73.3,56.05,CS,Hà Nội,Female
539,27,21.1,82.6,70.9,9.3,7.9,3.0,49.4,69.1,2.57,64.16,59.23,CE,Đà Nẵng,Male
540,22,37.7,72.8,61.6,3.6,10.0,2.4,61.9,86.8,3.22,80.59,74.39,CE,Huế,Female
541,24,15.1,71.5,73.9,9.7,7.6,2.0,58.8,79.7,2.99,74.76,69.22,AI,Đà Nẵng,Male
542,21,16.0,100.0,76.4,6.4,6.7,3.1,51.8,70.6,2.79,69.84,61.21,CS,Cần Thơ,Female
543,18,16.2,86.7,73.5,7.0,6.8,4.8,57.0,76.7,3.31,82.74,66.87,AI,Đà Nẵng,Male
544,22,24.5,86.3,80.8,3.5,9.0,0.0,49.5,95.7,3.8,95.02,72.59,CS,Cần Thơ,Male
545,24,28.5,68.0,78.8,,5.5,5.3,54.0,67.2,2.58,64.45,60.65,DS,Hà Nội,Male
546,27,30.9,88.6,83.5,7.9,8.5,1.0,55.2,97.6,3.93,98.15,76.39,SE,Đà Nẵng,Male
547,27,45.6,96.6,94.1,5.2,7.0,2.8,66.2,100.0,4.0,100.0,83.11,AI,Huế,Female
548,23,7.0,96.5,88.9,0.7,6.0,0.0,37.8,61.2,2.3,57.43,49.5,CS,Đà Nẵng,Female
549,22,29.9,91.7,94.3,3.2,5.3,4.7,56.6,92.0,3.77,94.33,74.29,CE,Hà Nội,Male
550,21,20.5,73.7,67.3,3.2,8.8,0.4,66.8,81.4,3.18,79.62,74.11,IT,Đà Nẵng,Male
551,19,20.3,88.1,72.4,7.1,6.0,4.2,53.0,82.9,3.36,83.92,67.96,AI,Cần Thơ,Male
552,21,20.0,91.7,89.8,4.8,7.1,2.1,43.6,68.0,2.85,71.14,55.79,IT,TP.HCM,Female
553,27,17.7,67.1,90.1,4.9,5.8,2.3,44.4,70.7,3.1,77.6,57.58,CE,Huế,Female
554,27,38.5,73.8,69.8,4.6,9.4,0.6,72.5,94.3,3.76,94.0,83.41,SE,Hà Nội,Male
555,20,31.7,93.9,89.2,9.7,7.1,4.3,57.6,100.0,4.0,100.0,78.81,SE,Huế,Female
556,27,25.2,93.8,65.8,6.1,5.4,2.3,69.1,92.0,3.76,93.98,80.53,CE,Đà Nẵng,Female
557,18,35.8,69.5,87.2,6.5,6.5,3.6,70.0,98.6,3.69,92.13,84.31,SE,Cần Thơ,Male
558,25,12.9,93.0,79.6,4.5,8.7,0.0,47.2,85.1,3.37,84.13,66.13,SE,TP.HCM,Female
559,22,14.4,86.0,59.2,5.9,5.8,1.2,43.7,62.5,2.97,74.15,53.13,IT,TP.HCM,Female
560,30,7.6,92.8,73.5,3.6,6.6,2.9,37.5,60.2,2.39,59.64,48.84,CS,Cần Thơ,Female
561,21,19.4,78.7,100.0,6.9,8.4,0.1,52.8,64.7,2.53,63.17,58.77,IT,Đà Nẵng,Male
562,25,26.3,91.5,83.0,3.1,7.4,3.0,61.6,82.3,3.23,80.72,71.93,CE,Cần Thơ,Female
563,24,25.8,93.4,100.0,7.9,5.5,1.5,68.4,82.0,3.19,79.64,75.2,AI,Huế,Male
564,19,26.2,81.5,58.3,4.2,7.3,1.3,59.5,93.1,3.45,86.18,76.3,SE,Huế,Male
565,18,13.7,85.2,91.3,8.4,6.8,3.3,45.4,72.4,2.44,60.89,58.9,IT,Đà Nẵng,Male
566,29,31.4,78.5,42.0,10.8,7.1,2.8,70.7,92.1,3.53,88.19,81.36,CE,Cần Thơ,Female
567,28,26.9,100.0,80.0,6.0,8.1,0.8,66.3,91.8,3.6,90.09,79.09,CE,Cần Thơ,Male
568,21,30.9,83.8,89.5,9.3,7.3,4.2,55.6,97.8,4.0,100.0,76.69,IT,Hà Nội,Male
569,25,9.9,,92.6,7.9,6.9,3.3,43.1,59.8,2.32,57.96,51.48,IT,TP.HCM,Male
570,29,27.5,77.8,68.0,2.4,6.8,0.0,62.2,81.6,3.29,82.19,71.9,CE,Hà Nội,Female
571,19,15.5,86.3,95.6,6.3,8.3,2.0,51.9,81.6,3.03,75.73,66.75,SE,Đà Nẵng,Female
572,20,21.8,92.5,72.0,7.3,6.1,3.1,47.7,78.8,2.81,70.22,63.24,SE,TP.HCM,Male
573,29,29.3,71.6,77.5,7.5,4.4,2.3,59.0,92.0,3.75,93.76,75.52,AI,Đà Nẵng,Female
574,18,25.7,100.0,73.5,6.4,6.7,0.0,54.2,90.6,3.75,93.82,72.4,DS,Cần Thơ,Male
575,18,18.2,88.1,63.0,6.4,7.5,2.6,52.3,93.2,3.92,98.12,72.77,AI,Hà Nội,Male
576,30,25.1,89.7,100.0,6.0,6.5,3.6,47.5,80.7,3.47,86.73,64.1,CS,Đà Nẵng,Male
577,20,12.7,84.0,80.7,6.3,6.4,2.4,40.5,48.6,2.21,55.24,44.56,SE,Hà Nội,Male
578,28,34.2,85.2,96.3,2.9,6.6,2.6,79.2,100.0,4.0,100.0,89.59,IT,Cần Thơ,Female
579,22,23.4,83.5,95.7,5.4,7.0,4.0,51.8,82.4,3.18,79.56,67.13,DS,Đà Nẵng,Male
580,29,33.9,95.2,65.5,2.4,5.4,0.1,73.1,100.0,4.0,100.0,86.54,SE,Cần Thơ,Male
581,20,20.8,84.9,98.2,4.8,7.8,3.6,52.4,84.7,3.32,83.08,68.54,IT,Đà Nẵng,Female
582,18,20.8,92.7,87.6,4.5,3.8,3.0,45.5,73.3,2.89,72.19,59.41,CE,Cần Thơ,Male
583,18,18.9,80.7,64.4,4.4,7.6,0.1,43.2,84.7,3.47,86.69,63.95,CS,TP.HCM,Male
584,25,32.0,87.0,86.7,3.4,7.4,3.5,56.1,100.0,4.0,100.0,78.05,SE,TP.HCM,Female
585,27,19.3,77.0,64.7,6.7,7.6,5.2,67.1,80.7,3.38,84.48,73.91,DS,Đà Nẵng,Female
586,28,30.2,97.2,100.0,5.2,4.7,3.0,60.5,90.1,3.6,90.01,75.26,SE,Đà Nẵng,Male
587,29,21.9,76.7,92.2,4.9,7.4,3.3,54.3,93.3,3.75,93.78,73.8,DS,TP.HCM,Female
588,30,9.2,81.8,78.9,2.5,6.3,0.9,49.3,69.9,2.87,71.71,59.59,DS,Đà Nẵng,Male
589,30,20.4,81.9,99.0,5.3,8.9,1.6,56.4,75.2,3.24,81.07,65.79,CE,Hà Nội,Female
590,29,15.6,81.5,56.3,8.9,7.4,1.0,55.4,84.6,3.76,93.92,70.01,DS,Huế,Male
591,19,25.3,92.2,68.8,8.9,5.6,3.1,53.8,87.8,3.54,88.49,70.84,AI,Huế,Male
592,30,15.5,81.8,76.2,6.9,5.0,1.7,40.0,79.1,3.12,78.12,59.57,CS,TP.HCM,Female
593,20,32.4,98.9,100.0,,6.3,1.6,57.1,90.9,3.67,91.71,73.99,CE,Hà Nội,Female
594,19,24.3,76.8,63.9,7.4,8.0,3.6,43.2,74.4,3.18,79.53,58.8,SE,Huế,Female
595,20,23.6,86.7,54.4,,8.4,5.0,51.8,92.2,3.79,94.82,72.0,SE,Cần Thơ,Male
596,24,30.2,77.2,58.3,5.3,7.2,2.4,31.3,72.9,2.81,70.36,52.12,CE,Hà Nội,Male
597,18,32.7,89.2,93.6,4.1,7.1,0.1,68.3,98.0,3.92,98.08,83.18,CE,Hà Nội,Female
598,27,24.8,84.8,71.1,8.3,6.6,2.6,60.6,64.4,2.58,64.44,62.51,DS,TP.HCM,Female
599,25,18.8,83.4,77.6,8.0,7.0,2.8,44.3,75.9,2.91,72.71,60.13,IT,Huế,Female
600,30,10.8,96.9,91.4,5.9,8.5,3.7,37.3,74.0,2.83,70.7,55.65,DS,Cần Thơ,Male
601,27,19.5,,77.6,10.3,6.6,2.0,62.9,72.2,2.64,66.12,67.52,SE,Đà Nẵng,Female
602,27,20.1,90.9,83.1,7.0,7.8,3.8,60.9,86.1,3.42,85.39,73.53,SE,Đà Nẵng,Female
603,27,25.9,77.3,88.0,6.9,6.4,3.6,54.1,77.9,3.34,83.51,65.96,SE,TP.HCM,Male
604,19,22.2,86.1,73.5,6.6,8.2,2.1,49.5,67.4,2.9,72.52,58.48,DS,Hà Nội,Male
605,20,30.5,73.0,77.5,2.8,7.7,3.7,59.1,85.4,3.41,85.26,72.26,DS,Cần Thơ,Female
606,26,20.1,78.4,83.6,3.8,8.2,3.9,41.0,66.3,3.01,75.18,53.64,AI,Đà Nẵng,Female
607,24,24.5,,93.0,5.9,9.3,0.9,58.2,86.3,3.44,86.03,72.27,CE,Đà Nẵng,Female
608,21,34.5,100.0,68.1,5.9,3.9,3.9,56.8,97.0,3.81,95.32,76.93,CE,TP.HCM,Female
609,27,27.7,86.0,34.7,7.5,7.9,2.3,40.8,92.6,3.31,82.73,66.7,SE,Hà Nội,Female
610,22,24.5,100.0,90.2,4.3,7.6,2.1,52.3,82.8,3.35,83.78,67.54,SE,Đà Nẵng,Female
611,19,20.2,87.2,93.9,6.2,7.5,2.3,45.6,74.9,2.82,70.39,60.24,SE,Cần Thơ,Male
612,30,19.9,81.1,83.0,6.2,7.3,4.4,65.7,83.1,3.62,90.4,74.41,DS,Đà Nẵng,Male
613,28,18.2,100.0,84.0,6.3,7.3,4.4,66.2,84.8,3.14,78.57,75.49,SE,TP.HCM,Male
614,30,20.7,89.4,71.5,6.0,7.4,3.2,45.5,72.5,3.16,78.95,59.03,CE,Huế,Male
615,25,31.0,78.6,87.5,2.5,8.1,2.9,59.3,91.0,3.68,92.01,75.15,DS,Đà Nẵng,Male
616,21,23.2,89.7,92.8,0.3,8.0,2.3,51.0,86.3,3.22,80.59,68.64,CS,TP.HCM,Male
617,26,14.2,,80.8,3.6,7.0,6.5,61.7,80.2,2.87,71.86,70.96,AI,Đà Nẵng,Male
618,22,39.1,65.1,100.0,4.7,6.8,1.5,50.5,75.4,3.09,77.25,62.94,CS,Hà Nội,Male
619,30,27.6,94.4,56.5,3.1,7.0,1.8,63.3,97.5,3.71,92.85,80.38,IT,TP.HCM,Female
620,26,13.7,95.9,82.4,,6.5,3.0,59.3,71.3,2.46,61.48,65.31,CE,Huế,Female
621,21,21.5,,62.4,8.7,9.1,1.1,52.0,93.3,4.0,100.0,72.67,CS,Đà Nẵng,Female
622,27,25.9,89.2,93.2,7.8,5.5,4.1,58.0,94.7,3.96,99.01,76.32,AI,Đà Nẵng,Male
623,22,38.6,82.5,56.3,7.2,7.9,0.3,74.3,100.0,3.77,94.28,87.13,CE,Hà Nội,Male
624,26,16.1,93.3,60.0,8.5,7.9,1.4,42.8,67.8,2.35,58.69,55.29,IT,TP.HCM,Male
625,25,32.8,93.5,70.5,3.7,6.4,1.9,68.4,89.8,3.83,95.69,79.1,CE,TP.HCM,Female
626,20,36.2,100.0,84.0,4.9,7.4,1.0,55.5,100.0,3.73,93.23,77.77,SE,Đà Nẵng,Male
627,18,20.0,84.6,71.1,7.5,8.5,4.1,40.7,81.7,3.29,82.24,61.22,SE,Đà Nẵng,Male
628,20,22.8,,71.2,4.8,6.6,0.5,61.0,68.3,2.82,70.45,64.61,SE,Huế,Female
629,21,16.7,77.8,77.3,5.0,8.6,1.1,42.0,79.2,3.07,76.63,60.58,AI,Đà Nẵng,Male
630,19,23.4,90.4,76.4,10.7,8.3,1.5,57.4,88.2,3.33,83.3,72.81,IT,TP.HCM,Male
631,18,24.7,69.5,100.0,6.2,6.1,3.8,45.1,76.0,2.66,66.5,60.57,IT,TP.HCM,Female
632,24,30.3,92.8,90.3,10.4,5.7,4.7,63.7,88.6,3.64,90.94,76.18,IT,Huế,Female
633,25,33.7,90.9,75.1,1.4,7.2,3.3,51.5,100.0,4.0,100.0,75.74,CE,Đà Nẵng,Male
634,24,19.0,90.9,100.0,4.4,5.5,0.5,62.6,79.4,2.95,73.64,70.99,CE,Cần Thơ,Male
635,22,9.3,86.4,87.4,7.0,3.5,1.6,51.0,62.3,2.29,57.33,56.66,SE,Hà Nội,Male
636,29,24.8,100.0,65.5,6.2,6.4,4.9,54.1,70.4,2.97,74.29,62.26,DS,Cần Thơ,Male
637,18,27.3,93.7,83.8,0.9,9.6,2.5,45.6,79.7,2.7,67.53,62.66,CS,TP.HCM,Female
638,24,27.0,78.9,88.0,5.4,6.5,0.3,55.6,77.6,2.94,73.61,66.55,DS,Đà Nẵng,Female
639,30,22.4,79.1,69.7,12.2,7.5,5.8,51.0,60.4,2.46,61.44,55.68,DS,Huế,Female
640,24,26.0,76.2,64.2,6.6,7.8,1.6,51.8,94.2,3.6,90.04,73.01,AI,Đà Nẵng,Female
641,26,37.1,90.5,81.3,7.5,7.0,2.4,74.3,100.0,4.0,100.0,87.15,CS,Huế,Male
642,20,28.1,75.0,74.6,4.4,6.6,1.5,66.4,78.1,3.21,80.13,72.23,DS,Huế,Female
643,26,,95.8,100.0,6.6,8.5,1.1,59.1,78.6,3.17,79.15,68.83,DS,Huế,Male
644,18,21.0,98.2,91.1,6.0,7.0,4.4,66.7,83.3,3.18,79.46,74.96,SE,TP.HCM,Male
645,18,23.6,76.2,70.4,8.8,6.9,2.8,33.1,66.5,2.58,64.46,49.83,DS,Đà Nẵng,Female
646,21,38.1,83.1,86.4,,8.0,3.0,63.8,100.0,4.0,100.0,81.88,DS,Huế,Male
647,26,23.5,85.2,99.0,7.0,5.8,0.6,52.8,80.2,3.25,81.28,66.51,CE,TP.HCM,Male
648,23,,93.8,59.1,6.2,5.5,2.1,64.0,91.3,3.94,98.4,77.64,AI,Đà Nẵng,Male
649,30,21.1,100.0,64.7,1.8,5.1,1.6,53.5,82.1,3.43,85.7,67.76,CE,Đà Nẵng,Male
650,28,33.8,68.1,79.8,1.7,7.7,1.3,64.7,100.0,3.92,98.12,82.37,SE,TP.HCM,Male
651,20,40.7,81.8,80.5,6.2,6.8,3.2,64.2,100.0,4.0,100.0,82.08,SE,Hà Nội,Female
652,18,28.6,82.3,79.2,8.2,8.0,2.0,53.7,86.0,3.57,89.16,69.87,CE,TP.HCM,Male
653,21,25.7,71.0,75.3,9.3,7.1,3.5,60.9,75.3,2.88,71.98,68.08,DS,TP.HCM,Male
654,29,25.3,80.1,75.1,3.8,5.4,3.6,56.0,82.3,3.41,85.22,69.14,CS,Cần Thơ,Male
655,30,5.9,89.3,85.8,2.2,6.6,1.8,45.1,35.9,1.39,34.74,40.53,CE,Huế,Male
656,26,31.0,82.2,97.0,8.3,8.1,3.2,51.3,90.8,3.69,92.24,71.01,IT,Huế,Female
657,20,26.1,69.6,72.8,4.0,6.7,1.8,60.1,72.2,3.09,77.21,66.12,CS,TP.HCM,Male
658,29,28.4,100.0,100.0,2.1,8.4,1.3,53.2,90.4,3.82,95.53,71.82,CS,Huế,Female
659,26,19.3,87.7,100.0,4.8,6.5,0.9,65.5,87.2,3.32,82.88,76.35,CS,TP.HCM,Female
660,24,21.9,86.1,99.9,4.7,7.9,2.6,52.4,75.6,2.8,70.01,64.01,DS,TP.HCM,Female
661,29,21.7,74.0,89.3,9.3,4.9,1.4,49.3,71.9,3.23,80.77,60.58,SE,Đà Nẵng,Male
662,21,33.2,87.6,100.0,8.2,6.7,4.6,69.7,100.0,4.0,100.0,84.86,AI,Hà Nội,Female
663,20,22.0,83.4,75.6,4.2,6.5,4.9,53.6,74.7,3.13,78.33,64.13,SE,Đà Nẵng,Female
664,27,,66.1,67.5,9.5,5.3,3.2,71.5,100.0,3.94,98.52,85.77,DS,Hà Nội,Male
665,22,,74.3,72.1,6.3,8.3,2.9,55.2,91.0,3.58,89.53,73.12,SE,TP.HCM,Male
666,22,14.8,92.9,65.0,8.7,6.2,2.5,55.4,80.1,3.01,75.2,67.74,DS,TP.HCM,Female
667,20,24.0,100.0,81.8,9.3,6.1,6.1,57.4,82.5,3.34,83.56,69.94,CS,Huế,Female
668,29,19.8,88.7,84.5,5.3,8.6,5.4,59.6,85.2,3.38,84.57,72.41,IT,Huế,Male
669,26,7.4,,83.0,7.4,7.2,2.2,53.6,61.8,2.45,61.37,57.73,SE,Đà Nẵng,Male
670,21,37.8,83.4,79.8,5.0,7.9,2.2,54.0,96.8,3.64,91.09,75.41,IT,TP.HCM,Male
671,28,30.6,84.1,82.0,,5.0,3.0,63.3,72.3,3.08,77.02,67.76,CE,Đà Nẵng,Male
672,22,29.3,95.9,100.0,6.2,6.0,0.7,75.1,100.0,4.0,100.0,87.53,IT,Hà Nội,Female
673,21,26.3,100.0,89.3,8.4,9.5,0.0,64.4,100.0,4.0,100.0,82.19,IT,TP.HCM,Female
674,22,13.9,98.0,93.8,9.8,8.0,0.5,68.4,83.8,2.99,74.84,76.11,DS,Huế,Male
675,24,21.1,74.3,82.9,7.4,5.7,2.0,45.0,60.3,2.11,52.71,52.67,AI,Cần Thơ,Male
676,26,31.7,84.3,55.8,5.8,7.3,1.1,63.4,93.5,3.52,88.0,78.44,SE,TP.HCM,Female
677,24,16.6,87.8,52.8,5.8,5.8,4.7,54.3,75.5,3.17,79.32,64.86,CS,Đà Nẵng,Male
678,30,4.7,82.4,100.0,0.0,8.7,0.3,37.0,54.8,2.09,52.32,45.87,IT,Huế,Female
679,22,23.2,88.9,72.0,4.2,4.3,0.5,46.5,100.0,3.79,94.83,73.23,DS,Hà Nội,Female
680,27,23.9,93.2,70.7,8.3,7.3,0.0,73.2,91.5,3.79,94.79,82.34,AI,Hà Nội,Female
681,27,26.1,95.0,83.7,8.4,7.3,1.5,67.2,89.0,3.5,87.4,78.13,AI,Hà Nội,Male
682,24,30.8,100.0,88.3,4.2,5.7,1.9,67.3,100.0,4.0,100.0,83.65,IT,Huế,Male
683,27,30.1,81.7,90.2,6.4,6.7,2.4,60.2,89.8,3.39,84.75,75.02,DS,Đà Nẵng,Female
684,22,27.1,71.4,100.0,5.5,7.5,2.4,57.1,77.3,3.09,77.14,67.17,SE,TP.HCM,Female
685,20,34.6,,100.0,7.7,4.9,1.6,68.9,87.6,3.77,94.28,78.26,AI,Huế,Female
686,24,12.8,100.0,67.8,11.5,5.5,0.9,60.5,83.9,3.6,90.1,72.18,CE,Cần Thơ,Female
687,30,29.0,80.2,94.5,7.8,6.8,3.1,53.5,79.6,3.02,75.6,66.54,AI,TP.HCM,Female
688,28,30.0,91.9,74.2,4.3,6.0,1.2,62.1,87.0,3.43,85.63,74.55,IT,Huế,Male
689,28,15.1,92.0,77.9,5.8,6.4,3.7,47.3,65.5,2.78,69.58,56.43,DS,TP.HCM,Female
690,19,13.0,86.9,63.6,9.5,7.0,0.3,39.8,54.5,2.2,54.95,47.18,DS,Đà Nẵng,Male
691,29,19.0,85.1,54.6,,5.9,1.4,47.4,80.3,3.28,82.03,63.85,DS,Cần Thơ,Male
692,26,19.7,,79.5,4.5,7.0,5.6,52.8,78.0,3.4,84.94,65.4,DS,TP.HCM,Male
693,27,31.0,,65.7,,7.4,5.8,55.4,84.7,3.43,85.8,70.03,CE,Cần Thơ,Male
694,27,,73.9,93.9,9.2,7.9,0.5,51.3,80.3,3.09,77.37,65.84,IT,Đà Nẵng,Female
695,29,18.1,,75.8,7.5,5.5,4.3,56.2,78.9,3.41,85.22,67.57,IT,TP.HCM,Female
696,18,,96.0,84.6,4.5,6.2,4.9,63.1,89.4,3.41,85.28,76.27,AI,Cần Thơ,Male
697,30,33.9,84.0,100.0,7.3,7.7,4.1,83.0,100.0,4.0,99.89,91.48,AI,Hà Nội,Male
698,23,25.1,79.8,57.7,7.0,5.2,2.4,61.6,93.3,3.62,90.43,77.45,SE,TP.HCM,Male
699,24,23.6,76.1,69.1,6.9,7.1,0.0,49.5,79.9,2.96,73.98,64.7,CS,Cần Thơ,Male
700,30,24.1,91.6,82.7,5.8,7.0,2.6,65.1,81.8,3.25,81.27,73.44,AI,Đà Nẵng,Male
701,25,35.3,98.6,84.7,6.1,3.9,3.1,63.9,90.3,3.62,90.61,77.11,IT,Hà Nội,Female
702,27,19.0,95.6,96.6,3.7,6.4,2.9,48.4,64.0,2.51,62.75,56.18,SE,Đà Nẵng,Female
703,26,35.5,,93.0,12.2,7.4,3.2,70.0,100.0,4.0,100.0,84.99,AI,Huế,Female
704,19,26.7,70.2,81.5,6.4,6.7,1.3,66.2,82.0,3.13,78.24,74.1,SE,Huế,Female
705,28,23.7,81.5,84.6,7.4,6.4,1.8,50.5,80.8,3.31,82.63,65.65,CE,Đà Nẵng,Male
706,27,45.0,100.0,85.0,5.5,7.2,0.0,76.1,100.0,3.76,93.94,88.06,CE,Cần Thơ,Male
707,19,,96.2,58.0,8.1,8.2,3.8,55.3,95.7,4.0,100.0,75.48,IT,Huế,Male
708,22,22.2,69.6,77.7,2.8,7.6,1.2,45.0,58.5,2.21,55.27,51.75,DS,Đà Nẵng,Male
709,30,15.1,84.4,83.7,1.6,6.1,2.1,38.3,67.8,2.39,59.67,53.03,SE,TP.HCM,Male
710,22,32.6,88.6,86.9,5.9,5.2,2.9,52.2,89.6,3.54,88.47,70.94,DS,Hà Nội,Female
711,23,38.5,77.4,66.1,11.1,7.6,1.7,75.1,100.0,4.0,100.0,87.54,CS,Huế,Male
712,20,38.4,61.9,61.0,9.0,5.6,0.9,59.6,91.8,3.85,96.18,75.67,AI,TP.HCM,Male
713,25,34.8,86.0,76.5,,6.4,2.9,59.3,89.8,3.81,95.14,74.52,IT,Huế,Female
714,30,23.4,77.1,100.0,7.3,7.2,0.0,56.5,72.6,3.03,75.68,64.54,SE,Hà Nội,Female
715,18,22.1,77.2,67.7,4.4,8.4,3.7,62.9,97.9,4.0,100.0,80.39,DS,TP.HCM,Female
716,23,11.6,81.5,97.6,7.1,8.5,3.5,37.2,58.7,2.57,64.2,47.94,CE,Huế,Female
717,21,41.3,83.7,100.0,7.3,7.1,1.7,54.4,100.0,4.0,100.0,77.18,IT,Hà Nội,Male
718,18,28.8,84.9,80.7,8.3,6.4,1.8,70.4,82.0,3.13,78.15,76.17,SE,Đà Nẵng,Male
719,24,21.1,76.2,69.8,2.1,5.6,1.0,56.1,61.2,2.47,61.65,58.64,DS,Cần Thơ,Male
720,26,35.6,82.8,87.7,2.8,9.4,1.9,56.1,90.5,3.48,86.89,73.28,CS,Cần Thơ,Male
721,30,,67.4,82.9,5.8,6.7,2.2,44.7,73.4,3.15,78.63,59.06,DS,Đà Nẵng,Female
722,21,28.3,88.1,67.1,,7.8,2.0,51.9,87.9,3.76,93.9,69.89,CE,Huế,Male
723,21,23.6,56.4,70.1,3.2,7.2,4.7,56.0,69.6,3.04,75.9,62.78,CS,Cần Thơ,Female
724,23,30.1,,86.8,6.7,6.4,0.0,67.6,98.2,3.7,92.47,82.89,DS,Huế,Female
725,29,24.5,94.2,94.0,3.7,6.4,1.1,62.5,85.5,3.63,90.77,73.99,DS,Đà Nẵng,Male
726,20,13.4,74.4,75.2,11.6,5.3,3.6,47.5,76.0,2.92,73.1,61.71,AI,Huế,Female
727,30,25.6,92.2,79.0,4.7,8.3,5.6,60.9,99.8,4.0,100.0,80.34,IT,Đà Nẵng,Female
728,29,,96.6,90.0,5.3,6.9,1.2,59.0,94.3,3.94,98.44,76.63,CS,TP.HCM,Male
729,23,24.8,51.9,77.4,6.7,8.7,4.0,48.0,64.6,2.3,57.43,56.32,IT,Cần Thơ,Female
730,24,31.2,83.5,75.5,2.2,6.5,0.8,61.0,92.9,3.89,97.25,76.95,CE,Cần Thơ,Male
731,28,16.6,56.2,68.7,7.3,6.6,1.9,43.8,65.5,2.31,57.81,54.69,AI,Cần Thơ,Female
732,27,24.8,83.8,68.4,6.9,5.6,2.5,56.2,81.9,3.24,80.94,69.05,DS,TP.HCM,Female
733,27,20.0,84.9,100.0,5.1,6.6,1.5,40.6,81.7,3.46,86.54,61.13,CS,Hà Nội,Male
734,20,31.0,60.2,77.1,6.7,5.5,1.9,63.9,89.2,3.83,95.87,76.55,CE,Cần Thơ,Male
735,24,,100.0,100.0,7.1,7.5,0.5,50.9,96.7,4.0,100.0,73.8,AI,Huế,Female
736,20,30.5,87.9,100.0,9.6,7.1,3.5,45.3,78.0,3.01,75.18,61.63,AI,Cần Thơ,Male
737,30,33.7,76.5,77.2,12.3,8.8,1.2,56.4,87.5,3.38,84.49,71.94,CS,Đà Nẵng,Male
738,30,30.5,99.7,85.5,3.3,5.3,1.5,61.2,100.0,3.97,99.29,80.62,CE,TP.HCM,Female
739,19,27.2,67.0,81.5,2.8,8.5,1.3,70.6,88.3,3.54,88.54,79.43,DS,Hà Nội,Male
740,29,17.0,72.7,55.8,6.3,5.8,1.4,45.0,66.6,2.84,70.98,55.8,CS,Cần Thơ,Female
741,27,25.0,62.0,56.7,0.8,7.4,2.7,54.6,73.0,2.91,72.63,63.78,CE,TP.HCM,Male
742,21,20.7,100.0,80.7,7.6,5.6,2.6,58.0,85.9,3.34,83.6,71.93,SE,Cần Thơ,Male
743,29,22.2,88.3,73.6,6.3,7.2,6.3,43.6,87.9,3.45,86.15,65.76,AI,Huế,Female
744,25,22.0,91.6,100.0,6.9,4.0,2.1,54.5,66.8,2.9,72.43,60.6,SE,Cần Thơ,Male
745,30,17.2,,76.5,5.2,6.2,2.3,49.1,73.0,2.93,73.28,61.04,IT,Cần Thơ,Female
746,26,9.3,90.7,100.0,6.6,7.1,4.5,46.2,63.8,2.86,71.39,55.01,CE,TP.HCM,Male
747,24,19.7,85.8,72.9,7.2,9.1,2.8,55.8,70.1,2.99,74.87,62.95,AI,Huế,Male
748,18,26.5,87.7,100.0,6.5,4.4,2.4,64.4,89.3,3.47,86.72,76.89,CE,Đà Nẵng,Male
749,20,14.2,86.1,87.6,2.6,7.0,2.3,42.1,54.5,2.09,52.27,48.33,CE,Đà Nẵng,Female
750,30,25.1,,88.4,6.4,6.4,2.8,59.3,79.5,3.16,78.98,69.41,DS,Cần Thơ,Female
751,29,40.2,84.5,72.3,10.6,4.7,4.0,62.4,100.0,3.97,99.32,81.18,AI,TP.HCM,Female
752,26,,87.7,88.7,6.6,5.7,4.5,56.2,93.9,3.99,99.7,75.07,SE,TP.HCM,Male
753,29,38.1,86.1,100.0,6.3,6.4,4.0,79.7,100.0,3.89,97.3,89.84,DS,TP.HCM,Male
754,18,28.1,70.2,77.8,9.9,7.6,3.2,43.0,71.7,2.89,72.29,57.38,AI,Cần Thơ,Female
755,26,34.3,71.6,74.9,4.1,7.1,2.8,57.6,80.8,3.3,82.52,69.23,CE,Huế,Male
756,25,19.2,95.8,76.3,8.2,5.4,5.6,55.4,88.3,3.67,91.85,71.89,CS,Huế,Female
757,18,19.8,81.9,100.0,4.7,4.8,1.8,47.7,39.2,1.66,41.6,43.46,IT,Cần Thơ,Female
758,23,3.1,90.8,92.8,8.7,7.5,3.5,42.1,51.5,2.14,53.44,46.77,SE,TP.HCM,Female
759,22,34.5,74.1,100.0,8.0,6.8,4.3,51.9,87.0,3.39,84.65,69.47,AI,Đà Nẵng,Male
760,23,37.3,70.3,84.7,5.0,8.9,4.1,49.7,83.3,3.25,81.37,66.48,CE,Huế,Female
761,27,20.6,76.6,80.6,5.3,6.6,1.4,45.4,72.6,2.95,73.82,58.97,SE,Cần Thơ,Male
762,29,23.0,82.8,86.4,8.4,8.4,6.7,55.8,75.2,2.97,74.26,65.49,IT,Huế,Male
763,30,19.0,78.3,96.1,1.4,7.7,5.0,49.7,58.8,2.17,54.15,54.25,SE,TP.HCM,Male
764,30,28.1,97.9,76.3,,8.0,4.1,65.5,100.0,3.91,97.8,82.75,CS,Cần Thơ,Female
765,30,34.0,86.8,100.0,7.6,7.5,1.0,52.8,99.5,4.0,100.0,76.18,IT,Hà Nội,Female
766,22,11.1,100.0,85.5,5.2,7.5,4.0,44.0,60.7,2.66,66.6,52.32,CS,Đà Nẵng,Male
767,23,28.3,89.0,43.9,6.3,4.2,0.0,59.0,87.1,3.3,82.39,73.06,DS,Đà Nẵng,Male
768,22,22.8,60.9,93.3,0.9,6.7,2.2,44.0,85.1,3.18,79.61,64.53,CE,Đà Nẵng,Female
769,28,25.9,95.6,60.9,3.9,6.2,2.7,59.8,93.9,3.91,97.68,76.84,CS,Cần Thơ,Female
770,29,28.7,69.9,92.9,7.7,8.5,1.8,54.9,83.9,3.27,81.87,69.4,SE,Hà Nội,Female
771,22,23.5,87.3,93.5,,5.8,4.9,59.4,97.3,3.72,93.02,78.31,SE,Hà Nội,Male
772,21,24.2,77.3,84.9,2.7,6.7,2.7,56.9,68.7,2.75,68.65,62.81,IT,TP.HCM,Male
773,20,23.3,100.0,88.2,8.7,8.0,1.1,43.6,66.5,2.48,61.97,55.01,DS,Hà Nội,Female
774,20,32.8,99.4,96.5,7.3,7.4,3.6,75.5,100.0,4.0,100.0,87.76,CS,Hà Nội,Male
775,21,28.4,77.6,72.6,3.3,7.2,3.1,41.6,86.9,3.32,83.02,64.25,SE,Hà Nội,Female
776,26,26.8,83.7,91.9,6.3,8.3,0.0,46.0,69.3,2.81,70.22,57.63,SE,TP.HCM,Female
777,19,14.8,87.4,97.4,3.4,7.3,4.5,48.7,60.3,2.51,62.86,54.48,AI,Cần Thơ,Male
778,26,22.0,93.6,100.0,5.6,6.3,2.7,57.7,90.9,3.83,95.64,74.32,AI,Cần Thơ,Male
779,18,32.2,85.3,63.4,6.4,5.4,4.0,59.8,84.5,3.16,79.12,72.17,IT,Cần Thơ,Female
780,18,,,86.1,4.0,7.6,3.1,51.1,77.7,3.2,79.99,64.42,IT,Huế,Female
781,22,30.3,77.8,65.6,7.9,6.1,2.0,58.8,91.2,3.32,83.03,75.0,AI,TP.HCM,Male
782,23,39.1,85.0,64.9,8.2,6.7,3.1,71.0,100.0,4.0,100.0,85.52,SE,Cần Thơ,Male
783,23,33.3,97.3,85.4,6.7,8.3,2.3,56.0,95.1,3.79,94.79,75.53,DS,Cần Thơ,Female
784,20,25.7,89.3,81.2,7.0,6.7,2.9,49.3,87.9,3.67,91.66,68.62,DS,Cần Thơ,Female
785,24,20.9,77.3,97.2,2.4,6.5,3.4,45.8,63.6,2.59,64.86,54.67,CE,Hà Nội,Male
786,26,4.6,91.5,74.8,9.4,6.7,2.7,52.1,67.2,2.67,66.63,59.62,IT,Đà Nẵng,Male
787,28,23.7,81.1,78.0,5.8,6.7,3.2,57.7,75.2,3.0,75.04,66.46,IT,Đà Nẵng,Female
788,29,22.4,93.9,83.2,3.7,5.8,1.9,60.2,75.2,2.72,67.97,67.71,CE,Đà Nẵng,Female
789,27,28.1,100.0,67.1,6.4,9.0,1.6,73.0,100.0,3.84,95.93,86.51,AI,Cần Thơ,Male
790,25,23.8,81.4,69.2,7.9,6.3,3.7,60.9,98.5,4.0,100.0,79.72,AI,Hà Nội,Female
791,23,22.4,93.0,96.7,7.3,7.9,4.7,57.0,85.1,3.45,86.17,71.05,DS,TP.HCM,Female
792,29,10.8,77.5,71.8,3.3,5.8,1.7,56.4,79.5,3.32,82.93,67.96,CS,TP.HCM,Male
793,25,17.5,83.9,97.7,7.9,7.7,3.0,43.4,68.3,2.61,65.17,55.83,SE,Đà Nẵng,Female
794,29,28.8,85.3,89.1,5.8,7.2,0.4,57.4,89.0,3.74,93.4,73.23,CS,Cần Thơ,Female
795,22,38.7,83.1,56.8,7.3,7.0,5.2,75.2,100.0,3.94,98.6,87.59,SE,TP.HCM,Female
796,25,24.2,100.0,88.0,4.0,7.2,4.2,41.7,74.8,2.7,67.57,58.23,DS,Huế,Female
797,27,27.6,81.9,87.8,8.6,7.5,1.6,52.0,66.5,2.65,66.13,59.28,CS,TP.HCM,Male
798,29,32.6,90.9,86.3,6.5,6.7,2.0,69.0,97.7,4.0,100.0,83.35,IT,Cần Thơ,Female
799,21,18.5,,77.9,9.0,6.8,4.3,49.5,79.0,2.75,68.68,64.28,IT,TP.HCM,Male
800,27,27.9,89.3,65.9,2.2,7.7,2.8,63.2,94.2,3.91,97.86,78.69,DS,Cần Thơ,Male
801,25,19.1,96.4,100.0,2.5,5.6,3.4,39.4,81.2,3.28,81.94,60.27,DS,Hà Nội,Female
802,27,31.9,79.7,78.5,,5.4,1.0,54.6,93.7,4.0,100.0,74.15,CS,TP.HCM,Female
803,29,26.2,59.9,66.7,9.7,7.2,3.4,58.5,72.4,3.36,83.9,65.47,IT,TP.HCM,Female
804,19,27.4,84.6,86.9,,4.6,2.3,51.5,87.4,3.14,78.58,69.43,IT,Đà Nẵng,Female
805,29,18.7,85.2,68.9,3.8,5.0,2.9,58.0,75.8,3.31,82.74,66.92,CE,Cần Thơ,Female
806,29,30.7,92.2,65.8,6.1,9.2,1.9,64.0,87.9,3.44,85.96,75.95,CS,Hà Nội,Male
807,22,41.7,100.0,74.4,6.4,8.9,2.2,62.5,100.0,3.96,99.03,81.23,CE,Hà Nội,Male
808,26,16.9,,70.0,7.8,6.3,2.7,52.5,62.7,2.39,59.86,57.61,IT,Đà Nẵng,Male
809,21,22.3,76.4,66.3,8.2,8.2,1.6,58.8,75.2,2.87,71.7,67.0,CS,Cần Thơ,Male
810,28,26.9,73.3,92.1,3.2,8.2,5.9,58.9,100.0,4.0,100.0,79.43,CS,Đà Nẵng,Female
811,23,31.3,87.0,78.3,6.2,7.6,0.9,65.5,100.0,3.53,88.23,82.77,DS,Đà Nẵng,Male
812,18,20.5,89.8,98.8,1.0,6.9,3.2,40.9,76.9,2.94,73.53,58.88,AI,Cần Thơ,Male
813,26,2.3,,67.2,8.0,7.8,3.0,55.6,40.4,1.75,43.78,48.0,DS,Đà Nẵng,Female
814,18,35.9,92.8,54.1,5.2,8.0,3.6,87.0,100.0,3.59,89.81,93.49,CS,TP.HCM,Male
815,22,31.1,89.7,82.2,3.0,7.8,0.0,72.5,90.8,3.58,89.61,81.62,CS,Cần Thơ,Female
816,21,11.1,85.4,100.0,6.8,5.1,0.0,47.0,66.0,2.4,59.92,56.47,CE,Huế,Male
817,30,20.1,76.0,88.0,,9.4,1.7,48.5,72.3,2.94,73.48,60.38,IT,Cần Thơ,Male
818,29,37.5,80.2,100.0,9.2,9.9,3.9,62.3,92.3,3.7,92.51,77.28,IT,Hà Nội,Male
819,30,36.6,60.7,85.0,3.8,4.7,2.1,67.4,100.0,4.0,100.0,83.71,DS,TP.HCM,Male
820,30,32.5,87.4,83.5,11.6,7.6,2.0,70.5,100.0,3.54,88.4,85.25,DS,TP.HCM,Male
821,20,23.6,85.3,47.7,8.1,9.5,2.5,50.6,72.0,2.97,74.16,61.31,AI,Huế,Male
822,30,25.7,86.9,86.4,9.2,8.2,1.2,57.1,99.4,3.82,95.61,78.24,SE,TP.HCM,Female
823,23,,90.0,82.5,3.4,8.2,3.2,65.9,79.6,3.47,86.81,72.73,AI,TP.HCM,Female
824,19,34.0,88.9,73.9,10.5,5.3,2.8,63.1,100.0,3.91,97.79,81.54,CS,TP.HCM,Female
825,20,18.0,83.9,77.9,3.0,7.9,3.3,51.9,73.1,2.76,68.98,62.49,DS,Huế,Female
826,22,18.6,,79.0,5.5,7.3,4.8,62.1,76.2,2.94,73.49,69.15,DS,Huế,Male
827,26,,71.0,77.3,9.3,7.9,2.2,69.6,100.0,4.0,100.0,84.79,AI,Huế,Male
828,19,24.6,79.2,100.0,7.3,5.8,2.7,61.4,83.3,3.47,86.79,72.35,AI,TP.HCM,Female
829,27,36.0,85.5,74.4,2.9,5.7,1.0,56.8,100.0,3.99,99.87,78.41,IT,Cần Thơ,Male
830,25,19.6,77.6,82.5,8.8,6.8,0.6,43.4,61.7,2.27,56.77,52.55,CE,Cần Thơ,Male
831,19,24.6,93.6,73.9,6.8,6.5,2.5,51.9,85.4,3.18,79.43,68.65,AI,Hà Nội,Male
832,28,17.6,78.4,91.8,5.0,6.8,2.7,46.1,74.3,3.11,77.72,60.2,CS,Cần Thơ,Male
833,30,25.1,87.2,82.7,2.1,6.4,3.5,58.5,95.6,3.93,98.24,77.05,IT,Đà Nẵng,Female
834,22,13.2,86.2,75.8,7.1,6.8,3.4,47.1,73.9,3.04,75.93,60.49,CE,Cần Thơ,Female
835,24,21.1,92.5,51.1,5.6,6.2,2.9,53.5,81.8,3.59,89.75,67.66,IT,Huế,Male
836,25,13.5,94.0,83.6,6.4,6.9,5.0,47.3,74.3,2.81,70.3,60.78,IT,Đà Nẵng,Male
837,18,30.6,91.9,75.4,2.0,5.3,2.0,55.1,86.8,3.87,96.7,70.97,AI,TP.HCM,Male
838,23,30.7,63.9,79.1,5.0,7.6,2.2,54.2,88.8,3.62,90.52,71.5,SE,Huế,Female
839,18,,96.9,62.3,7.2,7.3,2.9,66.2,80.8,3.13,78.24,73.46,SE,Cần Thơ,Male
840,19,35.7,100.0,100.0,10.7,5.5,0.7,72.0,100.0,3.99,99.73,86.0,DS,TP.HCM,Female
841,18,45.0,,92.9,5.5,8.6,3.5,70.9,100.0,3.76,94.04,85.46,CE,Hà Nội,Male
842,28,25.4,,100.0,9.6,6.0,2.6,45.9,87.9,3.31,82.75,66.87,DS,Huế,Female
843,22,19.9,76.1,97.2,8.0,8.4,2.6,43.9,91.0,3.62,90.44,67.45,DS,Đà Nẵng,Female
844,27,47.6,65.5,88.9,6.6,7.4,3.3,70.2,100.0,4.0,100.0,85.1,CE,Huế,Male
845,26,14.4,77.6,62.9,3.5,8.2,3.1,57.7,73.1,2.78,69.61,65.4,CS,Đà Nẵng,Male
846,23,25.2,79.6,100.0,3.6,7.2,3.1,57.5,85.9,3.87,96.66,71.72,SE,Đà Nẵng,Male
847,28,26.4,81.5,66.1,7.5,7.7,1.9,58.7,85.2,3.4,85.03,71.95,CE,Hà Nội,Female
848,28,35.8,75.4,76.0,4.7,8.2,4.9,71.5,100.0,3.88,96.97,85.72,DS,Đà Nẵng,Male
849,18,,77.7,90.6,4.5,9.3,0.3,50.3,90.2,3.35,83.77,70.23,AI,TP.HCM,Female
850,30,21.0,84.9,91.3,,8.3,1.5,64.0,89.8,3.49,87.16,76.9,AI,Đà Nẵng,Female
851,18,17.4,77.3,88.6,5.6,7.5,1.7,46.8,69.8,3.08,77.05,58.3,CS,Đà Nẵng,Female
852,19,22.3,90.4,74.0,8.3,5.4,1.4,64.0,78.0,3.46,86.6,70.97,SE,Đà Nẵng,Male
853,26,16.9,91.8,70.9,4.7,4.1,0.0,64.0,80.1,3.33,83.15,72.04,IT,Huế,Male
854,20,,100.0,100.0,8.0,6.8,5.0,52.2,80.6,3.24,80.92,66.44,IT,Đà Nẵng,Male
855,18,20.5,96.3,79.4,7.1,6.1,3.5,54.8,72.6,2.62,65.39,63.69,SE,Huế,Female
856,22,13.0,87.4,77.6,1.8,6.2,1.6,53.8,76.5,2.55,63.65,65.16,IT,Huế,Male
857,24,35.0,78.8,69.3,6.7,6.9,3.5,61.0,98.3,3.97,99.21,79.61,SE,Cần Thơ,Male
858,23,21.0,87.9,83.7,0.0,7.8,2.3,52.0,72.3,2.81,70.29,62.15,AI,Hà Nội,Male
859,29,14.9,88.3,83.0,3.8,6.3,2.1,46.4,68.2,2.62,65.43,57.28,CS,Hà Nội,Male
860,18,23.7,79.9,79.8,7.2,8.1,1.1,40.8,78.4,3.22,80.41,59.59,AI,Hà Nội,Male
861,22,25.5,92.8,85.7,6.0,7.0,2.5,66.0,93.7,3.48,86.97,79.84,DS,Đà Nẵng,Female
862,22,11.0,71.0,100.0,1.6,7.0,1.6,36.4,61.0,2.73,68.33,48.69,DS,Cần Thơ,Male
863,23,27.7,82.6,71.1,3.2,9.2,1.0,41.0,75.2,3.38,84.47,58.06,CE,Cần Thơ,Female
864,20,16.6,90.6,80.6,0.0,7.2,3.9,58.9,80.7,3.37,84.15,69.8,CS,Hà Nội,Female
865,22,38.7,82.1,70.3,2.6,6.9,1.3,70.0,100.0,3.94,98.49,84.99,CS,Hà Nội,Male
866,24,29.2,82.9,84.4,7.4,7.6,4.6,49.4,91.6,3.54,88.54,70.51,CS,Hà Nội,Female
867,22,21.8,83.6,71.5,,9.2,1.4,62.0,92.1,3.62,90.51,77.05,AI,Huế,Male
868,22,19.0,76.6,72.1,6.4,6.9,0.2,55.8,100.0,4.0,100.0,77.88,CS,Huế,Female
869,22,24.2,96.7,58.1,,7.5,3.3,57.6,98.1,4.0,100.0,77.89,AI,Đà Nẵng,Female
870,27,29.9,74.8,81.5,6.1,6.9,1.8,56.0,88.2,3.62,90.46,72.11,CE,TP.HCM,Male
871,27,24.8,88.2,86.4,8.6,6.9,0.1,55.9,85.8,3.68,92.06,70.83,CE,Huế,Male
872,20,23.3,89.1,100.0,,6.4,2.9,57.4,76.9,3.19,79.68,67.15,DS,Cần Thơ,Female
873,18,25.5,75.5,87.0,8.3,6.3,0.5,49.5,73.0,3.13,78.19,61.27,IT,Huế,Male
874,22,20.2,85.7,73.3,0.0,9.0,0.0,61.4,84.6,3.38,84.48,73.0,IT,Cần Thơ,Female
875,26,22.3,,59.6,8.8,6.3,3.5,57.2,81.5,3.03,75.77,69.38,AI,Cần Thơ,Female
876,18,8.3,98.9,61.7,2.8,5.2,4.7,45.1,86.8,3.73,93.27,65.95,DS,Huế,Female
877,20,32.8,73.6,60.6,3.3,7.2,1.9,73.7,91.2,4.0,100.0,82.47,CE,Huế,Male
878,30,27.4,78.5,100.0,4.2,8.2,4.3,55.1,77.7,3.17,79.22,66.39,SE,Hà Nội,Female
879,30,18.8,72.8,84.3,8.7,8.5,3.7,61.6,78.1,3.01,75.34,69.86,SE,Cần Thơ,Male
880,21,,71.4,71.3,3.8,5.6,3.5,68.1,97.8,4.0,100.0,82.91,CE,Đà Nẵng,Male
881,18,25.7,100.0,65.6,4.4,8.3,2.2,65.0,96.7,3.8,94.93,80.82,CE,TP.HCM,Male
882,18,16.7,90.4,67.2,3.6,9.5,1.6,48.3,70.6,2.83,70.74,59.46,SE,Huế,Male
883,25,31.9,86.4,70.9,6.6,6.2,3.0,47.8,86.9,3.49,87.33,67.37,DS,Hà Nội,Female
884,19,28.2,78.4,99.7,7.9,6.8,3.5,61.5,91.5,3.51,87.74,76.51,DS,TP.HCM,Male
885,29,28.2,94.1,79.6,10.3,5.5,0.6,51.3,85.0,3.26,81.41,68.16,CS,Đà Nẵng,Male
886,25,21.6,76.8,58.3,12.0,9.2,2.0,48.1,72.5,2.89,72.18,60.33,SE,Huế,Female
887,24,28.6,92.9,100.0,7.6,5.2,2.2,61.0,97.3,3.85,96.3,79.13,CE,Hà Nội,Female
888,27,22.9,76.3,62.9,6.9,6.5,2.1,48.8,77.4,3.21,80.2,63.08,IT,Hà Nội,Male
889,27,29.4,78.6,71.1,,7.9,1.5,58.6,83.8,3.41,85.2,71.24,IT,Huế,Male
890,19,9.8,92.6,99.7,10.8,6.2,0.5,47.7,63.6,2.66,66.62,55.65,SE,Cần Thơ,Female
891,23,,93.6,86.2,6.5,5.8,2.0,44.1,87.2,3.46,86.45,65.64,CE,Huế,Male
892,23,38.8,91.0,73.0,5.3,6.9,2.1,69.8,100.0,3.84,95.97,84.89,AI,Hà Nội,Female
893,20,18.9,74.5,61.5,7.0,9.9,1.8,45.7,67.9,2.51,62.72,56.8,IT,Đà Nẵng,Male
894,28,20.2,80.5,65.5,4.4,6.7,3.5,44.2,79.9,3.39,84.86,62.05,DS,Đà Nẵng,Male
895,19,21.4,86.6,66.4,0.2,6.8,0.4,39.0,78.5,3.04,76.07,58.77,CE,Đà Nẵng,Male
896,29,15.3,76.5,80.1,7.4,5.7,2.9,36.3,74.2,2.84,71.07,55.26,CE,Hà Nội,Female
897,18,7.3,98.7,82.9,9.4,7.5,0.0,45.5,73.0,3.17,79.36,59.22,SE,Huế,Male
898,23,23.2,,77.8,7.4,8.1,2.4,51.8,83.1,3.25,81.14,67.47,IT,Huế,Male
899,29,26.1,77.2,79.4,6.0,6.3,0.0,60.0,83.2,2.89,72.25,71.59,CE,Huế,Male
900,22,24.6,79.9,64.2,6.0,7.6,1.2,68.3,80.9,3.28,81.97,74.58,CS,Cần Thơ,Female
901,28,23.8,56.6,84.4,6.4,6.3,2.5,61.5,83.2,3.22,80.5,72.39,CS,Cần Thơ,Male
902,26,25.3,71.0,99.2,,4.7,0.4,62.1,90.2,3.46,86.57,76.16,CE,Huế,Male
903,18,33.2,91.3,77.6,5.8,7.5,0.4,72.5,100.0,3.97,99.3,86.24,DS,Cần Thơ,Male
904,24,23.5,85.3,77.3,6.1,9.5,4.0,56.8,74.6,2.57,64.34,65.67,AI,Cần Thơ,Female
905,22,20.4,100.0,81.2,9.9,5.6,0.1,56.5,87.5,3.13,78.19,72.0,CS,Huế,Male
906,22,22.8,100.0,96.8,7.2,7.2,2.3,68.6,94.9,3.7,92.57,81.73,CE,Huế,Male
907,19,29.6,89.3,66.6,6.3,8.6,4.7,62.2,82.0,3.39,84.83,72.13,CE,Hà Nội,Female
908,28,36.3,88.1,100.0,7.6,6.9,2.7,67.2,100.0,3.95,98.68,83.61,CE,Huế,Male
909,20,20.0,85.7,86.3,7.6,5.3,2.5,61.6,90.7,3.57,89.21,76.16,AI,Huế,Female
910,24,25.8,58.4,80.4,8.4,7.1,1.4,51.0,65.4,2.61,65.37,58.21,AI,Huế,Female
911,23,27.7,71.1,98.2,4.1,8.8,1.4,55.4,87.8,3.69,92.22,71.6,CS,Huế,Male
912,29,17.1,86.0,62.3,4.8,6.4,2.2,40.5,80.6,3.23,80.77,60.53,IT,TP.HCM,Female
913,19,25.2,91.2,87.8,4.0,7.3,0.0,54.1,97.6,3.9,97.39,75.86,CE,TP.HCM,Male
914,23,13.3,87.9,86.5,7.9,5.7,4.0,45.7,53.0,2.01,50.26,49.35,AI,Đà Nẵng,Male
915,19,,76.1,66.0,7.8,6.9,2.8,42.5,69.6,2.71,67.66,56.05,IT,Huế,Male
916,19,27.9,94.4,86.9,2.8,7.5,0.0,66.2,93.0,3.76,93.9,79.6,SE,Cần Thơ,Female
917,19,21.9,99.8,84.2,7.0,7.2,4.0,48.9,79.0,3.42,85.54,63.91,SE,TP.HCM,Male
918,28,26.6,94.4,77.3,9.4,6.5,3.5,70.3,100.0,4.0,100.0,85.14,AI,TP.HCM,Male
919,20,24.9,94.9,92.9,5.4,7.5,3.2,42.4,83.6,3.18,79.52,63.01,CS,Hà Nội,Female
920,19,17.2,79.4,71.4,6.8,7.8,5.9,54.3,69.6,2.72,68.12,61.96,DS,Cần Thơ,Male
921,21,24.6,95.8,84.1,7.8,7.9,2.6,64.0,97.0,4.0,100.0,80.49,CS,Cần Thơ,Female
922,26,15.1,86.5,78.0,,6.6,4.8,54.5,86.4,3.47,86.83,70.47,IT,TP.HCM,Female
923,23,36.1,90.1,70.8,6.4,6.3,2.5,73.8,100.0,3.72,93.08,86.91,IT,Hà Nội,Female
924,18,14.2,88.7,87.5,9.2,9.4,3.2,47.3,65.9,2.72,68.04,56.6,DS,Đà Nẵng,Female
925,25,23.4,83.8,76.9,4.5,7.2,1.7,64.5,87.0,3.35,83.74,75.75,AI,Huế,Female
926,29,16.7,76.4,57.9,8.1,6.7,0.0,43.8,77.5,2.87,71.74,60.63,SE,Cần Thơ,Male
927,24,29.6,84.2,53.0,6.1,5.2,0.0,55.2,87.4,3.51,87.81,71.32,AI,Huế,Male
928,27,22.3,94.9,91.8,4.3,5.9,2.4,71.5,99.7,3.82,95.46,85.59,DS,Huế,Male
929,20,20.9,80.6,61.7,,6.2,2.1,54.1,77.0,3.24,81.03,65.51,AI,Huế,Female
930,18,31.8,93.9,84.2,4.7,7.5,0.7,70.1,86.2,3.46,86.62,78.13,CS,Đà Nẵng,Female
931,22,25.2,92.4,80.8,3.8,6.6,2.1,61.5,100.0,4.0,100.0,80.75,CS,Huế,Female
932,30,29.1,82.0,74.5,,7.0,3.2,64.6,94.2,3.84,95.95,79.39,DS,Đà Nẵng,Male
933,21,17.1,,100.0,6.2,5.3,4.4,37.7,80.7,3.13,78.21,59.17,CS,TP.HCM,Male
934,27,13.8,81.4,82.7,5.6,8.7,1.5,50.4,71.7,2.77,69.14,61.03,CS,TP.HCM,Male
935,25,25.9,100.0,91.3,5.3,6.1,3.1,59.5,91.6,3.59,89.81,75.57,CE,Hà Nội,Male
936,18,22.4,89.3,84.3,6.6,7.3,5.1,62.5,90.9,3.73,93.34,76.71,SE,Cần Thơ,Female
937,27,30.0,84.8,76.5,7.3,6.4,3.6,54.3,87.9,3.23,80.64,71.06,DS,Hà Nội,Male
938,18,24.4,76.1,79.7,3.1,6.6,1.3,63.6,99.2,4.0,100.0,81.42,IT,Cần Thơ,Male
939,29,26.6,84.1,100.0,5.4,6.0,2.7,48.6,82.9,3.13,78.32,65.74,AI,Cần Thơ,Female
940,21,12.0,83.0,96.3,,7.4,2.8,43.1,79.0,3.61,90.25,61.06,CE,TP.HCM,Female
941,25,40.1,72.4,100.0,5.6,5.8,3.5,54.1,100.0,4.0,100.0,77.05,IT,Hà Nội,Male
942,22,23.7,82.8,83.3,6.4,7.4,2.6,47.1,59.9,2.53,63.17,53.5,IT,Đà Nẵng,Male
943,19,30.6,77.0,66.8,7.4,6.9,3.2,59.5,81.7,3.28,82.02,70.59,SE,Đà Nẵng,Male
944,23,18.3,90.9,73.4,6.4,7.8,4.0,62.6,88.0,3.2,80.06,75.33,SE,Cần Thơ,Male
945,22,27.5,98.1,62.2,7.4,7.9,0.9,60.6,86.2,3.45,86.33,73.4,CS,Đà Nẵng,Female
946,19,14.6,,91.5,6.2,6.6,0.5,37.2,51.7,2.15,53.69,44.47,IT,TP.HCM,Female
947,30,28.6,100.0,71.2,4.3,7.4,3.4,45.6,99.0,3.85,96.13,72.31,DS,Hà Nội,Female
948,28,22.2,83.7,34.2,3.2,6.5,2.3,59.2,69.8,2.78,69.4,64.5,AI,Đà Nẵng,Female
949,28,25.2,75.2,100.0,5.3,8.6,3.8,50.3,85.5,3.55,88.69,67.91,CS,Cần Thơ,Female
950,28,30.6,92.6,71.4,4.1,6.6,4.1,57.9,90.4,3.64,90.99,74.16,DS,Hà Nội,Male
951,20,15.1,80.5,71.4,5.7,6.8,0.0,56.5,79.0,3.22,80.4,67.77,CS,Đà Nẵng,Female
952,26,19.5,84.2,100.0,4.8,6.4,1.2,51.3,79.0,3.26,81.62,65.13,DS,Đà Nẵng,Female
953,24,28.7,81.0,61.9,7.0,6.1,2.3,56.4,71.1,3.09,77.27,63.74,CS,Huế,Female
954,24,,76.8,97.0,6.1,9.4,1.0,69.1,100.0,3.83,95.83,84.54,AI,Hà Nội,Male
955,28,23.9,92.2,71.2,7.1,7.6,1.8,67.9,88.6,3.93,98.31,78.24,DS,Cần Thơ,Female
956,23,29.7,82.1,60.1,7.1,7.1,0.6,61.5,95.1,4.0,100.0,78.29,CS,Hà Nội,Male
957,25,24.1,70.6,100.0,5.6,6.4,1.8,37.5,74.7,2.88,71.98,56.13,AI,Cần Thơ,Male
958,21,40.5,90.5,93.8,5.7,8.3,1.1,62.8,100.0,4.0,100.0,81.42,CE,Cần Thơ,Male
959,25,11.0,72.9,93.8,7.3,6.3,3.0,42.1,50.9,2.4,59.97,46.47,AI,Cần Thơ,Female
960,21,25.8,73.5,85.5,12.1,7.1,3.9,61.8,87.8,3.8,94.99,74.8,AI,TP.HCM,Male
961,25,12.0,96.9,89.0,3.5,9.6,3.1,39.2,74.0,2.62,65.41,56.61,CS,Đà Nẵng,Male
962,26,4.9,73.0,61.5,6.1,5.9,6.4,40.8,54.4,2.15,53.63,47.59,DS,Đà Nẵng,Male
963,20,27.4,61.8,81.7,3.0,7.6,3.9,54.2,77.4,3.0,74.9,65.81,SE,Đà Nẵng,Male
964,20,26.1,91.2,66.1,5.9,7.3,3.9,65.9,88.3,3.7,92.62,77.12,SE,TP.HCM,Male
965,28,22.7,82.0,59.2,4.3,7.6,2.4,46.9,70.3,3.0,75.0,58.56,DS,Đà Nẵng,Male
966,30,,82.8,86.2,5.7,6.7,2.0,56.8,85.5,3.18,79.6,71.15,AI,Huế,Male
967,19,49.8,81.9,97.4,6.4,6.3,4.4,86.1,100.0,3.86,96.46,93.06,CS,TP.HCM,Male
968,30,22.9,87.3,74.2,4.8,7.3,2.1,62.0,92.3,3.38,84.42,77.17,IT,TP.HCM,Female
969,27,29.1,77.5,76.8,1.5,6.5,2.6,62.9,84.7,3.37,84.21,73.79,IT,Đà Nẵng,Male
970,20,19.8,99.8,62.9,9.6,4.2,2.2,52.5,83.0,3.26,81.55,67.74,AI,Huế,Male
971,20,27.4,70.2,80.1,8.1,6.0,3.3,57.2,72.5,2.99,74.85,64.86,DS,Cần Thơ,Female
972,22,23.1,89.4,91.4,5.7,6.6,3.8,54.9,80.3,3.57,89.35,67.61,CS,Cần Thơ,Female
973,22,21.7,91.4,91.9,3.8,5.7,4.1,61.4,80.2,3.26,81.5,70.79,DS,Đà Nẵng,Male
974,19,39.6,77.4,88.2,6.2,7.2,2.0,70.2,100.0,3.94,98.5,85.11,AI,Hà Nội,Male
975,29,34.4,74.8,70.7,6.9,6.1,2.8,57.3,100.0,4.0,100.0,78.66,CS,Đà Nẵng,Male
976,27,26.1,95.2,70.2,7.9,6.9,3.0,71.9,85.7,3.36,83.96,78.83,CE,Đà Nẵng,Male
977,30,6.6,75.1,91.9,8.2,9.6,4.7,50.2,65.7,2.59,64.79,57.96,SE,Đà Nẵng,Male
978,23,22.1,78.9,92.2,8.6,8.5,0.0,46.9,82.2,3.32,83.09,64.57,DS,Cần Thơ,Female
979,22,46.6,93.9,77.4,1.6,7.7,2.5,71.5,100.0,3.76,94.05,85.73,DS,Đà Nẵng,Female
980,23,23.2,85.3,73.6,5.2,9.2,1.5,54.0,76.2,2.99,74.65,65.09,AI,Huế,Female
981,18,33.8,67.0,97.5,8.5,6.9,1.7,66.5,87.3,3.33,83.32,76.93,DS,Hà Nội,Male
982,22,36.5,100.0,74.6,3.7,6.9,1.2,61.3,100.0,4.0,100.0,80.67,AI,Đà Nẵng,Female
983,26,26.8,79.7,91.2,9.0,5.7,3.3,52.0,80.3,3.01,75.13,66.14,CE,Hà Nội,Female
984,29,18.3,81.0,77.9,,8.5,0.0,57.4,76.1,2.86,71.44,66.78,CE,TP.HCM,Female
985,27,5.5,87.6,64.3,9.0,9.3,2.3,46.5,56.2,2.1,52.6,51.31,CE,Hà Nội,Male
986,19,30.5,91.3,100.0,7.7,8.1,0.0,46.9,96.1,3.69,92.2,71.52,SE,Cần Thơ,Male
987,18,18.5,100.0,81.8,4.9,8.7,1.5,58.8,87.5,3.83,95.85,73.14,AI,Cần Thơ,Female
988,27,26.4,68.4,69.3,6.7,3.7,2.2,44.0,75.1,3.22,80.56,59.57,AI,Cần Thơ,Male
989,30,15.0,93.3,59.1,2.6,9.8,1.9,45.5,67.8,2.81,70.24,56.63,CS,Hà Nội,Male
990,28,22.9,92.4,60.6,4.0,6.9,3.5,53.3,78.6,3.06,76.59,65.96,CE,Đà Nẵng,Female
991,26,,83.6,74.4,4.2,9.8,4.4,53.0,86.3,3.44,85.95,69.63,CE,Đà Nẵng,Male
992,27,27.1,92.9,100.0,6.2,9.1,5.4,54.4,88.3,3.85,96.21,71.37,DS,Huế,Male
993,26,16.1,94.3,71.2,5.0,7.9,2.5,43.4,74.2,2.91,72.66,58.82,AI,Đà Nẵng,Female
994,26,34.6,71.2,100.0,6.7,6.6,4.2,65.5,100.0,3.79,94.63,82.73,AI,Cần Thơ,Female
995,23,20.2,100.0,78.0,8.2,7.2,4.7,43.1,77.6,3.27,81.72,60.35,CS,Đà Nẵng,Male
996,25,11.6,,62.3,,4.7,1.8,40.1,70.1,2.76,68.89,55.1,CS,TP.HCM,Male
997,28,24.1,73.6,72.9,6.4,8.1,4.3,60.1,65.3,2.58,64.47,62.71,CE,TP.HCM,Female
998,30,25.3,82.4,60.8,5.0,3.9,0.0,59.3,75.7,2.98,74.59,67.5,DS,Huế,Female
999,18,26.3,100.0,67.2,6.5,6.6,2.9,49.3,100.0,3.97,99.23,74.66,CS,TP.HCM,Male
1000,27,35.9,81.9,66.7,7.7,8.9,4.9,49.7,89.3,3.67,91.79,69.52,DS,TP.HCM,Male
1001,21,23.1,84.7,51.4,8.3,7.9,2.6,46.9,81.1,3.18,79.62,64.0,CE,Cần Thơ,Male
1002,18,24.0,99.3,100.0,7.7,5.2,2.2,41.6,92.2,3.75,93.78,66.92,DS,Huế,Female
1003,25,16.2,,83.2,,5.4,2.2,50.1,74.5,3.19,79.74,62.32,IT,Huế,Male
1004,18,31.6,73.2,69.7,2.4,6.3,4.7,56.2,95.1,4.0,100.0,75.64,IT,Hà Nội,Male
1005,20,26.5,80.8,83.3,3.3,7.1,0.1,54.1,89.9,3.42,85.39,72.01,AI,Hà Nội,Male
1006,30,21.6,98.7,67.5,3.9,8.1,1.9,59.9,94.7,3.99,99.75,77.26,DS,Huế,Male
1007,21,9.8,85.7,39.9,6.9,7.7,3.8,51.7,70.0,3.02,75.62,60.84,DS,Hà Nội,Female
1008,25,36.6,100.0,100.0,2.8,5.7,3.0,69.2,100.0,4.0,100.0,84.6,IT,Đà Nẵng,Female
1009,23,15.2,92.4,82.8,6.8,7.7,4.3,48.6,67.9,2.73,68.16,58.24,CE,Đà Nẵng,Female
1010,27,20.3,78.6,71.2,6.7,7.9,3.5,46.7,77.7,3.06,76.48,62.2,CS,TP.HCM,Male
1011,29,27.9,85.5,51.0,1.2,7.6,1.8,56.1,87.9,3.21,80.16,71.99,CS,Đà Nẵng,Male
1012,24,15.4,76.5,57.6,3.3,10.0,3.4,49.6,68.0,2.74,68.54,58.82,CS,Cần Thơ,Female
1013,25,13.1,78.3,100.0,8.6,7.9,0.5,53.5,55.7,2.58,64.56,54.57,DS,Hà Nội,Female
1014,19,8.0,100.0,100.0,7.7,8.2,0.0,35.6,59.7,2.45,61.24,47.63,IT,Cần Thơ,Female
1015,30,30.8,,91.3,3.9,9.3,1.6,53.9,92.4,3.65,91.33,73.15,CE,Cần Thơ,Female
1016,27,20.6,93.6,63.3,3.4,8.0,2.6,54.5,94.2,3.89,97.14,74.35,SE,Huế,Male
1017,28,48.4,78.8,100.0,0.0,6.3,1.3,57.3,100.0,3.76,94.07,78.65,IT,TP.HCM,Male
1018,25,17.0,100.0,86.7,9.7,8.5,2.8,54.9,82.2,3.23,80.79,68.54,AI,TP.HCM,Male
1019,20,,96.0,89.8,6.1,6.5,2.6,60.5,92.6,3.87,96.71,76.59,CS,Cần Thơ,Female
1020,24,20.5,,86.7,10.7,5.8,0.0,73.0,81.8,3.39,84.64,77.44,CS,TP.HCM,Female
1021,20,26.9,100.0,57.4,5.5,5.9,1.7,60.8,90.4,3.52,87.9,75.61,CE,Đà Nẵng,Male
1022,24,21.2,70.2,62.0,6.7,8.5,3.9,57.9,83.5,3.69,92.37,70.68,DS,Cần Thơ,Female
1023,28,29.9,73.9,72.3,8.2,7.7,3.2,58.7,100.0,3.71,92.7,79.34,AI,Hà Nội,Female
1024,29,17.2,75.0,89.7,10.1,8.3,1.5,61.3,59.6,2.45,61.13,60.42,CE,TP.HCM,Female
1025,30,13.9,75.6,59.3,7.3,7.8,3.4,43.6,63.5,2.71,67.73,53.56,IT,Hà Nội,Female
1026,19,10.6,88.2,77.4,6.0,7.2,5.1,48.7,71.1,3.09,77.28,59.88,CE,Đà Nẵng,Male
1027,27,7.2,79.3,77.4,6.1,7.4,1.9,46.8,66.6,2.69,67.25,56.74,DS,TP.HCM,Male
1028,23,20.9,100.0,91.9,3.4,7.7,3.6,58.6,100.0,4.0,100.0,79.28,SE,Huế,Female
1029,20,22.6,100.0,90.1,5.0,6.3,3.4,51.2,79.1,3.17,79.16,65.15,CS,Đà Nẵng,Male
1030,20,19.9,84.9,64.8,6.1,5.5,1.8,42.4,72.0,3.21,80.31,57.18,SE,Đà Nẵng,Female
1031,26,34.9,100.0,100.0,9.5,6.4,0.8,73.9,94.7,3.85,96.34,84.3,CE,Huế,Female
1032,24,34.8,99.9,62.6,4.9,7.7,5.0,68.0,100.0,4.0,100.0,83.99,CS,Hà Nội,Female
1033,22,22.3,,96.4,8.7,6.2,4.1,54.4,83.3,3.1,77.52,68.84,CS,Hà Nội,Female
1034,29,10.6,64.9,71.7,5.8,9.6,2.1,49.4,77.1,3.06,76.49,63.24,AI,Đà Nẵng,Male
1035,27,20.5,82.8,82.5,9.1,7.5,4.3,59.1,93.3,3.84,96.04,76.23,AI,Đà Nẵng,Male
1036,24,20.2,78.6,83.4,7.7,7.1,3.3,54.6,88.8,3.66,91.42,71.69,DS,TP.HCM,Male
1037,26,19.7,87.1,83.0,7.5,6.3,4.3,57.6,74.0,2.85,71.19,65.83,AI,TP.HCM,Female
1038,18,19.4,85.9,90.1,8.4,8.1,0.0,48.5,79.9,2.83,70.64,64.23,CS,Đà Nẵng,Female
1039,24,19.8,85.6,85.9,8.1,5.5,1.9,56.7,82.7,2.95,73.86,69.67,IT,TP.HCM,Male
1040,23,21.9,90.2,91.8,8.7,7.4,4.9,43.2,80.7,3.04,75.99,61.96,CS,Huế,Female
1041,27,19.9,72.9,87.0,11.3,6.5,6.5,51.0,71.9,3.43,85.83,61.45,IT,TP.HCM,Male
1042,29,26.7,89.1,61.0,10.0,7.1,1.9,64.0,100.0,3.39,84.82,81.99,CE,Đà Nẵng,Female
1043,26,27.9,80.6,84.0,7.2,7.6,1.9,52.6,82.5,3.27,81.65,67.55,CE,Hà Nội,Female
1044,18,17.7,87.0,71.5,4.9,5.6,3.5,52.4,78.1,3.07,76.66,65.27,CE,Hà Nội,Female
1045,30,,94.6,63.4,6.9,5.0,3.0,67.8,100.0,4.0,100.0,83.91,AI,Huế,Male
1046,21,17.2,72.8,75.7,1.2,5.9,3.3,42.1,83.8,3.33,83.37,62.94,SE,Hà Nội,Male
1047,26,12.1,82.2,82.7,,8.1,0.0,54.8,63.2,2.33,58.32,59.03,SE,Hà Nội,Male
1048,21,28.0,83.8,83.7,3.3,7.4,2.1,61.0,94.2,3.97,99.26,77.59,AI,Đà Nẵng,Male
1049,27,18.5,79.9,95.8,8.8,6.5,3.7,38.3,72.1,2.56,63.93,55.17,CE,Đà Nẵng,Male
1050,20,27.6,94.0,99.6,11.0,9.4,0.0,60.5,100.0,4.0,100.0,80.23,SE,Đà Nẵng,Male
1051,26,5.8,77.8,85.0,2.4,8.5,0.1,51.9,73.5,3.03,75.75,62.7,CE,Đà Nẵng,Female
1052,30,36.1,79.4,87.8,5.9,8.3,0.0,64.0,96.5,3.68,91.96,80.25,IT,Đà Nẵng,Female
1053,19,30.4,77.9,81.4,3.3,6.1,3.5,54.6,87.0,3.34,83.52,70.78,SE,TP.HCM,Male
1054,21,13.0,95.9,91.5,,8.2,1.1,45.1,71.3,3.08,77.07,58.2,IT,Huế,Female
1055,23,13.2,80.1,87.3,5.7,7.4,0.7,45.7,70.4,2.55,63.69,58.05,AI,Đà Nẵng,Female
1056,19,38.4,89.6,79.2,7.6,6.1,2.6,58.1,100.0,4.0,100.0,79.07,AI,TP.HCM,Female
1057,25,19.1,100.0,100.0,7.9,6.9,0.6,64.8,83.8,3.34,83.6,74.3,SE,Cần Thơ,Female
1058,25,18.3,84.3,71.8,6.4,5.8,3.2,58.3,92.7,3.69,92.37,75.49,CS,Đà Nẵng,Female
1059,18,6.9,96.1,100.0,1.8,6.1,6.1,52.7,51.0,2.15,53.71,51.82,DS,Huế,Female
1060,29,22.2,100.0,59.7,6.3,5.6,1.9,45.4,72.4,3.03,75.65,58.9,SE,Huế,Female
1061,20,23.2,95.3,92.2,2.3,8.1,0.0,57.6,92.0,3.76,94.06,74.82,AI,Huế,Male
1062,27,30.7,84.8,100.0,,6.9,1.8,68.9,94.9,4.0,100.0,81.89,AI,Đà Nẵng,Male
1063,26,13.8,91.4,51.4,3.5,5.9,3.2,42.0,63.9,2.61,65.19,52.93,AI,Hà Nội,Male
1064,22,12.8,72.1,82.1,8.6,7.6,3.1,44.9,70.5,2.72,67.96,57.69,DS,Hà Nội,Female
1065,23,,77.2,90.7,7.4,7.0,3.8,49.8,89.9,3.37,84.26,69.85,DS,Cần Thơ,Male
1066,21,33.1,79.0,83.8,6.8,8.3,1.6,67.9,100.0,4.0,100.0,83.94,CS,Cần Thơ,Female
1067,27,12.4,100.0,85.7,3.8,7.2,2.1,47.7,63.9,2.63,65.8,55.78,DS,Cần Thơ,Male
1068,19,33.7,,82.0,5.0,5.3,0.0,61.1,100.0,3.65,91.16,80.54,AI,Đà Nẵng,Female
1069,28,25.3,76.7,63.6,2.6,6.4,3.4,47.0,85.0,3.49,87.26,66.03,SE,TP.HCM,Male
1070,25,33.7,74.6,100.0,9.4,5.6,0.5,73.1,90.5,3.45,86.14,81.79,DS,Cần Thơ,Female
1071,28,24.4,90.6,72.4,11.5,7.7,2.8,57.3,86.5,3.28,81.95,71.88,AI,Cần Thơ,Female
1072,30,4.8,86.4,86.5,7.4,8.3,1.2,47.5,67.6,2.74,68.38,57.57,SE,TP.HCM,Male
1073,23,23.8,95.9,70.3,7.8,5.1,2.4,60.1,99.0,3.54,88.49,79.54,DS,Cần Thơ,Male
1074,22,33.5,91.7,45.9,5.6,6.9,3.9,57.0,94.8,4.0,100.0,75.93,DS,Cần Thơ,Male
1075,26,17.9,71.2,66.1,2.0,8.4,1.8,36.8,56.4,2.44,60.91,46.56,IT,TP.HCM,Female
1076,18,21.9,76.9,58.3,3.9,5.1,1.4,51.5,89.6,3.35,83.67,70.57,CE,Huế,Female
1077,22,23.6,98.7,96.4,4.8,6.5,2.5,65.8,91.4,3.62,90.49,78.61,DS,Đà Nẵng,Female
1078,23,1.8,83.0,70.9,5.0,7.0,1.5,24.0,30.9,1.27,31.68,27.47,DS,Đà Nẵng,Male
1079,22,38.4,96.9,72.3,4.5,8.3,1.1,82.9,100.0,3.85,96.26,91.46,CS,TP.HCM,Female
1080,23,17.8,83.5,64.0,6.1,7.7,5.3,57.1,84.9,3.3,82.45,71.03,CE,Cần Thơ,Male
1081,23,29.0,75.3,81.4,3.9,7.9,0.0,59.5,78.6,3.12,77.98,69.06,AI,Huế,Male
1082,24,24.3,82.0,69.3,11.4,7.7,3.5,54.7,83.1,3.32,83.03,68.87,IT,TP.HCM,Male
1083,21,35.1,75.3,94.9,2.6,6.6,2.3,69.0,95.5,3.79,94.81,82.25,DS,Hà Nội,Female
1084,28,28.2,79.3,84.5,8.2,9.0,1.3,48.9,83.8,3.36,84.05,66.35,AI,Cần Thơ,Female
1085,25,23.1,87.0,71.4,5.3,6.2,3.0,58.7,80.6,3.3,82.5,69.67,DS,Hà Nội,Female
1086,24,,90.1,92.8,7.2,3.7,2.6,54.2,81.6,3.2,79.94,67.92,CS,Huế,Male
1087,26,31.4,69.1,80.1,,4.8,4.5,72.4,91.1,3.73,93.24,81.72,CS,Huế,Male
1088,24,10.0,,80.3,6.4,6.9,0.8,42.5,68.5,2.97,74.32,55.48,AI,Hà Nội,Female
1089,20,30.2,79.1,58.1,3.2,6.6,1.7,59.8,87.4,3.59,89.66,73.61,SE,Cần Thơ,Female
1090,20,,78.5,78.9,5.2,6.4,4.0,48.4,78.5,3.49,87.21,63.47,DS,Hà Nội,Male
1091,25,35.0,86.3,84.8,6.4,7.2,2.2,60.3,98.0,3.64,90.99,79.17,SE,TP.HCM,Male
1092,22,26.3,79.5,100.0,6.3,8.4,3.3,67.7,79.2,3.05,76.29,73.47,AI,Cần Thơ,Male
1093,21,30.2,98.8,68.7,3.4,7.5,4.3,55.1,86.7,3.54,88.54,70.92,IT,Đà Nẵng,Female
1094,25,25.7,96.9,100.0,9.2,7.8,3.3,47.4,76.0,3.09,77.19,61.68,IT,Hà Nội,Male
1095,23,11.0,96.8,88.4,0.0,5.7,1.6,49.6,61.7,2.39,59.75,55.63,DS,Đà Nẵng,Male
1096,19,18.1,80.1,57.2,5.4,6.4,2.0,45.2,60.9,2.56,63.97,53.03,DS,Hà Nội,Male
1097,21,30.4,75.4,67.3,3.7,7.8,4.3,61.0,80.4,3.26,81.48,70.72,IT,Hà Nội,Male
1098,29,26.3,85.8,100.0,6.5,7.1,2.7,62.4,88.8,3.79,94.68,75.59,CS,Cần Thơ,Female
1099,28,34.4,83.5,98.6,8.5,7.6,2.2,64.5,100.0,3.79,94.7,82.23,CE,Đà Nẵng,Female
1100,21,28.2,78.9,80.3,2.5,7.7,3.1,58.2,76.3,3.06,76.53,67.22,DS,TP.HCM,Male
1101,23,17.3,73.2,82.2,11.9,7.2,0.6,33.5,57.7,2.22,55.52,45.61,AI,Huế,Female
1102,23,18.6,84.6,62.5,6.5,8.9,2.1,55.9,84.0,3.53,88.28,69.93,DS,TP.HCM,Female
1103,18,,81.0,99.8,7.0,6.4,2.4,58.0,83.9,3.47,86.64,70.95,AI,Đà Nẵng,Female
1104,25,6.5,91.9,65.2,2.4,6.0,2.4,57.7,53.4,2.04,50.98,55.55,IT,Huế,Male
1105,23,38.4,91.7,92.7,5.9,4.9,1.9,76.1,100.0,4.0,100.0,88.03,DS,Đà Nẵng,Male
1106,20,28.5,96.0,100.0,8.4,7.9,2.0,49.7,92.3,3.69,92.24,71.02,CS,Huế,Female
1107,26,34.8,72.4,80.7,6.5,6.3,2.3,69.9,99.8,3.74,93.59,84.87,AI,Đà Nẵng,Male
1108,19,12.4,89.0,94.5,6.4,8.5,4.7,37.9,82.0,3.23,80.73,59.94,CS,Đà Nẵng,Male
1109,28,35.0,77.7,100.0,5.9,7.3,0.0,69.1,93.4,4.0,100.0,81.26,AI,Huế,Male
1110,25,,72.8,84.0,2.6,6.6,3.5,79.0,100.0,3.96,99.05,89.48,SE,Đà Nẵng,Male
1111,27,14.4,,77.4,2.5,5.7,2.4,61.9,74.0,3.01,75.14,67.95,CE,Huế,Female
1112,20,31.2,95.7,79.0,8.9,8.0,2.4,59.8,99.9,4.0,100.0,79.84,CS,Đà Nẵng,Male
1113,30,25.0,81.3,68.9,8.2,6.9,1.9,61.2,80.6,3.22,80.4,70.93,CE,Đà Nẵng,Female
1114,29,12.6,,68.5,8.6,7.3,3.3,57.1,70.4,3.12,78.03,63.71,CS,Đà Nẵng,Male
1115,22,28.9,90.5,86.6,3.9,7.7,3.9,63.8,83.3,3.48,86.99,73.57,CE,Cần Thơ,Male
1116,23,31.7,81.1,77.5,5.6,7.3,0.0,48.4,76.8,3.2,80.02,62.57,CS,Cần Thơ,Male
1117,27,20.2,96.6,84.9,9.1,6.0,5.6,55.8,87.2,3.43,85.84,71.49,CS,Huế,Female
1118,23,34.3,89.5,57.7,2.9,7.6,2.7,68.4,96.9,4.0,100.0,82.65,CS,Hà Nội,Female
1119,21,,75.7,78.6,8.8,8.0,2.7,45.1,83.1,3.26,81.59,64.11,IT,Hà Nội,Male
1120,20,13.0,100.0,95.5,4.5,7.4,0.4,43.3,67.8,2.8,69.91,55.56,DS,Cần Thơ,Male
1121,21,26.1,87.6,63.2,3.9,7.8,1.6,56.2,92.4,4.0,100.0,74.28,CS,Hà Nội,Male
1122,18,25.2,85.2,80.2,5.9,7.9,4.5,63.4,87.7,3.82,95.54,75.59,CE,Cần Thơ,Female
1123,21,19.3,76.4,52.2,3.2,6.5,2.6,53.9,60.3,2.39,59.71,57.08,SE,TP.HCM,Female
1124,18,31.5,96.8,60.4,1.3,6.5,3.1,66.6,88.6,3.59,89.72,77.61,AI,Huế,Female
1125,29,29.2,90.2,92.1,6.2,9.7,1.8,58.6,80.0,2.98,74.55,69.32,CE,Huế,Male
1126,18,31.9,91.3,75.4,7.3,8.6,5.5,65.8,100.0,3.95,98.79,82.9,IT,Cần Thơ,Female
1127,27,24.0,79.9,100.0,9.0,6.9,2.3,39.2,85.8,2.99,74.66,62.49,CE,Đà Nẵng,Female
1128,23,29.8,93.3,86.5,7.5,7.8,4.2,61.0,100.0,4.0,100.0,80.52,DS,Cần Thơ,Male
1129,22,21.4,94.1,88.0,10.9,5.9,2.3,52.3,64.3,2.42,60.56,58.32,IT,Đà Nẵng,Female
1130,28,41.4,78.3,63.9,9.4,6.3,3.0,68.0,94.4,3.76,93.93,81.22,CE,Huế,Female
1131,21,18.5,70.8,74.2,7.8,5.5,3.0,40.7,71.8,2.78,69.54,56.26,IT,Cần Thơ,Male
1132,30,41.8,90.8,69.0,7.2,7.3,3.9,72.8,100.0,4.0,100.0,86.39,CE,Huế,Female
1133,28,25.3,69.3,64.0,9.1,7.4,3.6,68.8,90.6,3.9,97.41,79.67,CE,Đà Nẵng,Female
1134,20,14.0,86.5,90.0,0.5,8.3,1.8,49.1,66.9,2.96,73.94,57.98,SE,Cần Thơ,Male
1135,18,35.9,80.5,93.0,4.8,6.7,4.2,64.4,93.8,3.5,87.41,79.09,DS,TP.HCM,Female
1136,23,26.0,97.2,86.0,1.4,8.3,1.0,77.9,84.1,3.49,87.36,80.99,SE,Huế,Female
1137,19,31.8,81.1,67.6,7.7,7.8,0.7,53.9,86.0,3.27,81.69,69.98,SE,TP.HCM,Male
1138,25,34.8,96.1,85.0,4.1,10.0,2.1,69.2,100.0,4.0,100.0,84.61,DS,Huế,Female
1139,27,27.7,79.9,51.3,,9.0,3.1,69.6,83.4,3.53,88.26,76.53,IT,Cần Thơ,Female
1140,22,20.3,95.0,99.8,4.7,8.8,1.0,51.5,81.7,3.21,80.35,66.59,IT,Cần Thơ,Female
1141,24,32.8,100.0,60.5,6.3,8.0,2.4,71.0,95.4,3.86,96.5,83.2,IT,Đà Nẵng,Female
1142,27,25.0,74.3,63.2,5.0,5.9,0.4,56.2,75.9,2.91,72.85,66.05,SE,TP.HCM,Male
1143,29,30.5,87.9,81.7,4.8,7.4,2.1,53.0,84.8,3.61,90.3,68.92,DS,TP.HCM,Female
1144,19,7.8,100.0,83.1,2.9,9.7,4.0,44.6,68.9,2.71,67.83,56.76,IT,Hà Nội,Female
1145,30,28.6,85.7,78.9,2.8,7.6,1.2,59.0,97.2,3.78,94.57,78.14,AI,Đà Nẵng,Male
1146,25,19.9,85.6,63.3,,6.0,0.7,48.0,91.3,3.72,92.97,69.63,SE,Cần Thơ,Female
1147,19,38.2,92.9,97.0,7.4,7.4,3.1,55.6,100.0,4.0,100.0,77.78,CS,Hà Nội,Female
1148,21,30.0,85.4,54.7,4.9,5.8,1.3,57.2,94.0,3.48,87.03,75.61,IT,TP.HCM,Male
1149,18,26.9,67.9,57.8,10.8,6.0,6.1,44.2,90.0,3.69,92.3,67.09,SE,Cần Thơ,Male
1150,22,28.9,,78.4,2.9,7.5,2.8,65.2,98.1,3.82,95.62,81.64,DS,Cần Thơ,Female
1151,26,17.0,65.0,61.0,9.7,7.9,4.0,51.6,72.6,3.04,75.89,62.09,DS,Huế,Female
1152,18,38.0,80.8,98.3,9.9,6.0,0.5,56.1,100.0,3.9,97.41,78.03,CS,Đà Nẵng,Male
1153,26,40.9,97.1,62.3,9.2,6.3,3.2,70.9,100.0,3.83,95.68,85.44,IT,Hà Nội,Male
1154,28,,81.4,100.0,6.6,5.3,1.0,48.2,83.8,3.21,80.29,66.04,CS,Đà Nẵng,Male
1155,25,37.7,78.1,95.5,5.2,6.8,2.2,62.3,97.8,3.95,98.66,80.06,DS,TP.HCM,Female
1156,23,20.4,93.8,98.5,9.2,4.7,1.4,49.4,75.4,3.12,78.07,62.39,IT,Huế,Male
1157,24,18.6,76.5,100.0,4.0,6.6,4.1,54.0,69.9,2.67,66.74,61.95,AI,Huế,Male
1158,20,25.3,72.8,81.2,6.7,7.1,3.0,42.8,84.4,3.39,84.68,63.58,AI,Huế,Female
1159,18,28.5,87.7,64.8,5.9,4.9,2.7,66.9,84.8,3.26,81.61,75.86,AI,Hà Nội,Female
1160,22,21.8,83.2,78.5,3.8,5.8,4.5,63.1,84.0,3.28,82.08,73.51,CS,Đà Nẵng,Female
1161,29,29.3,72.6,71.5,6.7,6.9,2.5,56.8,85.8,3.33,83.3,71.27,CE,TP.HCM,Male
1162,29,27.5,91.4,69.4,7.9,6.8,4.0,49.2,74.7,2.85,71.14,61.94,IT,Huế,Male
1163,19,17.0,89.6,82.3,3.7,6.8,5.2,35.5,75.0,2.75,68.86,55.23,CE,Hà Nội,Male
1164,22,29.2,81.4,75.3,7.2,7.3,2.7,67.3,81.9,3.26,81.53,74.59,AI,TP.HCM,Male
1165,25,31.9,82.1,68.7,0.4,5.0,2.9,76.1,93.3,3.96,99.01,84.73,CE,Cần Thơ,Female
1166,28,26.4,89.7,76.3,3.4,7.9,3.9,58.6,87.5,3.52,87.91,73.02,CE,Cần Thơ,Male
1167,26,34.2,96.9,88.2,4.9,6.6,4.7,56.5,100.0,3.94,98.51,78.24,CS,Huế,Male
1168,19,15.3,82.2,94.3,6.9,6.3,2.7,40.6,71.0,3.0,75.05,55.79,IT,Hà Nội,Female
1169,29,28.7,,56.0,8.2,4.8,1.5,69.2,98.8,3.85,96.31,83.96,DS,TP.HCM,Female
1170,20,15.6,90.7,75.5,6.2,6.7,3.8,51.6,84.7,3.43,85.67,68.15,CE,Đà Nẵng,Female
1171,20,16.1,93.8,77.9,7.4,7.6,3.4,43.9,70.3,2.5,62.48,57.06,AI,Đà Nẵng,Female
1172,18,20.0,85.4,62.3,5.6,7.2,3.8,70.0,100.0,4.0,99.98,85.01,AI,TP.HCM,Male
1173,25,17.5,75.9,78.2,7.0,7.2,3.5,57.3,77.9,3.05,76.2,67.59,CS,Cần Thơ,Male
1174,23,20.6,80.4,82.2,6.9,6.6,2.8,56.6,79.7,2.81,70.36,68.16,CE,Huế,Female
1175,29,23.3,88.4,87.8,4.7,6.9,2.9,51.5,67.5,2.61,65.28,59.53,CS,Đà Nẵng,Male
1176,30,31.7,,81.2,5.1,5.7,3.6,73.1,100.0,3.53,88.25,86.53,CE,Hà Nội,Female
1177,25,22.4,80.2,66.8,7.5,7.0,0.3,60.5,87.1,3.37,84.16,73.78,AI,Hà Nội,Male
1178,28,12.3,93.0,100.0,10.5,6.4,4.5,47.4,67.3,2.79,69.76,57.34,CE,Hà Nội,Male
1179,26,34.1,81.7,92.4,9.0,5.7,3.2,71.0,95.5,3.64,90.92,83.24,DS,Hà Nội,Female
1180,22,18.3,86.1,88.3,3.2,7.9,1.2,59.5,95.5,3.68,91.95,77.49,CS,TP.HCM,Male
1181,29,24.5,100.0,95.1,,5.1,2.8,60.5,84.0,3.05,76.36,72.2,CS,TP.HCM,Male
1182,20,28.6,92.6,83.7,4.7,7.6,4.5,51.7,91.4,3.71,92.8,71.54,AI,TP.HCM,Male
1183,22,26.6,72.6,99.3,6.2,7.7,2.9,48.2,79.7,3.1,77.49,63.94,CS,TP.HCM,Male
1184,22,33.8,79.3,80.9,6.1,6.4,1.4,50.3,96.1,3.84,95.92,73.22,AI,Đà Nẵng,Male
1185,22,28.8,97.6,80.0,,8.2,0.6,71.2,83.9,3.59,89.65,77.55,AI,Huế,Male
1186,20,18.1,86.4,89.5,9.2,6.3,6.2,40.6,75.6,2.82,70.6,58.1,IT,Đà Nẵng,Male
1187,28,42.4,73.5,100.0,6.0,6.3,0.0,68.1,100.0,4.0,100.0,84.05,CS,Huế,Male
1188,27,26.6,76.8,100.0,5.4,5.6,3.0,44.5,63.9,2.51,62.66,54.22,AI,Hà Nội,Female
1189,21,23.8,92.0,88.9,7.3,7.0,1.6,69.3,83.5,3.55,88.72,76.38,CS,Đà Nẵng,Female
1190,26,32.7,94.9,87.7,8.7,5.8,4.1,55.1,99.8,3.97,99.23,77.42,CE,Đà Nẵng,Female
1191,30,27.0,85.2,90.4,7.4,6.1,0.7,60.4,88.2,3.2,79.98,74.3,SE,Cần Thơ,Female
1192,27,28.2,100.0,94.8,4.9,6.9,4.9,49.4,94.7,3.54,88.52,72.06,SE,Huế,Male
1193,26,44.9,93.2,99.5,4.5,7.0,2.3,79.2,100.0,3.95,98.7,89.61,SE,Hà Nội,Female
1194,19,22.8,82.6,76.5,3.2,8.5,2.2,62.6,86.0,3.11,77.73,74.33,IT,TP.HCM,Female
1195,25,22.5,76.8,99.8,6.5,8.1,2.0,53.5,92.7,3.81,95.3,73.08,IT,Hà Nội,Female
1196,25,25.9,75.3,85.1,7.6,7.7,1.6,55.2,88.7,3.71,92.83,71.99,SE,Huế,Male
1197,24,33.6,,89.8,7.8,6.8,1.9,69.5,90.1,3.31,82.64,79.78,DS,Đà Nẵng,Female
1198,25,12.9,80.1,100.0,8.9,6.5,3.6,42.2,69.7,2.73,68.25,55.91,CE,Hà Nội,Female
1199,20,9.3,100.0,91.2,9.7,7.0,0.0,55.1,72.0,2.86,71.53,63.56,CS,Hà Nội,Female
1200,30,20.3,99.7,93.7,2.6,6.3,1.4,57.4,89.2,3.7,92.6,73.28,IT,TP.HCM,Male
1201,23,11.9,91.3,74.2,7.0,6.2,4.7,35.8,72.8,2.99,74.83,54.32,AI,Cần Thơ,Female
1202,18,21.6,73.2,100.0,7.1,6.9,2.4,66.0,94.4,3.69,92.28,80.19,CE,Hà Nội,Female
1203,24,29.0,78.3,90.4,5.8,5.9,1.6,59.9,89.5,3.3,82.47,74.71,CS,Đà Nẵng,Female
1204,18,17.9,97.6,81.9,3.9,6.0,0.6,50.5,85.7,3.43,85.67,68.08,AI,TP.HCM,Female
1205,26,13.6,,96.5,9.6,8.1,0.7,48.3,59.2,2.34,58.58,53.78,DS,Cần Thơ,Male
1206,18,25.6,96.2,100.0,4.5,5.3,4.0,53.2,83.4,3.17,79.26,68.29,IT,TP.HCM,Male
1207,18,31.9,89.7,62.5,0.5,5.8,1.3,61.2,91.6,4.0,100.0,76.43,AI,Huế,Female
1208,24,11.4,85.5,67.9,6.1,8.5,3.7,52.3,76.3,3.09,77.2,64.33,SE,Hà Nội,Male
1209,19,31.6,78.0,100.0,5.4,6.5,1.0,65.5,100.0,3.87,96.75,82.76,IT,Huế,Female
1210,22,31.5,84.1,86.4,10.6,8.7,2.3,65.9,100.0,3.89,97.2,82.96,AI,TP.HCM,Male
1211,25,32.6,86.9,82.9,7.2,5.6,2.4,58.0,100.0,4.0,100.0,79.0,IT,Huế,Female
1212,25,34.7,95.3,78.3,5.2,7.1,1.4,58.9,100.0,4.0,100.0,79.45,AI,Hà Nội,Male
1213,20,42.6,76.1,98.1,5.5,7.9,2.6,71.3,93.6,3.87,96.69,82.45,SE,Cần Thơ,Male
1214,24,22.2,82.4,100.0,5.5,5.9,0.0,59.8,68.7,2.95,73.76,64.21,CE,TP.HCM,Male
1215,20,25.9,,70.0,11.5,9.0,2.4,51.7,77.1,2.84,70.94,64.43,SE,Huế,Female
1216,23,21.7,,78.5,7.7,6.5,3.2,53.3,71.7,2.86,71.43,62.47,AI,Huế,Female
1217,23,25.0,75.9,74.7,2.5,7.6,1.2,58.1,87.2,3.26,81.49,72.67,AI,Huế,Female
1218,20,37.3,71.8,91.0,5.4,6.2,2.8,63.0,100.0,4.0,100.0,81.5,IT,Cần Thơ,Male
1219,24,,91.7,98.3,5.9,8.8,2.7,58.1,75.7,3.21,80.2,66.92,AI,TP.HCM,Male
1220,20,18.1,,100.0,3.2,7.4,2.8,39.2,60.5,2.22,55.54,49.87,SE,TP.HCM,Male
1221,25,36.0,97.8,91.5,1.5,9.5,0.5,55.8,100.0,3.88,97.0,77.9,AI,Huế,Male
1222,27,33.2,83.4,100.0,7.5,8.4,2.6,70.6,93.2,3.54,88.39,81.91,IT,TP.HCM,Female
1223,21,22.1,69.5,71.4,4.0,8.0,0.0,56.6,73.5,2.98,74.6,65.05,IT,TP.HCM,Male
1224,30,,80.2,67.5,9.1,5.9,1.6,61.6,91.7,3.65,91.18,76.63,CE,Cần Thơ,Female
1225,18,27.7,88.8,100.0,6.0,7.1,2.5,56.6,92.1,3.69,92.33,74.38,AI,Cần Thơ,Male
1226,21,37.0,79.7,81.8,4.8,6.6,2.8,68.2,87.7,3.44,86.09,77.98,DS,Hà Nội,Male
1227,24,25.6,85.2,59.4,0.0,7.0,0.7,58.4,70.6,3.19,79.79,64.51,CS,Cần Thơ,Male
1228,28,33.2,92.4,75.3,,7.2,2.1,66.0,93.2,3.92,97.95,79.58,SE,Cần Thơ,Male
1229,21,46.1,83.0,83.8,6.7,5.9,3.7,71.5,100.0,3.97,99.28,85.77,IT,TP.HCM,Female
1230,30,29.8,75.6,70.3,4.9,6.8,1.0,62.7,80.1,2.9,72.45,71.4,IT,Hà Nội,Female
1231,23,25.4,82.0,64.8,3.8,6.9,0.0,63.2,100.0,3.66,91.53,81.62,DS,Cần Thơ,Male
1232,26,30.8,99.1,76.9,,5.8,3.3,69.7,100.0,3.68,91.91,84.87,DS,Huế,Female
1233,18,22.1,100.0,64.0,3.3,8.0,1.1,60.0,93.3,3.82,95.5,76.65,IT,Huế,Male
1234,30,44.1,64.8,89.5,5.1,7.3,1.5,67.8,100.0,3.97,99.18,83.89,AI,TP.HCM,Male
1235,22,26.4,95.9,50.8,,8.0,2.7,62.6,95.5,4.0,100.0,79.02,AI,Huế,Male
1236,28,22.8,87.5,81.4,9.6,7.6,2.6,64.2,90.3,3.76,93.88,77.25,SE,Cần Thơ,Male
1237,24,18.3,94.2,87.8,5.5,4.9,4.0,51.7,87.8,3.07,76.68,69.77,CS,TP.HCM,Female
1238,18,33.8,79.5,78.6,4.2,6.0,2.1,60.2,100.0,3.84,95.89,80.11,DS,Hà Nội,Female
1239,21,31.9,67.3,96.4,5.7,9.0,2.6,62.8,92.1,3.35,83.66,77.4,IT,Cần Thơ,Male
1240,23,21.0,90.8,59.4,8.3,7.9,0.0,59.9,99.7,3.91,97.73,79.83,CE,Hà Nội,Female
1241,19,29.6,75.6,69.5,8.8,5.1,3.4,57.8,88.0,3.58,89.51,72.87,CE,Đà Nẵng,Male
1242,27,12.9,71.1,75.0,2.6,7.6,1.5,48.7,61.0,2.45,61.36,54.86,SE,Đà Nẵng,Female
1243,22,26.5,71.8,90.7,6.3,6.0,7.3,49.3,66.3,2.65,66.25,57.83,SE,TP.HCM,Male
1244,28,28.6,91.0,83.3,2.4,4.5,2.2,60.0,86.4,3.22,80.5,73.2,CS,TP.HCM,Female
1245,27,38.7,86.4,100.0,8.2,9.0,3.1,78.6,100.0,4.0,100.0,89.3,DS,Hà Nội,Male
1246,18,18.8,92.8,67.9,7.1,7.1,3.5,57.6,80.3,3.24,81.06,68.95,AI,Cần Thơ,Male
1247,23,14.8,91.7,59.1,3.7,7.3,2.4,45.0,74.9,3.31,82.73,59.93,AI,Hà Nội,Male
1248,23,17.8,80.8,100.0,9.8,5.5,3.2,46.6,72.2,3.05,76.3,59.43,DS,Huế,Male
1249,30,14.3,84.3,58.5,6.8,5.6,5.9,39.0,55.3,2.33,58.31,47.15,SE,Cần Thơ,Female
1250,21,35.7,,90.2,6.6,5.1,1.4,75.9,100.0,4.0,100.0,87.96,SE,Hà Nội,Female
1251,30,37.4,82.9,65.3,5.6,8.7,0.0,58.0,92.5,3.59,89.76,75.27,SE,TP.HCM,Female
1252,25,27.6,75.3,49.0,6.0,5.0,0.5,38.0,74.5,2.86,71.52,56.24,IT,Huế,Male
1253,21,,88.9,74.4,5.0,8.9,4.0,53.9,88.2,3.51,87.66,71.01,AI,Cần Thơ,Female
1254,25,26.1,95.8,93.5,4.1,5.8,1.8,59.3,94.5,3.75,93.64,76.88,IT,Cần Thơ,Female
1255,30,24.2,76.8,61.7,9.1,5.5,6.0,49.3,84.1,2.88,71.88,66.74,CS,Cần Thơ,Female
1256,25,22.3,97.8,88.6,4.8,6.9,3.6,57.4,86.1,3.44,86.0,71.73,CE,Đà Nẵng,Female
1257,22,22.5,86.1,91.4,4.7,6.2,1.5,57.4,67.2,2.8,70.04,62.28,AI,Hà Nội,Female
1258,30,12.6,87.4,60.9,5.7,7.1,1.3,42.9,56.0,1.98,49.53,49.47,DS,Hà Nội,Male
1259,21,27.1,68.0,76.6,9.6,5.9,1.8,48.6,84.3,3.16,78.95,66.47,SE,Huế,Female
1260,29,24.7,66.9,100.0,8.8,6.6,0.0,60.4,75.3,3.03,75.66,67.85,CS,Cần Thơ,Male
1261,30,31.0,86.4,89.8,5.0,6.1,2.9,63.4,88.5,3.62,90.51,75.94,DS,Đà Nẵng,Female
1262,19,25.7,92.9,76.1,9.1,8.0,3.5,38.2,81.0,3.2,80.12,59.56,IT,Hà Nội,Male
1263,28,23.7,,86.2,6.3,7.6,1.0,43.0,70.1,2.87,71.87,56.56,IT,Huế,Female
1264,20,18.0,100.0,69.7,3.9,7.3,0.2,40.1,58.8,2.38,59.51,49.46,SE,Cần Thơ,Female
1265,20,25.6,92.3,96.7,4.8,8.3,1.1,56.8,80.8,3.16,78.92,68.84,DS,Cần Thơ,Male
1266,21,30.9,75.9,96.7,9.4,7.3,4.0,61.1,86.8,3.46,86.6,73.93,AI,TP.HCM,Male
1267,21,15.9,85.3,81.8,11.2,7.2,3.7,48.4,66.8,2.67,66.69,57.62,SE,Cần Thơ,Male
1268,27,25.7,100.0,83.5,,6.9,2.8,54.6,94.9,3.8,94.97,74.71,AI,Huế,Male
1269,28,,72.6,65.0,4.6,6.1,5.0,63.7,86.0,3.41,85.28,74.86,CE,Huế,Male
1270,28,19.3,90.3,59.7,5.7,6.1,0.0,55.4,80.6,3.29,82.27,67.98,CE,Huế,Female
1271,22,20.3,81.8,74.4,4.1,7.2,2.2,45.6,83.7,3.54,88.46,64.68,CS,Huế,Female
1272,21,26.8,92.1,78.7,4.5,8.2,3.3,52.6,74.7,3.08,76.88,63.65,SE,Hà Nội,Female
1273,28,15.9,97.7,95.9,4.2,7.7,3.7,45.9,86.6,3.0,75.05,66.24,DS,Huế,Female
1274,27,27.8,81.1,93.8,5.8,7.7,3.7,55.4,99.2,3.69,92.25,77.3,AI,Cần Thơ,Female
1275,25,17.8,96.2,82.8,6.3,5.7,3.6,53.1,77.7,3.23,80.67,65.39,SE,Đà Nẵng,Female
1276,23,33.5,100.0,97.9,5.6,7.6,4.5,68.2,99.7,3.82,95.58,83.94,AI,Đà Nẵng,Male
1277,23,43.7,85.7,65.8,5.4,6.5,3.6,64.5,100.0,4.0,100.0,82.23,CS,Cần Thơ,Female
1278,25,18.1,92.8,96.2,7.9,7.2,0.8,42.3,72.4,2.6,64.98,57.36,CS,TP.HCM,Male
1279,24,29.3,79.1,68.1,5.4,7.7,1.8,61.8,92.9,3.88,97.05,77.35,CS,Huế,Male
1280,27,19.2,85.2,98.6,5.6,5.6,0.0,58.4,82.2,3.11,77.87,70.31,DS,TP.HCM,Female
1281,28,,,79.8,5.6,7.2,4.0,75.3,100.0,4.0,100.0,87.65,CS,Hà Nội,Female
1282,29,14.9,93.0,50.0,9.9,7.3,4.3,53.1,65.4,2.47,61.73,59.28,CS,Huế,Female
1283,27,28.8,97.0,91.0,4.8,8.2,0.7,55.7,96.4,3.66,91.61,76.08,CE,Hà Nội,Male
1284,30,18.0,83.9,92.1,7.5,6.4,1.9,55.7,69.6,2.8,70.03,62.65,SE,TP.HCM,Female
1285,25,23.3,100.0,73.2,4.1,6.9,0.0,56.4,83.4,3.04,76.1,69.91,CE,Đà Nẵng,Male
1286,19,16.8,100.0,74.4,6.9,7.2,2.3,42.5,82.1,3.1,77.41,62.31,IT,TP.HCM,Female
1287,26,31.6,93.5,77.6,7.4,6.4,1.3,62.3,93.3,3.91,97.65,77.82,SE,Huế,Female
1288,18,18.3,79.8,51.1,8.7,6.4,0.7,52.8,69.9,3.09,77.15,61.36,DS,Đà Nẵng,Female
1289,25,29.4,78.9,44.5,5.0,6.3,2.5,69.6,94.8,3.75,93.64,82.21,DS,Đà Nẵng,Male
1290,29,22.2,76.9,99.5,3.2,6.8,5.3,53.8,88.2,3.43,85.73,70.98,CE,Huế,Male
1291,28,24.1,94.5,67.6,,9.1,3.7,51.1,100.0,3.7,92.38,75.56,CS,Đà Nẵng,Female
1292,29,26.2,72.9,100.0,8.4,6.9,2.1,41.4,85.7,3.56,88.91,63.58,DS,Cần Thơ,Male
1293,29,18.9,91.8,100.0,11.2,7.6,2.4,43.7,84.1,3.28,81.91,63.92,AI,Đà Nẵng,Female
1294,21,26.7,74.2,100.0,8.1,7.0,5.3,48.9,79.4,2.93,73.31,64.12,AI,Huế,Female
1295,21,37.2,93.2,70.2,2.8,6.6,4.4,79.4,100.0,4.0,100.0,89.71,AI,Đà Nẵng,Female
1296,22,18.8,85.2,55.9,8.0,7.0,2.0,50.4,77.4,2.83,70.76,63.89,SE,Hà Nội,Female
1297,25,34.4,98.3,63.7,3.6,7.9,3.3,64.9,100.0,4.0,100.0,82.43,IT,Hà Nội,Female
1298,22,37.0,,73.3,5.1,6.9,1.0,75.5,100.0,3.92,98.04,87.73,IT,TP.HCM,Male
1299,25,18.5,99.4,44.4,6.5,6.8,2.5,58.3,84.8,3.43,85.75,71.53,CE,Đà Nẵng,Female
1300,27,13.4,99.6,72.9,6.9,6.7,3.6,48.0,62.2,2.2,54.91,55.08,IT,TP.HCM,Female
1301,18,27.4,86.4,77.0,6.2,5.8,4.0,67.1,86.2,3.49,87.14,76.64,SE,Đà Nẵng,Male
1302,29,20.6,73.4,60.6,4.5,8.2,1.5,46.3,75.8,2.68,66.94,61.09,SE,TP.HCM,Male
1303,27,39.9,,64.4,8.6,6.5,4.0,68.3,96.1,3.9,97.43,82.17,AI,Đà Nẵng,Male
1304,26,25.3,,76.7,4.7,8.8,2.7,44.2,79.1,3.15,78.63,61.62,CS,Huế,Male
1305,23,18.6,74.2,85.3,9.1,7.3,2.1,52.0,73.2,2.55,63.8,62.59,CE,Cần Thơ,Male
1306,20,15.8,85.7,66.6,2.6,8.7,5.4,57.4,81.9,3.27,81.87,69.65,SE,TP.HCM,Male
1307,30,33.7,79.4,84.4,6.5,6.8,2.0,68.7,96.8,4.0,100.0,82.78,DS,Cần Thơ,Female
1308,25,20.4,83.2,82.1,2.9,6.1,0.8,59.6,84.9,3.31,82.64,72.22,CE,Đà Nẵng,Female
1309,26,,89.9,80.7,3.9,8.3,1.5,79.2,81.6,3.0,75.08,80.37,CS,TP.HCM,Male
1310,23,32.6,82.0,70.2,4.7,6.3,3.6,59.8,80.5,3.13,78.31,70.11,CE,TP.HCM,Female
1311,28,21.1,73.8,60.0,,8.5,1.0,45.1,66.7,2.21,55.36,55.91,DS,Cần Thơ,Male
1312,24,24.6,84.5,100.0,9.3,7.7,3.7,59.6,87.6,3.57,89.21,73.6,DS,Huế,Male
1313,18,24.9,76.0,89.5,8.2,8.8,1.2,48.5,72.9,3.07,76.68,60.69,DS,Cần Thơ,Female
1314,22,30.5,82.3,95.1,6.1,5.8,2.4,51.7,94.0,3.67,91.64,72.84,IT,Đà Nẵng,Male
1315,22,29.7,98.4,78.7,6.5,8.1,5.8,60.2,97.6,3.85,96.35,78.9,CS,Huế,Female
1316,27,23.2,82.3,77.5,9.2,6.1,1.2,69.6,84.1,3.59,89.64,76.85,SE,Cần Thơ,Female
1317,21,25.5,100.0,87.4,7.8,4.1,0.0,64.3,95.6,4.0,100.0,79.94,IT,Hà Nội,Female
1318,23,22.0,99.3,52.5,6.0,8.1,4.6,59.3,82.8,3.46,86.47,71.04,SE,Hà Nội,Female
1319,24,13.2,79.2,63.3,9.7,7.0,0.4,34.2,64.3,2.37,59.28,49.28,SE,Hà Nội,Male
1320,26,27.1,73.9,68.0,8.0,8.2,1.3,51.7,78.1,3.37,84.33,64.93,CS,Đà Nẵng,Female
1321,18,40.1,84.5,73.2,6.6,7.1,3.6,78.5,100.0,4.0,100.0,89.26,CE,Đà Nẵng,Female
1322,23,17.9,96.5,66.8,4.9,7.0,3.5,50.9,88.9,3.6,90.06,69.89,IT,Cần Thơ,Female
1323,24,18.8,80.1,85.0,4.6,8.8,0.0,67.6,71.9,2.94,73.43,69.73,AI,TP.HCM,Female
1324,20,18.0,94.1,81.2,5.2,7.1,2.0,56.0,74.3,3.19,79.65,65.15,DS,Huế,Male
1325,25,30.8,97.1,100.0,7.1,6.4,3.8,61.5,91.3,3.28,81.96,76.39,AI,Cần Thơ,Male
1326,22,28.6,77.3,100.0,8.1,6.9,5.5,55.7,87.7,3.48,86.96,71.7,DS,Hà Nội,Male
1327,26,23.7,78.2,61.1,2.4,7.2,0.6,54.0,87.7,3.28,82.01,70.88,DS,Đà Nẵng,Male
1328,22,17.7,92.1,82.2,1.1,3.6,4.1,41.2,58.4,2.42,60.43,49.78,AI,Hà Nội,Female
1329,26,25.7,86.5,82.2,3.6,7.6,1.5,64.6,88.2,3.36,84.1,76.38,SE,Đà Nẵng,Male
1330,27,12.5,78.1,79.8,5.0,8.6,4.1,49.4,65.9,3.25,81.37,57.67,CE,TP.HCM,Male
1331,21,26.1,81.5,63.7,9.0,6.9,0.9,54.9,91.9,3.83,95.7,73.43,IT,Cần Thơ,Male
1332,26,32.0,84.3,66.2,5.3,6.5,2.2,60.8,87.0,3.25,81.14,73.87,DS,Cần Thơ,Male
1333,22,15.0,69.4,83.6,6.6,7.5,3.1,52.7,73.3,3.12,78.09,63.01,CE,Đà Nẵng,Female
1334,27,12.7,92.7,65.8,7.0,9.1,3.9,63.7,78.4,3.06,76.4,71.06,IT,Hà Nội,Female
1335,26,37.6,80.2,82.4,3.4,7.6,3.4,76.7,100.0,4.0,100.0,88.37,CS,Huế,Male
1336,20,20.1,57.2,76.3,9.6,7.3,1.9,50.0,86.3,3.42,85.57,68.16,IT,Hà Nội,Male
1337,21,34.1,84.8,82.1,4.3,6.5,1.7,57.1,100.0,3.63,90.87,78.56,CS,Đà Nẵng,Female
1338,26,23.8,77.6,65.7,9.9,5.7,5.2,43.0,73.0,2.8,69.95,57.97,DS,Cần Thơ,Female
1339,27,23.7,100.0,82.4,5.7,7.0,2.9,58.7,92.6,3.48,86.97,75.65,SE,Huế,Female
1340,28,28.5,79.1,66.8,5.2,7.0,1.8,52.4,90.2,3.12,78.1,71.27,SE,Cần Thơ,Female
1341,23,17.9,74.0,82.4,3.2,4.7,3.3,50.7,75.4,2.91,72.78,63.07,CE,Cần Thơ,Male
1342,19,26.1,90.1,100.0,6.5,6.1,3.4,60.2,92.1,3.63,90.81,76.18,SE,Đà Nẵng,Female
1343,24,21.9,78.4,83.9,11.6,8.4,0.5,58.6,85.2,3.12,77.88,71.91,CE,Đà Nẵng,Male
1344,19,14.4,77.2,84.8,7.0,6.7,3.2,38.6,71.9,3.09,77.31,55.27,CS,Đà Nẵng,Female
1345,28,27.7,90.1,92.3,6.7,4.1,0.2,52.6,100.0,4.0,100.0,76.32,IT,Hà Nội,Male
1346,19,22.9,74.6,58.9,4.3,8.9,1.5,51.0,63.0,2.54,63.54,57.02,DS,Đà Nẵng,Male
1347,28,23.7,70.4,100.0,7.5,5.9,1.0,55.3,89.5,3.68,92.04,72.4,SE,TP.HCM,Female
1348,18,15.3,100.0,64.2,6.4,6.4,2.3,53.0,78.5,3.25,81.22,65.75,DS,Hà Nội,Female
1349,28,,90.8,93.2,5.8,8.3,1.8,86.3,100.0,4.0,100.0,93.13,DS,Cần Thơ,Female
1350,28,32.0,82.4,91.2,7.2,6.1,2.2,44.4,76.2,3.36,83.95,60.32,DS,Huế,Male
1351,29,32.7,85.0,66.5,1.5,4.6,0.0,70.6,100.0,3.58,89.52,85.3,CS,Hà Nội,Male
1352,28,22.6,90.1,95.1,5.7,7.3,2.4,63.4,86.7,3.58,89.41,75.06,IT,Đà Nẵng,Male
1353,20,11.2,94.7,87.5,3.0,8.0,0.8,40.7,58.1,2.25,56.24,49.41,SE,TP.HCM,Female
1354,23,40.6,77.4,100.0,6.1,6.4,5.9,63.5,100.0,4.0,100.0,81.77,IT,Hà Nội,Female
1355,25,24.5,88.7,82.9,4.2,6.9,1.9,69.9,99.2,4.0,100.0,84.57,SE,Huế,Female
1356,26,19.0,79.9,78.4,4.4,5.6,2.1,46.6,85.3,3.39,84.73,65.94,CS,Hà Nội,Female
1357,24,28.3,83.1,72.3,2.7,5.8,3.5,54.2,87.7,3.8,94.94,70.95,AI,Cần Thơ,Female
1358,21,34.3,86.6,53.8,8.8,6.6,4.5,64.6,99.3,3.93,98.35,81.95,CS,Đà Nẵng,Male
1359,23,24.8,84.9,75.2,4.3,7.8,0.7,60.2,91.6,3.75,93.71,75.91,IT,Hà Nội,Male
1360,22,35.2,92.4,75.9,4.4,7.1,3.4,72.8,100.0,3.87,96.85,86.38,SE,TP.HCM,Male
1361,25,33.7,89.9,83.9,9.8,8.2,3.9,71.5,100.0,4.0,100.0,85.77,IT,Đà Nẵng,Female
1362,18,16.4,69.9,58.7,7.4,9.0,2.8,53.6,72.4,3.31,82.76,63.04,CE,Huế,Female
1363,18,19.6,71.4,76.4,0.9,8.1,2.7,36.1,63.4,2.71,67.73,49.77,IT,Đà Nẵng,Male
1364,30,32.7,81.3,88.6,9.5,5.1,1.7,61.4,93.1,3.81,95.22,77.23,CS,Hà Nội,Female
1365,28,3.3,100.0,90.1,10.1,6.7,2.0,47.5,56.9,2.0,50.05,52.19,IT,Cần Thơ,Female
1366,23,23.8,76.5,52.1,9.9,8.1,2.3,59.5,73.9,3.43,85.72,66.7,CS,Đà Nẵng,Female
1367,27,13.6,82.9,90.6,,6.9,1.9,42.3,56.5,2.02,50.39,49.39,IT,Hà Nội,Female
1368,29,21.2,79.6,76.3,3.2,5.1,3.8,45.2,67.2,2.7,67.57,56.19,AI,Hà Nội,Male
1369,19,22.6,79.5,77.2,5.9,6.3,1.2,45.7,69.2,2.86,71.49,57.43,CE,Cần Thơ,Female
1370,22,22.1,86.8,44.5,2.4,4.3,3.8,58.1,84.9,3.52,88.04,71.5,CE,Hà Nội,Female
1371,18,20.6,99.0,100.0,3.8,6.7,4.5,62.8,89.7,3.45,86.18,76.28,DS,Huế,Female
1372,24,16.2,89.6,82.7,3.2,6.2,3.1,51.7,71.1,2.98,74.45,61.38,AI,Cần Thơ,Female
1373,18,43.3,77.0,57.0,4.4,6.6,0.0,61.0,98.5,3.69,92.32,79.74,SE,Huế,Female
1374,21,39.9,100.0,85.6,6.4,8.4,3.4,71.3,100.0,4.0,100.0,85.65,CS,Huế,Female
1375,26,15.7,85.8,85.2,4.9,5.4,1.5,42.5,66.0,2.38,59.6,54.26,DS,Hà Nội,Female
1376,18,37.7,79.2,98.3,4.8,6.1,1.7,59.6,93.8,3.65,91.18,76.69,IT,Đà Nẵng,Female
1377,21,21.8,99.1,75.4,5.3,5.6,3.0,53.5,71.6,2.98,74.46,62.53,CE,Huế,Female
1378,23,,80.3,80.2,9.7,8.3,4.2,50.6,85.9,3.4,85.0,68.22,CS,Huế,Female
1379,23,24.5,100.0,70.4,11.4,8.4,0.0,49.9,100.0,4.0,100.0,74.95,SE,Đà Nẵng,Male
1380,29,19.7,76.3,89.0,4.9,7.4,2.6,62.9,77.5,3.35,83.75,70.16,AI,TP.HCM,Male
1381,30,,99.3,68.2,6.8,7.4,5.5,50.4,91.7,3.77,94.15,71.04,CE,TP.HCM,Male
1382,25,26.0,87.0,66.6,3.9,5.6,0.9,53.1,87.9,3.37,84.32,70.52,IT,Cần Thơ,Male
1383,18,21.2,97.9,79.0,7.9,7.2,2.2,54.0,86.1,3.42,85.44,70.01,SE,Cần Thơ,Male
1384,24,14.6,100.0,61.6,4.8,5.7,1.6,60.1,59.6,2.09,52.33,59.88,CS,Huế,Male
1385,18,17.9,73.7,100.0,4.2,7.0,3.6,51.6,76.5,2.89,72.3,64.08,SE,Đà Nẵng,Female
1386,30,11.9,97.8,100.0,11.0,6.6,0.6,46.5,85.8,3.38,84.56,66.12,DS,Đà Nẵng,Male
1387,24,25.1,70.9,73.2,2.6,6.3,0.1,48.9,78.8,3.33,83.24,63.87,DS,TP.HCM,Male
1388,20,15.4,74.5,59.2,0.0,7.0,3.7,56.4,69.9,2.88,72.0,63.11,IT,Hà Nội,Male
1389,28,22.9,77.0,85.0,7.8,7.8,2.9,47.7,82.8,3.26,81.46,65.23,SE,Hà Nội,Female
1390,25,36.0,,72.8,5.1,9.1,0.7,67.1,100.0,3.85,96.21,83.53,IT,TP.HCM,Male
1391,20,34.6,85.3,97.6,4.4,7.7,2.4,62.5,99.3,4.0,100.0,80.89,CS,TP.HCM,Female
1392,30,24.7,83.3,68.2,12.8,9.7,0.6,59.7,92.1,3.57,89.2,75.87,SE,Cần Thơ,Female
1393,18,24.3,86.5,88.2,7.8,7.2,3.9,68.0,95.3,3.95,98.67,81.62,CS,Hà Nội,Female
1394,30,40.0,90.9,81.7,5.9,9.1,2.9,74.0,100.0,4.0,100.0,86.98,CS,Cần Thơ,Male
1395,30,29.2,91.7,69.9,4.2,7.5,1.4,59.7,83.8,3.57,89.17,71.75,CE,TP.HCM,Female
1396,25,22.4,95.9,83.6,7.1,7.3,1.6,68.7,80.1,3.03,75.8,74.41,SE,TP.HCM,Female
1397,20,13.6,100.0,93.2,1.7,6.8,1.8,62.0,67.1,2.6,64.9,64.58,CS,TP.HCM,Male
1398,19,28.2,84.8,81.3,4.7,7.4,0.9,67.4,99.6,3.98,99.56,83.47,DS,Đà Nẵng,Female
1399,18,31.6,79.8,81.5,5.9,7.5,4.5,62.8,99.0,3.9,97.47,80.91,IT,TP.HCM,Male
1400,20,19.9,91.1,66.9,6.5,5.3,4.2,47.8,80.7,3.09,77.36,64.29,IT,Hà Nội,Female
1401,19,27.3,73.6,97.2,5.6,7.8,1.9,38.8,90.4,3.48,86.96,64.58,IT,Hà Nội,Female
1402,19,22.1,78.2,95.7,4.3,5.2,2.0,54.9,76.6,2.81,70.25,65.77,IT,TP.HCM,Female
1403,23,23.5,95.0,73.8,8.3,7.8,0.8,62.7,83.7,3.19,79.83,73.2,DS,Cần Thơ,Male
1404,29,5.1,83.8,78.1,1.9,7.7,2.3,31.4,53.6,2.28,57.08,42.47,SE,Cần Thơ,Male
1405,18,23.2,72.9,100.0,5.3,8.7,3.2,56.5,88.2,3.71,92.64,72.33,SE,Đà Nẵng,Female
1406,19,32.8,70.1,63.0,4.7,6.0,4.3,56.7,83.7,3.41,85.22,70.24,CS,TP.HCM,Male
1407,23,19.9,85.5,89.1,8.5,5.8,1.2,56.6,95.4,3.77,94.2,76.02,CS,Huế,Female
1408,20,25.4,96.4,71.6,4.9,8.3,0.0,53.9,87.9,3.49,87.34,70.89,DS,Hà Nội,Female
1409,21,19.0,96.3,100.0,7.1,5.7,1.0,48.2,82.8,3.6,89.88,65.52,AI,Cần Thơ,Female
1410,18,27.9,86.1,81.0,6.8,5.6,3.3,58.4,90.2,3.78,94.43,74.26,SE,Cần Thơ,Female
1411,25,23.3,100.0,98.9,1.4,7.3,2.4,48.6,81.1,2.72,68.08,64.88,CS,Hà Nội,Male
1412,30,,84.0,68.6,5.8,6.9,4.0,57.9,83.7,3.18,79.41,70.8,DS,Cần Thơ,Female
1413,24,35.7,83.6,61.3,1.6,7.2,2.6,64.4,71.5,2.76,68.92,67.98,CE,Huế,Male
1414,24,32.4,59.3,76.5,6.9,7.6,4.9,49.6,79.1,3.47,86.8,64.39,CE,Hà Nội,Female
1415,20,20.2,,83.9,4.2,7.7,0.1,47.6,81.7,3.39,84.86,64.64,SE,Huế,Male
1416,27,29.0,93.5,72.3,9.0,6.9,0.0,65.2,84.4,3.09,77.2,74.8,DS,Hà Nội,Female
1417,27,29.3,100.0,91.4,5.5,7.1,4.5,59.7,89.1,3.7,92.62,74.43,SE,TP.HCM,Male
1418,20,30.1,76.7,76.9,4.1,6.9,1.3,64.4,87.6,4.0,100.0,76.02,DS,Cần Thơ,Male
1419,19,11.4,89.6,48.8,9.0,7.0,2.7,39.6,61.9,2.64,65.97,50.71,IT,Hà Nội,Male
1420,29,33.1,95.5,88.3,3.8,5.3,2.7,62.0,94.2,3.59,89.83,78.09,CE,Đà Nẵng,Male
1421,18,20.4,85.1,66.8,8.2,7.9,3.0,52.6,70.0,3.1,77.51,61.28,AI,Hà Nội,Female
1422,24,,62.2,74.6,,8.3,1.8,67.6,78.9,3.22,80.62,73.29,AI,TP.HCM,Female
1423,24,46.1,87.5,100.0,5.1,7.8,1.1,67.2,100.0,3.87,96.63,83.62,SE,Hà Nội,Male
1424,29,27.4,92.6,100.0,2.7,7.7,1.0,64.2,96.4,3.86,96.62,80.26,DS,Hà Nội,Female
1425,19,21.9,75.5,71.4,9.1,5.8,3.4,56.3,86.5,3.41,85.26,71.38,CE,Huế,Female
1426,24,7.4,82.5,88.7,7.3,5.3,3.7,56.0,62.5,2.36,59.02,59.26,SE,Cần Thơ,Male
1427,30,36.1,73.4,71.7,4.1,8.0,2.1,73.3,100.0,3.76,93.91,86.65,DS,Huế,Male
1428,25,14.2,59.3,75.7,6.6,7.0,1.6,41.1,49.2,1.85,46.2,45.16,IT,Cần Thơ,Female
1429,18,17.0,95.3,70.9,8.5,7.2,3.4,44.2,84.4,3.37,84.14,64.27,SE,Đà Nẵng,Male
1430,26,22.3,85.0,54.1,6.3,7.3,0.3,43.9,86.3,3.61,90.26,65.09,DS,Đà Nẵng,Female
1431,24,36.3,100.0,81.4,6.6,7.3,5.4,69.0,93.3,3.48,86.94,81.17,DS,Huế,Male
1432,20,31.2,93.6,84.3,8.6,7.8,3.2,70.0,100.0,3.72,93.1,85.01,AI,Cần Thơ,Male
1433,25,23.7,81.5,69.9,9.8,6.9,2.3,63.6,84.3,3.39,84.83,73.95,CS,TP.HCM,Male
1434,24,27.5,84.2,96.3,5.7,4.7,3.7,56.3,86.0,3.37,84.35,71.13,CS,Huế,Female
1435,28,20.2,90.7,73.5,2.7,7.8,3.4,54.1,80.5,3.14,78.57,67.31,CS,Hà Nội,Female
1436,30,26.1,94.7,70.4,2.7,7.7,2.9,69.5,89.1,3.38,84.52,79.3,CE,Huế,Male
1437,25,25.6,88.2,87.9,4.3,5.4,0.0,51.7,92.8,3.54,88.45,72.25,IT,Hà Nội,Female
1438,23,32.8,96.1,56.9,3.7,5.6,3.1,45.4,92.1,3.46,86.49,68.75,CE,Huế,Female
1439,26,32.7,,93.6,1.8,8.1,4.7,70.5,88.4,3.18,79.46,79.46,DS,Cần Thơ,Female
1440,22,,75.0,74.0,,8.3,1.7,49.3,83.3,3.4,84.95,66.26,CS,TP.HCM,Male
1441,20,22.1,84.4,94.8,7.3,3.8,3.9,52.0,75.5,3.12,77.93,63.76,SE,TP.HCM,Female
1442,20,30.9,87.1,99.3,4.7,7.5,3.8,64.7,99.8,4.0,100.0,82.25,IT,Hà Nội,Male
1443,18,24.3,73.0,89.6,5.9,6.7,2.9,50.7,67.5,2.82,70.4,59.07,SE,TP.HCM,Male
1444,29,16.3,71.6,67.8,1.5,7.1,2.8,56.1,87.1,3.48,86.93,71.61,IT,Hà Nội,Female
1445,25,21.8,89.5,61.2,8.9,7.2,3.3,74.8,90.7,3.72,93.04,82.73,CE,Cần Thơ,Female
1446,19,25.7,80.9,58.5,1.1,6.1,3.1,50.3,71.8,2.8,69.97,61.09,SE,TP.HCM,Female
1447,20,32.3,83.3,96.5,7.3,7.8,5.3,62.7,92.4,3.52,88.12,77.55,CS,TP.HCM,Female
1448,25,,,78.0,1.4,6.2,4.0,54.9,77.2,3.22,80.46,66.06,IT,TP.HCM,Male
1449,25,15.3,100.0,71.0,5.0,7.9,3.6,53.8,71.0,2.9,72.54,62.4,DS,Cần Thơ,Female
1450,28,25.5,97.6,78.0,9.1,8.2,4.1,54.2,91.1,3.39,84.76,72.67,IT,Hà Nội,Female
1451,21,25.9,72.6,96.2,1.9,6.0,3.6,50.4,97.2,3.88,97.05,73.84,CS,Cần Thơ,Male
1452,21,26.5,79.7,91.7,5.6,6.0,0.0,52.1,98.8,3.79,94.68,75.48,AI,Huế,Male
1453,22,,93.5,86.6,7.6,7.1,2.3,59.8,98.5,4.0,100.0,79.16,DS,TP.HCM,Female
1454,23,33.2,91.0,89.6,7.2,8.8,1.6,60.2,91.1,3.56,88.99,75.65,CE,Hà Nội,Female
1455,22,20.2,84.6,82.7,6.2,6.3,3.0,34.1,72.6,3.25,81.16,53.35,CS,Hà Nội,Male
1456,24,20.1,73.6,84.5,7.2,6.5,1.7,51.8,80.3,3.45,86.17,66.02,IT,TP.HCM,Male
1457,19,16.7,,83.3,,7.4,3.4,47.0,71.2,2.63,65.75,59.09,CS,Huế,Male
1458,24,30.6,79.8,80.0,10.8,7.8,1.9,54.5,94.8,3.66,91.48,74.67,IT,Hà Nội,Female
1459,27,36.6,87.8,91.3,2.0,7.6,5.0,66.3,100.0,4.0,100.0,83.15,IT,Huế,Female
1460,24,22.5,100.0,85.4,8.9,7.0,5.0,56.8,88.2,3.54,88.52,72.53,DS,Huế,Male
1461,18,23.1,78.1,66.8,6.5,6.6,0.3,51.0,69.4,2.72,68.0,60.22,IT,Đà Nẵng,Male
1462,24,36.7,74.7,87.9,7.5,7.4,3.0,63.8,96.4,3.87,96.7,80.12,AI,Đà Nẵng,Male
1463,22,29.0,83.9,83.7,8.0,3.2,1.8,55.0,100.0,3.98,99.38,77.5,CS,Đà Nẵng,Male
1464,20,28.5,95.3,89.2,7.4,9.2,2.9,51.9,93.7,3.95,98.78,72.82,CS,Hà Nội,Female
1465,30,15.5,70.5,78.4,4.0,6.8,3.4,61.9,81.3,3.19,79.84,71.58,IT,Cần Thơ,Female
1466,20,30.4,99.5,92.2,,7.2,0.6,59.0,100.0,4.0,100.0,79.52,IT,Hà Nội,Male
1467,21,17.6,83.3,79.1,2.4,9.5,1.0,52.7,65.6,2.72,67.94,59.14,DS,Huế,Female
1468,30,,77.7,90.9,5.3,6.1,1.2,68.1,98.5,4.0,100.0,83.27,DS,Cần Thơ,Female
1469,29,22.2,69.0,73.2,6.8,9.8,1.7,48.9,82.0,3.27,81.64,65.46,IT,Hà Nội,Female
1470,19,20.3,92.1,74.2,7.5,7.9,1.7,57.5,91.7,3.7,92.53,74.62,SE,Đà Nẵng,Female
1471,19,23.2,83.3,89.0,7.0,7.5,3.7,72.4,83.0,3.4,84.88,77.69,CE,Đà Nẵng,Male
1472,18,13.5,86.7,75.0,1.6,7.8,2.8,35.7,70.1,2.67,66.82,52.9,IT,Hà Nội,Female
1473,22,32.7,76.0,100.0,4.6,6.0,1.2,70.9,90.3,3.58,89.54,80.62,CE,Cần Thơ,Male
1474,21,34.0,81.8,88.5,,5.0,2.0,64.5,98.3,3.75,93.8,81.4,CE,Huế,Female
1475,28,9.4,,80.4,2.7,5.6,0.0,40.3,63.2,2.67,66.65,51.76,AI,TP.HCM,Male
1476,27,32.8,84.0,92.3,3.9,8.3,5.5,62.6,92.8,4.0,100.0,77.68,CS,Cần Thơ,Female
1477,19,18.5,78.3,72.8,,5.9,2.5,47.9,81.5,2.88,71.93,64.7,SE,Huế,Female
1478,20,31.9,69.7,93.8,9.5,5.0,4.0,71.2,89.0,3.76,94.04,80.11,SE,Huế,Male
1479,24,24.5,100.0,93.4,3.6,6.9,3.7,58.2,73.0,2.91,72.76,65.6,SE,Đà Nẵng,Male
1480,24,25.2,71.4,98.8,3.2,7.7,2.4,59.9,80.4,3.47,86.74,70.14,CS,Hà Nội,Male
1481,29,23.5,86.8,73.4,4.5,7.0,0.0,51.7,92.6,3.76,93.92,72.16,DS,Hà Nội,Female
1482,21,34.7,67.3,61.7,6.8,7.7,1.7,63.3,100.0,4.0,100.0,81.65,SE,Cần Thơ,Female
1483,22,15.1,65.0,70.8,9.1,8.4,3.0,43.2,73.0,2.9,72.47,58.1,CE,TP.HCM,Female
1484,22,29.9,86.0,75.8,5.8,7.7,2.6,49.6,96.3,3.86,96.5,72.95,AI,Hà Nội,Female
1485,23,33.8,86.7,100.0,2.4,6.8,4.1,73.2,98.2,4.0,100.0,85.71,IT,Hà Nội,Female
1486,26,,97.6,100.0,2.9,6.3,2.5,65.3,100.0,4.0,100.0,82.65,SE,Đà Nẵng,Male
1487,19,43.6,89.0,85.2,6.5,7.9,5.3,76.8,100.0,3.89,97.36,88.42,CS,TP.HCM,Female
1488,22,20.8,83.5,80.1,8.5,7.3,0.9,47.6,82.5,3.32,83.04,65.05,CS,Hà Nội,Female
1489,29,32.7,75.5,74.8,10.5,6.0,3.3,69.7,100.0,3.86,96.38,84.85,CE,TP.HCM,Male
1490,20,24.2,100.0,92.4,3.0,8.6,1.0,61.6,81.7,3.22,80.46,71.64,AI,Huế,Female
1491,21,34.9,94.3,100.0,6.3,7.3,3.9,66.4,100.0,3.9,97.43,83.21,SE,Huế,Female
1492,27,24.9,72.5,100.0,3.4,7.8,1.4,62.3,72.1,2.68,67.08,67.19,DS,Hà Nội,Female
1493,23,21.9,85.4,97.1,3.8,6.5,0.0,51.8,87.0,3.58,89.56,69.39,CS,TP.HCM,Male
1494,29,35.4,86.4,96.8,3.5,8.4,0.3,74.3,100.0,4.0,100.0,87.13,CS,TP.HCM,Female
1495,25,21.1,81.5,92.5,5.2,5.1,1.8,48.1,71.3,2.67,66.8,59.67,AI,Hà Nội,Male
1496,18,13.7,92.7,79.3,3.8,9.0,4.8,49.4,80.2,2.98,74.39,64.82,CE,Hà Nội,Male
1497,27,20.9,93.3,69.0,12.2,4.7,3.6,47.6,76.0,3.22,80.38,61.83,SE,Đà Nẵng,Female
1498,25,30.0,83.1,79.7,4.9,5.3,3.2,51.3,84.8,3.29,82.31,68.05,AI,Cần Thơ,Female
1499,28,36.1,82.2,86.3,8.5,7.3,2.4,60.9,100.0,4.0,100.0,80.47,DS,Hà Nội,Male
1500,24,25.9,100.0,58.2,4.4,6.4,0.8,58.2,91.4,3.64,90.97,74.8,CS,TP.HCM,Female
1501,18,35.5,94.3,77.7,,6.6,1.1,69.9,100.0,4.0,100.0,84.97,IT,TP.HCM,Male
1502,19,14.1,85.7,67.6,6.8,6.4,1.7,43.6,76.5,3.01,75.34,60.06,IT,Huế,Female
1503,20,21.5,68.7,95.2,8.1,6.1,1.5,55.8,70.2,2.52,63.11,62.98,IT,Hà Nội,Male
1504,18,22.7,88.4,71.8,4.5,7.4,1.5,52.9,75.6,2.74,68.54,64.25,AI,Đà Nẵng,Female
1505,26,24.1,92.0,84.9,8.4,6.9,1.1,53.2,83.2,3.6,90.1,68.16,DS,Đà Nẵng,Male
1506,25,25.7,57.5,69.5,6.8,8.1,2.5,57.6,77.3,3.36,83.95,67.43,IT,Cần Thơ,Female
1507,19,30.5,87.5,100.0,5.1,7.1,1.4,56.9,97.3,3.7,92.42,77.14,CS,Đà Nẵng,Male
1508,30,21.4,80.8,54.5,3.3,6.5,4.2,66.9,98.9,4.0,100.0,82.88,SE,Cần Thơ,Female
1509,26,26.1,82.8,87.1,,7.9,4.2,60.2,86.1,3.71,92.72,73.15,AI,Hà Nội,Male
1510,24,24.6,75.9,60.8,5.2,4.8,3.4,44.6,77.0,2.81,70.37,60.8,DS,TP.HCM,Male
1511,26,17.6,83.5,72.4,8.2,3.9,3.2,49.8,68.2,2.72,68.1,58.99,DS,Hà Nội,Male
1512,23,24.1,98.9,83.1,5.4,5.1,0.2,53.1,81.2,3.14,78.54,67.11,IT,Cần Thơ,Male
1513,23,23.9,80.5,83.8,1.2,6.6,5.9,42.7,81.1,3.28,81.92,61.88,IT,TP.HCM,Male
1514,28,23.7,94.7,83.4,7.6,7.5,2.1,64.9,90.1,3.85,96.25,77.49,CS,Hà Nội,Male
1515,21,25.3,76.9,82.3,9.2,3.8,3.7,63.6,95.2,3.89,97.15,79.38,DS,Hà Nội,Female
1516,27,25.6,92.6,70.4,1.8,7.0,3.7,52.7,95.0,3.92,97.93,73.82,SE,Huế,Female
1517,27,21.5,85.0,77.5,10.5,6.6,0.9,59.2,89.6,3.14,78.48,74.4,DS,Cần Thơ,Female
1518,30,35.2,88.5,80.5,9.5,7.2,1.6,71.2,91.6,3.8,95.1,81.42,CE,TP.HCM,Male
1519,30,15.6,85.1,82.9,4.4,4.7,3.1,49.4,77.0,3.07,76.85,63.21,AI,Đà Nẵng,Female
1520,19,19.2,91.4,79.0,,10.0,0.2,60.3,75.2,3.44,85.96,67.72,AI,Huế,Female
1521,24,47.2,59.3,90.9,8.6,7.0,2.4,71.5,92.6,3.82,95.59,82.07,DS,Huế,Male
1522,22,16.7,70.8,81.4,2.6,5.5,0.0,56.7,74.1,2.9,72.43,65.4,IT,Hà Nội,Male
1523,28,14.2,,83.0,4.3,7.2,2.5,40.2,78.5,3.52,87.96,59.37,IT,TP.HCM,Male
1524,23,30.9,64.6,74.3,2.7,8.8,4.6,59.0,91.2,3.64,90.88,75.09,IT,TP.HCM,Female
1525,19,8.4,79.7,64.2,6.0,5.5,2.5,44.8,53.2,2.18,54.6,48.99,CE,Huế,Female
1526,22,23.1,84.5,82.3,9.7,5.2,0.3,46.3,100.0,3.72,93.09,73.17,IT,Đà Nẵng,Male
1527,27,42.2,76.7,98.1,6.9,6.9,1.7,60.2,100.0,3.87,96.84,80.09,IT,Huế,Male
1528,21,12.6,78.1,86.7,,7.0,3.4,34.3,53.3,1.99,49.7,43.8,CE,Hà Nội,Male
1529,26,9.1,87.7,67.7,5.1,7.9,2.8,45.4,47.3,1.86,46.41,46.34,CS,Đà Nẵng,Female
1530,23,13.0,95.1,92.2,6.2,8.8,3.2,45.7,68.5,2.5,62.44,57.12,SE,Cần Thơ,Male
1531,19,32.2,75.4,75.0,2.9,7.9,2.2,50.8,72.0,2.53,63.35,61.36,DS,TP.HCM,Male
1532,18,34.0,79.2,90.7,,5.3,1.4,71.5,91.1,3.67,91.67,81.33,AI,TP.HCM,Female
1533,22,20.9,77.7,74.5,,5.7,2.7,55.3,64.0,2.27,56.69,59.68,AI,Cần Thơ,Female
1534,26,30.5,60.8,85.3,5.6,6.0,2.6,51.5,75.6,3.17,79.19,63.54,CE,Cần Thơ,Male
1535,23,,86.4,72.2,5.4,7.9,4.0,66.6,96.8,4.0,100.0,81.69,SE,Đà Nẵng,Male
1536,27,39.3,94.3,72.6,5.2,7.7,1.8,66.8,100.0,4.0,100.0,83.42,CE,TP.HCM,Male
1537,29,23.0,95.2,56.5,11.3,8.5,2.6,44.8,99.4,4.0,100.0,72.14,DS,Hà Nội,Female
1538,24,6.6,76.3,87.7,10.4,7.7,2.3,43.4,55.3,1.77,44.23,49.39,CS,TP.HCM,Male
1539,22,18.4,72.5,85.6,9.5,6.2,5.9,62.0,85.7,3.55,88.79,73.83,AI,Đà Nẵng,Female
1540,27,21.6,85.2,86.4,10.5,6.8,1.4,64.6,89.3,3.56,88.9,76.92,AI,Huế,Female
1541,23,22.9,93.3,84.1,9.5,5.2,1.9,57.0,83.8,3.45,86.16,70.36,CS,Đà Nẵng,Female
1542,22,23.5,86.5,68.6,5.9,7.8,1.1,52.3,78.6,2.91,72.75,65.47,SE,Cần Thơ,Female
1543,28,34.0,87.9,94.5,5.7,6.2,4.5,67.9,100.0,3.95,98.66,83.93,AI,Đà Nẵng,Male
1544,26,35.2,96.4,94.9,6.6,8.5,4.6,67.9,95.1,4.0,100.0,81.49,DS,Huế,Male
1545,23,,77.6,68.2,5.5,7.7,2.2,53.3,74.9,2.84,71.12,64.13,DS,Đà Nẵng,Male
1546,28,33.8,82.8,88.0,3.4,9.3,4.3,76.7,96.3,3.79,94.65,86.49,AI,Hà Nội,Male
1547,25,27.9,100.0,93.1,,7.5,3.0,57.9,93.5,3.92,98.03,75.72,IT,Cần Thơ,Male
1548,19,25.5,83.0,72.9,2.1,7.5,3.6,63.8,80.1,3.35,83.63,71.96,CS,Huế,Female
1549,29,32.3,72.3,75.6,6.3,6.8,1.0,61.1,98.8,4.0,100.0,79.97,DS,Đà Nẵng,Male
1550,30,25.6,78.3,88.0,3.5,6.5,2.7,57.0,92.2,3.55,88.65,74.63,CS,Hà Nội,Male
1551,26,41.5,75.6,57.3,5.8,6.7,5.3,55.1,93.0,3.69,92.2,74.02,SE,TP.HCM,Male
1552,22,13.5,88.6,63.7,6.5,8.2,4.7,56.7,76.9,2.9,72.39,66.78,AI,Đà Nẵng,Female
1553,24,20.9,76.0,65.2,5.1,5.4,3.7,58.3,71.3,2.66,66.49,64.81,AI,Đà Nẵng,Male
1554,27,24.0,87.7,53.1,1.9,7.1,3.9,57.6,86.0,3.25,81.21,71.77,IT,TP.HCM,Female
1555,30,28.5,77.6,96.3,3.0,5.0,6.1,65.8,98.5,3.93,98.29,82.14,CE,TP.HCM,Male
1556,18,35.1,63.8,50.2,7.1,7.4,3.7,64.0,93.1,4.0,100.0,78.58,AI,Hà Nội,Female
1557,27,24.8,88.1,85.1,4.6,6.4,1.5,47.1,81.2,3.5,87.59,64.16,IT,Huế,Male
1558,22,13.6,86.5,92.2,7.4,7.6,4.3,40.9,84.3,3.48,87.0,62.6,AI,Đà Nẵng,Male
1559,29,31.7,90.2,75.6,6.0,6.1,2.4,61.9,98.9,3.77,94.32,80.38,IT,Cần Thơ,Female
1560,27,31.0,78.3,70.0,5.5,6.7,3.2,47.3,78.8,2.95,73.74,63.09,SE,Đà Nẵng,Male
1561,19,9.5,,83.5,6.9,7.8,2.7,52.1,56.2,2.19,54.8,54.17,CE,Huế,Male
1562,29,25.0,89.0,80.0,4.3,7.2,1.4,55.5,100.0,4.0,100.0,77.73,DS,TP.HCM,Male
1563,23,12.3,100.0,95.1,7.0,8.9,3.0,50.2,66.8,2.78,69.58,58.51,CS,Hà Nội,Male
1564,28,19.7,85.1,40.6,5.0,6.4,4.0,45.2,68.5,2.79,69.65,56.81,SE,Đà Nẵng,Male
1565,18,17.8,89.2,66.2,12.3,6.3,3.6,56.6,78.1,3.1,77.62,67.33,CE,TP.HCM,Male
1566,20,31.5,81.8,88.4,3.2,8.5,3.2,59.8,98.0,3.96,99.04,78.88,SE,Huế,Male
1567,22,25.9,69.6,80.8,5.1,6.6,2.2,52.4,69.8,2.68,67.04,61.11,DS,Cần Thơ,Female
1568,21,14.7,94.7,91.3,5.2,6.5,0.0,60.8,76.7,2.78,69.47,68.75,DS,Cần Thơ,Female
1569,20,32.0,94.1,83.9,2.6,7.5,2.4,73.0,91.2,3.59,89.75,82.08,AI,Cần Thơ,Female
1570,27,13.5,92.1,78.0,7.8,6.8,3.3,54.6,72.1,2.92,73.04,63.36,SE,TP.HCM,Female
1571,30,27.6,83.2,75.5,4.9,6.6,0.0,59.8,95.8,3.81,95.2,77.81,IT,Đà Nẵng,Female
1572,22,18.5,91.0,100.0,0.1,6.2,2.4,48.6,74.4,2.67,66.73,61.5,CS,TP.HCM,Male
1573,28,22.1,93.9,100.0,7.7,8.6,2.4,53.5,98.9,3.91,97.84,76.19,IT,Huế,Female
1574,25,29.0,100.0,87.4,4.4,6.8,1.1,59.3,88.5,3.42,85.47,73.9,CE,Huế,Male
1575,28,29.2,94.9,81.2,5.7,6.3,3.6,64.1,96.8,4.0,100.0,80.44,IT,Đà Nẵng,Male
1576,21,35.7,85.6,88.1,7.7,6.6,3.9,64.4,100.0,4.0,100.0,82.19,AI,Cần Thơ,Female
1577,18,24.3,71.9,92.4,5.1,7.4,5.2,54.0,86.5,2.86,71.39,70.22,AI,Huế,Female
1578,28,27.5,86.6,86.3,5.1,8.8,2.5,70.1,100.0,4.0,100.0,85.06,SE,Cần Thơ,Female
1579,24,21.5,87.6,68.7,12.2,6.8,4.4,62.8,86.3,3.23,80.63,74.57,CE,Hà Nội,Male
1580,25,26.5,92.1,100.0,0.6,6.0,1.3,52.8,80.3,2.92,73.04,66.55,IT,Cần Thơ,Male
1581,20,28.5,98.5,83.7,2.8,9.3,1.9,63.4,96.4,3.4,84.93,79.89,IT,TP.HCM,Female
1582,23,24.2,84.0,100.0,3.3,7.2,3.5,49.9,74.1,3.14,78.45,62.01,AI,TP.HCM,Female
1583,19,10.6,100.0,82.8,10.5,6.9,1.5,52.4,73.1,3.13,78.18,62.78,CE,Hà Nội,Male
1584,24,27.7,67.4,76.3,4.4,7.1,2.3,70.3,98.0,3.62,90.46,84.14,SE,Đà Nẵng,Female
1585,25,27.9,89.2,100.0,6.6,5.5,3.8,56.6,94.6,4.0,100.0,75.61,CE,Hà Nội,Female
1586,23,19.6,77.0,84.5,4.8,6.9,2.5,57.2,75.9,3.46,86.41,66.52,SE,TP.HCM,Male
1587,23,14.7,65.9,82.0,7.5,7.9,1.1,58.0,63.4,2.49,62.33,60.7,CS,TP.HCM,Male
1588,22,36.8,83.0,62.0,6.0,8.5,1.6,64.0,100.0,3.82,95.48,82.02,CE,TP.HCM,Male
1589,25,28.9,70.4,89.9,6.6,6.6,2.1,61.0,91.0,3.62,90.59,75.96,DS,Đà Nẵng,Male
1590,18,23.2,83.4,72.6,9.2,7.2,3.4,67.7,76.6,3.3,82.39,72.15,AI,Đà Nẵng,Male
1591,27,15.9,85.3,73.3,,8.5,2.0,42.7,61.4,2.72,68.01,52.07,AI,Cần Thơ,Male
1592,21,18.4,96.2,72.6,4.2,7.0,0.0,45.5,75.0,2.99,74.82,60.23,IT,Huế,Female
1593,21,35.4,69.9,86.6,6.8,7.9,3.7,52.7,79.3,2.99,74.68,66.0,DS,Huế,Male
1594,20,26.1,94.1,57.0,12.0,7.5,3.5,64.4,77.1,3.13,78.36,70.75,IT,TP.HCM,Female
1595,20,,86.0,76.8,7.4,6.2,0.9,45.7,68.2,2.71,67.74,56.99,AI,Huế,Female
1596,21,29.1,95.3,94.7,6.4,5.9,0.8,65.3,99.5,4.0,100.0,82.41,DS,Huế,Male
1597,28,18.5,80.7,61.3,2.6,8.3,4.5,61.2,78.5,3.06,76.53,69.81,AI,Hà Nội,Male
1598,18,37.0,71.7,82.6,7.8,3.8,2.1,58.5,91.4,3.7,92.39,74.98,CE,Đà Nẵng,Female
1599,28,35.8,72.8,70.5,8.2,6.2,3.6,57.1,85.5,3.05,76.18,71.29,CS,Huế,Male
1600,30,21.3,72.1,73.9,6.8,5.3,1.5,56.8,80.2,3.28,82.04,68.52,AI,Hà Nội,Female
1601,28,20.0,89.8,100.0,6.3,8.3,3.5,53.8,81.9,3.5,87.59,67.86,SE,Cần Thơ,Female
1602,19,4.1,99.8,55.2,13.1,8.6,1.1,25.3,64.1,2.53,63.16,44.7,CS,Cần Thơ,Female
1603,26,13.1,79.4,91.5,8.1,6.1,3.1,58.3,50.5,2.05,51.17,54.39,CS,Cần Thơ,Male
1604,27,14.3,91.3,72.8,9.1,10.0,3.0,53.5,59.6,2.06,51.61,56.59,DS,Cần Thơ,Male
1605,19,26.1,69.8,72.1,6.2,8.7,0.0,52.2,88.0,3.62,90.6,70.08,DS,Huế,Female
1606,22,22.4,86.8,63.3,5.7,7.2,2.7,51.7,84.3,3.56,88.95,67.99,DS,Đà Nẵng,Male
1607,26,14.2,91.7,91.3,7.6,8.8,1.4,54.7,82.1,3.61,90.29,68.38,SE,TP.HCM,Female
1608,26,22.8,70.5,77.1,5.7,6.2,4.1,52.3,68.7,2.27,56.85,60.51,CE,TP.HCM,Female
1609,25,29.0,83.0,75.2,5.9,6.7,2.9,59.7,86.7,3.57,89.37,73.19,DS,TP.HCM,Male
1610,18,29.2,92.2,81.6,7.2,7.6,2.1,61.9,83.7,3.0,74.98,72.78,CS,Hà Nội,Male
1611,18,9.8,55.7,77.4,4.7,6.2,4.8,34.6,31.2,1.33,33.15,32.87,DS,Hà Nội,Male
1612,26,24.0,98.4,50.0,6.6,5.5,0.0,55.0,89.0,3.45,86.23,72.02,DS,Cần Thơ,Male
1613,30,13.9,88.5,72.6,6.2,5.9,5.4,47.3,80.5,3.32,83.03,63.92,CE,Hà Nội,Male
1614,28,,92.2,93.4,,6.8,5.3,57.3,93.1,3.81,95.22,75.17,DS,Huế,Male
1615,25,31.3,80.9,57.4,4.5,7.6,1.9,62.6,87.4,3.51,87.83,75.03,SE,Đà Nẵng,Male
1616,27,17.8,67.8,63.7,1.0,6.6,3.8,52.2,60.7,2.34,58.4,56.42,CS,Đà Nẵng,Male
1617,26,18.9,90.3,73.6,5.2,5.0,3.2,65.4,91.9,3.71,92.75,78.65,IT,Hà Nội,Male
1618,24,21.3,84.2,69.1,7.0,7.6,0.0,47.9,78.5,3.33,83.2,63.2,CS,Cần Thơ,Male
1619,20,7.0,85.3,79.6,8.4,8.5,2.3,49.7,63.4,2.59,64.76,56.57,IT,Đà Nẵng,Male
1620,20,27.7,95.9,63.6,4.3,6.2,0.6,70.8,85.8,3.59,89.77,78.33,AI,TP.HCM,Female
1621,19,22.8,92.6,74.2,7.4,9.0,0.5,63.1,80.7,2.95,73.72,71.89,DS,Huế,Female
1622,22,32.8,100.0,79.3,8.8,8.0,2.1,60.8,100.0,4.0,100.0,80.42,CS,Hà Nội,Male
1623,29,16.2,86.5,89.7,7.9,5.7,2.1,47.8,68.1,2.63,65.66,57.95,AI,Hà Nội,Male
1624,29,20.0,78.1,98.7,4.0,6.2,4.3,63.1,74.2,3.12,78.11,68.68,DS,Hà Nội,Female
1625,20,12.9,,76.1,4.3,6.6,1.4,45.8,87.2,3.59,89.81,66.47,AI,Huế,Female
1626,23,17.0,89.2,100.0,7.1,6.8,1.9,50.9,75.7,2.93,73.17,63.31,CE,Huế,Male
1627,19,15.5,95.2,77.2,10.1,4.1,4.6,47.3,71.8,2.9,72.58,59.55,IT,Hà Nội,Male
1628,29,33.0,70.3,92.4,6.0,6.1,2.2,66.1,92.0,3.65,91.34,79.06,AI,Huế,Female
1629,20,,85.1,100.0,5.6,6.3,1.7,33.9,64.5,2.66,66.45,49.18,AI,TP.HCM,Male
1630,22,26.0,100.0,82.1,2.6,9.3,3.8,53.4,88.2,3.6,89.99,70.83,IT,Đà Nẵng,Female
1631,29,22.0,82.6,59.4,5.1,7.3,3.3,46.5,92.1,3.7,92.4,69.28,AI,Cần Thơ,Female
1632,28,14.8,94.3,81.4,4.2,6.0,2.6,62.2,82.0,3.01,75.32,72.1,DS,Huế,Female
1633,28,23.7,89.9,70.8,6.1,6.5,3.9,58.0,72.3,3.19,79.68,65.11,DS,TP.HCM,Male
1634,18,29.8,94.6,75.9,2.2,7.5,0.6,60.0,91.5,3.87,96.74,75.74,CE,TP.HCM,Male
1635,30,15.3,,100.0,5.2,6.5,1.6,46.5,68.9,2.77,69.34,57.7,AI,Hà Nội,Male
1636,18,31.5,76.9,61.7,3.5,6.3,5.5,49.8,73.9,3.06,76.51,61.85,SE,Cần Thơ,Female
1637,27,18.2,85.2,84.5,8.4,6.3,0.0,61.6,76.5,3.18,79.49,69.04,AI,Đà Nẵng,Female
1638,26,21.1,69.7,66.8,3.9,7.6,1.5,48.7,65.5,2.48,62.03,57.08,DS,Huế,Female
1639,24,,82.3,75.4,4.6,5.3,0.7,63.7,89.0,3.81,95.18,76.35,CE,Huế,Female
1640,18,19.7,87.5,91.2,6.7,5.7,2.6,48.0,76.9,2.67,66.73,62.43,AI,Hà Nội,Female
1641,29,25.3,100.0,84.8,4.9,5.9,3.4,58.5,95.8,3.49,87.29,77.17,AI,TP.HCM,Male
1642,25,,89.0,76.6,11.9,5.7,4.2,48.3,70.3,2.67,66.72,59.31,DS,Cần Thơ,Male
1643,20,26.0,91.3,70.3,8.3,6.0,1.9,56.4,87.3,3.56,88.98,71.83,AI,Đà Nẵng,Female
1644,25,6.0,96.6,84.7,6.0,8.1,1.1,51.8,63.3,2.56,63.96,57.53,CS,TP.HCM,Male
1645,22,10.4,75.4,100.0,6.9,8.2,0.3,44.9,60.1,2.42,60.46,52.48,CE,Đà Nẵng,Male
1646,18,29.9,83.3,66.5,0.1,7.3,2.6,62.8,85.7,3.41,85.34,74.23,AI,Đà Nẵng,Male
1647,24,33.3,,100.0,9.1,7.3,5.7,65.4,100.0,3.94,98.4,82.72,SE,Cần Thơ,Female
1648,22,17.7,84.2,98.0,7.3,6.2,1.6,63.2,83.5,3.08,77.1,73.31,IT,TP.HCM,Female
1649,23,23.0,96.2,100.0,5.8,4.5,2.4,50.6,72.6,2.63,65.7,61.59,DS,Cần Thơ,Female
1650,23,27.4,94.6,84.6,7.4,7.2,2.7,58.7,100.0,3.74,93.58,79.34,IT,Hà Nội,Female
1651,25,30.5,70.2,97.6,7.7,7.4,1.9,59.9,95.6,3.6,90.11,77.72,IT,Hà Nội,Male
1652,26,8.8,88.1,64.9,5.0,6.2,4.6,37.3,47.0,1.6,39.96,42.18,DS,Hà Nội,Female
1653,19,17.9,86.5,70.0,,5.7,4.3,52.4,86.9,3.19,79.68,69.61,IT,Đà Nẵng,Male
1654,26,22.3,88.3,91.5,,5.5,3.7,55.2,94.2,3.71,92.78,74.69,CS,TP.HCM,Female
1655,29,30.6,77.5,84.4,7.1,7.2,3.9,60.4,85.9,3.65,91.18,73.17,CE,Huế,Male
1656,28,45.0,73.8,77.8,5.4,7.1,1.5,70.7,100.0,4.0,100.0,85.35,SE,Huế,Female
1657,27,23.2,80.2,42.5,6.7,8.4,0.8,49.4,79.8,3.01,75.18,64.59,DS,Hà Nội,Female
1658,26,,84.0,73.5,9.5,6.0,1.5,35.7,53.2,1.99,49.7,44.44,CE,Hà Nội,Female
1659,30,28.2,96.8,62.4,8.0,6.7,2.9,62.1,100.0,4.0,100.0,81.03,AI,Huế,Female
1660,27,35.6,100.0,87.4,3.1,7.0,2.0,60.0,87.5,3.4,84.97,73.72,DS,Hà Nội,Male
1661,27,25.9,99.0,77.1,7.5,6.3,3.4,58.5,92.9,3.5,87.43,75.71,DS,Hà Nội,Female
1662,24,17.7,93.6,70.6,,8.0,2.7,46.7,88.0,3.46,86.6,67.39,DS,Hà Nội,Female
1663,18,,75.0,100.0,8.9,8.5,0.5,49.6,74.6,2.87,71.77,62.13,SE,Hà Nội,Male
1664,24,30.3,80.9,95.6,6.1,5.7,4.4,62.6,89.0,3.39,84.71,75.78,SE,Đà Nẵng,Female
1665,27,16.8,87.1,95.8,5.1,6.5,1.7,55.9,85.6,3.43,85.74,70.74,AI,Hà Nội,Male
1666,22,28.1,78.7,100.0,2.6,8.6,3.7,66.1,93.0,3.97,99.35,79.57,CE,Huế,Female
1667,23,33.0,90.8,92.0,4.3,7.4,1.2,60.0,100.0,3.74,93.4,80.0,CS,TP.HCM,Female
1668,27,34.5,92.2,68.4,9.0,7.1,1.2,65.0,95.7,3.91,97.64,80.33,DS,Cần Thơ,Male
1669,24,24.5,90.4,66.7,6.5,7.4,1.1,59.5,80.0,3.4,84.89,69.71,SE,Huế,Female
1670,22,22.1,,94.5,5.8,7.8,0.4,63.5,86.6,3.56,88.89,75.09,AI,TP.HCM,Female
1671,24,34.8,76.0,49.1,9.2,7.5,0.4,49.4,92.8,3.92,98.02,71.11,CS,Huế,Female
1672,26,15.3,94.3,78.8,8.7,7.3,3.1,39.6,74.9,3.1,77.56,57.25,DS,Hà Nội,Male
1673,20,28.5,78.0,47.4,4.2,7.0,1.1,68.5,95.4,3.68,91.91,81.95,AI,Huế,Male
1674,25,14.0,75.6,81.5,9.0,8.6,3.0,34.2,68.7,3.11,77.72,51.48,AI,Hà Nội,Male
1675,19,33.5,90.3,92.8,1.9,6.7,2.7,70.6,100.0,4.0,100.0,85.29,CE,Cần Thơ,Female
1676,28,22.9,97.2,84.2,7.1,7.0,3.8,66.8,81.6,3.72,92.98,74.16,AI,Huế,Female
1677,24,35.1,89.9,94.1,6.9,8.9,1.0,70.9,92.8,3.34,83.53,81.86,SE,Huế,Female
1678,30,28.9,85.2,100.0,8.9,7.4,4.1,52.0,93.0,4.0,100.0,72.48,IT,Cần Thơ,Male
1679,19,15.2,88.1,77.8,7.0,6.9,1.1,42.9,78.0,3.29,82.36,60.49,DS,Đà Nẵng,Male
1680,21,36.4,86.4,100.0,5.4,7.8,0.0,64.8,100.0,4.0,100.0,82.41,IT,TP.HCM,Male
1681,24,37.4,73.7,83.2,5.6,7.3,2.8,77.3,100.0,3.82,95.39,88.63,CS,Cần Thơ,Male
1682,20,32.1,72.6,94.2,12.7,6.1,1.2,73.0,100.0,4.0,100.0,86.5,CE,Huế,Male
1683,19,18.9,84.2,70.8,,7.3,4.7,54.1,79.2,3.41,85.18,66.62,CE,Hà Nội,Male
1684,28,22.6,85.8,100.0,7.5,6.0,3.0,42.8,73.4,2.59,64.64,58.13,CE,TP.HCM,Male
1685,27,26.2,85.1,95.6,0.9,9.2,2.4,58.6,80.1,3.32,82.91,69.33,SE,Cần Thơ,Male
1686,24,19.4,91.8,100.0,3.9,7.3,2.8,51.7,79.2,3.04,75.99,65.48,CS,Huế,Male
1687,18,38.5,82.8,80.8,7.3,5.9,1.8,66.5,100.0,4.0,100.0,83.25,SE,Đà Nẵng,Female
1688,25,26.2,90.6,61.2,2.0,6.5,5.0,45.8,98.0,3.71,92.86,71.9,DS,TP.HCM,Male
1689,20,3.4,83.6,86.9,7.4,7.9,1.7,41.9,59.7,2.64,66.07,50.81,CE,TP.HCM,Female
1690,29,27.7,100.0,54.5,4.2,5.7,3.2,49.5,87.5,3.48,87.09,68.5,SE,Huế,Female
1691,29,22.2,85.8,75.0,3.4,10.0,1.3,35.6,67.0,2.83,70.71,51.26,IT,Cần Thơ,Male
1692,30,24.4,100.0,82.9,4.2,5.3,2.5,60.0,94.4,3.97,99.19,77.17,AI,TP.HCM,Male
1693,19,22.1,88.5,100.0,9.8,8.1,0.6,69.2,89.4,3.64,90.9,79.31,SE,Cần Thơ,Male
1694,20,31.5,82.9,84.8,6.8,6.4,2.8,54.8,86.9,3.3,82.55,70.83,DS,Huế,Male
1695,22,34.0,76.0,82.1,3.7,6.0,2.6,58.3,87.2,3.62,90.38,72.77,AI,TP.HCM,Female
1696,28,27.3,70.6,79.1,7.9,7.6,3.3,62.8,89.7,3.57,89.18,76.21,DS,TP.HCM,Female
1697,25,22.3,75.1,59.9,8.1,6.5,3.2,61.7,77.5,3.14,78.45,69.6,IT,TP.HCM,Female
1698,27,24.7,76.2,81.3,5.0,8.9,2.5,55.7,78.9,3.08,77.11,67.33,DS,Hà Nội,Male
1699,24,25.2,88.9,81.5,8.4,5.3,5.6,51.9,79.6,2.82,70.62,65.73,CE,Đà Nẵng,Male
1700,24,18.6,79.7,65.5,8.5,7.7,2.5,60.8,100.0,4.0,100.0,80.42,IT,Huế,Female
1701,29,29.6,86.9,62.2,8.1,6.7,2.6,51.0,89.6,3.46,86.57,70.29,CE,Huế,Male
1702,24,28.7,97.8,72.8,4.3,7.4,2.4,57.3,86.5,3.52,88.01,71.89,AI,Hà Nội,Male
1703,25,37.3,84.1,81.0,3.1,7.6,2.8,70.0,82.9,3.31,82.7,76.45,AI,TP.HCM,Male
1704,18,35.0,100.0,73.1,1.8,4.9,2.1,54.5,86.6,3.36,83.98,70.56,AI,Cần Thơ,Female
1705,21,,73.2,64.2,4.4,7.3,1.9,53.5,71.9,3.3,82.59,62.73,DS,Hà Nội,Male
1706,30,31.6,83.5,84.3,,8.3,3.6,69.7,100.0,3.94,98.44,84.87,AI,TP.HCM,Male
1707,23,17.4,79.6,88.1,5.3,7.6,2.4,62.6,95.6,3.84,96.0,79.08,CS,Hà Nội,Female
1708,26,30.6,94.4,81.8,5.9,6.6,4.1,59.2,92.5,4.0,100.0,75.81,DS,Đà Nẵng,Male
1709,30,20.9,62.6,71.6,10.3,5.3,0.0,46.7,73.3,2.73,68.3,60.04,DS,Hà Nội,Female
1710,19,16.8,70.6,88.9,5.2,7.6,4.8,53.6,68.3,2.9,72.53,60.94,IT,Hà Nội,Female
1711,18,27.2,83.9,77.1,5.9,9.3,3.8,53.4,89.0,3.41,85.25,71.19,SE,TP.HCM,Male
1712,30,3.6,100.0,62.2,1.5,7.8,2.4,40.4,57.5,2.25,56.31,48.93,AI,TP.HCM,Female
1713,27,11.0,87.3,95.5,11.6,8.4,2.4,48.7,62.6,2.58,64.58,55.67,IT,Huế,Female
1714,29,23.6,71.5,85.3,2.7,8.1,3.5,56.2,73.6,3.17,79.3,64.89,DS,Đà Nẵng,Female
1715,19,25.7,73.0,78.2,4.2,6.5,1.0,40.9,81.9,3.07,76.77,61.39,AI,Đà Nẵng,Female
1716,24,22.0,100.0,56.4,7.7,7.1,2.6,47.8,93.0,3.77,94.3,70.4,AI,Huế,Female
1717,20,12.4,78.8,68.8,6.6,8.0,2.7,32.3,55.8,2.08,52.05,44.05,SE,Huế,Male
1718,27,18.5,75.6,100.0,,5.1,0.0,37.7,73.9,3.08,77.09,55.77,SE,Huế,Male
1719,19,28.1,99.8,57.4,7.8,7.8,3.0,52.7,92.3,3.89,97.14,72.48,IT,TP.HCM,Male
1720,28,29.7,95.1,76.2,5.8,8.5,0.5,59.8,91.9,3.81,95.23,75.86,DS,Đà Nẵng,Female
1721,24,24.9,97.7,79.8,8.6,6.9,4.1,57.4,93.8,3.59,89.79,75.59,CE,Hà Nội,Male
1722,30,,75.5,84.8,8.9,8.0,4.5,45.9,98.1,3.7,92.6,72.0,CE,TP.HCM,Female
1723,30,28.2,69.7,57.5,4.3,6.3,4.8,49.6,73.7,2.92,72.88,61.67,DS,Hà Nội,Male
1724,19,,,82.6,8.4,7.0,2.0,40.8,70.0,2.55,63.83,55.4,CE,Cần Thơ,Female
1725,20,22.8,88.4,54.7,5.4,6.7,2.0,53.8,94.2,3.87,96.77,74.01,SE,TP.HCM,Male
1726,28,13.8,88.6,81.5,5.7,7.6,0.0,43.7,68.9,3.04,75.96,56.3,CE,Cần Thơ,Female
1727,24,24.1,,70.2,6.4,6.9,3.5,67.5,86.1,3.29,82.14,76.79,CS,Hà Nội,Male
1728,21,33.9,67.7,67.0,5.0,5.0,0.2,59.5,92.7,3.81,95.3,76.1,DS,Đà Nẵng,Male
1729,30,30.5,93.6,92.5,4.9,6.1,0.3,57.3,94.5,3.62,90.56,75.93,AI,TP.HCM,Male
1730,18,36.2,74.0,76.5,8.5,9.3,2.0,61.3,100.0,4.0,100.0,80.65,SE,Đà Nẵng,Male
1731,30,22.6,93.6,87.1,2.2,7.7,0.8,51.1,82.8,3.51,87.81,66.95,IT,Cần Thơ,Female
1732,22,35.8,80.3,87.6,3.3,4.5,1.1,73.9,100.0,3.98,99.6,86.96,IT,Huế,Female
1733,29,23.5,76.9,99.0,7.7,8.4,2.6,51.6,78.3,3.29,82.14,64.96,CE,Đà Nẵng,Male
1734,26,36.8,78.9,61.9,5.8,5.6,3.8,67.8,100.0,4.0,100.0,83.92,DS,TP.HCM,Male
1735,25,24.8,70.5,93.8,,8.1,3.3,60.1,93.7,3.51,87.7,76.89,CS,Huế,Male
1736,29,30.7,85.4,80.2,6.9,8.6,2.8,55.8,96.6,3.96,99.12,76.25,CS,Đà Nẵng,Female
1737,26,36.8,77.3,74.3,2.7,7.1,4.2,50.7,84.3,3.25,81.21,67.49,IT,TP.HCM,Male
1738,27,,92.9,62.8,6.2,5.8,2.7,52.9,86.3,3.48,86.89,69.59,CS,Huế,Female
1739,26,26.7,91.4,89.1,7.3,6.1,1.7,63.6,94.5,3.71,92.79,79.03,IT,Cần Thơ,Male
1740,24,35.3,100.0,66.2,6.6,7.8,1.3,53.8,100.0,4.0,100.0,76.88,AI,Cần Thơ,Female
1741,21,23.9,88.7,87.8,4.8,5.6,3.3,58.1,73.4,3.12,77.95,65.75,AI,Đà Nẵng,Female
1742,22,14.4,90.2,100.0,5.3,6.3,0.8,55.7,76.1,2.82,70.4,65.88,CE,Hà Nội,Male
1743,18,42.1,99.0,94.7,4.6,7.6,3.0,81.9,100.0,3.65,91.25,90.95,CE,TP.HCM,Male
1744,18,,78.7,100.0,2.7,6.2,1.9,57.8,67.6,2.61,65.34,62.7,CS,Đà Nẵng,Male
1745,20,26.3,,69.2,2.3,8.7,1.2,57.4,92.2,3.91,97.73,74.81,DS,Đà Nẵng,Male
1746,30,34.2,87.0,91.4,7.0,5.8,1.2,65.1,97.2,3.71,92.71,81.17,DS,Hà Nội,Male
1747,25,20.1,70.8,62.8,,3.1,3.9,41.7,66.7,2.57,64.14,54.19,DS,Đà Nẵng,Female
1748,19,16.9,100.0,76.5,7.4,6.1,1.2,45.6,83.6,3.58,89.4,64.58,SE,Huế,Female
1749,21,27.0,99.6,100.0,4.5,7.4,2.1,47.2,96.1,4.0,100.0,71.63,AI,Huế,Male
1750,19,10.7,100.0,70.9,2.7,8.0,1.8,48.5,68.6,2.88,72.07,58.57,SE,Cần Thơ,Female
1751,22,22.7,85.6,96.7,5.0,6.5,4.1,58.2,82.9,3.4,84.97,70.55,SE,Hà Nội,Female
1752,26,27.0,90.5,95.2,11.2,6.7,4.8,59.7,81.2,3.45,86.16,70.42,DS,Cần Thơ,Female
1753,18,22.8,80.4,96.1,5.8,7.0,3.9,56.3,73.1,2.84,71.0,64.7,SE,Huế,Female
1754,22,12.7,,61.0,7.6,9.1,1.9,54.3,83.6,3.48,87.04,68.92,DS,Huế,Male
1755,26,37.8,72.8,87.9,6.4,7.5,3.0,54.3,94.6,3.62,90.57,74.42,DS,Cần Thơ,Male
1756,18,25.8,59.6,77.7,2.5,6.4,1.1,53.8,85.2,3.73,93.3,69.5,CE,Đà Nẵng,Male
1757,26,36.4,77.1,96.3,9.6,9.5,2.8,65.7,97.4,4.0,100.0,81.55,CS,Cần Thơ,Female
1758,25,22.9,70.4,55.2,5.4,7.0,0.0,49.2,79.4,3.31,82.69,64.32,AI,TP.HCM,Male
1759,21,18.0,99.8,85.5,2.7,4.5,2.9,37.5,59.9,2.33,58.17,48.69,DS,Cần Thơ,Female
1760,29,27.2,100.0,83.4,,5.3,2.4,52.7,97.1,4.0,100.0,74.89,SE,Huế,Male
1761,28,23.3,71.0,50.1,5.5,7.7,3.2,49.3,75.4,3.01,75.34,62.36,CS,Huế,Female
1762,27,15.6,97.9,66.7,7.9,4.9,2.5,52.5,73.0,2.81,70.22,62.75,DS,Huế,Female
1763,22,36.8,94.5,52.5,4.3,7.6,3.8,67.0,100.0,4.0,100.0,83.5,CS,TP.HCM,Female
1764,30,20.0,69.3,69.1,12.6,6.1,1.4,64.8,86.3,3.07,76.78,75.56,IT,Hà Nội,Female
1765,22,10.3,,88.2,3.7,8.4,3.6,52.0,62.1,2.66,66.51,57.01,CE,Đà Nẵng,Male
1766,28,35.6,79.2,82.9,7.5,7.2,3.2,63.4,87.8,3.31,82.64,75.61,DS,Cần Thơ,Male
1767,29,21.0,92.5,82.5,1.1,5.0,4.1,55.5,95.1,3.95,98.76,75.3,AI,Đà Nẵng,Male
1768,23,20.1,72.7,64.4,5.7,8.1,4.2,60.5,75.2,2.71,67.73,67.86,CS,TP.HCM,Male
1769,24,10.9,84.0,96.8,6.9,8.6,1.1,55.6,53.7,2.07,51.66,54.65,CE,Cần Thơ,Female
1770,25,,78.1,79.7,3.2,5.5,3.3,68.4,99.3,4.0,100.0,83.85,AI,Hà Nội,Male
1771,25,14.7,89.7,80.5,9.7,6.0,0.8,62.5,81.4,3.43,85.79,71.95,CE,Huế,Female
1772,28,25.5,82.8,94.1,,7.6,4.2,49.8,80.9,3.1,77.4,65.32,CS,Huế,Female
1773,30,32.3,79.6,65.1,5.2,7.8,1.2,61.0,92.4,3.51,87.78,76.68,AI,TP.HCM,Female
1774,19,28.4,82.9,83.4,7.1,9.8,1.9,82.5,95.7,4.0,100.0,89.06,CE,Cần Thơ,Female
1775,26,24.5,100.0,86.4,4.5,8.1,2.8,63.7,88.2,3.91,97.75,75.98,SE,TP.HCM,Female
1776,24,11.4,80.8,71.8,,9.9,3.6,44.6,53.3,1.95,48.76,48.96,SE,Huế,Male
1777,21,18.5,74.6,89.8,8.5,7.0,3.1,50.9,61.8,1.95,48.72,56.33,SE,Hà Nội,Female
1778,21,26.5,90.8,87.2,6.9,7.5,3.6,59.8,92.2,3.99,99.76,76.0,DS,Cần Thơ,Female
1779,28,18.7,83.6,78.5,7.5,6.3,2.5,64.1,90.4,3.59,89.63,77.23,IT,Đà Nẵng,Female
1780,25,26.6,70.8,78.0,2.3,6.4,2.9,61.6,82.1,3.1,77.6,71.88,AI,Hà Nội,Male
1781,21,30.5,100.0,87.9,9.7,7.2,0.0,62.3,100.0,4.0,100.0,81.13,CE,Hà Nội,Male
1782,30,32.7,81.5,91.8,5.8,6.3,4.0,49.2,97.7,4.0,100.0,73.42,DS,TP.HCM,Female
1783,23,15.2,81.2,80.9,8.6,3.9,2.1,43.1,66.7,2.8,69.94,54.89,IT,TP.HCM,Female
1784,22,42.6,86.6,96.8,7.9,6.2,1.9,70.4,100.0,4.0,100.0,85.19,IT,Đà Nẵng,Male
1785,20,31.1,100.0,89.9,8.5,8.3,5.4,62.4,100.0,4.0,100.0,81.19,IT,Cần Thơ,Female
1786,30,25.0,68.2,53.2,3.4,7.1,0.0,62.2,78.8,3.25,81.17,70.49,CE,Huế,Male
1787,27,33.7,87.8,58.9,3.7,7.1,2.6,61.7,80.0,3.54,88.53,70.88,DS,Huế,Male
1788,28,43.9,100.0,97.7,11.6,6.1,0.0,79.2,100.0,3.82,95.49,89.62,SE,TP.HCM,Male
1789,19,13.5,86.3,76.3,,7.4,3.0,37.0,70.2,2.96,74.04,53.63,CE,Huế,Male
1790,26,23.2,72.6,82.5,3.3,9.0,1.5,49.4,72.2,2.88,72.02,60.78,SE,Hà Nội,Male
1791,27,,78.8,97.1,6.1,8.7,0.0,46.5,74.9,2.98,74.56,60.69,CE,Hà Nội,Female
1792,26,26.5,87.1,79.9,6.1,7.4,4.1,73.5,100.0,3.77,94.28,86.74,CS,Cần Thơ,Female
1793,18,27.9,98.3,80.6,4.6,6.0,0.6,59.6,82.1,3.37,84.21,70.87,IT,Cần Thơ,Female
1794,27,24.7,81.6,67.0,7.5,9.1,3.9,62.0,83.7,3.46,86.6,72.83,SE,Hà Nội,Male
1795,20,19.8,93.3,85.5,8.3,8.3,1.0,63.8,78.2,3.09,77.29,71.03,DS,Cần Thơ,Male
1796,25,8.6,70.6,88.8,6.0,5.2,1.8,49.2,56.9,2.56,64.09,53.03,AI,Huế,Male
1797,23,28.0,70.6,71.3,5.3,4.9,0.0,62.2,92.1,3.7,92.48,77.13,SE,Đà Nẵng,Male
1798,22,36.6,80.2,66.2,5.9,5.3,3.1,61.9,96.1,3.42,85.53,79.0,AI,Hà Nội,Male
1799,22,20.3,99.4,100.0,4.8,6.4,1.6,66.5,83.7,3.46,86.41,75.08,DS,TP.HCM,Female
1800,23,28.5,85.7,78.6,,8.1,2.0,49.4,87.0,3.25,81.18,68.17,IT,Cần Thơ,Male
1801,24,12.5,87.9,69.7,6.8,8.1,2.4,38.0,70.7,3.11,77.79,54.34,AI,Hà Nội,Female
1802,18,28.7,87.8,90.6,7.9,7.4,0.0,73.7,100.0,4.0,100.0,86.83,CE,Đà Nẵng,Female
1803,26,21.9,96.1,79.2,5.6,6.8,3.5,58.5,90.1,3.81,95.17,74.32,AI,TP.HCM,Male
1804,20,18.9,78.9,63.7,0.3,9.8,1.7,41.7,81.6,3.26,81.61,61.67,DS,Huế,Male
1805,21,18.9,91.9,87.2,4.6,7.0,5.9,42.2,72.8,3.03,75.76,57.49,IT,Huế,Male
1806,27,21.9,76.7,67.2,8.3,6.9,1.8,41.8,70.3,2.66,66.61,56.09,SE,Huế,Female
1807,18,28.1,100.0,100.0,2.4,6.4,1.9,76.3,99.6,4.0,100.0,87.94,SE,Huế,Female
1808,30,14.5,77.0,87.4,7.7,9.7,0.5,46.8,61.2,2.29,57.19,53.99,CE,TP.HCM,Female
1809,28,21.8,76.2,75.8,4.9,7.9,0.1,48.9,69.7,3.17,79.14,59.33,IT,Đà Nẵng,Female
1810,27,24.7,90.5,81.6,6.0,5.8,3.8,69.3,96.8,3.67,91.84,83.03,IT,Cần Thơ,Female
1811,20,16.2,85.8,93.5,4.3,5.6,4.1,51.9,79.7,2.86,71.56,65.83,CE,Đà Nẵng,Female
1812,19,39.4,88.3,82.8,3.2,5.0,1.7,65.3,84.3,3.34,83.43,74.78,DS,TP.HCM,Male
1813,19,18.2,87.3,100.0,9.6,6.9,2.7,59.7,86.8,3.59,89.72,73.22,SE,TP.HCM,Female
1814,18,19.6,74.1,97.0,8.0,5.2,4.4,55.3,71.4,3.32,82.96,63.35,CE,Huế,Female
1815,25,17.2,100.0,87.3,7.6,5.6,2.9,57.4,75.9,2.89,72.29,66.64,SE,Huế,Female
1816,20,39.4,93.9,65.9,8.3,8.3,3.2,66.6,100.0,4.0,100.0,83.3,CE,Cần Thơ,Female
1817,20,29.4,98.6,77.8,7.3,8.1,2.6,55.1,83.1,3.32,83.11,69.13,CS,Đà Nẵng,Male
1818,23,17.5,79.7,87.2,8.4,8.8,1.5,42.5,68.4,2.52,63.11,55.44,CE,Cần Thơ,Female
1819,30,33.8,89.2,67.7,4.3,5.2,3.1,64.5,100.0,3.8,94.99,82.27,CE,Cần Thơ,Male
1820,25,26.6,87.0,99.4,9.4,5.8,5.3,58.1,74.6,2.61,65.18,66.33,AI,Hà Nội,Female
1821,30,27.1,96.3,65.4,9.2,6.2,1.7,63.4,98.4,4.0,100.0,80.89,CS,Hà Nội,Male
1822,26,22.2,96.6,70.4,7.0,9.0,3.8,53.0,91.3,3.49,87.33,72.14,DS,Hà Nội,Male
1823,26,19.0,86.9,71.6,5.3,7.1,2.8,61.9,85.6,3.01,75.14,73.73,CS,Đà Nẵng,Female
1824,21,27.7,69.8,91.2,2.9,9.2,1.6,46.3,91.7,3.59,89.79,69.02,IT,Huế,Male
1825,22,20.6,100.0,67.9,6.6,7.8,3.8,58.6,92.8,3.96,98.94,75.73,CE,Đà Nẵng,Male
1826,19,39.5,90.6,53.0,10.2,6.9,3.7,61.4,100.0,4.0,100.0,80.71,CE,Hà Nội,Female
1827,28,14.8,78.9,96.3,3.1,7.7,3.4,46.1,75.8,3.13,78.31,60.95,CE,TP.HCM,Female
1828,26,37.3,,73.3,8.5,4.9,5.1,59.4,100.0,4.0,100.0,79.71,AI,Huế,Female
1829,25,24.1,69.9,64.0,4.8,4.5,5.3,50.8,73.4,3.15,78.65,62.13,CE,Đà Nẵng,Female
1830,20,27.4,95.6,68.7,5.0,7.3,2.6,51.9,93.8,3.23,80.73,72.83,AI,Hà Nội,Female
1831,28,31.7,70.3,100.0,3.1,7.0,2.3,51.8,83.7,3.25,81.36,67.77,DS,Hà Nội,Male
1832,29,20.0,82.8,70.1,4.1,9.3,0.4,59.6,69.9,2.88,72.03,64.74,DS,TP.HCM,Female
1833,30,31.9,87.4,78.1,,5.3,4.8,51.6,100.0,4.0,100.0,75.82,AI,Huế,Male
1834,26,3.3,95.4,73.3,7.9,7.4,2.4,46.7,55.8,2.34,58.6,51.25,DS,Hà Nội,Female
1835,20,19.2,86.1,61.5,6.6,7.8,1.6,58.7,88.8,4.0,100.0,73.75,AI,TP.HCM,Male
1836,26,17.6,91.3,68.9,4.7,7.4,1.1,57.4,83.7,3.15,78.83,70.53,AI,TP.HCM,Female
1837,19,15.0,84.7,60.5,,8.3,1.1,48.7,63.9,2.11,52.64,56.31,SE,Huế,Female
1838,29,23.3,84.7,94.3,6.2,6.2,5.1,47.0,72.1,2.4,59.89,59.51,IT,Hà Nội,Male
1839,27,28.1,85.9,81.5,5.1,8.0,3.8,47.4,87.6,3.69,92.22,67.49,AI,Hà Nội,Male
1840,26,30.6,83.1,100.0,6.5,7.7,0.3,51.6,92.4,3.66,91.56,71.97,CS,Huế,Male
1841,25,26.9,68.1,69.4,5.2,8.4,0.3,46.6,75.6,2.73,68.15,61.1,CE,Huế,Female
1842,26,19.7,77.3,67.1,5.3,6.4,2.7,53.4,62.7,2.46,61.57,58.08,AI,Cần Thơ,Female
1843,22,28.0,87.4,100.0,6.4,5.6,1.0,48.5,92.5,3.6,90.1,70.48,CE,TP.HCM,Male
1844,28,,82.5,95.9,6.9,6.2,2.1,55.3,61.4,2.39,59.67,58.38,CE,Huế,Male
1845,28,32.5,83.4,85.8,9.1,5.7,4.8,62.2,97.0,3.5,87.41,79.58,SE,Huế,Male
1846,19,31.2,81.8,63.3,5.2,6.3,4.1,58.4,100.0,4.0,100.0,79.2,CE,Huế,Male
1847,25,25.2,76.4,100.0,7.4,6.6,0.0,53.4,67.2,2.83,70.82,60.29,AI,TP.HCM,Female
1848,29,17.8,80.1,78.9,10.5,5.9,1.0,59.9,78.6,3.17,79.23,69.27,AI,Huế,Male
1849,23,19.8,81.9,73.5,7.4,7.0,2.9,55.9,74.8,2.97,74.37,65.31,SE,TP.HCM,Male
1850,25,20.6,85.1,97.1,8.9,5.6,4.2,58.5,81.9,3.31,82.77,70.18,IT,TP.HCM,Male
1851,28,,88.9,79.7,4.4,6.9,1.3,52.4,89.8,3.6,90.06,71.11,CE,Đà Nẵng,Female
1852,22,27.1,83.2,62.5,4.2,6.4,3.1,63.7,78.6,2.79,69.74,71.17,DS,Cần Thơ,Male
1853,27,30.7,74.7,80.6,5.6,6.9,1.8,61.5,88.5,3.37,84.29,75.0,SE,Cần Thơ,Female
1854,19,24.6,71.0,68.3,5.9,7.5,5.1,55.7,77.8,3.15,78.84,66.72,CE,Cần Thơ,Female
1855,23,25.1,100.0,34.9,8.7,6.5,3.4,55.9,73.4,2.79,69.71,64.65,DS,Huế,Male
1856,22,26.1,73.7,66.8,4.2,6.1,2.2,57.4,87.8,3.69,92.19,72.61,CE,Cần Thơ,Male
1857,29,20.9,79.8,72.1,5.8,6.2,0.3,68.4,97.2,3.62,90.47,82.83,DS,Đà Nẵng,Male
1858,30,17.6,90.2,62.7,8.7,8.2,0.9,56.2,84.0,3.83,95.74,70.12,CS,TP.HCM,Female
1859,29,11.0,88.6,88.6,6.5,8.5,0.0,59.3,73.4,3.35,83.77,66.37,CE,Huế,Female
1860,22,19.4,90.2,68.3,6.0,6.4,2.9,39.0,80.2,3.15,78.83,59.6,AI,Huế,Male
1861,30,28.8,80.6,87.2,6.6,6.8,3.5,59.2,83.7,3.05,76.23,71.46,CE,Đà Nẵng,Female
1862,18,19.4,87.4,61.5,3.2,5.0,3.6,58.8,72.9,2.81,70.24,65.86,DS,TP.HCM,Male
1863,19,23.1,85.6,93.6,3.1,6.8,1.6,58.1,88.0,3.76,94.02,73.01,DS,Cần Thơ,Female
1864,25,28.7,81.9,60.9,2.0,5.3,4.4,62.7,91.8,3.6,90.06,77.22,DS,TP.HCM,Female
1865,30,29.2,87.5,44.9,6.5,6.4,4.9,57.1,92.2,3.77,94.17,74.64,CE,TP.HCM,Female
1866,30,16.4,95.6,98.6,8.3,8.3,1.5,60.7,73.6,2.96,73.88,67.16,CS,Hà Nội,Male
1867,20,,84.8,67.2,,5.2,4.3,50.4,78.6,3.26,81.42,64.5,CE,Cần Thơ,Male
1868,27,34.0,84.8,100.0,8.9,5.9,2.7,62.1,88.6,3.64,91.1,75.36,SE,Huế,Female
1869,20,16.0,95.7,88.5,9.6,5.9,1.7,52.3,69.8,2.73,68.35,61.04,DS,Đà Nẵng,Male
1870,25,18.4,94.6,91.9,6.4,5.0,4.3,48.7,60.5,2.71,67.75,54.59,IT,TP.HCM,Male
1871,25,34.5,100.0,95.7,5.8,8.0,0.7,66.1,100.0,4.0,100.0,83.05,CE,Hà Nội,Female
1872,19,23.8,,81.7,9.7,7.3,0.3,38.2,61.3,2.69,67.25,49.8,CS,Huế,Female
1873,25,7.2,94.1,81.9,4.2,9.2,1.9,34.8,48.8,1.9,47.56,41.8,IT,Đà Nẵng,Male
1874,28,13.8,91.0,99.2,3.1,5.8,2.2,58.5,73.2,2.89,72.33,65.84,SE,Cần Thơ,Female
1875,30,23.0,76.1,81.7,5.2,4.9,0.0,55.5,73.1,3.46,86.49,64.3,IT,Huế,Female
1876,30,15.7,87.5,69.1,4.9,8.1,3.2,47.1,58.7,2.34,58.56,52.9,AI,Cần Thơ,Female
1877,18,21.7,95.5,88.8,6.1,6.6,1.3,62.9,75.6,3.27,81.82,69.25,IT,Cần Thơ,Female
1878,23,25.3,76.7,48.3,3.9,6.4,0.5,65.9,91.3,3.36,83.98,78.56,IT,Hà Nội,Female
1879,25,36.7,89.4,99.8,6.9,8.8,3.5,79.5,100.0,4.0,100.0,89.76,IT,TP.HCM,Male
1880,20,22.7,93.7,100.0,4.6,7.2,1.9,41.9,67.2,2.6,65.12,54.53,CS,Cần Thơ,Male
1881,25,33.6,74.3,98.0,9.1,8.1,4.1,71.7,100.0,4.0,100.0,85.85,SE,Hà Nội,Male
1882,29,36.4,83.6,97.4,3.0,6.3,3.2,56.2,91.0,3.5,87.58,73.56,AI,Hà Nội,Male
1883,18,36.5,88.0,78.7,5.7,6.1,2.2,67.8,100.0,3.91,97.86,83.91,SE,Đà Nẵng,Female
1884,28,27.3,77.0,78.4,5.2,6.6,4.1,61.6,85.6,3.54,88.55,73.62,IT,Hà Nội,Female
1885,28,9.3,76.2,61.6,6.6,7.8,3.1,55.5,65.1,2.39,59.86,60.29,IT,Huế,Female
1886,26,28.7,83.6,100.0,8.3,7.1,2.5,62.6,91.1,3.67,91.74,76.84,CE,Cần Thơ,Female
1887,30,33.4,93.0,72.7,6.7,7.6,3.3,66.1,89.1,3.44,86.04,77.57,IT,Hà Nội,Male
1888,28,24.4,91.4,85.1,5.7,3.9,3.3,50.7,100.0,4.0,100.0,75.35,CE,Cần Thơ,Male
1889,30,39.0,76.4,83.8,7.7,4.7,0.9,53.0,90.6,3.61,90.18,71.83,DS,Cần Thơ,Female
1890,26,31.9,91.5,59.9,8.1,4.4,6.0,56.2,99.8,4.0,100.0,77.97,SE,TP.HCM,Male
1891,22,29.5,76.6,53.8,6.7,6.5,2.6,69.2,86.1,3.54,88.38,77.64,AI,Huế,Male
1892,27,33.7,,80.1,7.0,5.3,2.6,60.8,82.4,3.04,75.91,71.64,IT,Hà Nội,Female
1893,21,27.7,81.3,73.2,7.6,9.0,0.0,70.4,100.0,3.82,95.4,85.2,AI,Cần Thơ,Female
1894,28,5.1,96.2,78.7,1.9,7.0,2.7,37.8,71.2,2.76,69.03,54.53,CS,Huế,Male
1895,23,21.0,91.6,96.0,5.1,7.3,2.8,60.4,87.5,3.36,84.03,73.95,DS,TP.HCM,Male
1896,29,34.6,85.0,83.4,6.9,5.7,0.8,64.9,100.0,4.0,100.0,82.47,SE,Đà Nẵng,Female
1897,24,18.5,80.8,91.4,5.3,5.7,0.9,60.7,68.6,2.63,65.83,64.68,SE,TP.HCM,Male
1898,22,23.2,81.1,86.7,5.3,8.9,1.2,52.9,86.0,3.43,85.77,69.43,CE,Hà Nội,Female
1899,28,16.6,86.1,75.3,6.9,9.1,2.1,49.4,78.5,3.26,81.49,63.96,AI,Hà Nội,Male
1900,30,39.3,74.3,65.0,7.0,7.5,2.8,74.7,100.0,4.0,100.0,87.36,IT,Cần Thơ,Male
1901,27,38.5,81.5,84.0,7.2,4.6,2.2,50.4,100.0,3.97,99.27,75.2,DS,Huế,Male
1902,26,17.9,82.8,81.3,4.0,6.5,3.0,49.8,55.4,2.55,63.67,52.58,AI,TP.HCM,Male
1903,20,26.2,71.5,93.7,2.5,7.4,3.5,42.9,74.9,2.91,72.76,58.91,CE,Huế,Female
1904,24,19.6,76.6,77.7,8.0,6.7,3.3,50.9,85.7,3.62,90.62,68.34,CS,Cần Thơ,Male
1905,27,29.9,89.1,75.5,4.1,4.5,3.0,57.7,82.9,3.15,78.71,70.27,AI,Đà Nẵng,Female
1906,27,29.1,85.1,76.6,4.0,9.2,2.9,64.1,97.5,4.0,100.0,80.78,CE,Hà Nội,Female
1907,28,31.5,81.9,66.2,3.7,6.0,2.9,64.4,90.2,3.53,88.35,77.31,IT,Huế,Male
1908,22,27.7,75.9,100.0,8.9,5.4,2.3,55.0,85.2,3.59,89.76,70.09,AI,Hà Nội,Male
1909,24,48.5,100.0,97.1,6.5,7.0,1.5,69.1,100.0,4.0,100.0,84.57,SE,Cần Thơ,Female
1910,19,16.8,76.6,61.8,6.9,8.4,2.4,49.7,88.7,3.67,91.83,69.18,IT,Đà Nẵng,Male
1911,21,11.3,87.5,92.1,7.7,7.6,3.5,56.4,61.0,2.53,63.18,58.72,AI,TP.HCM,Male
1912,19,21.9,80.1,52.3,5.9,5.4,3.5,46.1,74.4,2.88,72.03,60.24,AI,Huế,Male
1913,30,12.5,85.4,94.8,8.5,5.2,3.3,35.9,60.6,2.57,64.23,48.24,AI,Hà Nội,Female
1914,30,13.1,89.6,69.6,3.0,4.4,1.8,34.4,73.1,2.6,65.05,53.73,SE,Đà Nẵng,Male
1915,29,,71.3,85.4,3.3,6.7,2.2,36.9,64.8,3.1,77.52,50.84,SE,Hà Nội,Female
1916,24,17.6,84.9,51.1,3.1,6.4,2.2,50.9,62.0,2.61,65.18,56.43,AI,Hà Nội,Male
1917,19,17.4,96.9,62.0,7.1,7.6,1.6,42.0,69.4,2.88,72.07,55.69,CE,Cần Thơ,Female
1918,30,29.1,100.0,87.0,7.3,6.2,3.8,59.0,77.2,3.18,79.59,68.14,DS,Đà Nẵng,Male
1919,28,21.0,83.7,69.5,4.8,8.2,0.0,56.7,81.4,3.11,77.71,69.08,CS,Cần Thơ,Female
1920,18,23.6,85.4,67.4,5.4,7.8,5.5,39.5,89.9,3.48,86.96,64.73,DS,Cần Thơ,Female
1921,26,32.2,100.0,100.0,9.2,6.1,5.6,71.5,100.0,4.0,100.0,85.76,CE,Huế,Male
1922,18,18.9,96.3,100.0,,7.5,2.6,64.3,87.3,3.4,84.9,75.82,CS,TP.HCM,Male
1923,25,,78.8,94.1,6.7,8.6,3.1,68.0,93.9,3.52,87.97,80.93,AI,TP.HCM,Female
1924,19,27.9,78.8,63.6,4.3,5.8,3.8,68.8,85.2,3.39,84.83,77.03,IT,Cần Thơ,Female
1925,29,9.5,94.6,100.0,8.7,6.7,1.4,64.4,82.9,3.39,84.68,73.65,CE,Cần Thơ,Male
1926,25,5.9,74.9,56.6,7.6,6.7,3.4,42.4,70.2,2.81,70.17,56.32,SE,Hà Nội,Male
1927,30,27.8,95.9,75.4,2.5,6.6,4.5,66.3,80.3,3.42,85.53,73.26,DS,Hà Nội,Female
1928,20,28.9,88.3,80.8,5.3,8.0,0.0,58.1,100.0,4.0,100.0,79.03,SE,Đà Nẵng,Male
1929,23,41.5,90.2,100.0,0.8,8.1,0.3,74.6,100.0,4.0,100.0,87.32,CE,Huế,Female
1930,20,26.3,82.4,93.7,8.3,7.5,3.6,58.1,79.6,3.64,91.11,68.83,SE,Cần Thơ,Male
1931,24,31.6,78.7,73.0,11.1,7.4,2.1,48.0,95.9,3.81,95.28,71.97,SE,Hà Nội,Male
1932,27,23.4,99.6,65.8,0.5,6.3,1.9,46.2,86.2,3.22,80.59,66.2,CS,TP.HCM,Female
1933,26,27.4,82.5,95.0,2.4,7.4,2.0,71.5,89.2,3.34,83.48,80.34,IT,Cần Thơ,Female
1934,19,38.3,80.9,72.0,6.4,5.5,0.8,67.1,100.0,3.99,99.75,83.53,AI,Huế,Female
1935,29,8.0,84.2,83.3,6.0,10.0,1.9,54.3,62.6,2.66,66.59,58.43,DS,Huế,Female
1936,29,28.3,86.9,59.5,5.0,8.6,0.5,55.0,97.8,3.84,96.1,76.43,IT,Cần Thơ,Male
1937,22,42.1,74.7,88.5,1.7,8.1,4.5,61.1,99.3,3.98,99.48,80.21,CE,Hà Nội,Female
1938,30,27.3,79.4,87.3,6.8,7.5,2.7,56.7,89.3,3.47,86.72,73.01,SE,TP.HCM,Male
1939,23,38.2,78.8,61.4,8.2,7.5,2.7,71.4,100.0,3.94,98.41,85.68,CS,Hà Nội,Male
1940,21,20.0,93.5,95.5,13.1,5.0,3.5,64.4,85.4,3.44,85.91,74.9,SE,Cần Thơ,Male
1941,21,24.7,76.1,88.3,9.3,5.5,6.7,56.4,69.3,2.97,74.13,62.82,CS,Hà Nội,Female
1942,21,25.3,67.4,91.1,2.8,5.6,0.9,59.0,83.6,3.53,88.22,71.26,SE,Đà Nẵng,Female
1943,19,7.3,65.3,74.3,6.0,7.1,0.0,39.2,48.6,1.5,37.44,43.89,IT,Đà Nẵng,Female
1944,21,15.7,70.3,82.7,7.5,6.7,2.5,58.2,67.2,2.82,70.59,62.7,DS,Hà Nội,Female
1945,28,16.2,98.6,81.0,4.3,8.0,0.0,63.0,87.4,3.62,90.62,75.19,DS,Đà Nẵng,Male
1946,18,31.6,85.2,77.8,8.0,5.8,2.0,55.6,96.1,3.83,95.67,75.84,CE,Hà Nội,Female
1947,29,32.0,,82.6,7.8,8.2,3.8,65.4,91.1,3.58,89.45,78.24,CS,Đà Nẵng,Male
1948,23,27.6,90.4,98.8,9.1,6.0,4.8,51.8,88.5,3.66,91.5,70.13,SE,Huế,Female
1949,18,31.6,85.6,96.1,8.0,6.5,0.2,67.7,97.6,3.93,98.26,82.62,AI,TP.HCM,Female
1950,27,23.7,84.3,62.3,6.7,8.1,1.1,52.4,75.1,2.96,73.94,63.77,AI,Đà Nẵng,Female
1951,23,34.6,95.4,94.8,4.4,7.6,3.0,59.3,93.1,4.0,100.0,76.21,SE,TP.HCM,Female
1952,18,25.1,86.5,97.9,2.8,5.5,3.6,41.5,72.7,3.01,75.3,57.11,CE,Huế,Female
1953,23,25.5,99.0,77.7,6.5,8.3,3.7,67.1,93.3,3.63,90.67,80.2,DS,TP.HCM,Female
1954,27,22.9,91.2,87.6,5.0,7.1,4.7,57.3,81.6,3.41,85.32,69.44,DS,Hà Nội,Female
1955,25,30.5,78.8,87.4,5.2,4.4,3.6,61.6,92.4,3.78,94.58,76.98,DS,Huế,Male
1956,28,21.6,80.0,67.3,8.8,6.0,2.3,59.5,73.9,3.03,75.76,66.66,SE,Huế,Female
1957,19,32.8,77.7,74.3,9.4,6.5,4.1,55.6,89.0,3.73,93.36,72.29,SE,Cần Thơ,Male
1958,19,15.9,97.2,91.3,2.9,5.6,2.6,44.6,73.0,2.82,70.62,58.82,DS,Hà Nội,Male
1959,30,16.2,80.9,72.6,5.5,8.6,2.9,53.4,75.2,3.06,76.54,64.32,SE,Hà Nội,Female
1960,29,30.5,77.0,94.6,4.9,6.6,1.8,68.1,100.0,3.83,95.77,84.06,DS,Đà Nẵng,Male
1961,21,24.3,88.2,99.6,6.8,7.6,2.7,60.4,95.1,3.97,99.16,77.78,SE,TP.HCM,Female
1962,28,21.4,84.0,97.2,0.3,7.2,0.1,65.7,84.4,3.38,84.45,75.01,SE,TP.HCM,Male
1963,20,32.1,87.9,100.0,2.3,7.8,4.1,66.5,84.3,3.21,80.29,75.43,IT,Đà Nẵng,Male
1964,21,20.1,100.0,78.6,5.7,9.0,1.0,58.9,81.3,3.24,81.08,70.13,SE,TP.HCM,Male
1965,30,23.4,94.1,82.7,8.0,7.8,1.2,62.8,96.1,3.89,97.3,79.48,IT,Đà Nẵng,Male
1966,29,36.2,85.3,84.8,6.2,9.1,0.0,63.2,100.0,4.0,100.0,81.6,SE,Huế,Female
1967,24,37.3,70.9,79.1,7.7,7.8,1.3,54.3,83.6,3.59,89.7,68.95,CE,Huế,Female
1968,30,37.6,80.0,88.1,,7.2,1.1,65.3,99.5,4.0,100.0,82.42,AI,Đà Nẵng,Female
1969,28,22.7,92.1,54.3,9.2,7.4,2.8,61.2,82.5,3.41,85.22,71.88,SE,Cần Thơ,Female
1970,18,34.8,73.3,83.1,9.7,3.8,0.6,55.7,100.0,4.0,100.0,77.84,AI,Hà Nội,Male
1971,23,17.4,100.0,59.3,4.1,6.5,1.8,42.5,70.9,2.79,69.63,56.73,CE,Huế,Female
1972,20,17.7,85.1,65.6,8.2,6.8,1.5,45.6,76.2,2.83,70.73,60.91,SE,Hà Nội,Male
1973,28,6.2,85.5,91.0,7.3,7.5,0.0,52.5,69.0,2.63,65.64,60.72,IT,Cần Thơ,Female
1974,27,38.4,78.3,77.0,12.3,7.0,2.9,69.3,92.7,3.72,92.9,80.96,SE,Huế,Male
1975,24,18.1,,90.5,4.0,7.4,2.2,51.1,70.7,2.79,69.71,60.92,CS,Hà Nội,Male
1976,27,24.0,73.4,76.7,5.7,5.4,2.6,46.7,72.9,2.87,71.7,59.84,CS,Đà Nẵng,Male
1977,19,17.7,100.0,96.6,,5.1,3.7,55.4,81.6,3.32,82.97,68.48,CS,Đà Nẵng,Female
1978,19,30.6,98.2,76.4,3.6,5.6,2.5,64.0,93.2,3.93,98.13,78.6,AI,Huế,Male
1979,30,22.0,94.8,50.7,7.0,8.9,2.0,59.1,74.7,3.04,76.11,66.92,AI,TP.HCM,Female
1980,21,14.6,71.1,83.4,6.5,5.5,3.9,65.4,64.3,2.47,61.85,64.82,CE,Cần Thơ,Female
1981,18,28.5,87.1,47.5,7.4,6.1,2.0,63.2,99.7,3.74,93.61,81.42,CE,Cần Thơ,Male
1982,20,13.5,97.1,58.2,7.3,7.1,1.7,44.5,87.9,3.48,87.09,66.19,DS,Huế,Male
1983,30,18.3,90.9,66.8,5.4,5.1,3.5,42.0,75.6,2.61,65.37,58.78,IT,TP.HCM,Female
1984,26,8.1,75.0,64.9,5.4,6.0,1.3,38.2,64.9,2.82,70.4,51.55,SE,Cần Thơ,Male
1985,24,13.6,78.5,71.8,3.6,7.8,4.3,43.6,67.5,2.72,67.98,55.53,CE,TP.HCM,Female
1986,24,26.4,80.5,64.4,4.2,6.5,2.7,63.1,93.2,4.0,100.0,78.17,CS,TP.HCM,Female
1987,30,9.3,79.0,58.9,5.9,9.0,4.9,39.2,64.0,2.83,70.73,51.61,AI,Huế,Female
1988,30,13.2,100.0,100.0,6.5,5.0,2.4,42.4,76.1,3.16,78.89,59.28,SE,Hà Nội,Female
1989,28,25.0,65.8,69.8,7.8,6.6,3.9,57.6,81.9,3.18,79.44,69.79,CE,Cần Thơ,Female
1990,21,20.7,91.6,46.5,7.5,6.5,0.0,49.6,81.1,3.17,79.29,65.36,CE,TP.HCM,Female
1991,19,40.9,72.1,74.6,9.9,7.0,4.4,70.8,100.0,4.0,100.0,85.42,SE,Đà Nẵng,Male
1992,21,39.7,75.4,63.1,3.6,5.5,3.5,59.7,100.0,4.0,100.0,79.86,IT,Cần Thơ,Female
1993,23,18.1,64.9,66.7,5.4,6.3,1.5,44.7,69.3,2.51,62.68,57.0,CE,Huế,Male
1994,28,29.5,79.5,90.7,3.8,7.9,3.8,54.7,79.7,3.12,78.05,67.19,AI,Cần Thơ,Female
1995,28,31.0,100.0,73.3,9.2,6.7,0.6,66.3,100.0,4.0,100.0,83.17,CS,Huế,Female
1996,20,20.2,87.6,62.7,4.7,5.7,1.8,52.2,86.8,3.69,92.35,69.53,DS,Cần Thơ,Female
1997,18,13.0,73.0,86.7,8.9,9.5,1.2,36.6,62.1,2.56,64.09,49.31,CE,Đà Nẵng,Male
1998,29,24.9,95.2,97.2,9.6,7.1,3.9,48.2,93.5,4.0,100.0,70.81,CS,Hà Nội,Male
1999,25,23.6,97.3,88.1,7.0,7.7,4.4,54.9,91.7,3.42,85.44,73.3,CE,Huế,Female
2000,29,21.5,86.0,43.2,6.7,7.9,1.8,43.4,72.8,2.79,69.81,58.1,SE,Cần Thơ,Male
2001,30,28.5,100.0,63.3,6.1,6.9,0.6,58.3,80.0,3.18,79.47,69.15,AI,Huế,Male
2002,22,19.0,93.2,80.7,5.2,6.1,1.0,55.2,65.8,2.53,63.31,60.48,CS,Đà Nẵng,Female
2003,22,15.8,91.8,76.3,,7.2,2.6,41.7,80.9,3.39,84.66,61.33,DS,TP.HCM,Female
2004,28,25.9,77.0,75.1,,6.2,2.5,62.3,85.5,3.58,89.49,73.9,IT,Cần Thơ,Male
2005,21,28.1,91.3,65.3,10.6,7.4,2.0,70.1,92.8,3.81,95.32,81.45,AI,TP.HCM,Male
2006,23,15.6,87.2,58.9,3.4,6.8,1.3,57.9,70.8,2.63,65.7,64.35,CS,Huế,Male
2007,20,32.4,90.2,100.0,6.5,8.2,4.9,67.9,98.9,4.0,100.0,83.38,SE,Hà Nội,Female
2008,26,10.8,78.2,80.4,7.8,5.6,1.6,48.0,71.4,2.92,73.11,59.72,SE,Hà Nội,Female
2009,22,20.4,86.3,89.6,5.3,7.9,1.3,55.0,73.4,2.62,65.47,64.23,AI,Hà Nội,Male
2010,20,22.9,76.8,80.1,7.0,7.7,4.2,56.5,80.4,2.97,74.35,68.44,IT,Huế,Male
2011,28,19.9,63.5,80.7,2.2,6.7,2.1,44.9,89.6,3.43,85.77,67.25,AI,Cần Thơ,Female
2012,18,20.5,95.0,79.1,9.3,7.9,3.3,54.4,96.3,4.0,100.0,75.37,DS,Đà Nẵng,Female
2013,27,40.0,70.0,63.2,8.8,7.5,1.2,66.6,83.4,3.16,79.02,74.98,CS,Hà Nội,Female
2014,29,18.2,86.1,57.3,5.8,7.8,3.3,56.4,62.9,2.3,57.58,59.62,CE,Cần Thơ,Female
2015,23,44.5,88.3,85.8,3.8,7.7,3.6,59.7,100.0,4.0,100.0,79.86,CE,Đà Nẵng,Female
2016,19,28.5,88.3,82.8,8.0,7.1,0.8,61.2,99.2,4.0,100.0,80.21,IT,Đà Nẵng,Female
2017,30,25.7,82.2,94.1,3.1,6.3,1.7,64.6,88.7,3.44,85.91,76.65,IT,TP.HCM,Female
2018,20,28.8,87.7,91.0,3.5,6.3,1.1,55.2,94.0,3.86,96.53,74.62,AI,Đà Nẵng,Male
2019,18,45.2,89.7,67.9,5.9,6.7,1.7,71.6,100.0,3.95,98.74,85.78,SE,Cần Thơ,Female
2020,26,17.1,92.3,97.0,9.8,8.0,4.9,37.7,64.7,2.71,67.83,51.2,IT,Đà Nẵng,Female
2021,25,16.0,100.0,91.5,7.6,7.8,2.9,52.5,83.6,3.28,82.1,68.08,CS,Huế,Male
2022,29,19.0,87.3,90.4,4.4,8.2,5.4,41.2,71.1,2.95,73.77,56.14,DS,TP.HCM,Male
2023,19,25.3,,100.0,1.8,8.3,4.7,52.6,90.0,3.61,90.15,71.33,CS,Đà Nẵng,Female
2024,29,11.2,75.9,100.0,,6.7,4.2,44.4,57.2,2.17,54.26,50.82,IT,Đà Nẵng,Male
2025,28,25.2,89.4,90.3,6.6,9.4,4.7,52.7,89.9,3.78,94.55,71.32,DS,Hà Nội,Female
2026,25,38.5,91.7,88.5,5.8,6.9,4.2,66.4,100.0,4.0,100.0,83.22,SE,TP.HCM,Female
2027,29,26.2,83.1,96.2,10.5,6.4,5.1,59.9,75.5,3.22,80.44,67.72,AI,Đà Nẵng,Male
2028,26,22.7,90.4,71.2,5.7,7.4,3.3,55.3,95.0,3.9,97.53,75.12,AI,Hà Nội,Female
2029,18,20.1,,71.5,0.3,7.6,3.5,53.4,65.7,2.62,65.52,59.57,DS,TP.HCM,Female
2030,30,32.2,91.7,90.1,5.0,6.1,3.5,48.9,100.0,4.0,100.0,74.44,AI,Huế,Male
2031,22,18.4,94.1,67.2,7.1,6.8,1.8,51.7,82.3,3.34,83.53,66.99,CS,Đà Nẵng,Male
2032,25,39.8,94.0,88.9,7.0,6.5,3.8,52.3,100.0,4.0,100.0,76.14,CE,Hà Nội,Female
2033,28,40.5,86.2,82.4,5.6,7.2,4.4,65.3,100.0,3.94,98.53,82.65,DS,Cần Thơ,Female
2034,19,,74.6,67.2,5.1,8.0,1.6,70.3,86.8,3.38,84.53,78.56,DS,Huế,Female
2035,21,24.9,78.9,80.4,1.0,6.7,1.2,62.5,85.7,3.47,86.68,74.14,IT,Đà Nẵng,Male
2036,24,33.2,91.0,99.6,6.2,7.7,1.7,52.9,84.2,3.19,79.72,68.53,CS,TP.HCM,Female
2037,20,33.8,100.0,81.2,5.2,5.3,4.5,61.2,100.0,4.0,100.0,80.62,IT,TP.HCM,Female
2038,30,18.6,81.6,81.3,6.6,8.1,2.1,49.8,71.3,2.89,72.34,60.57,CE,Hà Nội,Male
2039,29,20.8,89.6,84.9,7.2,6.5,0.8,57.8,65.7,2.42,60.52,61.74,CE,TP.HCM,Female
2040,22,14.4,,86.9,9.1,6.4,0.9,54.1,86.2,3.7,92.61,70.13,CE,Đà Nẵng,Female
2041,25,28.3,75.3,75.0,3.6,7.5,1.1,69.7,93.3,4.0,100.0,81.53,DS,Hà Nội,Female
2042,29,30.3,78.2,85.3,2.8,7.5,1.4,52.3,89.9,3.87,96.79,71.14,CS,Cần Thơ,Male
2043,27,14.2,64.2,64.3,4.6,6.9,0.4,46.9,58.0,2.29,57.14,52.45,DS,Hà Nội,Female
2044,20,21.4,98.5,68.0,4.2,5.9,3.4,42.6,81.7,3.3,82.62,62.15,CE,Đà Nẵng,Male
2045,21,14.2,62.7,69.9,3.9,6.4,2.2,48.1,68.9,2.69,67.24,58.54,SE,Đà Nẵng,Male
2046,26,17.8,82.4,87.0,9.6,7.1,3.3,54.4,63.4,2.69,67.16,58.92,AI,TP.HCM,Male
2047,24,29.4,73.2,82.4,6.4,7.6,0.0,58.2,92.4,3.66,91.58,75.3,IT,Huế,Male
2048,18,19.1,76.2,78.0,10.9,6.0,4.1,55.7,66.5,2.7,67.56,61.06,SE,Hà Nội,Male
2049,29,22.6,98.8,90.4,6.0,6.2,2.4,50.3,73.6,3.02,75.45,61.95,CS,Hà Nội,Female
2050,21,12.0,87.0,85.7,3.1,7.3,3.3,37.1,56.1,2.03,50.67,46.63,DS,Huế,Male
2051,21,26.5,75.3,75.7,,6.9,4.8,49.0,96.7,3.86,96.59,72.89,AI,Huế,Female
2052,26,24.6,79.1,64.5,8.6,7.2,3.1,58.1,89.4,3.76,94.06,73.78,CS,TP.HCM,Female
2053,23,19.2,77.3,67.7,3.2,3.9,5.7,60.8,76.8,3.84,95.92,68.79,CS,Đà Nẵng,Male
2054,26,23.5,84.6,58.0,7.4,6.6,0.0,48.9,94.4,3.42,85.55,71.62,CS,Cần Thơ,Female
2055,29,26.4,86.7,82.1,5.1,8.0,2.0,52.7,78.2,3.0,75.04,65.46,CE,Cần Thơ,Male
2056,23,18.5,100.0,67.1,3.7,6.3,0.0,54.7,74.0,2.84,71.03,64.37,AI,Cần Thơ,Male
2057,23,13.2,65.8,72.6,9.5,7.6,3.0,70.6,64.3,2.32,58.08,67.45,AI,Đà Nẵng,Female
2058,22,39.4,84.7,78.1,4.5,5.5,2.6,63.9,100.0,4.0,100.0,81.96,CS,Huế,Female
2059,22,19.9,81.8,95.7,3.9,5.1,0.9,59.5,87.0,3.47,86.78,73.21,CE,Đà Nẵng,Female
2060,19,24.2,94.5,93.9,5.8,7.5,5.8,56.0,79.1,3.13,78.33,67.57,CS,Huế,Male
2061,25,33.1,88.5,79.2,4.7,6.9,2.0,59.0,90.5,3.74,93.62,74.75,IT,Cần Thơ,Female
2062,25,53.2,90.9,99.0,11.5,6.6,0.0,68.6,100.0,3.88,97.09,84.29,IT,Hà Nội,Male
2063,28,15.0,88.5,49.8,8.7,8.0,3.5,47.3,61.9,2.62,65.56,54.57,AI,Hà Nội,Female
2064,30,28.6,75.7,100.0,4.5,6.6,3.5,64.2,87.3,3.38,84.47,75.76,AI,Hà Nội,Male
2065,18,19.3,97.1,90.4,4.8,6.2,1.8,47.5,70.9,3.12,77.9,59.25,IT,Hà Nội,Female
2066,25,20.7,93.0,81.5,1.0,6.1,3.7,55.2,81.1,3.27,81.77,68.13,AI,Hà Nội,Female
2067,22,19.2,94.2,66.6,6.3,5.9,1.1,47.1,84.5,3.66,91.43,65.81,SE,Đà Nẵng,Male
2068,19,16.0,97.6,73.4,4.1,7.6,1.9,48.5,89.7,3.71,92.77,69.09,CS,TP.HCM,Female
2069,19,24.7,89.2,89.1,,6.6,3.1,45.5,68.6,2.28,56.99,57.08,CS,Huế,Female
2070,23,13.2,99.8,89.5,1.1,8.4,3.9,67.3,85.0,3.16,78.95,76.13,SE,Cần Thơ,Male
2071,28,32.6,,90.0,5.9,3.5,2.2,65.0,100.0,4.0,100.0,82.52,IT,Hà Nội,Male
2072,30,25.4,82.8,69.1,10.2,8.1,1.8,54.1,82.1,3.22,80.51,68.06,IT,Cần Thơ,Male
2073,26,28.4,84.9,66.1,6.1,7.4,2.4,68.7,88.7,3.2,79.88,78.71,SE,Hà Nội,Female
2074,18,21.3,84.8,82.9,4.1,6.9,0.0,53.0,75.3,2.91,72.83,64.13,SE,Huế,Male
2075,29,22.1,79.8,91.5,5.9,5.5,2.1,57.0,65.5,2.55,63.79,61.25,AI,TP.HCM,Male
2076,23,27.3,100.0,80.0,5.8,5.0,0.0,72.2,100.0,4.0,100.0,86.1,DS,Hà Nội,Male
2077,26,15.7,88.0,100.0,11.5,7.9,1.2,61.0,71.6,2.7,67.45,66.29,IT,Huế,Female
2078,25,22.1,85.9,80.5,5.2,7.3,0.4,45.9,65.0,2.58,64.52,55.48,IT,TP.HCM,Female
2079,28,18.1,88.9,80.0,3.0,7.3,3.3,52.0,79.0,3.38,84.54,65.51,IT,Huế,Female
2080,23,17.9,100.0,90.1,6.1,6.9,1.4,63.0,86.9,3.39,84.65,74.96,SE,Huế,Female
2081,20,8.1,73.7,98.3,6.5,8.0,4.4,34.0,60.1,2.24,55.94,47.08,IT,Cần Thơ,Female
2082,25,35.7,76.5,59.8,7.4,6.3,0.0,61.3,100.0,4.0,100.0,80.67,IT,Hà Nội,Male
2083,26,19.5,71.2,63.2,7.9,6.6,2.1,48.1,71.7,3.03,75.71,59.92,CE,Đà Nẵng,Female
2084,18,34.3,82.7,75.3,10.9,6.8,2.6,66.9,96.1,3.83,95.82,81.5,AI,Đà Nẵng,Male
2085,29,33.6,87.5,100.0,4.5,6.7,3.2,69.3,96.8,4.0,99.94,83.03,SE,Hà Nội,Male
2086,26,,80.3,76.1,4.3,8.6,5.7,56.7,68.9,2.65,66.27,62.8,SE,Huế,Female
2087,23,16.3,79.6,78.2,1.4,5.5,0.0,49.8,65.8,2.24,55.99,57.8,AI,Hà Nội,Female
2088,23,45.5,86.4,89.3,,4.7,1.4,64.3,100.0,4.0,100.0,82.14,DS,Hà Nội,Male
2089,29,39.0,80.0,94.7,3.8,5.3,5.5,63.6,94.9,3.6,89.91,79.26,SE,TP.HCM,Male
2090,21,24.7,88.1,82.5,8.2,7.8,1.1,48.8,74.5,2.86,71.55,61.69,AI,TP.HCM,Male
2091,18,27.1,96.1,97.5,4.8,6.9,3.2,54.6,100.0,4.0,100.0,77.3,CS,Hà Nội,Female
2092,27,20.0,91.8,62.1,10.3,5.1,1.1,59.0,93.9,3.95,98.72,76.45,AI,Cần Thơ,Male
2093,25,28.5,93.8,68.5,2.4,7.1,0.4,49.7,74.3,2.96,73.89,61.97,CS,Cần Thơ,Female
2094,19,19.3,95.9,97.4,8.6,6.6,1.3,49.7,82.0,3.18,79.48,65.83,DS,TP.HCM,Male
2095,29,8.7,87.8,80.2,8.3,7.7,5.5,51.4,64.4,2.87,71.8,57.89,AI,Huế,Female
2096,18,14.4,,61.1,7.3,8.0,0.8,53.5,73.2,2.87,71.7,63.34,SE,TP.HCM,Female
2097,19,25.2,77.3,60.2,3.2,10.0,2.1,49.5,68.4,2.69,67.16,58.94,SE,Cần Thơ,Male
2098,18,16.0,81.1,67.8,7.3,5.6,2.1,42.4,53.4,1.82,45.54,47.89,CS,Đà Nẵng,Male
2099,18,24.5,,80.0,6.3,4.8,3.9,67.1,86.1,3.47,86.67,76.61,AI,Cần Thơ,Male
2100,26,16.4,92.3,87.0,1.4,7.7,4.2,54.0,73.1,3.21,80.35,63.53,DS,Hà Nội,Male
2101,30,18.7,88.5,75.1,9.9,8.2,2.7,46.2,70.5,2.53,63.19,58.34,IT,Hà Nội,Male
2102,18,31.8,92.0,85.8,5.1,5.5,0.0,62.4,95.9,3.69,92.34,79.12,AI,Huế,Female
2103,30,27.0,73.4,73.4,9.7,5.5,1.2,64.4,91.9,3.67,91.72,78.15,AI,Đà Nẵng,Male
2104,21,24.9,99.3,98.4,5.8,7.4,0.7,51.9,94.8,3.9,97.5,73.34,IT,Hà Nội,Male
2105,27,32.0,80.7,100.0,8.5,9.1,4.2,54.3,82.0,3.34,83.55,68.16,DS,Cần Thơ,Male
2106,23,28.8,74.0,74.1,3.9,5.9,1.1,59.4,80.2,3.22,80.45,69.82,AI,Đà Nẵng,Male
2107,24,36.6,80.6,87.2,6.5,7.1,5.0,54.4,95.9,3.7,92.55,75.12,IT,Hà Nội,Female
2108,19,21.3,100.0,86.0,6.4,4.7,3.1,50.9,92.7,3.98,99.52,71.81,IT,Đà Nẵng,Female
2109,23,21.6,81.1,82.1,5.2,6.8,4.2,50.1,75.1,2.58,64.57,62.6,IT,TP.HCM,Male
2110,24,14.6,81.7,89.8,3.8,6.9,5.9,28.3,61.3,2.68,66.97,44.78,DS,Đà Nẵng,Female
2111,27,21.6,83.1,87.2,0.0,8.8,1.1,54.3,69.1,3.17,79.24,61.69,AI,Đà Nẵng,Male
2112,27,32.7,83.5,72.9,3.9,6.2,0.1,66.7,80.1,3.35,83.83,73.39,CE,Cần Thơ,Male
2113,19,35.4,77.2,99.7,,7.8,2.8,77.8,100.0,3.88,97.05,88.88,DS,Cần Thơ,Female
2114,19,32.7,86.4,83.0,2.5,6.1,3.9,67.0,99.7,4.0,100.0,83.33,DS,Hà Nội,Male
2115,27,10.6,95.8,74.2,3.0,7.1,1.5,39.7,57.7,2.08,51.9,48.68,SE,TP.HCM,Male
2116,24,33.7,88.1,100.0,2.4,9.5,2.6,60.1,79.6,2.99,74.82,69.84,AI,TP.HCM,Female
2117,29,10.3,73.9,78.3,6.5,9.2,4.3,57.8,76.9,3.18,79.56,67.31,SE,Đà Nẵng,Male
2118,18,32.2,81.6,83.8,3.8,9.4,4.2,64.8,87.0,3.6,89.89,75.88,AI,Đà Nẵng,Female
2119,25,22.1,79.5,82.6,9.1,7.5,1.6,61.3,74.6,3.06,76.43,67.96,CS,TP.HCM,Male
2120,28,30.6,85.5,78.1,7.8,6.7,2.9,56.5,85.3,3.17,79.36,70.91,AI,Hà Nội,Female
2121,30,14.3,98.3,86.7,6.5,7.3,1.1,48.9,75.6,3.49,87.34,62.23,AI,Đà Nẵng,Male
2122,20,34.4,83.5,67.3,6.8,7.6,0.3,62.8,100.0,4.0,100.0,81.39,IT,Huế,Male
2123,28,13.3,84.1,88.9,4.1,7.5,4.5,54.5,67.9,2.69,67.29,61.18,AI,Cần Thơ,Male
2124,23,19.7,100.0,53.6,4.1,6.1,0.0,51.5,73.8,2.97,74.26,62.68,DS,Cần Thơ,Male
2125,26,17.0,93.8,60.5,7.8,6.1,2.8,56.3,96.9,3.76,93.88,76.64,DS,TP.HCM,Male
2126,23,11.0,90.7,100.0,8.3,6.3,1.9,46.8,63.5,2.37,59.19,55.17,CE,Cần Thơ,Male
2127,26,25.8,100.0,61.2,7.8,8.3,3.3,50.2,87.5,3.99,99.87,68.86,IT,Hà Nội,Male
2128,24,39.4,89.9,50.6,4.8,8.4,1.5,68.0,95.1,3.64,90.89,81.59,IT,Cần Thơ,Female
2129,26,46.3,65.1,61.5,5.0,10.0,4.2,77.8,100.0,3.87,96.69,88.9,AI,Hà Nội,Male
2130,19,25.8,93.3,100.0,3.7,7.5,2.2,58.4,97.8,3.85,96.14,78.08,DS,TP.HCM,Male
2131,29,33.9,69.1,53.1,7.9,6.1,4.7,58.3,83.1,3.18,79.55,70.73,AI,Hà Nội,Male
2132,25,26.9,89.5,65.7,1.1,6.4,2.8,69.2,78.5,3.14,78.59,73.89,IT,TP.HCM,Female
2133,25,29.0,,58.1,0.5,6.8,0.9,59.8,82.9,3.23,80.72,71.35,SE,Hà Nội,Male
2134,19,22.3,80.3,75.9,1.0,8.8,3.3,43.4,90.1,3.58,89.48,66.75,CE,Huế,Female
2135,29,,81.4,73.5,0.6,7.9,3.1,55.0,79.5,3.12,77.94,67.25,SE,TP.HCM,Male
2136,21,29.3,,72.8,9.4,5.4,2.3,60.6,100.0,3.95,98.84,80.29,DS,TP.HCM,Male
2137,28,20.4,81.5,100.0,8.0,6.9,1.4,54.3,73.7,2.64,65.98,63.97,SE,Đà Nẵng,Female
2138,24,24.4,95.3,62.0,3.0,5.2,3.8,61.4,74.2,2.91,72.69,67.83,CE,Hà Nội,Female
2139,28,24.5,77.9,78.5,5.7,7.7,1.1,53.9,77.5,3.08,76.88,65.68,AI,TP.HCM,Male
2140,21,31.6,90.5,85.1,9.7,6.2,1.2,60.7,80.9,3.18,79.49,70.77,SE,Hà Nội,Female
2141,21,16.5,75.3,65.3,7.3,6.3,3.3,48.8,63.5,2.49,62.18,56.12,CS,TP.HCM,Female
2142,23,24.6,83.1,87.3,11.3,4.7,2.2,61.9,89.1,3.75,93.73,75.5,AI,Hà Nội,Female
2143,27,40.3,88.2,74.0,5.7,7.9,0.0,63.3,100.0,3.9,97.44,81.66,AI,TP.HCM,Female
2144,23,34.3,75.0,85.6,4.4,8.5,1.1,61.4,100.0,4.0,100.0,80.72,CS,Huế,Male
2145,27,35.8,71.9,78.4,3.3,6.2,3.1,64.5,91.5,4.0,100.0,78.0,DS,Đà Nẵng,Male
2146,20,25.2,89.9,49.2,6.1,6.8,2.1,53.3,73.5,2.81,70.22,63.41,DS,Đà Nẵng,Female
2147,26,27.6,96.2,99.6,8.3,6.4,2.3,63.6,95.1,3.88,96.98,79.34,AI,Cần Thơ,Female
2148,29,33.0,84.2,100.0,6.2,6.7,2.9,65.0,95.5,3.87,96.74,80.27,DS,Huế,Female
2149,27,37.5,80.4,77.3,5.1,6.0,3.2,49.7,94.1,3.77,94.34,71.87,CE,Hà Nội,Male
2150,28,9.4,86.6,66.5,9.1,5.7,2.7,45.3,53.4,1.81,45.33,49.35,AI,Huế,Male
2151,19,14.5,85.6,100.0,7.3,8.6,0.0,59.3,77.5,3.28,81.9,68.39,AI,Hà Nội,Male
2152,23,35.5,87.4,100.0,5.7,3.8,2.4,75.9,100.0,3.92,98.12,87.97,IT,TP.HCM,Male
2153,29,22.8,59.7,77.5,4.1,7.6,1.7,56.2,64.4,2.81,70.23,60.29,SE,Đà Nẵng,Male
2154,24,19.6,,76.7,5.4,7.3,2.5,60.4,62.0,2.48,61.91,61.19,CE,Cần Thơ,Female
2155,29,15.0,76.5,78.8,7.2,9.0,4.1,46.6,54.5,2.41,60.14,50.51,CE,Huế,Female
2156,30,20.6,86.5,54.9,,6.7,0.9,57.7,81.1,3.35,83.7,69.4,SE,Đà Nẵng,Male
2157,26,13.8,86.9,75.6,2.9,6.6,2.6,49.6,57.4,2.45,61.23,53.5,CS,Huế,Male
2158,30,41.7,91.4,100.0,4.8,6.0,3.2,75.0,100.0,4.0,100.0,87.51,AI,Đà Nẵng,Male
2159,20,,87.6,77.5,5.9,7.4,2.0,70.6,94.1,3.73,93.36,82.32,SE,Đà Nẵng,Male
2160,27,24.5,72.0,64.4,9.4,6.2,0.5,61.7,86.1,3.37,84.24,73.89,DS,Đà Nẵng,Female
2161,20,29.7,99.5,87.5,3.1,5.6,0.7,59.6,100.0,4.0,100.0,79.82,DS,Huế,Male
2162,24,,97.7,70.0,6.6,6.1,2.4,76.0,90.0,3.74,93.53,83.04,SE,Hà Nội,Male
2163,21,32.6,72.4,79.0,5.3,5.9,1.6,62.1,78.3,3.13,78.24,70.21,CE,Cần Thơ,Male
2164,30,33.6,88.3,61.0,5.4,5.8,0.0,68.3,100.0,4.0,100.0,84.16,CE,Đà Nẵng,Female
2165,25,20.0,79.0,64.5,9.8,7.1,1.3,50.1,79.6,3.03,75.86,64.8,CE,Huế,Male
2166,30,22.6,86.4,91.1,6.2,6.8,0.5,60.5,94.0,3.81,95.27,77.22,AI,Hà Nội,Female
2167,24,31.2,95.5,81.7,3.7,7.7,3.6,65.7,81.8,3.5,87.51,73.74,DS,Đà Nẵng,Male
2168,22,20.8,100.0,68.4,8.2,7.2,0.3,64.1,77.5,3.15,78.8,70.8,SE,Hà Nội,Male
2169,24,,92.5,81.8,8.0,5.6,4.6,53.8,93.2,3.7,92.62,73.5,CE,Hà Nội,Female
2170,20,28.2,87.9,70.9,3.5,4.5,5.7,66.5,90.9,3.82,95.46,78.69,CS,TP.HCM,Male
2171,29,31.3,81.6,68.2,3.0,5.7,1.4,42.4,96.0,4.0,100.0,69.18,IT,TP.HCM,Male
2172,19,,86.8,97.5,7.0,7.9,1.6,41.5,60.7,2.55,63.67,51.09,SE,Cần Thơ,Male
2173,23,30.7,98.6,91.7,,7.9,3.9,52.7,91.6,3.35,83.69,72.17,SE,Huế,Male
2174,19,23.1,84.6,79.7,4.8,8.2,4.1,57.6,100.0,3.85,96.16,78.78,AI,Hà Nội,Male
2175,20,30.7,76.1,82.2,8.6,8.0,1.8,66.6,84.4,3.58,89.47,75.5,CE,Hà Nội,Male
2176,23,31.2,68.8,79.9,4.5,8.3,1.8,58.7,93.8,3.66,91.44,76.24,SE,Huế,Female
2177,22,37.9,90.1,87.3,7.1,7.5,1.9,77.1,96.4,3.87,96.87,86.76,SE,Đà Nẵng,Female
2178,25,35.8,87.5,68.0,8.9,9.2,1.2,59.2,92.0,3.58,89.47,75.61,DS,Huế,Male
2179,26,35.8,78.5,92.9,5.2,7.4,3.9,53.1,98.9,4.0,100.0,76.0,IT,Cần Thơ,Female
2180,28,36.5,95.3,85.3,1.4,9.4,2.7,72.1,95.5,3.93,98.14,83.81,DS,Cần Thơ,Female
2181,20,27.3,80.8,76.1,5.0,6.2,1.4,66.4,97.4,3.77,94.28,81.92,CS,Cần Thơ,Female
2182,29,25.3,83.7,72.7,6.5,6.2,2.6,57.3,83.2,3.5,87.54,70.26,CS,Huế,Female
2183,27,32.0,84.8,92.6,8.5,6.8,1.9,75.4,92.4,3.88,96.97,83.89,DS,Huế,Male
2184,20,30.9,81.5,77.7,4.7,7.0,6.3,64.2,91.3,3.77,94.33,77.75,SE,TP.HCM,Female
2185,20,22.5,87.4,69.5,10.3,6.6,2.1,58.0,78.9,3.2,80.07,68.42,CE,Đà Nẵng,Male
2186,30,28.2,96.5,74.2,2.8,7.6,3.6,57.4,86.2,4.0,100.0,71.82,SE,TP.HCM,Male
2187,30,24.7,73.6,91.5,,6.9,3.2,44.8,72.3,2.61,65.23,58.54,CS,Cần Thơ,Female
2188,23,18.2,89.9,55.8,5.4,6.3,2.3,50.1,65.2,2.55,63.75,57.64,AI,Huế,Female
2189,18,35.3,86.7,74.7,9.4,6.5,3.2,76.4,90.4,3.62,90.41,83.36,CS,Cần Thơ,Female
2190,24,25.4,86.5,96.1,2.3,8.5,2.8,58.5,69.5,3.03,75.85,63.99,CS,Huế,Male
2191,29,41.4,93.7,77.5,7.1,7.4,6.2,67.2,100.0,3.95,98.71,83.58,CS,TP.HCM,Male
2192,18,12.0,85.5,84.1,5.4,5.0,2.4,40.0,67.6,2.93,73.36,53.82,DS,Đà Nẵng,Female
2193,22,20.5,89.8,96.3,9.8,8.8,0.0,57.9,76.4,2.94,73.55,67.14,AI,Đà Nẵng,Female
2194,27,25.3,92.2,93.4,3.9,7.5,5.8,49.3,82.4,3.39,84.77,65.86,CE,Đà Nẵng,Female
2195,30,34.1,80.0,73.4,7.0,7.8,1.7,65.2,100.0,4.0,100.0,82.62,DS,TP.HCM,Male
2196,25,28.2,88.0,78.0,3.9,8.1,2.6,55.9,84.0,3.24,80.99,69.93,DS,TP.HCM,Female
2197,21,27.5,82.5,93.6,,8.2,1.7,56.0,84.8,3.55,88.71,70.39,DS,Huế,Male
2198,22,16.0,83.7,94.1,5.1,5.9,1.6,54.4,89.5,3.87,96.74,71.9,CS,Cần Thơ,Male
2199,21,15.7,,78.7,5.0,5.7,0.8,42.0,71.5,2.84,71.12,56.72,AI,TP.HCM,Female
2200,29,27.6,89.7,79.2,1.0,9.9,0.0,59.2,98.2,3.73,93.37,78.68,IT,Cần Thơ,Female
2201,29,14.1,85.8,84.0,7.0,6.2,1.4,37.0,71.3,2.79,69.87,54.14,AI,Cần Thơ,Female
2202,21,20.7,88.9,100.0,3.3,7.5,3.3,53.1,83.8,3.34,83.47,68.42,AI,Cần Thơ,Male
2203,29,29.0,84.8,96.0,3.2,9.0,0.0,63.2,86.8,3.67,91.76,75.02,DS,Cần Thơ,Male
2204,25,17.1,69.0,90.4,2.1,6.5,3.3,54.1,62.4,2.32,58.08,58.28,AI,Hà Nội,Female
2205,19,37.8,85.3,63.8,3.4,6.6,6.0,74.7,100.0,4.0,100.0,87.34,AI,Hà Nội,Female
2206,18,34.8,85.6,75.9,7.3,8.1,2.9,68.9,100.0,4.0,100.0,84.44,DS,Hà Nội,Male
2207,20,12.4,87.4,76.7,7.1,7.3,0.4,44.4,69.4,2.88,71.9,56.88,IT,Cần Thơ,Male
2208,26,17.5,79.1,100.0,7.7,7.6,3.1,36.4,69.0,3.01,75.17,52.71,AI,Đà Nẵng,Male
2209,21,,73.0,76.4,3.4,6.9,3.9,48.4,51.3,2.11,52.77,49.87,DS,Hà Nội,Male
2210,27,18.7,91.2,98.8,6.5,6.4,4.5,48.8,66.8,2.56,64.09,57.78,CS,Đà Nẵng,Female
2211,22,31.1,82.3,71.4,4.5,6.6,2.8,49.8,82.2,3.28,81.98,66.0,SE,Hà Nội,Male
2212,19,21.7,86.7,72.6,8.4,8.4,3.4,68.3,84.2,3.38,84.52,76.24,SE,Hà Nội,Male
2213,21,28.7,82.2,87.2,7.1,6.6,3.8,58.4,83.7,3.25,81.29,71.03,CE,Cần Thơ,Female
2214,19,12.8,84.9,100.0,4.4,7.5,3.4,51.0,81.5,2.97,74.34,66.27,CS,Hà Nội,Female
2215,19,31.4,80.5,76.8,8.6,5.8,3.0,62.3,100.0,4.0,100.0,81.16,IT,Huế,Male
2216,21,20.6,,41.6,7.3,9.4,1.5,51.6,82.2,3.34,83.5,66.91,CS,Đà Nẵng,Female
2217,23,25.1,89.7,56.5,,7.4,3.9,54.4,94.9,3.79,94.68,74.62,SE,Đà Nẵng,Female
2218,24,24.3,79.0,84.5,1.8,7.4,1.7,50.7,69.8,2.8,70.05,60.22,AI,Huế,Female
2219,27,14.8,86.6,57.9,2.6,8.1,6.4,65.8,82.4,3.12,77.98,74.13,CS,Cần Thơ,Male
2220,20,15.8,89.1,67.0,10.1,6.4,1.5,39.3,69.0,2.28,57.07,54.15,CS,Huế,Male
2221,20,32.7,79.1,80.2,3.5,8.4,3.7,58.2,88.2,3.48,86.96,73.2,CS,Đà Nẵng,Female
2222,27,28.2,,43.3,,5.2,0.6,50.4,80.6,2.96,73.95,65.52,AI,Huế,Male
2223,23,33.4,100.0,74.3,3.3,6.3,1.8,68.9,100.0,4.0,100.0,84.47,IT,Hà Nội,Female
2224,30,27.6,79.7,62.5,3.1,6.0,1.6,54.6,82.6,3.09,77.23,68.56,IT,TP.HCM,Female
2225,29,26.1,91.2,57.5,8.2,4.7,0.4,54.6,82.9,3.31,82.67,68.72,IT,Hà Nội,Male
2226,20,11.2,100.0,68.0,8.3,6.4,1.6,53.2,62.4,2.44,60.91,57.79,CS,Cần Thơ,Female
2227,30,22.8,92.9,64.0,7.4,6.9,3.0,70.6,77.7,2.96,74.04,74.15,DS,Cần Thơ,Female
2228,19,24.8,82.0,87.0,7.7,5.7,2.1,49.7,84.3,3.57,89.31,66.98,AI,Huế,Female
2229,25,40.6,84.3,97.9,4.0,5.5,4.3,56.5,78.8,2.93,73.14,67.65,AI,Hà Nội,Female
2230,22,30.5,76.7,74.5,8.1,7.0,1.1,59.8,100.0,3.53,88.23,79.92,SE,Huế,Female
2231,18,37.3,93.8,71.1,6.6,6.9,3.5,73.3,100.0,3.76,93.9,86.66,AI,TP.HCM,Female
2232,20,29.8,90.7,73.8,5.1,6.7,1.6,59.3,78.8,3.46,86.44,69.06,IT,Hà Nội,Female
2233,27,19.3,79.9,63.4,6.2,5.5,4.2,56.2,80.6,3.17,79.25,68.4,IT,Hà Nội,Female
2234,25,25.9,74.6,60.7,8.7,6.5,3.7,51.5,79.3,3.39,84.76,65.43,IT,Cần Thơ,Male
2235,21,26.9,71.8,55.3,7.0,6.2,4.0,73.9,81.9,3.27,81.8,77.88,DS,TP.HCM,Female
2236,24,17.5,94.9,60.1,0.6,7.1,2.3,57.0,75.2,3.25,81.22,66.08,DS,TP.HCM,Male
2237,27,21.9,86.2,100.0,8.2,6.3,4.5,50.7,78.2,2.96,74.1,64.48,AI,Cần Thơ,Male
2238,29,23.4,87.1,69.6,8.0,7.0,0.0,49.9,90.5,3.68,91.91,70.22,SE,Hà Nội,Female
2239,19,37.8,76.8,35.9,5.1,5.4,3.2,66.9,79.3,3.33,83.3,73.12,CE,TP.HCM,Male
2240,24,8.4,,71.2,6.3,5.3,2.7,46.9,60.8,2.18,54.45,53.83,SE,Đà Nẵng,Male
2241,22,34.6,94.6,56.1,6.3,7.7,3.8,55.4,100.0,3.79,94.85,77.69,IT,TP.HCM,Male
2242,22,17.5,85.4,80.9,1.1,7.9,2.4,51.0,68.1,2.67,66.81,59.54,CE,Cần Thơ,Male
2243,23,14.0,94.1,79.3,5.0,6.5,1.0,55.2,81.4,3.35,83.79,68.3,SE,TP.HCM,Male
2244,30,34.4,81.1,80.8,5.1,7.0,0.9,65.5,100.0,3.84,96.03,82.75,IT,TP.HCM,Male
2245,26,30.9,82.6,79.4,5.6,6.5,2.5,65.2,100.0,4.0,100.0,82.61,IT,Cần Thơ,Male
2246,23,,92.1,74.4,4.7,8.3,2.1,76.3,100.0,4.0,100.0,88.14,DS,Cần Thơ,Female
2247,29,31.4,92.3,58.2,7.7,6.8,3.8,39.1,92.4,3.68,92.06,65.73,DS,Đà Nẵng,Female
2248,30,41.5,93.0,78.9,4.0,6.4,3.9,71.7,100.0,4.0,100.0,85.85,CS,Hà Nội,Female
2249,25,29.5,,95.3,8.3,8.2,2.6,41.8,87.9,3.66,91.56,64.84,CS,Đà Nẵng,Female
2250,24,23.7,91.1,100.0,7.5,6.1,2.5,56.1,78.0,3.29,82.28,67.08,CS,Đà Nẵng,Male
2251,26,27.7,96.1,76.4,9.4,7.2,4.1,70.0,90.3,3.71,92.78,80.12,AI,Hà Nội,Male
2252,21,34.9,84.0,78.1,10.3,5.7,2.1,62.8,100.0,3.88,97.09,81.42,SE,Hà Nội,Female
2253,19,18.8,79.9,87.5,10.4,7.8,2.2,44.0,78.5,2.81,70.26,61.27,CS,Cần Thơ,Male
2254,24,19.8,,100.0,3.0,8.0,0.5,60.8,88.2,3.56,88.96,74.48,IT,Huế,Female
2255,23,22.5,78.5,72.7,6.9,5.5,3.8,54.7,70.8,3.08,77.01,62.74,AI,TP.HCM,Female
2256,18,8.2,91.3,90.4,4.2,5.3,2.4,46.2,62.2,2.75,68.84,54.21,CE,Đà Nẵng,Male
2257,28,26.1,84.4,67.7,14.2,7.3,4.2,73.4,81.1,3.31,82.64,77.24,SE,Cần Thơ,Male
2258,26,9.9,66.6,84.9,7.5,9.3,0.7,31.1,57.8,2.22,55.54,44.47,CS,TP.HCM,Female
2259,26,25.4,96.3,94.6,9.5,8.1,1.8,53.7,100.0,4.0,100.0,76.87,SE,Huế,Male
2260,29,31.9,57.4,60.6,7.1,6.7,3.9,60.4,89.5,3.36,84.04,74.95,CS,Huế,Male
2261,19,21.2,65.2,72.1,0.0,6.0,3.0,59.8,60.2,2.29,57.15,60.02,IT,Huế,Female
2262,20,38.4,90.3,94.3,4.0,5.5,0.7,60.2,100.0,3.71,92.84,80.08,DS,Hà Nội,Female
2263,22,13.3,,89.2,4.3,7.9,3.9,45.4,68.6,2.94,73.61,57.04,SE,Cần Thơ,Male
2264,22,34.5,78.6,95.5,5.0,8.1,0.5,62.2,92.0,3.35,83.85,77.11,DS,TP.HCM,Female
2265,18,30.4,,92.7,6.9,6.2,3.7,59.6,75.8,3.11,77.8,67.69,DS,Hà Nội,Female
2266,25,11.3,59.7,74.9,7.3,6.7,1.0,47.6,62.9,2.98,74.51,55.26,CE,Đà Nẵng,Male
2267,29,46.7,92.1,100.0,0.0,7.1,4.3,73.4,100.0,4.0,100.0,86.72,IT,Đà Nẵng,Male
2268,25,24.5,87.5,82.1,5.4,9.2,2.7,61.4,79.9,3.0,75.02,70.61,DS,Huế,Male
2269,21,18.0,84.5,34.2,,7.1,3.0,42.1,63.9,2.47,61.85,53.04,SE,Hà Nội,Male
2270,30,13.7,,75.8,9.5,5.8,2.4,49.2,67.1,2.38,59.55,58.14,CE,Hà Nội,Female
2271,24,23.2,89.9,73.0,7.5,5.6,2.6,56.2,98.2,3.75,93.69,77.17,AI,Đà Nẵng,Male
2272,28,24.0,84.7,91.9,5.5,5.9,2.6,62.0,83.5,3.2,79.97,72.78,SE,Huế,Male
2273,27,25.8,66.3,73.2,6.6,8.5,3.6,73.2,80.4,3.05,76.2,76.79,CS,Huế,Male
2274,20,22.6,100.0,96.5,1.8,7.6,2.4,64.1,86.6,3.49,87.3,75.38,CS,TP.HCM,Female
2275,23,30.1,97.0,88.4,7.7,6.6,4.7,56.8,98.1,3.37,84.22,77.48,CS,Cần Thơ,Female
2276,27,21.9,72.2,65.0,5.0,3.5,1.4,57.0,61.9,2.23,55.72,59.46,CE,Cần Thơ,Male
2277,30,9.5,81.5,77.9,4.0,6.0,3.8,44.0,59.5,2.5,62.41,51.77,SE,TP.HCM,Female
2278,27,23.8,82.6,68.4,9.3,7.4,3.3,52.7,78.3,3.55,88.77,65.49,SE,Đà Nẵng,Male
2279,29,6.1,95.8,82.8,6.7,7.4,4.4,39.9,59.2,2.45,61.37,49.58,DS,Huế,Female
2280,26,27.8,63.4,68.3,4.3,7.4,2.7,51.0,73.7,2.78,69.48,62.35,DS,Đà Nẵng,Female
2281,18,17.2,80.0,81.1,4.5,5.4,3.0,41.3,57.9,2.48,62.1,49.57,SE,Đà Nẵng,Female
2282,22,26.3,67.4,75.9,6.9,7.2,3.0,45.1,83.8,3.57,89.24,64.45,AI,Hà Nội,Male
2283,21,35.5,82.1,77.7,6.7,5.8,0.7,68.9,86.3,3.3,82.59,77.61,IT,Huế,Male
2284,25,17.4,80.3,100.0,6.1,7.0,3.1,47.4,83.8,3.18,79.5,65.61,DS,Huế,Female
2285,28,33.5,85.8,74.6,3.0,6.1,7.4,64.4,98.9,4.0,100.0,81.62,DS,Huế,Female
2286,29,21.5,79.0,51.0,3.4,8.3,4.9,46.5,79.9,2.98,74.53,63.2,SE,Hà Nội,Male
2287,18,39.0,77.5,95.2,4.1,7.4,1.3,70.2,100.0,4.0,100.0,85.12,AI,Đà Nẵng,Female
2288,26,22.1,91.2,95.1,5.5,6.8,0.0,50.0,91.1,3.75,93.87,70.51,DS,TP.HCM,Female
2289,23,18.3,89.5,50.3,5.9,8.7,2.6,42.1,77.3,3.35,83.75,59.71,CS,Hà Nội,Female
2290,21,30.5,90.5,69.5,5.6,6.6,4.1,73.2,100.0,4.0,100.0,86.61,CE,Đà Nẵng,Male
2291,29,21.5,83.2,86.5,5.7,5.3,2.4,55.2,86.7,3.68,91.97,70.96,CS,Cần Thơ,Male
2292,26,18.3,79.3,87.9,10.7,8.3,5.3,48.3,80.5,2.99,74.8,64.39,DS,Hà Nội,Female
2293,28,21.2,83.8,79.9,8.1,7.3,1.3,52.0,73.1,3.07,76.75,62.57,SE,TP.HCM,Male
2294,22,24.6,90.0,80.3,9.0,6.6,2.8,54.3,81.9,3.53,88.28,68.11,SE,Cần Thơ,Female
2295,22,35.7,63.2,65.9,7.2,6.2,2.3,65.0,93.7,3.7,92.5,79.35,CE,Hà Nội,Female
2296,29,,88.9,44.0,6.2,7.6,3.6,33.9,59.7,1.99,49.72,46.77,SE,Cần Thơ,Female
2297,22,25.2,88.1,100.0,7.0,8.0,3.7,43.6,85.0,3.14,78.49,64.31,AI,Đà Nẵng,Male
2298,18,30.0,85.6,65.5,6.6,6.1,4.3,61.2,85.9,3.12,77.99,73.53,CS,Đà Nẵng,Male
2299,18,26.5,83.5,82.6,8.0,7.7,2.3,44.4,81.3,3.17,79.34,62.81,IT,Đà Nẵng,Female
2300,25,35.5,59.3,77.6,3.6,7.3,4.4,46.2,89.0,3.28,82.02,67.61,DS,Đà Nẵng,Female
2301,29,24.4,80.6,93.5,7.8,6.0,3.0,62.2,69.7,2.66,66.52,65.92,AI,Đà Nẵng,Female
2302,25,23.5,100.0,81.7,,7.0,4.5,58.9,96.5,4.0,100.0,77.71,AI,TP.HCM,Female
2303,29,,85.1,82.3,1.5,6.3,4.7,61.4,100.0,4.0,100.0,80.71,SE,TP.HCM,Male
2304,23,25.8,81.9,40.5,6.2,8.5,2.5,48.2,74.2,3.09,77.26,61.21,CE,Huế,Female
2305,29,21.9,85.2,67.5,2.7,6.2,1.5,64.6,96.8,4.0,100.0,80.73,DS,Hà Nội,Male
2306,28,29.1,88.5,91.2,4.7,8.8,2.8,67.7,96.6,3.61,90.22,82.16,AI,TP.HCM,Female
2307,30,19.8,91.6,89.8,5.6,7.2,4.0,43.4,68.3,2.54,63.59,55.84,CS,Cần Thơ,Female
2308,21,20.1,82.7,65.7,2.2,4.9,0.2,51.7,84.2,3.39,84.67,67.91,IT,TP.HCM,Female
2309,19,20.8,89.2,56.3,5.9,4.4,1.8,50.9,95.0,3.67,91.64,72.94,DS,Cần Thơ,Male
2310,19,35.8,100.0,81.9,6.2,6.7,3.5,66.5,100.0,3.93,98.14,83.27,AI,Đà Nẵng,Female
2311,26,0.0,95.1,36.4,7.9,8.6,0.0,47.4,49.0,2.08,52.06,48.19,AI,Hà Nội,Female
2312,22,28.2,100.0,62.8,4.9,8.5,0.9,58.3,76.1,3.23,80.84,67.2,CS,Hà Nội,Female
2313,21,25.3,,100.0,6.7,7.2,1.6,63.1,84.9,3.5,87.62,74.02,DS,Đà Nẵng,Male
2314,27,11.6,100.0,100.0,5.8,6.1,2.4,35.7,67.6,2.93,73.32,51.63,AI,Huế,Male
2315,30,27.5,77.1,87.3,,6.5,2.0,52.6,98.3,3.4,84.98,75.42,IT,Huế,Female
2316,18,28.8,88.5,84.6,1.8,7.2,2.0,56.9,100.0,4.0,100.0,78.44,IT,Cần Thơ,Female
2317,24,29.7,92.3,50.7,5.7,8.3,0.5,57.1,87.8,3.67,91.85,72.42,IT,Hà Nội,Male
2318,20,3.8,79.9,68.9,7.9,7.7,5.2,40.0,59.0,2.29,57.27,49.53,CE,TP.HCM,Female
2319,23,35.9,85.9,75.6,3.7,8.2,1.6,66.0,92.0,3.39,84.63,79.01,DS,Huế,Male
2320,22,19.1,94.1,69.2,5.5,7.8,0.0,55.2,81.9,3.24,81.01,68.53,IT,TP.HCM,Female
2321,22,30.5,77.9,74.7,5.8,8.1,4.2,66.2,91.1,3.48,87.11,78.65,SE,Huế,Male
2322,28,30.9,100.0,99.5,8.8,4.3,1.3,68.7,94.1,4.0,100.0,81.39,CE,Cần Thơ,Male
2323,22,18.0,71.2,71.9,6.1,5.9,0.7,37.9,65.1,2.74,68.52,51.51,IT,Hà Nội,Female
2324,18,30.3,100.0,74.9,6.7,5.7,3.5,63.8,100.0,3.87,96.77,81.92,DS,TP.HCM,Male
2325,18,21.9,95.0,91.1,6.0,5.6,1.7,51.1,91.3,3.37,84.3,71.2,CE,Cần Thơ,Male
2326,20,8.4,84.1,58.7,4.8,7.0,2.8,50.1,62.6,2.45,61.31,56.32,CS,TP.HCM,Female
2327,29,34.3,81.0,67.4,3.2,5.3,1.5,72.6,100.0,4.0,100.0,86.29,SE,Hà Nội,Male
2328,27,18.8,79.9,68.9,,5.9,1.8,57.4,62.4,2.6,65.09,59.88,AI,Cần Thơ,Female
2329,21,,83.6,80.8,7.0,6.9,1.0,65.5,83.1,3.05,76.13,74.31,IT,Hà Nội,Female
2330,22,21.8,84.5,74.8,6.3,5.1,0.7,59.7,80.8,3.13,78.22,70.25,CS,Hà Nội,Male
2331,19,27.2,97.6,75.3,9.7,6.4,7.7,67.5,93.1,3.92,98.03,80.32,CE,Đà Nẵng,Male
2332,25,24.5,100.0,70.0,8.4,7.8,1.3,52.5,83.7,3.32,83.09,68.1,SE,Hà Nội,Female
2333,28,29.4,87.0,63.9,9.1,5.5,0.3,59.9,84.7,3.38,84.44,72.3,AI,Huế,Male
2334,28,14.3,76.5,89.1,0.9,8.0,4.2,52.4,61.4,2.83,70.83,56.87,AI,Huế,Female
2335,19,19.1,79.5,74.9,9.9,6.0,2.9,53.4,69.9,2.58,64.56,61.65,CE,TP.HCM,Male
2336,26,24.1,83.2,89.3,6.7,7.3,2.5,48.7,69.5,3.01,75.15,59.1,IT,Hà Nội,Female
2337,19,40.2,74.7,63.3,7.0,5.7,1.8,59.4,100.0,3.92,97.88,79.71,AI,Cần Thơ,Male
2338,30,24.1,73.2,70.0,8.2,7.5,1.9,40.5,78.6,3.07,76.73,59.52,IT,TP.HCM,Female
2339,26,33.7,100.0,76.7,6.1,6.6,2.1,68.1,100.0,4.0,100.0,84.03,IT,Đà Nẵng,Male
2340,24,25.3,88.0,78.1,3.3,7.6,4.2,49.5,84.2,3.43,85.77,66.82,SE,Hà Nội,Female
2341,25,21.1,76.7,91.3,9.6,6.3,2.1,57.4,76.7,3.19,79.78,67.06,CS,TP.HCM,Male
2342,28,23.0,93.2,73.5,4.1,7.7,4.2,61.7,95.8,3.8,95.03,78.75,SE,TP.HCM,Male
2343,19,23.7,73.2,91.2,3.5,8.0,2.4,55.4,79.8,3.33,83.22,67.61,SE,Hà Nội,Male
2344,24,29.8,,85.6,5.4,7.1,2.2,61.4,91.2,3.67,91.85,76.3,DS,Hà Nội,Male
2345,29,36.0,77.0,78.4,5.0,6.4,1.0,71.2,100.0,3.89,97.25,85.59,DS,Cần Thơ,Female
2346,23,27.9,100.0,65.7,6.0,6.7,5.7,69.5,96.6,3.61,90.36,83.05,CE,Huế,Female
2347,21,34.5,82.5,91.4,,5.5,2.5,46.5,100.0,4.0,100.0,73.26,IT,Đà Nẵng,Female
2348,24,17.3,60.6,66.1,9.4,7.2,2.5,52.3,62.1,2.54,63.58,57.2,CS,Hà Nội,Female
2349,30,21.7,97.1,79.7,7.1,7.7,5.3,59.5,99.0,3.83,95.68,79.24,AI,Hà Nội,Male
2350,21,19.2,81.9,79.2,3.9,8.9,3.1,53.9,74.8,2.71,67.68,64.34,CS,Huế,Female
2351,19,27.5,66.5,76.9,4.2,8.6,3.3,59.2,77.7,2.99,74.74,68.42,CE,Hà Nội,Male
2352,27,22.1,81.8,74.2,5.0,5.8,2.6,51.5,66.2,2.26,56.39,58.84,AI,Huế,Male
2353,29,30.8,90.2,67.7,5.0,7.3,1.3,43.7,95.0,4.0,99.9,69.35,CE,Huế,Female
2354,24,17.6,89.0,55.7,4.7,6.8,4.3,47.0,70.6,2.8,70.04,58.78,IT,Huế,Male
2355,25,25.3,100.0,100.0,3.2,8.5,0.4,45.3,87.0,3.53,88.35,66.17,CS,Hà Nội,Male
2356,19,30.5,76.5,72.6,6.7,6.1,1.0,47.0,87.0,3.4,85.02,67.0,SE,Cần Thơ,Female
2357,22,8.5,85.5,78.1,4.9,8.1,1.3,52.2,61.5,2.82,70.4,56.87,CE,Cần Thơ,Male
2358,18,42.0,78.0,78.0,3.6,5.8,2.9,64.1,100.0,4.0,100.0,82.05,DS,Hà Nội,Male
2359,24,22.7,,96.4,7.2,6.9,2.5,54.5,80.6,3.15,78.73,67.54,AI,Huế,Male
2360,25,8.8,93.9,100.0,8.1,5.9,0.0,45.7,59.3,2.3,57.59,52.51,IT,Huế,Male
2361,30,26.3,89.6,82.4,5.4,4.6,6.0,68.2,80.5,3.1,77.38,74.35,IT,Cần Thơ,Male
2362,23,25.3,87.8,77.6,10.5,5.9,3.6,57.7,92.4,3.67,91.64,75.03,SE,TP.HCM,Male
2363,22,24.3,89.3,63.1,11.5,6.7,1.8,52.2,82.0,3.36,83.89,67.07,IT,Đà Nẵng,Female
2364,23,32.9,78.1,58.3,7.2,8.7,3.2,72.5,100.0,4.0,100.0,86.26,CS,Huế,Male
2365,19,31.0,74.9,53.4,4.8,5.7,3.2,55.7,85.9,3.38,84.56,70.82,CE,Hà Nội,Male
2366,18,27.4,85.4,68.1,6.7,6.3,2.0,61.5,91.4,3.95,98.67,76.45,DS,Cần Thơ,Male
2367,24,28.6,96.6,48.6,2.9,5.3,3.1,64.7,100.0,3.6,89.95,82.34,CS,TP.HCM,Female
2368,24,24.2,100.0,96.2,3.8,8.4,3.1,48.8,73.2,2.81,70.23,60.99,CS,Đà Nẵng,Female
2369,27,39.2,93.0,86.3,1.8,6.4,4.1,75.2,100.0,4.0,100.0,87.62,SE,Hà Nội,Male
2370,28,13.2,85.3,76.2,4.4,6.6,2.6,57.8,75.4,3.3,82.46,66.62,SE,TP.HCM,Female
2371,27,26.1,87.7,96.6,2.9,6.6,3.0,49.2,67.5,2.74,68.47,58.36,AI,Huế,Female
2372,19,25.5,85.1,63.9,7.6,4.7,2.2,57.1,96.6,4.0,100.0,76.86,IT,Hà Nội,Female
2373,19,31.5,74.7,67.7,4.1,5.2,1.8,69.9,100.0,4.0,100.0,84.94,AI,Cần Thơ,Female
2374,18,18.2,85.2,51.0,6.7,5.9,1.3,39.3,69.4,2.71,67.66,54.36,SE,Hà Nội,Male
2375,27,11.1,71.7,91.6,7.9,7.7,1.3,48.7,73.9,2.79,69.71,61.34,AI,Hà Nội,Male
2376,25,26.3,83.8,67.8,8.9,4.0,1.8,47.9,77.5,2.93,73.19,62.7,DS,TP.HCM,Male
2377,25,27.2,100.0,80.2,5.1,7.6,2.1,58.0,91.5,3.37,84.37,74.77,CS,TP.HCM,Female
2378,18,36.9,93.2,95.0,6.8,7.4,4.0,65.1,100.0,3.75,93.86,82.54,SE,Huế,Male
2379,29,14.8,75.8,100.0,6.9,4.8,1.9,38.7,68.1,2.53,63.36,53.38,IT,Cần Thơ,Male
2380,28,,84.3,79.6,9.2,6.6,2.0,56.5,100.0,3.77,94.17,78.24,SE,Cần Thơ,Male
2381,25,43.9,76.7,85.8,8.0,8.4,2.1,68.9,100.0,4.0,100.0,84.45,SE,Cần Thơ,Female
2382,26,22.0,84.4,66.4,9.3,5.7,2.4,64.5,73.5,2.85,71.23,68.96,CS,Đà Nẵng,Female
2383,21,14.7,95.4,100.0,1.8,6.3,5.0,53.9,77.2,2.81,70.27,65.57,IT,Cần Thơ,Female
2384,18,21.7,91.5,77.5,4.3,10.0,1.9,42.7,79.6,3.1,77.61,61.15,AI,Hà Nội,Male
2385,18,25.1,100.0,81.2,8.6,7.4,3.3,62.3,100.0,4.0,100.0,81.16,CE,Hà Nội,Female
2386,20,29.5,96.9,73.9,7.5,6.7,3.0,62.0,100.0,3.95,98.69,80.99,CE,Hà Nội,Female
2387,22,20.3,87.0,98.0,5.7,6.4,2.6,48.5,87.4,3.45,86.27,67.93,IT,Đà Nẵng,Male
2388,22,,91.8,83.0,4.8,7.4,1.1,63.6,100.0,3.63,90.86,81.78,AI,Hà Nội,Male
2389,26,16.1,83.0,91.4,8.0,7.8,3.3,53.2,61.4,2.64,65.95,57.32,AI,TP.HCM,Male
2390,27,11.1,73.7,85.3,1.1,4.4,0.0,32.6,61.3,2.38,59.59,46.96,SE,Đà Nẵng,Male
2391,29,33.9,98.1,76.7,8.0,4.3,1.0,60.2,99.8,3.73,93.25,80.0,SE,TP.HCM,Male
2392,19,6.8,95.1,93.9,6.2,5.8,1.7,35.8,51.4,2.03,50.87,43.59,CE,Đà Nẵng,Male
2393,19,23.4,82.6,85.2,4.8,6.8,2.2,48.9,73.8,2.85,71.35,61.37,SE,Hà Nội,Female
2394,23,49.9,87.7,65.6,7.3,7.1,2.6,78.1,100.0,4.0,100.0,89.04,CS,Huế,Female
2395,26,24.9,97.4,65.2,5.0,5.0,4.6,58.7,90.8,4.0,100.0,74.71,CE,Cần Thơ,Male
2396,18,16.0,,82.2,6.1,6.8,3.4,56.1,72.6,2.76,68.89,64.35,SE,Cần Thơ,Female
2397,26,24.5,,93.6,5.9,6.9,2.8,37.1,72.0,3.03,75.7,54.52,AI,Cần Thơ,Female
2398,26,24.6,87.4,100.0,7.9,6.0,2.0,54.5,83.9,3.29,82.28,69.23,CE,Cần Thơ,Male
2399,30,26.3,83.3,53.3,6.4,6.4,2.0,56.4,88.1,3.44,86.12,72.24,SE,TP.HCM,Male
2400,26,30.3,96.1,80.4,1.2,6.1,0.8,49.9,84.1,3.61,90.34,66.96,IT,Cần Thơ,Male
2401,22,,95.3,87.3,2.5,7.6,0.0,46.6,70.0,2.84,70.93,58.34,DS,Cần Thơ,Female
2402,30,38.5,98.2,84.4,3.3,7.0,0.6,68.4,100.0,4.0,100.0,84.22,IT,Huế,Female
2403,26,27.0,73.8,95.1,7.1,5.6,4.3,58.7,81.9,3.27,81.68,70.32,CS,TP.HCM,Female
2404,28,,77.2,89.8,7.4,8.1,1.4,62.3,95.3,4.0,100.0,78.82,CS,Cần Thơ,Female
2405,21,20.0,96.1,65.2,10.2,5.4,1.7,39.6,66.4,2.59,64.73,53.01,SE,Đà Nẵng,Female
2406,19,35.3,79.1,64.8,3.5,4.9,4.0,58.6,100.0,3.86,96.57,79.3,CS,TP.HCM,Female
2407,30,22.9,69.8,84.7,9.3,6.7,0.0,41.2,81.9,3.36,84.06,61.54,AI,Đà Nẵng,Male
2408,23,27.2,90.3,94.9,1.2,6.7,1.6,58.9,92.5,3.72,93.1,75.72,AI,TP.HCM,Male
2409,21,17.5,79.5,82.2,6.0,7.1,0.9,46.8,66.7,2.4,60.03,56.78,CE,Cần Thơ,Female
2410,23,17.0,100.0,56.3,6.6,5.6,2.9,48.1,65.6,2.66,66.58,56.83,IT,Hà Nội,Female
2411,20,30.5,88.0,64.3,6.6,8.1,3.3,84.8,100.0,3.85,96.19,92.41,CE,TP.HCM,Female
2412,23,21.5,86.6,90.4,5.2,9.1,3.4,46.2,73.8,3.12,77.89,60.0,CE,Cần Thơ,Male
2413,19,18.2,81.3,74.8,6.3,7.0,4.8,50.7,61.8,2.34,58.44,56.23,AI,TP.HCM,Female
2414,19,19.9,100.0,81.8,2.9,7.4,3.3,58.5,79.5,3.11,77.64,68.97,DS,TP.HCM,Male
2415,30,30.6,88.6,96.0,8.2,4.5,2.9,63.9,98.1,3.72,93.0,81.02,CS,Đà Nẵng,Male
2416,26,20.0,,62.0,6.6,6.5,6.2,56.5,67.0,2.88,72.02,61.72,CS,Đà Nẵng,Female
2417,24,24.1,77.1,73.8,6.9,6.2,0.0,57.3,77.8,3.2,79.9,67.52,CE,Huế,Male
2418,20,25.1,84.3,72.2,5.3,6.0,5.8,54.0,71.2,3.31,82.63,62.62,DS,Đà Nẵng,Female
2419,30,9.7,75.2,85.3,5.2,6.2,5.1,43.6,70.7,3.08,76.95,57.13,CE,TP.HCM,Female
2420,28,13.2,95.3,91.6,7.3,6.3,2.3,44.3,69.5,2.69,67.31,56.9,IT,Hà Nội,Male
2421,18,27.7,66.9,57.8,10.0,5.3,1.4,50.2,68.6,2.43,60.83,59.41,AI,Đà Nẵng,Male
2422,25,19.1,83.6,79.9,2.5,6.4,1.5,42.0,65.2,2.48,62.1,53.61,AI,Đà Nẵng,Female
2423,23,33.5,91.1,93.0,2.4,5.7,2.1,69.7,96.2,3.82,95.43,82.94,CS,Hà Nội,Male
2424,24,32.7,88.4,52.2,6.7,7.9,4.3,71.1,99.9,3.63,90.86,85.48,IT,Huế,Male
2425,26,30.8,77.8,79.0,5.2,7.4,0.0,55.3,82.0,3.11,77.77,68.68,SE,Huế,Female
2426,22,39.6,91.6,61.8,6.3,7.4,5.5,67.8,100.0,4.0,100.0,83.91,SE,Cần Thơ,Female
2427,18,24.3,76.1,70.4,5.9,8.2,2.5,66.7,80.4,3.05,76.14,73.55,AI,Đà Nẵng,Female
2428,29,30.2,84.8,42.4,7.6,6.0,4.3,68.8,83.4,3.16,79.01,76.08,CS,Huế,Female
2429,27,20.3,91.5,100.0,5.3,7.3,0.7,60.7,76.6,3.17,79.15,68.61,AI,Cần Thơ,Female
2430,24,44.6,89.6,74.7,3.0,8.3,3.6,73.9,100.0,3.89,97.29,86.96,AI,Huế,Female
2431,22,40.9,78.2,67.9,4.0,5.9,3.1,62.7,92.8,3.72,92.88,77.75,IT,Hà Nội,Female
2432,20,25.1,97.0,84.9,5.6,4.6,3.3,54.5,75.9,3.12,77.91,65.22,DS,TP.HCM,Male
2433,29,28.1,85.9,64.4,2.9,6.2,1.5,60.7,85.7,3.31,82.65,73.23,AI,Hà Nội,Male
2434,30,35.9,92.4,62.9,5.9,8.1,1.9,69.1,100.0,4.0,100.0,84.53,IT,Hà Nội,Female
2435,26,23.8,100.0,100.0,6.2,5.9,0.6,50.6,85.1,3.54,88.52,67.83,CS,Hà Nội,Male
2436,18,19.7,96.2,100.0,5.1,6.4,3.6,63.6,59.4,2.44,61.07,61.52,SE,Hà Nội,Male
2437,18,32.0,96.2,71.1,6.5,6.1,4.5,74.0,100.0,4.0,100.0,86.99,AI,TP.HCM,Male
2438,18,25.6,86.9,96.0,2.0,6.8,2.9,63.2,83.1,3.5,87.53,73.17,DS,TP.HCM,Male
2439,20,26.5,92.9,85.3,3.6,5.7,0.0,70.1,100.0,3.95,98.64,85.03,CE,Cần Thơ,Male
2440,29,18.3,87.1,58.8,3.1,5.2,4.5,56.6,84.0,3.21,80.22,70.32,AI,Huế,Male
2441,23,11.3,72.9,66.1,8.2,6.5,2.7,46.4,59.6,2.41,60.35,53.01,AI,Đà Nẵng,Female
2442,27,26.9,88.0,100.0,11.8,6.7,0.0,58.8,87.9,3.5,87.58,73.34,IT,TP.HCM,Male
2443,28,32.2,87.6,58.6,3.8,8.3,0.0,59.9,86.6,3.45,86.29,73.26,CE,Huế,Male
2444,20,23.2,90.8,100.0,5.4,7.1,0.9,56.0,90.1,3.49,87.3,73.04,CS,Cần Thơ,Male
2445,25,36.5,,71.4,4.3,5.6,2.5,57.1,100.0,4.0,100.0,78.56,CS,Huế,Female
2446,27,19.4,77.4,100.0,6.6,6.1,1.0,50.5,68.6,3.06,76.43,59.56,DS,Đà Nẵng,Male
2447,19,16.6,91.6,75.4,,7.9,1.2,42.4,67.5,2.84,70.92,54.93,DS,Hà Nội,Female
2448,26,24.5,71.9,92.0,6.7,6.5,3.9,48.1,92.3,3.72,93.03,70.23,DS,Đà Nẵng,Male
2449,20,24.3,99.6,100.0,7.7,5.7,4.3,67.4,93.0,3.97,99.21,80.21,CE,Đà Nẵng,Male
2450,22,31.2,82.7,100.0,2.9,7.1,3.9,69.6,83.6,3.49,87.2,76.6,DS,TP.HCM,Female
2451,27,18.8,87.5,71.2,6.7,6.1,0.0,45.9,64.4,2.51,62.73,55.15,SE,TP.HCM,Female
2452,25,35.9,90.6,67.1,1.5,7.6,3.9,72.1,100.0,3.99,99.73,86.04,DS,Đà Nẵng,Male
2453,19,40.7,90.9,78.8,5.4,7.4,1.8,64.8,100.0,4.0,100.0,82.39,IT,Hà Nội,Female
2454,23,24.7,70.9,60.5,5.2,5.6,5.4,49.2,68.1,2.77,69.26,58.62,CS,Hà Nội,Male
2455,29,35.0,,83.6,5.4,9.1,2.9,75.7,100.0,4.0,100.0,87.84,CS,TP.HCM,Male
2456,22,16.5,88.0,67.7,5.2,6.9,4.3,42.4,63.6,2.29,57.35,53.01,IT,Hà Nội,Female
2457,30,33.6,78.6,96.2,4.8,3.8,3.3,48.6,73.6,2.84,71.0,61.11,CS,Đà Nẵng,Male
2458,27,33.4,,71.4,5.3,7.5,3.1,56.7,88.9,3.55,88.64,72.8,CS,Đà Nẵng,Male
2459,26,31.9,81.7,53.9,6.6,3.9,1.9,56.7,91.6,3.89,97.27,74.14,SE,Cần Thơ,Female
2460,29,24.9,72.0,100.0,6.7,8.2,4.3,51.7,65.8,3.01,75.26,58.73,CE,Cần Thơ,Male
2461,22,1.4,100.0,82.8,6.3,7.1,3.9,28.1,41.5,1.48,37.02,34.82,SE,Đà Nẵng,Female
2462,19,,99.9,80.4,4.6,6.8,2.0,57.5,76.2,2.92,73.1,66.86,CE,Đà Nẵng,Female
2463,22,20.0,89.5,96.4,8.7,6.9,1.8,67.6,83.7,3.44,85.95,75.68,CE,TP.HCM,Male
2464,29,17.2,82.8,93.1,9.8,7.6,1.4,52.6,75.3,3.44,85.98,63.95,DS,Huế,Male
2465,21,26.0,83.0,68.6,2.8,6.3,3.7,55.3,72.9,2.72,67.95,64.11,DS,Cần Thơ,Female
2466,28,21.6,92.6,73.3,6.4,6.9,2.9,60.1,80.1,2.81,70.31,70.13,AI,Hà Nội,Female
2467,24,18.4,100.0,63.3,4.8,7.0,2.9,54.4,77.3,3.13,78.16,65.85,SE,Đà Nẵng,Male
2468,23,16.5,79.3,58.0,8.3,3.4,2.0,49.7,57.4,2.03,50.63,53.55,IT,Huế,Female
2469,19,19.3,73.8,88.7,6.0,7.6,4.7,49.9,73.7,3.06,76.55,61.81,IT,Huế,Male
2470,29,,100.0,85.9,6.1,7.8,0.3,67.1,100.0,4.0,100.0,83.56,AI,Cần Thơ,Female
2471,28,19.7,67.1,91.4,7.2,7.4,3.7,46.8,71.9,2.83,70.82,59.35,SE,TP.HCM,Male
2472,28,20.9,74.9,99.2,5.3,7.4,4.0,39.7,59.6,2.29,57.3,49.62,SE,Đà Nẵng,Female
2473,30,21.3,82.5,91.6,10.2,8.8,2.0,67.3,89.3,3.43,85.76,78.29,IT,Đà Nẵng,Male
2474,22,27.7,69.4,93.0,7.3,6.8,0.3,60.2,84.5,3.39,84.79,72.31,SE,Huế,Female
2475,24,28.6,96.1,48.8,8.3,6.9,3.1,55.6,99.5,3.72,92.96,77.6,DS,TP.HCM,Female
2476,28,0.6,93.6,75.4,5.4,6.1,4.3,42.2,58.2,2.23,55.87,50.16,SE,Huế,Female
2477,24,33.2,79.3,94.5,5.7,4.6,5.2,53.3,92.5,3.56,88.88,72.91,SE,Hà Nội,Female
2478,22,36.5,97.8,62.5,8.0,7.4,3.5,69.9,100.0,4.0,100.0,84.95,CE,Hà Nội,Male
2479,29,16.6,99.5,81.4,7.8,6.2,1.6,57.9,88.5,3.61,90.2,73.2,IT,Đà Nẵng,Female
2480,26,17.2,83.9,87.8,2.9,4.6,3.5,58.2,67.2,2.97,74.24,62.72,SE,Cần Thơ,Male
2481,21,21.4,80.5,86.6,6.3,6.8,3.3,57.4,69.6,2.59,64.66,63.47,CS,Huế,Male
2482,28,19.0,100.0,85.5,7.2,6.8,3.0,52.8,100.0,3.93,98.27,76.39,SE,Đà Nẵng,Female
2483,20,26.8,92.2,89.0,5.7,6.6,1.2,66.6,77.9,3.3,82.56,72.25,IT,Hà Nội,Male
2484,21,9.4,87.6,82.7,,7.1,3.4,41.1,52.5,2.2,54.88,46.79,CS,Huế,Male
2485,22,16.1,98.6,58.1,5.8,5.0,3.2,54.1,84.4,3.24,81.05,69.21,DS,Đà Nẵng,Male
2486,30,,88.0,87.6,0.4,8.1,6.1,60.7,86.9,3.21,80.26,73.8,CS,Cần Thơ,Female
2487,23,17.6,79.9,84.3,,7.4,2.6,51.9,79.2,3.54,88.43,65.54,SE,Đà Nẵng,Male
2488,20,34.9,85.8,58.3,8.4,8.4,5.0,75.3,100.0,3.68,92.04,87.64,SE,Hà Nội,Female
2489,19,,95.4,100.0,5.4,6.2,4.6,66.0,100.0,3.75,93.76,82.99,AI,TP.HCM,Male
2490,30,10.5,65.1,88.0,6.5,7.4,2.6,49.6,60.7,2.47,61.63,55.13,DS,Đà Nẵng,Male
2491,21,30.1,82.1,59.3,6.0,4.7,4.4,68.2,84.3,3.57,89.13,76.28,IT,TP.HCM,Male
2492,22,24.1,98.8,67.7,3.9,5.9,1.3,57.3,81.3,3.08,76.95,69.34,IT,TP.HCM,Male
2493,21,21.4,79.9,71.5,4.8,5.3,2.2,46.5,85.5,3.56,88.91,65.97,IT,Đà Nẵng,Female
2494,28,,100.0,71.5,6.8,7.2,1.7,46.3,72.7,2.71,67.7,59.53,AI,Hà Nội,Male
2495,30,28.8,99.1,84.4,7.1,5.6,2.3,53.3,98.7,4.0,100.0,76.0,IT,TP.HCM,Male
2496,29,30.7,84.3,65.4,11.5,6.4,0.0,61.5,80.8,3.39,84.84,71.15,CS,TP.HCM,Female
2497,20,34.4,,96.9,4.8,6.9,5.2,47.5,88.3,3.36,83.94,67.9,DS,Đà Nẵng,Male
2498,25,28.3,82.1,95.7,10.2,6.4,2.0,59.8,84.1,3.54,88.46,71.96,SE,Hà Nội,Female
2499,27,14.0,100.0,89.3,3.8,5.3,3.7,54.2,72.4,2.7,67.52,63.31,CE,Huế,Male
2500,21,,100.0,80.7,7.2,8.9,2.9,44.2,90.9,3.14,78.47,67.53,IT,Huế,Female
2501,19,48.5,86.3,94.1,6.4,7.0,2.1,80.9,100.0,3.97,99.26,90.47,DS,Cần Thơ,Female
2502,19,30.8,78.9,75.9,5.7,8.9,0.6,56.8,98.4,4.0,100.0,77.6,SE,Đà Nẵng,Female
2503,18,44.0,86.2,69.1,6.0,5.7,1.1,58.6,100.0,4.0,100.0,79.31,SE,TP.HCM,Female
2504,30,36.2,87.4,97.9,4.4,6.4,2.1,52.5,98.5,4.0,100.0,75.51,CS,Hà Nội,Female
2505,21,26.9,72.6,84.8,8.3,7.0,1.8,55.7,82.1,3.08,76.91,68.89,CS,TP.HCM,Male
2506,27,27.4,85.8,69.7,3.9,8.7,1.0,59.1,78.2,3.13,78.17,68.64,SE,Huế,Male
2507,26,24.7,98.2,73.7,6.8,8.9,1.5,58.2,78.7,3.06,76.46,68.41,IT,Hà Nội,Female
2508,28,11.1,67.0,69.0,7.9,6.4,3.2,51.2,59.7,2.39,59.65,55.43,CE,Hà Nội,Female
2509,24,25.1,93.3,100.0,9.5,6.0,3.8,58.3,84.7,3.85,96.17,71.49,AI,Đà Nẵng,Male
2510,29,34.7,98.7,80.1,8.4,6.9,0.8,61.5,100.0,3.96,99.04,80.74,AI,Đà Nẵng,Male
2511,27,20.2,79.4,82.4,7.4,8.3,1.2,49.7,60.7,2.23,55.81,55.18,IT,Cần Thơ,Male
2512,24,28.3,100.0,90.8,4.4,7.1,2.8,69.3,91.4,3.6,90.1,80.36,SE,Đà Nẵng,Female
2513,30,31.8,78.1,61.8,4.0,7.3,2.3,52.2,92.1,3.85,96.29,72.11,IT,TP.HCM,Female
2514,24,17.7,89.4,96.4,3.2,8.3,2.0,52.9,74.9,3.09,77.32,63.9,AI,Hà Nội,Male
2515,25,21.4,,70.9,2.9,8.1,3.9,54.9,67.3,2.9,72.45,61.06,SE,TP.HCM,Female
2516,18,16.9,81.9,100.0,6.0,8.2,2.8,57.6,78.2,3.5,87.45,67.91,CE,Cần Thơ,Female
2517,27,,78.8,75.3,4.2,7.7,0.1,51.5,81.3,3.61,90.3,66.38,CE,Hà Nội,Male
2518,30,14.7,92.0,95.6,9.0,8.6,1.3,42.6,62.5,2.34,58.44,52.55,CS,Cần Thơ,Female
2519,27,17.8,93.5,42.5,4.6,5.5,0.0,53.8,86.9,3.63,90.63,70.35,CS,Hà Nội,Male
2520,25,36.4,84.4,62.4,6.2,9.7,2.2,70.3,98.0,3.57,89.24,84.15,AI,Đà Nẵng,Female
2521,21,,71.4,75.6,5.3,8.3,0.5,50.0,67.9,2.93,73.33,58.94,CS,Đà Nẵng,Female
2522,21,26.0,89.0,49.5,2.5,6.8,0.0,66.1,87.5,3.19,79.75,76.79,IT,Huế,Male
2523,21,21.0,89.2,89.0,8.7,8.3,0.0,44.3,85.7,3.12,77.96,65.0,DS,Huế,Female
2524,23,34.4,82.8,84.7,7.7,6.6,5.5,62.1,94.6,3.75,93.65,78.33,CE,Huế,Female
2525,24,35.5,100.0,65.1,8.0,7.6,0.5,66.7,100.0,4.0,100.0,83.33,DS,Huế,Male
2526,23,31.9,69.4,79.8,7.5,7.7,2.0,65.1,87.5,3.31,82.78,76.3,CE,Đà Nẵng,Male
2527,18,27.4,62.8,92.1,4.1,8.0,2.6,61.8,85.8,3.33,83.2,73.8,CS,Cần Thơ,Male
2528,29,23.2,77.7,48.5,4.1,6.4,2.7,54.2,71.0,2.67,66.78,62.57,IT,TP.HCM,Female
2529,25,15.5,92.1,60.9,7.1,8.1,3.4,47.7,80.7,3.26,81.44,64.21,CS,Huế,Male
2530,30,40.5,74.4,75.0,9.9,6.5,2.4,68.0,100.0,4.0,100.0,83.99,CS,Cần Thơ,Female
2531,27,18.9,75.2,80.4,7.0,7.9,1.8,41.9,79.6,3.19,79.67,60.75,CE,Huế,Female
2532,28,30.3,94.5,79.1,8.4,7.0,2.8,58.2,93.7,3.62,90.62,75.98,SE,Huế,Female
2533,30,33.5,89.6,93.3,4.7,4.8,2.8,67.8,100.0,4.0,100.0,83.91,IT,Đà Nẵng,Male
2534,24,20.6,88.8,87.2,8.7,6.1,2.6,56.4,99.3,4.0,100.0,77.85,CE,Cần Thơ,Female
2535,23,33.3,92.8,90.4,5.0,8.0,3.5,58.9,100.0,3.84,96.08,79.47,AI,Huế,Male
2536,23,31.1,80.7,59.2,6.6,6.6,1.6,54.6,91.4,3.48,86.9,72.98,IT,Đà Nẵng,Female
2537,22,,81.2,82.2,5.1,8.5,2.2,60.3,90.8,3.55,88.75,75.54,IT,Hà Nội,Female
2538,23,21.2,93.1,75.4,8.2,5.5,0.5,49.4,74.9,3.19,79.77,62.15,CS,Huế,Female
2539,29,14.7,71.6,100.0,8.3,7.8,2.1,47.9,72.4,2.38,59.49,60.16,SE,Hà Nội,Female
2540,26,21.0,63.6,82.6,2.3,6.9,1.5,59.3,72.7,3.17,79.25,65.98,SE,TP.HCM,Male
2541,27,26.7,80.7,70.0,9.3,6.7,4.1,67.0,87.5,3.43,85.67,77.24,CS,Đà Nẵng,Female
2542,26,25.5,94.3,92.8,11.9,5.6,0.3,51.3,78.1,2.88,71.97,64.71,SE,Hà Nội,Male
2543,27,21.9,87.6,88.4,5.1,7.3,1.8,57.0,85.8,3.46,86.52,71.4,IT,Cần Thơ,Female
2544,25,9.7,93.6,67.7,5.7,5.8,1.7,48.4,68.5,2.79,69.87,58.46,AI,Cần Thơ,Male
2545,27,28.8,64.8,74.8,9.1,6.2,3.5,57.9,88.9,3.73,93.25,73.39,AI,Đà Nẵng,Female
2546,26,40.8,88.2,75.0,6.2,6.8,0.6,61.5,100.0,4.0,100.0,80.74,AI,TP.HCM,Female
2547,30,28.7,,98.4,6.0,6.6,2.5,54.7,93.8,3.82,95.49,74.23,SE,Huế,Female
2548,27,29.9,71.5,83.0,10.7,8.2,2.6,60.7,78.4,3.24,80.95,69.57,DS,Hà Nội,Male
2549,25,29.6,93.6,90.9,2.6,3.9,3.9,58.3,80.7,3.24,81.02,69.52,CE,Cần Thơ,Female
2550,25,28.2,83.9,72.6,4.0,6.8,1.2,59.4,95.4,3.95,98.72,77.4,CS,Hà Nội,Female
2551,18,,100.0,85.0,7.0,6.6,0.5,56.7,99.2,3.85,96.14,77.97,CE,Cần Thơ,Male
2552,27,28.2,63.2,99.6,2.0,7.0,3.2,51.9,93.8,3.67,91.81,72.85,DS,Cần Thơ,Male
2553,28,22.5,98.7,74.6,5.1,6.3,0.4,46.7,83.1,3.01,75.27,64.89,CE,Hà Nội,Female
2554,22,18.6,81.1,81.7,5.0,8.2,1.7,53.1,61.7,2.8,69.98,57.42,CE,Đà Nẵng,Male
2555,21,23.0,68.8,59.6,8.4,6.7,2.1,50.0,65.2,2.48,62.02,57.57,CS,Đà Nẵng,Male
2556,19,27.5,79.7,68.5,7.7,7.2,3.4,59.6,81.0,3.45,86.37,70.29,DS,Hà Nội,Female
2557,25,22.5,87.8,75.0,1.8,8.1,0.2,52.3,95.8,4.0,100.0,74.05,CS,Huế,Female
2558,20,27.5,95.4,64.1,4.3,7.1,2.1,61.7,100.0,3.69,92.27,80.85,AI,TP.HCM,Female
2559,21,,100.0,99.8,4.3,5.5,2.5,74.9,96.3,3.88,96.97,85.6,AI,Đà Nẵng,Male
2560,29,31.7,99.2,67.4,5.5,6.5,1.2,59.7,96.6,3.99,99.85,78.14,IT,Cần Thơ,Female
2561,24,35.3,75.3,91.8,3.3,6.9,2.0,66.4,86.5,3.35,83.72,76.46,CE,Cần Thơ,Female
2562,27,25.6,96.3,82.8,7.1,5.0,3.8,53.7,76.2,2.78,69.4,64.98,CE,Huế,Female
2563,26,14.5,88.9,80.5,4.3,6.1,1.7,48.2,80.4,3.51,87.81,64.32,DS,Hà Nội,Female
2564,19,22.2,78.5,100.0,7.5,6.9,2.0,57.0,87.7,3.64,90.98,72.37,CS,Huế,Male
2565,20,25.4,82.9,46.1,6.0,9.4,3.8,58.6,82.8,3.32,83.03,70.7,AI,Hà Nội,Female
2566,21,10.3,77.9,77.1,3.6,7.4,2.2,49.6,78.6,2.94,73.42,64.13,CS,Cần Thơ,Male
2567,27,36.1,85.4,63.8,9.5,7.2,4.5,72.1,100.0,3.8,94.93,86.03,CE,Huế,Male
2568,18,26.1,77.7,50.6,9.5,9.0,0.0,61.2,88.2,3.56,89.08,74.74,AI,Đà Nẵng,Male
2569,24,28.1,74.7,62.1,6.7,7.7,2.1,64.1,90.0,3.51,87.72,77.1,CS,Hà Nội,Female
2570,19,35.9,89.8,80.3,5.4,7.9,3.7,67.0,93.7,3.79,94.76,80.34,DS,Hà Nội,Male
2571,22,20.0,91.3,69.1,3.4,6.5,1.4,48.2,85.7,3.5,87.61,66.97,CS,Đà Nẵng,Male
2572,18,29.6,83.1,93.4,8.7,5.5,2.1,65.7,100.0,3.91,97.74,82.83,AI,Cần Thơ,Male
2573,20,24.1,98.7,76.8,8.1,7.3,4.4,55.0,88.8,3.89,97.22,71.89,CS,TP.HCM,Male
2574,29,23.5,82.4,75.1,4.0,9.2,1.3,60.2,75.3,2.86,71.56,67.77,AI,Cần Thơ,Male
2575,19,18.8,82.0,75.2,,8.8,3.2,42.0,79.8,3.0,75.1,60.92,CE,Đà Nẵng,Female
2576,18,38.3,91.6,78.5,7.1,7.8,3.6,64.8,90.1,3.69,92.18,77.45,CE,Đà Nẵng,Male
2577,24,22.0,83.7,73.7,3.1,6.2,2.6,48.9,71.9,2.97,74.28,60.37,IT,Hà Nội,Male
2578,22,30.6,85.8,67.2,4.4,5.1,2.6,63.8,98.8,3.75,93.78,81.28,SE,Huế,Male
2579,18,10.0,59.8,94.8,3.4,6.0,1.0,37.1,50.2,1.94,48.52,43.69,SE,Cần Thơ,Female
2580,23,34.4,85.2,70.6,3.5,7.3,3.6,63.5,89.8,3.29,82.13,76.66,DS,Hà Nội,Female
2581,22,33.4,66.7,74.2,4.2,6.4,0.6,59.0,100.0,3.89,97.17,79.49,AI,TP.HCM,Female
2582,20,25.8,72.8,86.4,,8.2,3.1,63.0,93.5,3.9,97.53,78.23,DS,Đà Nẵng,Female
2583,29,23.2,71.6,84.8,1.6,5.2,1.7,56.7,87.7,3.25,81.21,72.17,CE,Hà Nội,Female
2584,24,28.2,74.6,66.6,7.1,6.8,1.9,59.5,89.3,3.35,83.82,74.39,DS,Cần Thơ,Female
2585,28,43.3,79.5,91.3,,6.1,2.2,69.6,100.0,3.83,95.86,84.78,CE,Huế,Female
2586,27,10.9,80.1,88.1,8.4,8.2,3.2,39.4,74.7,3.22,80.43,57.08,CS,Đà Nẵng,Female
2587,26,31.3,91.6,82.7,6.6,7.7,4.8,55.6,100.0,4.0,100.0,77.81,SE,Huế,Male
2588,30,17.7,87.2,73.5,5.1,6.0,2.7,53.4,75.5,2.6,65.06,64.5,DS,Cần Thơ,Female
2589,30,24.8,66.0,73.9,4.0,8.0,1.4,42.9,95.6,3.46,86.62,69.24,AI,Đà Nẵng,Male
2590,26,23.0,85.8,77.0,8.5,5.1,0.3,54.9,81.9,3.29,82.35,68.38,AI,Huế,Male
2591,26,21.6,88.2,61.5,7.2,4.9,4.2,55.2,84.1,3.04,76.04,69.65,IT,Đà Nẵng,Female
2592,19,24.9,81.7,79.4,4.8,5.9,2.8,45.4,90.4,3.86,96.4,67.86,SE,TP.HCM,Female
2593,20,15.9,84.4,93.4,8.3,4.6,2.2,49.2,74.8,2.55,63.84,62.01,DS,Đà Nẵng,Female
2594,24,33.2,86.9,93.1,4.9,6.9,2.6,63.0,94.9,3.65,91.18,78.97,CE,Đà Nẵng,Female
2595,22,10.6,92.6,74.3,6.0,6.9,3.6,62.5,76.5,3.1,77.49,69.46,IT,Đà Nẵng,Female
2596,19,29.3,69.3,96.0,4.5,6.5,1.9,57.4,85.4,3.71,92.76,71.42,CE,Đà Nẵng,Male
2597,20,22.4,82.6,100.0,7.3,7.6,1.5,60.7,66.2,2.65,66.17,63.47,AI,TP.HCM,Female
2598,27,15.6,100.0,75.3,3.5,6.1,0.5,55.1,87.1,3.55,88.67,71.08,SE,TP.HCM,Female
2599,23,26.6,99.2,90.4,5.3,5.4,0.9,61.8,88.5,3.58,89.38,75.14,AI,Đà Nẵng,Male
2600,30,12.5,93.5,46.1,4.4,6.0,2.0,54.7,63.9,2.74,68.62,59.29,DS,Đà Nẵng,Female
2601,24,25.3,90.4,61.1,6.7,5.5,4.1,46.7,92.1,3.74,93.59,69.39,CS,Cần Thơ,Male
2602,26,13.6,100.0,81.4,7.0,6.3,1.7,49.5,77.3,3.24,80.99,63.43,SE,Cần Thơ,Female
2603,18,28.7,100.0,64.9,,7.7,2.9,63.6,100.0,4.0,100.0,81.81,IT,Cần Thơ,Female
2604,28,17.6,83.7,100.0,7.0,4.9,4.2,43.5,69.6,3.0,75.08,56.58,IT,Đà Nẵng,Female
2605,24,21.4,75.3,89.0,2.3,6.6,3.1,52.0,77.8,2.68,66.92,64.89,CS,Cần Thơ,Female
2606,25,27.4,82.3,94.5,11.5,8.1,5.5,58.6,84.2,3.06,76.55,71.36,IT,Hà Nội,Male
2607,29,,100.0,79.6,4.7,8.3,2.6,52.8,74.2,3.1,77.55,63.51,CS,TP.HCM,Male
2608,20,24.5,69.3,65.0,8.6,6.2,2.3,47.1,81.4,3.65,91.26,64.29,CE,Huế,Female
2609,21,12.9,80.3,72.2,6.5,9.7,1.9,41.1,66.0,2.71,67.64,53.54,SE,Đà Nẵng,Male
2610,27,30.0,70.9,83.8,6.6,5.7,5.5,55.8,98.7,3.9,97.45,77.25,DS,TP.HCM,Female
2611,23,39.1,86.2,70.4,3.1,6.7,4.3,70.2,87.8,3.71,92.71,78.97,CE,TP.HCM,Female
2612,27,47.3,,90.1,8.1,5.6,0.3,72.2,100.0,4.0,100.0,86.08,DS,Huế,Female
2613,24,25.7,83.9,90.7,6.1,7.5,5.7,58.4,82.0,3.42,85.39,70.2,CE,Huế,Female
2614,30,31.3,65.5,80.1,7.2,10.0,3.2,56.6,81.9,3.27,81.7,69.22,CE,Hà Nội,Female
2615,21,10.8,91.2,52.6,5.8,9.2,2.7,40.4,69.2,2.78,69.47,54.83,SE,Hà Nội,Female
2616,25,37.0,97.2,100.0,6.3,8.0,3.3,65.0,97.8,3.97,99.14,81.44,CE,Hà Nội,Female
2617,22,31.2,81.2,76.8,3.8,6.3,1.1,54.3,86.5,3.72,93.12,70.42,IT,Huế,Female
2618,18,21.1,83.6,100.0,5.6,6.8,2.8,30.7,74.5,3.07,76.63,52.61,CS,Cần Thơ,Female
2619,21,34.9,83.4,89.8,,8.3,2.0,63.6,93.9,3.84,96.11,78.76,SE,Đà Nẵng,Male
2620,20,23.0,86.8,76.9,4.2,7.9,2.0,53.3,76.4,3.25,81.17,64.84,SE,TP.HCM,Female
2621,26,21.3,84.6,86.7,6.3,7.1,3.9,63.0,77.2,3.08,76.95,70.08,DS,Hà Nội,Male
2622,25,28.8,,49.7,6.9,7.2,2.1,65.7,97.9,3.97,99.22,81.8,SE,Cần Thơ,Female
2623,18,16.5,97.3,95.4,6.6,8.3,2.6,55.5,69.1,3.16,78.95,62.33,AI,Cần Thơ,Male
2624,28,33.2,,100.0,5.7,8.6,3.0,53.9,96.3,3.72,93.08,75.09,SE,Huế,Female
2625,23,16.6,81.9,48.7,7.0,5.2,3.9,57.3,91.5,3.54,88.62,74.41,CS,TP.HCM,Female
2626,26,16.6,94.0,75.7,6.6,7.3,4.4,52.6,76.2,2.88,71.92,64.41,SE,Cần Thơ,Male
2627,24,17.7,,78.4,6.2,7.7,2.5,46.2,71.9,2.94,73.53,59.09,CS,Đà Nẵng,Female
2628,21,31.1,65.3,93.1,6.4,6.4,1.9,52.2,86.2,3.52,88.08,69.22,CE,Hà Nội,Female
2629,30,,87.3,100.0,9.0,8.5,5.4,48.2,68.5,2.36,58.88,58.35,DS,Hà Nội,Female
2630,18,,90.0,85.7,3.0,6.7,0.0,47.2,74.1,3.15,78.87,60.64,AI,Huế,Female
2631,29,20.2,,100.0,5.2,8.6,3.8,44.1,73.8,2.73,68.36,58.93,AI,Cần Thơ,Female
2632,19,24.7,79.2,82.6,6.8,6.6,2.3,55.7,96.8,3.96,99.01,76.25,DS,Đà Nẵng,Female
2633,29,15.6,77.4,86.8,2.0,7.3,3.4,47.0,70.1,2.83,70.75,58.58,IT,Cần Thơ,Female
2634,22,15.8,76.3,84.9,9.5,7.3,2.6,53.4,80.8,2.67,66.64,67.12,CS,Huế,Male
2635,29,41.9,91.9,98.3,6.6,9.0,4.4,69.1,100.0,3.53,88.16,84.54,AI,Huế,Male
2636,28,18.1,73.2,73.7,8.4,7.9,3.1,35.9,61.2,2.23,55.63,48.57,CS,Hà Nội,Female
2637,22,22.4,82.3,92.3,8.8,6.5,0.4,51.8,70.5,3.06,76.39,61.17,CS,Huế,Female
2638,25,22.1,75.9,61.5,7.0,6.7,0.3,44.5,77.2,2.71,67.85,60.84,DS,Hà Nội,Male
2639,23,21.6,70.4,75.7,0.4,6.7,2.2,47.3,79.3,3.39,84.84,63.3,CS,TP.HCM,Female
2640,25,30.0,,70.4,,7.0,3.4,54.5,91.1,3.29,82.29,72.79,AI,Hà Nội,Female
2641,19,32.6,79.8,81.3,6.5,5.9,4.5,77.1,94.2,3.33,83.29,85.65,SE,Huế,Male
2642,20,22.6,86.9,75.3,3.3,6.9,1.5,52.4,92.6,3.76,94.12,72.52,CS,Huế,Male
2643,23,15.1,69.9,97.0,1.5,8.6,0.0,52.2,64.9,2.59,64.77,58.57,AI,Huế,Male
2644,29,35.2,77.6,66.8,7.2,8.6,3.1,60.7,86.1,3.09,77.33,73.43,CS,Cần Thơ,Female
2645,30,24.2,,54.0,2.9,5.1,2.6,55.4,85.3,3.17,79.27,70.32,AI,Hà Nội,Female
2646,27,38.8,,59.6,11.2,4.9,2.7,65.6,100.0,4.0,100.0,82.78,CE,Đà Nẵng,Female
2647,20,7.0,65.2,94.9,6.7,6.3,0.8,34.8,45.1,1.73,43.25,39.98,AI,TP.HCM,Male
2648,23,26.6,83.0,65.5,9.4,4.9,4.3,52.3,83.0,3.45,86.13,67.67,IT,Đà Nẵng,Male
2649,23,40.3,89.1,86.0,6.1,5.5,1.3,71.4,95.8,3.76,94.07,83.6,CE,Đà Nẵng,Male
2650,19,22.2,78.8,75.6,7.9,7.4,3.0,53.0,81.7,3.47,86.68,67.38,CS,Cần Thơ,Male
2651,24,23.2,93.5,92.4,6.1,7.0,2.9,66.4,80.8,3.0,75.11,73.62,SE,Đà Nẵng,Male
2652,29,27.4,76.3,76.5,8.5,4.9,3.3,55.3,81.1,3.36,84.01,68.2,DS,TP.HCM,Female
2653,19,20.5,86.5,100.0,0.9,8.4,1.4,51.3,73.2,2.68,66.9,62.27,CS,TP.HCM,Male
2654,23,22.5,79.8,100.0,8.2,6.5,1.1,54.1,91.2,3.71,92.76,72.69,SE,Cần Thơ,Male
2655,18,22.3,97.2,75.3,,6.4,3.8,60.8,84.5,3.51,87.66,72.65,CE,Đà Nẵng,Female
2656,20,20.0,78.2,73.2,5.6,8.2,3.3,52.6,68.7,2.54,63.43,60.67,DS,Hà Nội,Female
2657,19,,81.5,100.0,5.0,7.5,3.0,73.4,100.0,4.0,100.0,86.72,AI,Hà Nội,Male
2658,24,28.7,94.5,63.8,5.3,6.9,4.2,80.0,100.0,4.0,100.0,90.01,SE,Huế,Male
2659,21,27.0,74.7,79.2,6.7,6.4,3.0,62.6,93.0,3.82,95.45,77.78,IT,Huế,Female
2660,25,31.5,85.7,80.3,9.0,7.7,1.9,64.3,99.9,3.85,96.21,82.11,CE,Đà Nẵng,Female
2661,23,22.9,66.8,80.0,4.7,6.5,3.3,37.2,62.2,2.41,60.35,49.67,IT,TP.HCM,Male
2662,29,18.8,74.1,53.9,1.7,6.7,3.2,60.6,84.9,3.74,93.46,72.76,CE,Huế,Male
2663,27,20.2,88.8,87.4,12.2,5.6,3.2,62.7,85.9,3.26,81.44,74.26,AI,Huế,Female
2664,21,25.0,75.1,65.4,7.7,8.4,1.2,66.5,81.2,3.28,81.91,73.87,DS,Hà Nội,Male
2665,22,16.5,79.6,100.0,5.0,8.9,1.0,55.3,75.0,2.96,73.95,65.14,DS,Huế,Male
2666,30,21.0,89.9,58.2,9.0,7.3,3.8,47.1,74.1,3.03,75.75,60.59,IT,Hà Nội,Female
2667,30,20.9,79.2,80.9,8.3,6.4,2.3,45.3,62.0,2.76,69.0,53.64,IT,Hà Nội,Female
2668,26,42.0,,46.8,7.2,8.1,0.0,62.3,100.0,3.88,97.04,81.15,CS,Hà Nội,Male
2669,24,2.8,87.2,47.7,4.8,7.7,0.4,40.8,40.9,1.71,42.73,40.85,CE,Đà Nẵng,Female
2670,27,23.6,89.4,67.4,7.7,6.5,0.5,50.8,100.0,4.0,100.0,75.41,AI,Hà Nội,Female
2671,26,38.8,97.4,69.5,8.7,8.4,4.1,75.2,100.0,3.93,98.34,87.58,SE,Hà Nội,Female
2672,24,26.0,88.2,100.0,1.7,6.5,2.4,53.4,89.3,3.4,85.05,71.36,CE,Đà Nẵng,Female
2673,29,31.0,100.0,79.4,6.6,5.5,2.6,60.8,100.0,4.0,100.0,80.41,CS,Huế,Male
2674,18,25.8,94.1,99.4,6.7,6.9,2.0,60.4,82.3,3.3,82.4,71.37,CS,Hà Nội,Female
2675,29,19.7,79.8,74.3,6.7,8.3,0.9,48.1,72.9,2.59,64.66,60.49,CS,Hà Nội,Male
2676,25,7.1,,89.1,6.1,7.1,3.6,38.2,60.5,2.26,56.59,49.35,DS,Hà Nội,Female
2677,21,26.6,87.6,69.1,9.0,5.6,3.5,44.5,77.5,3.25,81.17,61.04,DS,Đà Nẵng,Female
2678,20,18.8,81.1,68.1,5.5,6.5,1.4,58.2,86.1,3.36,83.9,72.19,CE,Hà Nội,Female
2679,30,18.6,87.8,52.7,6.0,8.4,4.6,45.2,63.8,2.64,66.12,54.51,DS,Cần Thơ,Female
2680,24,21.0,96.1,85.0,6.8,7.3,3.6,52.3,83.4,3.12,78.12,67.84,CE,Hà Nội,Female
2681,29,39.0,89.6,83.9,5.6,7.0,1.2,64.9,91.6,3.69,92.25,78.24,CE,Hà Nội,Male
2682,20,44.2,,91.7,,6.8,2.1,57.7,100.0,4.0,100.0,78.86,CE,Huế,Male
2683,25,26.7,95.9,83.2,6.5,8.3,1.9,61.6,93.6,3.8,95.07,77.58,DS,Huế,Female
2684,23,21.3,90.2,100.0,6.6,8.2,3.0,65.0,100.0,3.92,98.11,82.52,SE,Huế,Female
2685,22,15.6,74.7,82.6,5.1,5.3,0.4,55.1,66.6,2.69,67.37,60.83,CE,TP.HCM,Male
2686,21,,83.2,94.9,5.7,8.1,1.4,56.2,87.3,3.87,96.76,71.75,DS,Huế,Female
2687,25,39.3,85.7,75.1,0.0,7.6,3.7,75.2,100.0,4.0,100.0,87.61,SE,Huế,Female
2688,25,23.0,92.0,66.4,9.0,8.9,0.1,43.1,93.6,4.0,100.0,68.3,AI,Huế,Male
2689,29,6.0,91.4,90.8,8.3,6.9,2.2,49.4,58.5,2.3,57.61,53.95,CE,Huế,Male
2690,18,30.4,86.7,78.7,2.7,8.4,0.7,55.3,93.1,3.21,80.17,74.21,CS,Huế,Male
2691,26,32.9,86.2,92.5,,7.6,3.9,69.9,96.5,4.0,100.0,83.16,IT,Huế,Male
2692,22,12.3,92.2,85.3,9.6,5.7,3.0,48.3,68.4,3.13,78.25,58.38,CS,TP.HCM,Female
2693,21,26.4,76.4,68.1,3.1,8.2,0.3,47.2,80.9,3.26,81.56,64.06,CE,Hà Nội,Female
2694,23,28.6,100.0,96.1,7.2,8.0,0.9,63.3,100.0,3.89,97.15,81.66,SE,TP.HCM,Male
2695,23,24.4,64.5,66.9,4.8,6.2,2.5,53.0,88.3,3.55,88.73,70.64,DS,TP.HCM,Male
2696,19,,99.6,89.4,7.0,7.3,0.0,55.7,71.6,3.1,77.43,63.66,SE,Cần Thơ,Male
2697,25,33.1,84.5,99.2,6.1,9.5,0.8,56.5,100.0,4.0,100.0,78.26,CE,Cần Thơ,Male
2698,24,21.8,95.0,74.2,5.3,6.4,1.3,46.8,90.8,3.5,87.46,68.82,CE,Đà Nẵng,Female
2699,18,13.1,88.6,97.3,7.0,7.9,4.4,52.7,73.5,2.74,68.57,63.12,IT,Hà Nội,Male
2700,22,8.6,88.5,86.0,4.8,5.7,1.6,44.2,72.7,3.05,76.25,58.45,CE,Huế,Female
2701,29,35.1,90.5,92.8,1.5,6.3,3.5,69.2,92.4,4.0,100.0,80.79,CS,Huế,Female
2702,23,29.9,93.1,67.4,3.7,8.0,1.8,65.6,100.0,3.77,94.15,82.79,CS,Đà Nẵng,Male
2703,21,25.7,81.7,83.2,3.4,7.3,3.6,61.8,96.4,3.98,99.56,79.14,CE,Huế,Female
2704,19,21.5,95.3,58.9,,6.8,0.2,67.5,84.2,3.5,87.6,75.85,CE,Đà Nẵng,Male
2705,30,,74.2,100.0,6.9,9.0,1.4,53.2,65.6,2.4,60.03,59.42,CE,Hà Nội,Male
2706,21,16.4,84.9,49.8,5.6,5.9,2.3,42.6,79.0,3.32,83.0,60.77,AI,Huế,Female
2707,18,21.5,93.4,74.7,6.9,6.8,2.8,49.4,77.2,3.5,87.42,63.3,SE,TP.HCM,Female
2708,24,8.0,95.0,66.0,7.3,7.6,3.0,43.1,59.0,2.55,63.82,51.07,AI,Đà Nẵng,Male
2709,19,19.1,89.6,90.1,7.9,6.0,2.8,54.4,63.8,2.48,61.94,59.06,DS,Huế,Female
2710,30,22.5,81.1,100.0,7.0,7.6,3.3,64.4,79.8,2.92,72.94,72.07,AI,Hà Nội,Female
2711,19,29.9,94.0,89.8,3.6,8.3,2.5,60.5,88.9,3.65,91.14,74.68,CS,TP.HCM,Female
2712,26,24.7,78.3,100.0,7.4,6.9,2.8,67.9,72.5,2.87,71.8,70.19,CS,Đà Nẵng,Female
2713,22,31.4,100.0,59.3,6.6,6.2,1.0,76.8,100.0,4.0,100.0,88.39,CS,Cần Thơ,Female
2714,19,35.8,84.2,60.5,11.5,6.6,0.1,67.7,100.0,3.94,98.5,83.85,CE,Cần Thơ,Female
2715,28,,69.6,66.6,6.0,3.8,0.8,65.3,96.3,3.67,91.72,80.78,DS,Cần Thơ,Male
2716,26,28.8,73.1,81.8,7.0,8.2,0.0,54.1,72.1,2.9,72.46,63.09,CE,TP.HCM,Female
2717,26,25.1,85.4,64.6,5.8,7.3,2.8,69.2,93.2,3.96,99.02,81.22,SE,Huế,Male
2718,18,17.2,86.4,68.7,6.1,6.8,3.9,46.0,77.8,3.28,81.92,61.95,CS,Huế,Female
2719,28,30.9,100.0,89.3,6.0,5.0,1.1,72.2,100.0,3.94,98.59,86.1,CE,Huế,Male
2720,20,38.4,74.6,61.4,4.9,8.3,4.0,57.3,96.1,3.61,90.2,76.68,IT,Hà Nội,Female
2721,21,27.7,85.4,63.0,6.4,6.5,3.2,63.4,84.2,3.31,82.75,73.8,SE,Đà Nẵng,Male
2722,24,40.3,74.4,74.0,7.6,7.7,1.7,74.8,100.0,3.94,98.42,87.39,AI,Hà Nội,Male
2723,27,12.8,80.1,75.4,5.0,7.0,2.0,53.4,73.6,2.93,73.3,63.49,SE,TP.HCM,Female
2724,21,15.8,100.0,95.2,8.1,5.1,4.2,48.3,77.7,3.5,87.56,62.99,DS,Hà Nội,Male
2725,19,31.8,73.6,66.5,,8.5,0.0,57.9,100.0,3.94,98.45,78.95,DS,Đà Nẵng,Male
2726,24,27.1,90.9,69.2,3.8,8.3,4.2,70.5,92.4,3.72,93.06,81.45,SE,Huế,Male
2727,23,35.5,88.9,88.7,3.6,7.9,3.8,61.2,88.6,3.7,92.52,74.9,CE,TP.HCM,Male
2728,20,24.9,84.8,92.0,7.1,7.4,1.6,52.8,96.8,3.97,99.37,74.83,AI,TP.HCM,Female
2729,23,18.1,90.2,100.0,4.5,5.6,2.4,63.4,66.4,2.95,73.77,64.9,CS,Cần Thơ,Female
2730,28,23.3,73.4,87.0,3.4,8.0,4.9,53.0,74.2,2.86,71.45,63.59,CS,TP.HCM,Female
2731,23,12.7,100.0,82.0,10.3,9.6,0.5,49.1,66.1,2.51,62.83,57.64,CE,Hà Nội,Female
2732,29,16.0,100.0,88.6,3.6,7.1,2.2,65.8,82.4,3.22,80.55,74.08,CE,TP.HCM,Female
2733,22,32.8,85.5,76.0,2.2,7.2,3.5,57.6,92.6,3.52,87.95,75.08,AI,TP.HCM,Male
2734,21,,100.0,75.9,4.0,5.7,2.8,58.5,90.1,3.61,90.36,74.29,CE,Đà Nẵng,Male
2735,27,27.9,,53.4,6.6,4.5,2.6,59.4,96.5,3.89,97.31,77.98,CE,Huế,Female
2736,29,11.2,89.0,93.4,6.2,6.6,5.2,47.0,65.2,2.54,63.55,56.12,AI,TP.HCM,Male
2737,18,22.1,99.3,83.2,10.7,8.8,0.8,50.7,93.9,3.87,96.64,72.28,CS,TP.HCM,Female
2738,27,15.2,80.4,91.7,4.1,8.6,0.9,54.5,63.0,2.64,65.9,58.76,SE,Hà Nội,Male
2739,23,34.4,,37.8,6.6,6.9,0.0,61.6,85.2,3.26,81.56,73.41,AI,Hà Nội,Male
2740,19,20.3,68.9,79.3,8.8,7.5,0.9,51.1,64.3,2.69,67.21,57.7,DS,Cần Thơ,Male
2741,30,16.3,100.0,67.2,4.4,5.5,1.5,52.2,82.5,3.07,76.76,67.37,DS,Hà Nội,Male
2742,20,25.2,79.7,100.0,7.8,7.1,3.0,48.0,94.0,3.57,89.34,71.01,DS,TP.HCM,Female
2743,25,19.9,83.1,89.2,1.4,6.4,3.9,46.3,71.7,3.15,78.85,58.97,CS,Hà Nội,Female
2744,27,36.9,73.9,83.5,10.4,7.1,1.1,51.9,74.6,2.94,73.5,63.25,SE,Huế,Female
2745,23,19.1,94.5,73.5,8.5,6.7,2.3,62.1,87.3,3.45,86.3,74.68,AI,Đà Nẵng,Female
2746,20,13.8,77.2,86.0,4.3,6.6,4.6,46.9,71.1,3.18,79.39,59.0,CE,Đà Nẵng,Female
2747,24,7.8,80.1,66.1,,8.2,2.2,50.3,53.8,2.19,54.64,52.04,CS,Cần Thơ,Female
2748,21,24.8,88.0,78.5,9.3,9.4,3.3,53.4,88.5,3.49,87.23,70.96,CS,Cần Thơ,Female
2749,26,20.5,74.4,71.3,2.8,6.8,4.2,60.1,84.2,3.19,79.65,72.15,CS,Cần Thơ,Female
2750,22,13.6,83.2,100.0,4.5,8.7,1.1,35.5,47.4,1.99,49.7,41.46,CE,Đà Nẵng,Female
2751,20,,99.0,100.0,9.4,5.5,0.8,73.0,100.0,4.0,100.0,86.51,SE,Huế,Female
2752,19,30.3,89.3,95.9,6.2,6.9,4.9,60.6,100.0,3.99,99.66,80.28,CS,TP.HCM,Male
2753,28,24.8,86.3,57.6,7.1,5.4,3.4,46.1,78.1,3.38,84.56,62.13,DS,Huế,Male
2754,19,35.9,87.1,93.0,6.2,6.6,0.5,43.8,98.2,3.9,97.47,71.02,DS,TP.HCM,Female
2755,20,30.3,81.1,82.8,8.2,7.9,0.9,63.7,100.0,3.85,96.22,81.83,AI,Hà Nội,Female
2756,19,,100.0,98.4,7.3,8.3,2.2,61.2,78.8,3.06,76.4,70.03,AI,Đà Nẵng,Male
2757,21,16.7,76.9,84.8,6.3,6.1,4.6,49.5,79.1,3.02,75.41,64.32,SE,Đà Nẵng,Female
2758,19,31.5,87.1,79.9,0.7,7.5,4.0,66.2,98.1,4.0,100.0,82.17,AI,Cần Thơ,Male
2759,27,28.2,86.2,83.5,7.6,8.5,4.1,62.4,81.4,3.48,87.1,71.92,IT,Đà Nẵng,Male
2760,26,26.4,95.1,52.9,7.8,8.3,1.8,59.4,76.2,3.13,78.13,67.81,CS,Hà Nội,Male
2761,19,,,68.5,2.9,7.3,2.5,60.3,88.0,3.05,76.14,74.13,DS,Huế,Female
2762,26,29.9,84.7,85.6,3.1,6.3,1.3,49.0,77.0,3.38,84.41,63.02,IT,Hà Nội,Female
2763,30,,87.9,97.1,,6.2,1.9,53.1,85.7,3.35,83.75,69.4,SE,Huế,Female
2764,23,24.2,88.3,71.7,6.5,6.0,0.8,61.5,70.0,2.67,66.86,65.73,CE,Cần Thơ,Female
2765,18,36.6,62.3,79.4,1.1,7.0,1.2,58.4,93.1,3.66,91.46,75.78,SE,Huế,Female
2766,21,19.7,69.1,56.0,3.9,6.0,1.4,52.1,70.3,2.82,70.46,61.16,CS,Huế,Female
2767,18,12.4,78.9,100.0,6.8,7.8,2.3,37.3,75.0,3.09,77.16,56.17,CE,Huế,Female
2768,23,16.6,79.4,96.7,7.7,7.3,3.1,49.9,72.9,3.13,78.32,61.4,AI,Cần Thơ,Female
2769,30,33.0,73.0,89.8,4.5,7.2,5.0,55.3,93.7,3.85,96.3,74.46,IT,Đà Nẵng,Female
2770,21,27.0,92.5,86.1,5.6,4.8,2.0,55.3,85.6,3.43,85.71,70.42,AI,Đà Nẵng,Female
2771,20,24.0,85.0,100.0,3.8,7.0,3.4,60.0,83.4,3.26,81.58,71.73,CE,Đà Nẵng,Female
2772,20,20.9,82.9,67.9,9.3,6.4,2.2,39.9,81.6,3.09,77.2,60.75,IT,TP.HCM,Male
2773,26,28.9,72.4,66.3,6.4,9.6,3.9,49.3,82.2,3.36,84.09,65.77,CS,TP.HCM,Male
2774,23,18.2,84.6,95.9,4.3,5.5,0.6,56.8,70.6,2.93,73.22,63.67,SE,TP.HCM,Male
2775,26,27.4,58.7,94.9,3.1,6.8,1.7,53.2,87.7,3.36,83.89,70.46,SE,Hà Nội,Female
2776,30,19.1,83.4,62.1,2.8,7.5,3.5,46.4,87.1,3.27,81.79,66.71,CS,Đà Nẵng,Male
2777,22,17.8,85.6,72.0,,5.8,3.4,54.6,88.1,3.68,92.05,71.36,SE,Huế,Female
2778,19,19.9,87.4,100.0,5.6,9.3,3.4,44.7,85.3,3.33,83.2,65.02,SE,Cần Thơ,Female
2779,25,22.0,69.4,86.2,5.0,9.3,4.6,43.4,68.7,2.51,62.86,56.03,DS,Cần Thơ,Female
2780,22,24.6,,91.8,5.5,6.0,0.0,55.0,77.4,2.91,72.65,66.19,CE,TP.HCM,Female
2781,19,26.9,74.6,62.6,4.4,6.3,0.6,55.3,74.4,3.08,76.98,64.85,AI,Hà Nội,Male
2782,21,0.0,76.9,89.8,5.7,9.6,3.3,31.0,34.0,1.67,41.84,32.47,CE,TP.HCM,Female
2783,26,18.5,92.2,58.7,6.1,8.7,3.7,50.8,76.5,3.26,81.56,63.62,CS,TP.HCM,Male
2784,21,21.9,100.0,50.3,6.0,6.6,3.5,66.4,100.0,3.62,90.61,83.2,AI,Huế,Male
2785,30,37.0,85.5,90.9,2.8,7.5,6.6,65.3,87.3,3.47,86.85,76.33,SE,Đà Nẵng,Female
2786,29,16.4,76.8,100.0,8.2,5.3,1.1,40.2,66.9,2.84,70.99,53.54,AI,TP.HCM,Female
2787,29,26.3,86.9,76.2,4.6,9.6,3.1,57.9,84.7,3.09,77.32,71.32,CS,Cần Thơ,Female
2788,29,37.0,94.4,71.8,4.4,7.1,2.4,51.0,89.2,3.89,97.34,70.11,AI,Đà Nẵng,Female
2789,30,14.5,91.2,100.0,4.2,7.7,3.4,61.6,74.9,2.64,65.9,68.28,CS,Hà Nội,Male
2790,21,28.2,100.0,77.1,3.4,5.9,3.1,52.2,100.0,4.0,100.0,76.11,CS,Đà Nẵng,Male
2791,19,18.6,77.8,79.0,,5.6,1.7,52.2,76.0,2.97,74.21,64.06,DS,Hà Nội,Male
2792,30,,87.5,100.0,8.2,7.5,3.1,55.1,85.4,3.46,86.53,70.25,DS,TP.HCM,Female
2793,29,18.6,100.0,74.7,4.2,9.3,2.6,48.1,87.4,3.51,87.86,67.75,CE,TP.HCM,Female
2794,23,19.1,99.9,70.2,1.4,6.4,2.7,64.1,88.9,3.38,84.56,76.51,AI,Đà Nẵng,Male
2795,30,46.8,65.5,92.2,3.4,5.8,4.2,85.3,100.0,4.0,100.0,92.67,AI,Hà Nội,Male
2796,28,31.8,85.0,69.3,4.9,7.4,6.2,56.0,91.7,3.62,90.6,73.84,IT,TP.HCM,Male
2797,19,33.8,99.8,77.8,2.9,9.0,0.0,70.7,96.8,3.99,99.75,83.75,CE,Đà Nẵng,Male
2798,29,28.9,100.0,60.2,4.5,6.2,4.4,54.3,92.7,3.58,89.42,73.48,DS,Hà Nội,Female
2799,24,12.1,92.0,82.8,4.6,6.7,3.5,57.8,74.0,2.91,72.82,65.94,DS,Huế,Female
2800,20,28.2,81.3,81.0,6.0,8.0,1.4,67.8,100.0,4.0,100.0,83.9,AI,TP.HCM,Female
2801,20,33.6,74.9,94.5,2.4,8.1,2.0,69.0,93.8,3.61,90.22,81.41,DS,Cần Thơ,Male
2802,22,18.2,100.0,92.9,7.5,6.7,3.8,41.2,72.7,3.14,78.59,56.97,CE,Cần Thơ,Male
2803,20,32.7,92.3,88.3,10.2,8.3,2.6,59.3,84.5,3.44,85.99,71.91,CS,TP.HCM,Male
2804,19,30.6,76.5,85.9,9.6,7.6,2.4,55.5,93.3,4.0,100.0,74.4,DS,Đà Nẵng,Male
2805,27,39.8,,78.9,4.5,7.0,1.5,62.8,91.6,3.63,90.81,77.23,DS,Đà Nẵng,Female
2806,26,21.7,88.1,89.1,7.7,8.1,1.4,64.4,81.6,3.32,83.0,73.03,CS,Huế,Female
2807,19,16.2,90.4,63.3,7.4,7.9,1.1,37.1,63.8,2.51,62.71,50.49,CS,Huế,Female
2808,28,22.1,76.0,44.8,5.9,5.7,1.7,55.9,86.1,3.44,86.11,70.99,DS,Cần Thơ,Male
2809,19,36.5,78.9,97.4,6.4,8.8,2.3,69.8,100.0,4.0,100.0,84.89,IT,Đà Nẵng,Male
2810,30,10.4,68.5,90.1,7.7,7.4,3.0,37.8,61.8,2.8,69.91,49.8,AI,Cần Thơ,Male
2811,25,8.5,95.4,78.1,8.2,8.7,1.3,49.4,74.9,3.28,82.03,62.16,CS,Cần Thơ,Female
2812,26,25.7,81.6,96.1,4.0,7.1,3.6,59.8,80.5,3.38,84.4,70.16,DS,Đà Nẵng,Male
2813,24,,89.7,69.0,7.9,7.3,1.1,52.5,74.2,2.76,68.89,63.36,SE,Cần Thơ,Male
2814,20,25.1,99.2,69.4,10.2,7.5,3.7,66.8,79.5,3.11,77.66,73.17,IT,Đà Nẵng,Female
2815,26,32.6,87.2,67.3,8.2,7.7,1.2,58.4,96.0,3.96,98.93,77.22,AI,TP.HCM,Male
2816,20,,83.9,88.5,9.8,8.8,5.5,61.2,74.4,2.81,70.37,67.77,IT,Hà Nội,Female
2817,22,10.0,86.9,56.3,0.0,7.6,3.5,46.5,68.3,2.73,68.2,57.41,CS,Đà Nẵng,Male
2818,26,41.4,85.6,68.5,7.5,7.0,3.8,66.5,100.0,4.0,100.0,83.26,CE,TP.HCM,Male
2819,29,17.0,97.5,84.3,6.7,8.2,2.2,50.7,85.0,3.76,94.12,67.86,CS,TP.HCM,Male
2820,20,16.5,88.1,61.9,8.6,7.5,3.4,40.2,70.6,2.79,69.85,55.42,AI,TP.HCM,Female
2821,24,33.8,79.6,70.1,3.2,10.0,0.6,59.6,95.4,3.5,87.49,77.47,DS,Huế,Male
2822,29,,95.5,46.8,4.7,7.3,1.0,47.3,81.3,3.41,85.17,64.33,CS,Cần Thơ,Male
2823,18,24.5,97.3,89.1,8.3,8.5,2.0,60.0,100.0,4.0,100.0,79.98,SE,TP.HCM,Male
2824,21,28.9,71.6,69.7,3.4,8.1,4.8,64.1,82.8,3.77,94.19,73.47,SE,Huế,Female
2825,21,33.7,100.0,63.5,6.6,4.5,4.0,68.7,100.0,3.91,97.8,84.34,DS,Huế,Male
2826,24,22.3,88.6,60.6,6.0,6.1,0.0,49.7,79.6,2.91,72.73,64.64,SE,Cần Thơ,Female
2827,25,37.2,87.8,73.7,5.5,6.5,1.0,64.1,96.3,3.92,98.04,80.17,SE,TP.HCM,Female
2828,18,7.9,95.1,56.3,7.4,5.2,2.4,47.3,62.4,2.6,65.01,54.83,CE,Hà Nội,Male
2829,22,,79.3,100.0,3.2,6.5,4.4,62.7,92.0,3.79,94.86,77.32,IT,Đà Nẵng,Female
2830,24,18.3,94.5,44.2,4.0,5.4,2.9,65.2,74.2,2.89,72.19,69.69,IT,Hà Nội,Female
2831,29,36.0,81.2,73.2,5.7,5.7,0.0,68.8,100.0,4.0,100.0,84.42,SE,TP.HCM,Male
2832,21,26.1,70.3,81.6,3.0,7.3,0.7,56.3,87.9,3.54,88.45,72.08,SE,Đà Nẵng,Female
2833,30,19.6,75.0,68.4,9.1,9.3,3.6,51.7,82.4,3.19,79.63,67.1,SE,Đà Nẵng,Male
2834,21,30.3,90.7,83.2,4.0,5.4,2.8,58.7,91.9,3.46,86.4,75.3,SE,Đà Nẵng,Male
2835,21,32.1,75.5,68.0,8.0,5.5,2.7,60.4,88.9,3.49,87.27,74.66,CS,Huế,Male
2836,29,30.1,100.0,100.0,3.8,6.4,4.2,68.0,97.4,3.88,97.04,82.68,DS,Huế,Male
2837,23,16.8,96.9,63.2,7.8,6.8,2.0,46.8,70.1,2.94,73.5,58.43,CS,Hà Nội,Male
2838,24,21.1,98.3,44.7,2.0,5.1,3.5,58.7,95.5,3.82,95.39,77.11,AI,Cần Thơ,Female
2839,19,25.0,86.2,60.5,9.5,6.2,5.0,55.8,95.4,3.71,92.8,75.6,AI,Cần Thơ,Female
2840,22,24.7,87.6,85.8,,6.1,2.8,69.5,94.8,3.9,97.45,82.14,DS,Huế,Male
2841,21,31.0,73.1,78.2,4.6,7.4,1.2,61.4,100.0,3.99,99.64,80.71,DS,Hà Nội,Female
2842,30,8.9,95.0,91.3,3.9,7.5,1.9,48.4,86.2,3.31,82.74,67.29,SE,Đà Nẵng,Male
2843,20,27.7,88.8,87.5,7.1,6.8,1.1,52.7,100.0,4.0,100.0,76.33,DS,TP.HCM,Female
2844,24,22.7,90.7,70.5,,6.5,0.0,66.6,85.0,3.53,88.37,75.81,SE,TP.HCM,Male
2845,28,18.3,100.0,72.7,6.1,6.1,1.3,57.5,63.4,2.52,62.94,60.45,CE,Cần Thơ,Male
2846,29,19.1,78.9,74.2,4.0,7.1,3.5,61.4,84.1,3.69,92.35,72.73,CS,Đà Nẵng,Female
2847,23,23.3,83.7,100.0,,5.8,2.5,53.6,84.9,3.64,91.03,69.25,AI,Cần Thơ,Male
2848,24,0.0,88.3,90.4,4.4,8.9,4.5,38.2,51.3,2.16,53.89,44.75,IT,Hà Nội,Female
2849,22,19.4,75.6,100.0,4.0,5.2,2.7,40.6,67.6,2.63,65.77,54.1,CS,Cần Thơ,Female
2850,30,18.0,83.1,92.6,10.3,6.2,3.8,64.8,90.3,3.25,81.21,77.55,AI,TP.HCM,Male
2851,23,29.3,89.9,79.0,8.0,8.0,0.0,63.2,82.1,3.04,76.0,72.64,CE,Hà Nội,Male
2852,22,18.6,81.7,64.7,2.3,6.5,1.8,65.1,92.7,3.89,97.13,78.89,IT,Hà Nội,Female
2853,24,23.3,98.1,83.0,3.8,7.8,2.1,54.6,100.0,3.82,95.38,77.28,IT,TP.HCM,Female
2854,19,37.3,69.9,79.1,8.1,9.1,1.3,67.0,99.7,4.0,100.0,83.35,DS,Cần Thơ,Male
2855,28,33.0,96.2,78.6,8.4,8.0,4.8,71.6,100.0,3.82,95.53,85.8,CE,Hà Nội,Female
2856,22,32.2,91.6,76.9,2.5,5.6,0.0,65.4,89.6,3.55,88.69,77.48,CS,Cần Thơ,Female
2857,23,21.0,79.3,49.2,7.7,5.6,2.3,50.2,84.3,3.28,81.89,67.22,DS,Đà Nẵng,Male
2858,23,,75.8,98.9,6.7,6.8,4.2,54.8,95.8,4.0,100.0,75.33,IT,Hà Nội,Female
2859,22,23.1,64.2,79.2,1.1,7.5,3.6,49.4,79.5,3.36,84.0,64.42,CS,TP.HCM,Male
2860,27,23.4,77.0,58.8,5.0,8.4,1.9,74.2,78.1,2.8,69.97,76.11,CE,TP.HCM,Male
2861,24,28.3,95.5,87.2,5.7,6.1,1.1,55.9,78.9,3.42,85.62,67.37,IT,Cần Thơ,Male
2862,27,20.2,84.4,67.2,6.1,6.4,4.1,37.9,69.6,2.73,68.28,53.76,AI,Huế,Female
2863,25,36.9,96.6,88.4,2.7,6.7,1.7,67.5,100.0,4.0,100.0,83.74,IT,Đà Nẵng,Female
2864,24,,78.8,93.2,4.1,6.7,1.3,54.8,89.4,3.84,95.97,72.09,IT,Huế,Male
2865,22,29.9,92.1,95.3,4.4,8.8,4.0,58.9,91.0,3.53,88.18,74.96,SE,Cần Thơ,Female
2866,18,,77.8,77.6,4.7,6.9,3.0,59.5,100.0,4.0,100.0,79.75,AI,Huế,Female
2867,30,33.3,75.3,73.8,4.7,7.2,2.0,59.2,100.0,3.64,91.06,79.59,AI,Cần Thơ,Male
2868,22,13.7,83.9,70.6,5.7,8.1,3.0,38.0,68.4,2.53,63.19,53.18,AI,Đà Nẵng,Female
2869,27,28.6,78.4,69.2,6.8,8.9,3.2,71.5,99.5,3.9,97.43,85.52,DS,Cần Thơ,Male
2870,19,31.8,69.6,79.7,10.4,7.0,2.4,61.1,86.3,3.24,81.09,73.69,DS,Cần Thơ,Female
2871,30,32.1,83.2,76.9,8.2,8.5,2.7,62.5,85.3,3.12,78.1,73.9,IT,Cần Thơ,Male
2872,22,16.1,86.1,67.6,9.3,9.2,0.0,57.9,72.1,3.09,77.25,64.99,AI,Đà Nẵng,Male
2873,22,19.7,97.7,62.8,4.8,6.9,2.3,74.8,83.6,3.25,81.34,79.18,SE,Huế,Female
2874,19,33.0,94.4,78.4,3.5,6.3,1.5,60.9,100.0,4.0,100.0,80.43,IT,Cần Thơ,Male
2875,22,18.9,97.2,73.5,8.0,9.6,1.3,56.1,88.9,3.69,92.27,72.48,CE,Huế,Male
2876,30,22.6,92.2,62.9,6.0,8.3,1.5,61.8,70.6,3.04,76.01,66.18,AI,TP.HCM,Female
2877,21,37.6,88.3,92.5,7.8,7.0,1.8,71.6,100.0,4.0,100.0,85.82,AI,TP.HCM,Male
2878,18,24.6,72.7,100.0,3.8,7.8,2.1,61.2,68.5,2.56,64.09,64.8,DS,TP.HCM,Female
2879,20,19.2,86.5,94.4,7.6,5.7,2.7,59.2,71.3,3.16,78.99,65.25,AI,Đà Nẵng,Female
2880,18,18.0,91.0,69.2,5.6,8.3,1.4,49.0,82.9,3.35,83.73,65.98,SE,Cần Thơ,Male
2881,29,27.7,99.6,79.2,4.8,4.8,3.3,69.6,83.4,3.37,84.22,76.51,AI,Cần Thơ,Male
2882,28,14.3,91.9,100.0,5.1,8.3,3.6,48.7,60.8,2.38,59.42,54.75,SE,Cần Thơ,Male
2883,22,23.0,97.4,62.4,7.2,6.1,3.6,59.0,78.9,3.22,80.41,68.93,IT,Hà Nội,Male
2884,21,27.7,74.7,91.7,7.9,5.0,3.9,61.6,73.6,3.25,81.33,67.59,DS,TP.HCM,Male
2885,24,35.4,81.7,58.3,5.1,4.6,1.6,58.5,85.0,3.53,88.27,71.73,AI,Đà Nẵng,Male
2886,22,30.3,89.3,100.0,6.9,6.4,2.1,64.4,94.8,4.0,100.0,79.62,IT,Huế,Female
2887,27,19.3,96.6,73.5,6.9,7.9,2.9,58.6,69.3,2.6,64.95,63.96,AI,Cần Thơ,Female
2888,21,34.4,83.5,100.0,7.8,5.3,1.9,49.2,90.0,3.52,87.88,69.6,AI,Huế,Male
2889,19,22.6,84.2,100.0,8.5,5.5,0.8,65.1,86.0,3.46,86.41,75.54,CS,Cần Thơ,Male
2890,21,15.1,91.9,78.4,10.5,6.4,1.7,44.0,77.3,3.19,79.79,60.62,CS,TP.HCM,Female
2891,29,23.6,73.7,69.2,4.8,8.0,5.0,55.8,86.4,3.52,88.12,71.11,DS,TP.HCM,Male
2892,19,36.5,100.0,82.9,9.7,8.1,1.4,78.8,100.0,4.0,100.0,89.42,DS,Hà Nội,Male
2893,25,,76.2,77.3,6.3,7.2,1.3,61.1,75.3,2.88,71.93,68.17,CE,Hà Nội,Male
2894,20,25.1,65.8,74.0,3.3,8.2,1.7,61.5,70.4,2.91,72.75,65.96,IT,Cần Thơ,Male
2895,26,38.1,,55.1,4.4,7.8,3.3,74.7,100.0,4.0,100.0,87.33,IT,Huế,Male
2896,30,13.5,100.0,72.3,7.2,6.5,3.0,46.5,75.4,2.93,73.35,60.91,CS,Hà Nội,Female
2897,21,14.7,90.9,63.3,7.8,8.1,3.6,41.9,66.3,2.64,65.98,54.1,SE,Đà Nẵng,Male
2898,30,,92.5,88.3,3.5,5.5,6.3,51.0,60.0,2.27,56.71,55.54,SE,TP.HCM,Male
2899,23,28.0,85.4,94.9,4.1,7.6,3.7,64.1,92.2,3.75,93.66,78.16,SE,Huế,Male
2900,27,26.3,83.5,91.1,,5.6,3.8,65.5,100.0,3.74,93.41,82.77,CS,Cần Thơ,Female
2901,22,37.3,69.6,85.1,3.8,7.2,6.8,69.3,100.0,4.0,100.0,84.65,DS,Cần Thơ,Female
2902,27,,62.4,67.2,1.3,8.5,3.2,50.9,66.0,2.59,64.74,58.42,SE,TP.HCM,Male
2903,30,21.8,87.0,83.1,0.5,7.3,1.9,61.0,92.4,3.55,88.85,76.69,SE,Huế,Female
2904,18,25.0,98.1,91.9,5.0,7.0,2.0,42.7,71.5,2.51,62.85,57.13,DS,Đà Nẵng,Male
2905,26,25.9,88.4,71.2,6.6,7.3,4.1,67.3,87.5,3.43,85.76,77.4,CE,Cần Thơ,Male
2906,18,11.6,91.2,81.8,7.6,7.8,0.6,40.7,62.1,2.44,60.92,51.42,IT,TP.HCM,Male
2907,25,46.7,100.0,77.8,2.6,9.6,0.0,68.2,100.0,4.0,100.0,84.09,AI,Hà Nội,Male
2908,26,29.2,,100.0,2.6,7.8,1.3,78.8,91.7,3.62,90.62,85.22,AI,TP.HCM,Male
2909,26,26.7,,92.8,4.7,6.4,3.7,58.0,87.4,4.0,100.0,72.7,DS,TP.HCM,Male
2910,18,,76.8,89.1,6.0,6.7,3.4,57.0,79.1,2.91,72.76,68.08,IT,Hà Nội,Female
2911,19,30.7,100.0,54.2,8.5,5.9,2.3,54.4,96.2,3.97,99.25,75.27,CE,Đà Nẵng,Female
2912,29,23.9,,82.6,7.8,5.5,4.1,59.8,75.5,3.1,77.51,67.62,DS,TP.HCM,Male
2913,30,20.0,75.6,77.7,5.1,4.1,3.4,57.2,73.3,2.66,66.57,65.28,CS,TP.HCM,Male
2914,18,29.8,73.3,77.5,6.9,6.4,3.0,55.7,86.2,3.38,84.54,70.94,SE,TP.HCM,Female
2915,27,,,56.5,3.9,5.3,2.5,44.6,85.2,3.88,96.99,64.91,AI,Huế,Male
2916,19,18.5,74.6,63.7,6.2,7.1,3.8,62.3,83.3,3.23,80.66,72.78,IT,Cần Thơ,Female
2917,27,36.4,,79.0,5.8,6.4,3.6,65.1,86.9,3.88,96.97,75.98,SE,Huế,Female
2918,29,27.3,57.4,96.7,9.5,5.7,2.1,51.8,78.8,3.13,78.25,65.29,DS,TP.HCM,Male
2919,25,30.8,99.2,71.1,7.2,4.5,3.7,62.7,91.0,3.65,91.19,76.89,CS,TP.HCM,Male
2920,22,36.1,89.9,74.0,4.1,6.6,1.5,59.5,100.0,3.93,98.13,79.77,AI,Hà Nội,Male
2921,29,25.2,86.2,100.0,4.1,4.9,2.9,66.4,89.5,3.38,84.52,77.92,DS,Hà Nội,Male
2922,28,27.5,83.2,75.5,5.2,7.8,3.1,63.6,98.5,3.7,92.4,81.03,IT,Huế,Male
2923,24,31.5,100.0,78.1,2.1,7.3,2.0,67.3,99.1,3.84,96.04,83.17,DS,TP.HCM,Female
2924,19,19.2,92.1,78.3,5.4,6.7,2.7,70.5,96.0,3.99,99.79,83.29,CS,Hà Nội,Male
2925,25,25.4,76.0,59.8,,8.7,3.4,50.2,81.1,3.35,83.8,65.67,CS,Hà Nội,Male
2926,28,26.0,67.8,88.6,,7.0,0.9,64.3,74.0,2.89,72.19,69.14,CS,Đà Nẵng,Female
2927,23,17.4,86.8,70.2,7.5,7.5,2.8,34.3,61.5,2.84,70.91,47.93,CS,Đà Nẵng,Male
2928,25,43.5,85.0,79.5,6.2,7.8,5.8,75.2,100.0,3.83,95.79,87.62,DS,TP.HCM,Male
2929,18,13.7,69.8,86.7,1.9,6.4,1.3,62.7,71.7,2.96,73.97,67.2,SE,Hà Nội,Male
2930,18,14.6,84.4,100.0,2.9,6.4,4.0,40.8,73.7,2.69,67.16,57.23,AI,Huế,Female
2931,29,35.5,79.3,60.2,4.5,7.0,2.4,75.9,100.0,4.0,100.0,87.93,AI,Cần Thơ,Female
2932,24,,85.1,93.0,7.6,5.4,4.3,50.4,93.5,3.84,96.08,71.97,CE,Huế,Male
2933,25,16.8,92.3,93.0,7.5,9.1,1.4,67.0,76.6,3.02,75.58,71.79,SE,TP.HCM,Female
2934,30,29.9,99.9,70.4,5.4,7.2,2.5,58.9,100.0,4.0,100.0,79.46,IT,Cần Thơ,Female
2935,20,36.7,94.1,89.0,11.9,6.8,5.8,61.1,100.0,3.9,97.62,80.56,IT,Huế,Male
2936,22,24.8,77.8,100.0,9.9,9.5,2.2,51.2,86.7,3.66,91.39,68.98,IT,Huế,Male
2937,29,45.8,88.7,68.5,9.1,5.7,3.5,72.9,100.0,4.0,100.0,86.44,SE,Cần Thơ,Female
2938,18,11.2,85.6,83.6,7.8,8.8,3.4,45.1,68.7,2.83,70.86,56.89,DS,Đà Nẵng,Male
2939,24,30.6,71.7,86.1,7.1,8.0,0.0,58.3,83.5,3.48,87.03,70.9,AI,Huế,Female
2940,22,34.3,89.0,88.0,7.0,8.3,3.2,66.5,90.0,3.71,92.74,78.22,DS,TP.HCM,Male
2941,25,32.1,100.0,91.5,1.5,6.8,0.6,65.9,100.0,3.92,97.95,82.95,AI,Huế,Female
2942,30,23.4,85.3,82.5,3.4,7.1,3.4,55.4,79.0,3.23,80.76,67.17,AI,Hà Nội,Female
2943,25,22.7,69.1,87.7,,6.6,2.7,49.0,78.7,3.3,82.49,63.89,IT,Huế,Male
2944,26,28.6,85.3,66.3,6.3,8.2,0.8,62.4,83.9,3.31,82.87,73.16,CS,Huế,Female
2945,24,,72.9,82.5,5.7,7.5,0.7,62.4,100.0,4.0,100.0,81.2,CE,Huế,Male
2946,28,29.8,93.6,72.9,6.7,6.3,2.4,63.9,94.8,3.53,88.17,79.33,IT,TP.HCM,Female
2947,18,33.3,90.2,61.6,0.7,6.4,6.2,63.5,93.5,3.5,87.59,78.51,CS,Huế,Male
2948,30,16.8,83.3,72.4,7.3,7.0,4.9,44.9,77.9,3.13,78.35,61.43,AI,TP.HCM,Male
2949,20,23.2,81.7,84.0,6.2,6.6,3.0,55.2,80.5,3.16,78.92,67.84,CE,TP.HCM,Male
2950,25,17.5,82.9,86.5,5.5,8.7,3.3,48.5,97.8,4.0,100.0,73.14,DS,Huế,Female
2951,20,21.9,85.1,61.0,8.3,8.0,3.4,38.7,83.4,3.3,82.48,61.05,CS,Huế,Male
2952,25,33.1,,65.9,3.4,8.0,1.7,68.9,92.9,3.95,98.63,80.91,DS,Huế,Female
2953,18,25.9,71.1,90.9,5.4,7.3,1.5,57.0,82.7,3.3,82.62,69.88,DS,Huế,Female
2954,22,45.9,96.4,87.6,6.7,6.0,3.8,73.7,100.0,4.0,100.0,86.85,DS,TP.HCM,Male
2955,21,26.5,81.1,93.3,3.9,7.8,1.6,61.0,79.0,3.08,76.93,70.02,AI,TP.HCM,Male
2956,22,25.5,86.7,100.0,1.0,4.5,4.7,51.4,93.5,3.71,92.87,72.46,CE,Huế,Male
2957,25,25.8,87.9,88.1,3.1,7.2,0.5,67.8,88.3,3.39,84.66,78.04,DS,TP.HCM,Male
2958,27,19.9,88.2,73.8,5.8,6.0,1.1,62.2,80.9,3.02,75.61,71.56,DS,Hà Nội,Female
2959,21,24.5,73.3,81.7,5.4,5.9,4.6,45.7,77.6,3.29,82.25,61.64,CE,Đà Nẵng,Male
2960,28,34.0,68.2,100.0,6.0,6.4,2.1,56.0,82.4,3.51,87.73,69.18,DS,Cần Thơ,Female
2961,21,25.9,79.1,100.0,,6.9,2.3,61.4,87.8,3.7,92.43,74.57,CE,Đà Nẵng,Male
2962,20,18.7,89.0,86.9,2.7,7.0,3.5,54.2,73.8,3.17,79.36,64.0,AI,Đà Nẵng,Female
2963,24,17.6,77.7,88.0,6.3,7.9,4.2,49.7,67.5,2.74,68.56,58.6,AI,Cần Thơ,Male
2964,20,21.4,81.5,90.9,5.6,6.8,3.4,56.6,78.3,3.04,76.08,67.42,DS,Huế,Male
2965,29,25.6,100.0,80.4,7.6,6.9,2.9,45.2,79.5,3.04,75.96,62.3,CS,Đà Nẵng,Female
2966,20,34.5,66.5,97.5,4.1,5.3,3.7,54.0,75.9,2.69,67.15,64.96,CS,Huế,Female
2967,28,14.3,77.4,95.1,0.9,5.5,3.1,42.8,66.5,2.77,69.2,54.66,AI,Huế,Female
2968,27,22.4,100.0,85.3,0.0,7.3,4.1,62.6,70.2,2.83,70.79,66.35,CS,Hà Nội,Female
2969,22,26.2,84.6,75.2,5.0,7.8,6.8,41.1,60.5,2.5,62.42,50.84,DS,TP.HCM,Male
2970,22,10.3,77.9,57.2,6.3,6.7,3.3,45.8,62.4,2.62,65.46,54.12,IT,Cần Thơ,Female
2971,23,18.3,96.7,91.0,5.4,8.1,1.2,50.4,77.5,3.38,84.46,63.97,SE,Cần Thơ,Male
2972,25,19.6,85.6,83.2,4.6,5.3,4.1,57.4,81.0,3.17,79.35,69.19,DS,Cần Thơ,Female
2973,27,18.6,81.5,68.9,2.0,7.5,2.3,57.3,82.5,3.39,84.87,69.87,CE,TP.HCM,Male
2974,23,26.5,86.9,63.1,1.3,6.0,3.0,70.7,76.8,2.97,74.33,73.75,SE,Cần Thơ,Female
2975,29,23.7,78.4,89.9,6.9,5.9,3.0,45.7,72.1,2.54,63.55,58.91,IT,Đà Nẵng,Male
2976,18,20.6,74.8,56.0,5.4,6.1,1.6,45.5,69.2,2.73,68.3,57.33,DS,Cần Thơ,Female
2977,25,28.4,83.9,84.5,5.1,6.9,1.9,59.3,92.0,3.97,99.35,75.65,SE,Hà Nội,Male
2978,25,38.8,74.9,92.7,2.1,7.5,0.0,75.9,100.0,3.96,99.08,87.95,DS,Huế,Male
2979,26,38.1,85.1,88.2,3.6,7.4,2.3,69.6,100.0,3.82,95.56,84.82,SE,Huế,Female
2980,26,9.6,88.5,74.1,6.1,6.7,3.3,46.3,65.0,2.68,66.93,55.65,IT,Hà Nội,Male
2981,19,29.6,93.5,61.3,6.7,7.8,2.5,70.4,95.9,4.0,100.0,83.14,CS,TP.HCM,Female
2982,19,23.6,96.3,88.8,,9.0,1.8,54.1,78.6,3.25,81.19,66.39,SE,TP.HCM,Male
2983,20,26.2,80.9,98.0,9.4,6.9,3.1,65.6,88.9,3.83,95.67,77.25,AI,Cần Thơ,Female
2984,18,21.8,90.0,71.4,4.6,7.1,1.1,67.9,70.7,2.64,65.99,69.27,SE,Cần Thơ,Female
2985,21,25.9,89.9,87.6,9.2,6.3,0.9,56.8,89.9,3.87,96.86,73.36,CS,Đà Nẵng,Female
2986,21,26.2,88.3,100.0,6.5,6.5,3.3,46.3,94.1,3.35,83.87,70.21,CE,Huế,Male
2987,26,20.4,80.2,85.1,6.3,8.5,3.4,53.4,74.0,2.56,63.89,63.72,CS,Cần Thơ,Female
2988,26,17.8,74.7,74.0,8.3,8.5,3.3,61.9,92.3,3.4,84.99,77.11,CE,Hà Nội,Male
2989,26,21.4,90.0,95.6,4.4,6.8,2.0,58.3,88.1,3.62,90.47,73.17,SE,TP.HCM,Female
2990,27,26.9,67.9,68.9,5.2,7.6,4.1,45.0,88.4,3.23,80.83,66.7,IT,Cần Thơ,Female
2991,24,29.8,82.3,60.5,2.9,8.1,0.8,69.2,98.0,3.79,94.81,83.61,AI,TP.HCM,Male
2992,19,31.8,59.5,92.2,8.3,6.5,2.1,63.8,92.1,3.6,90.03,77.95,IT,Huế,Male
2993,27,21.0,71.6,73.9,6.8,5.4,3.6,59.0,78.3,3.28,82.04,68.67,CS,Đà Nẵng,Female
2994,22,27.3,76.2,75.3,8.7,7.8,3.8,65.4,75.3,3.27,81.73,70.36,IT,TP.HCM,Female
2995,21,32.7,96.0,70.6,6.5,8.1,1.3,59.9,82.6,3.48,87.09,71.21,DS,TP.HCM,Male
2996,29,34.3,91.9,72.9,8.8,7.9,5.7,72.5,100.0,3.71,92.85,86.23,CE,Cần Thơ,Male
2997,28,24.5,79.5,100.0,4.1,6.6,2.3,50.5,75.5,3.06,76.39,62.99,IT,Cần Thơ,Male
2998,25,23.2,92.3,100.0,8.5,8.8,2.6,47.4,76.9,3.0,75.0,62.13,SE,Huế,Male
2999,19,26.5,93.9,100.0,5.0,7.3,4.0,52.8,77.1,3.05,76.33,64.95,DS,Đà Nẵng,Female
3000,23,15.8,83.4,96.4,6.0,5.6,4.8,54.6,81.6,3.25,81.31,68.1,SE,Cần Thơ,Female
3001,30,23.5,71.2,87.0,7.8,5.1,2.6,50.2,68.2,2.63,65.87,59.19,CS,Đà Nẵng,Male
3002,22,31.0,82.9,58.5,11.8,6.6,4.3,71.7,87.6,3.36,83.94,79.65,CE,Đà Nẵng,Male
3003,29,30.1,84.0,77.2,8.1,7.3,1.8,68.6,95.5,3.73,93.3,82.05,IT,Cần Thơ,Male
3004,19,22.8,72.7,100.0,8.3,6.7,5.0,58.1,87.3,3.35,83.87,72.7,IT,TP.HCM,Female
3005,28,26.7,88.7,73.5,4.6,9.4,2.6,68.7,99.5,4.0,100.0,84.11,DS,Hà Nội,Female
3006,27,18.4,,100.0,6.4,7.5,3.0,43.2,67.8,2.7,67.44,55.46,DS,Huế,Female
3007,18,30.6,89.5,80.8,5.8,5.8,2.0,68.6,95.7,4.0,100.0,82.11,AI,Đà Nẵng,Male
3008,25,24.4,87.8,39.8,9.5,4.3,2.8,60.8,99.7,4.0,100.0,80.24,IT,TP.HCM,Male
3009,19,22.8,92.3,89.6,5.6,7.3,1.4,46.4,89.7,3.87,96.67,68.07,AI,Đà Nẵng,Male
3010,24,22.1,83.2,99.0,9.3,8.2,2.4,48.7,85.0,3.15,78.75,66.85,IT,Cần Thơ,Female
3011,26,24.5,87.0,79.3,2.7,9.2,2.5,55.2,87.5,3.55,88.78,71.35,CE,Huế,Male
3012,26,21.4,81.0,98.5,9.5,6.8,0.9,51.8,79.1,2.92,72.91,65.46,SE,Huế,Male
3013,25,30.3,79.2,55.0,3.8,9.1,1.6,59.3,100.0,4.0,100.0,79.63,CS,TP.HCM,Female
3014,28,21.8,98.4,59.2,8.1,5.4,0.0,51.5,93.2,3.84,96.11,72.33,DS,Đà Nẵng,Female
3015,29,37.7,64.6,83.1,3.8,6.6,0.6,74.1,100.0,3.91,97.65,87.04,DS,TP.HCM,Male
3016,27,,93.8,87.2,7.5,5.8,2.5,57.3,100.0,3.94,98.42,78.67,CS,Cần Thơ,Female
3017,26,17.9,78.8,100.0,3.6,8.0,3.9,41.2,66.6,2.83,70.79,53.89,AI,Hà Nội,Female
3018,19,25.6,77.5,89.6,8.6,5.4,2.0,48.7,67.4,2.62,65.59,58.08,IT,Cần Thơ,Female
3019,23,19.8,87.6,62.1,8.1,7.5,2.5,48.2,68.4,2.47,61.65,58.33,DS,Đà Nẵng,Female
3020,21,22.4,70.1,83.2,4.5,5.5,4.2,47.0,69.5,2.87,71.73,58.22,IT,Hà Nội,Male
3021,21,41.0,76.8,89.0,7.4,9.1,3.7,79.9,100.0,4.0,100.0,89.94,IT,Hà Nội,Male
3022,22,,76.5,51.9,8.4,6.6,3.7,48.4,70.2,2.79,69.85,59.33,AI,Hà Nội,Female
3023,29,27.9,,79.3,3.7,7.5,2.7,57.4,82.2,3.44,86.0,69.83,AI,Cần Thơ,Male
3024,20,29.3,77.0,75.0,3.4,4.9,1.8,49.1,94.9,3.68,91.94,71.99,IT,Đà Nẵng,Male
3025,18,17.0,100.0,70.2,3.3,5.2,3.1,49.2,92.1,3.71,92.75,70.67,IT,Hà Nội,Female
3026,25,18.2,100.0,87.5,3.0,6.1,4.4,58.1,92.4,3.72,92.9,75.26,CS,TP.HCM,Female
3027,22,15.4,64.8,62.8,3.3,8.0,5.2,51.3,48.0,1.85,46.28,49.68,SE,Hà Nội,Female
3028,20,,90.4,86.3,8.3,7.8,6.1,59.4,87.4,3.31,82.66,73.38,AI,Cần Thơ,Female
3029,27,2.2,93.6,88.4,7.4,8.3,4.8,33.2,58.2,2.18,54.58,45.72,IT,TP.HCM,Female
3030,24,29.4,90.4,96.3,1.8,5.2,2.6,55.5,90.6,3.49,87.14,73.05,DS,Đà Nẵng,Male
3031,24,41.4,78.4,63.1,4.7,7.6,0.7,74.0,100.0,3.91,97.7,86.99,IT,Đà Nẵng,Male
3032,18,26.2,82.6,57.4,3.1,6.3,3.4,56.8,82.8,3.29,82.16,69.84,DS,Cần Thơ,Female
3033,29,13.7,77.5,84.2,8.2,6.0,4.1,46.4,73.5,2.97,74.26,59.98,AI,Hà Nội,Male
3034,26,19.9,80.8,75.7,4.9,6.4,0.0,56.4,81.7,3.3,82.46,69.09,DS,Đà Nẵng,Female
3035,19,21.3,72.9,100.0,2.1,6.9,0.3,59.4,88.8,3.53,88.25,74.09,SE,Huế,Female
3036,22,16.9,83.9,86.9,6.4,7.8,1.8,45.0,77.7,3.11,77.74,61.32,SE,Hà Nội,Female
3037,30,,70.0,80.9,7.5,8.3,1.3,58.6,100.0,3.83,95.72,79.31,CS,TP.HCM,Male
3038,22,31.5,83.0,77.4,3.6,7.6,0.1,60.2,98.6,3.98,99.6,79.4,IT,Cần Thơ,Male
3039,25,,72.5,61.7,5.3,7.8,3.1,40.4,55.2,1.9,47.41,47.83,CE,Cần Thơ,Male
3040,25,30.8,87.1,88.5,3.7,9.2,4.4,63.4,81.3,3.05,76.2,72.33,SE,TP.HCM,Female
3041,24,37.2,78.2,78.8,9.1,7.8,2.2,60.6,100.0,3.79,94.8,80.3,DS,Hà Nội,Male
3042,24,40.2,87.9,78.8,4.9,6.7,0.0,68.3,100.0,3.89,97.14,84.16,DS,TP.HCM,Male
3043,29,47.9,95.8,81.4,4.2,7.7,2.8,80.2,100.0,4.0,100.0,90.09,AI,TP.HCM,Male
3044,28,17.8,100.0,83.3,5.9,9.0,0.8,55.4,83.4,3.37,84.3,69.39,IT,Huế,Male
3045,23,47.6,59.7,53.9,5.5,6.0,1.0,63.0,100.0,4.0,100.0,81.5,CS,TP.HCM,Male
3046,23,22.2,,92.6,7.7,6.5,3.9,54.7,74.1,3.13,78.16,64.38,IT,Cần Thơ,Male
3047,28,20.3,82.0,67.3,9.0,8.7,4.3,53.5,65.5,2.66,66.44,59.53,CS,Đà Nẵng,Female
3048,26,27.6,89.6,77.9,9.1,6.7,2.1,54.9,89.0,3.36,83.94,71.96,AI,Hà Nội,Female
3049,23,20.3,68.5,99.3,5.0,7.9,3.6,44.1,65.3,2.62,65.49,54.7,IT,Đà Nẵng,Female
3050,29,28.2,75.2,100.0,6.8,8.5,0.9,58.6,89.8,3.4,85.09,74.17,DS,TP.HCM,Female
3051,30,14.4,86.3,54.5,9.7,5.5,3.3,38.3,52.1,2.02,50.4,45.19,SE,TP.HCM,Female
3052,30,23.1,85.8,80.5,9.8,6.5,1.9,47.2,84.3,3.45,86.26,65.73,DS,Huế,Male
3053,19,35.3,88.8,84.1,3.8,8.4,0.5,55.2,93.2,3.7,92.39,74.19,CS,Cần Thơ,Male
3054,19,24.5,89.4,57.4,7.5,6.8,1.1,47.7,74.0,3.09,77.26,60.89,SE,Hà Nội,Male
3055,30,26.1,,92.0,7.1,4.6,3.1,54.3,82.5,3.3,82.56,68.39,DS,TP.HCM,Male
3056,22,28.8,86.9,81.7,8.3,6.4,0.3,67.6,81.9,2.97,74.37,74.77,CE,Cần Thơ,Male
3057,21,34.4,85.6,82.9,9.1,8.0,2.1,68.2,97.8,3.83,95.84,83.03,SE,Đà Nẵng,Male
3058,28,11.8,91.6,66.2,3.4,8.5,4.1,56.0,72.6,3.03,75.76,64.28,CS,Hà Nội,Male
3059,19,29.7,62.6,86.2,4.3,7.1,1.8,52.1,82.3,3.38,84.59,67.19,SE,Hà Nội,Male
3060,20,22.9,100.0,92.6,8.3,7.6,0.2,42.1,85.6,3.21,80.23,63.82,DS,Huế,Female
3061,24,26.3,63.0,81.9,6.4,6.6,2.1,49.7,72.6,2.81,70.27,61.14,CE,Cần Thơ,Female
3062,25,33.5,74.2,72.3,0.4,8.1,3.5,69.7,100.0,4.0,100.0,84.85,CS,Hà Nội,Female
3063,29,15.4,82.7,73.5,1.8,8.7,0.6,46.0,72.2,2.78,69.58,59.12,CS,Đà Nẵng,Male
3064,30,16.9,,83.3,7.7,7.9,4.3,51.3,81.9,3.21,80.16,66.56,AI,Đà Nẵng,Male
3065,23,9.5,55.0,80.7,8.1,6.9,3.6,38.8,64.7,2.64,65.92,51.73,IT,TP.HCM,Female
3066,28,20.6,,93.6,2.6,7.5,3.0,58.4,68.1,3.09,77.29,63.26,CE,TP.HCM,Male
3067,22,35.6,92.9,72.8,8.7,8.1,3.4,71.9,100.0,4.0,100.0,85.95,CS,Đà Nẵng,Male
3068,30,24.0,94.9,61.7,5.5,7.0,2.7,45.6,76.3,3.19,79.74,60.96,SE,Cần Thơ,Male
3069,18,14.3,78.0,85.4,3.4,8.0,3.0,29.2,77.0,2.9,72.56,53.09,DS,Cần Thơ,Female
3070,25,,82.0,72.8,4.6,7.4,2.6,58.0,85.0,3.15,78.81,71.54,IT,Đà Nẵng,Female
3071,20,,78.8,91.8,2.9,8.7,3.8,45.1,67.2,2.51,62.85,56.14,DS,Đà Nẵng,Male
3072,23,,81.1,80.1,4.5,7.8,4.4,54.1,81.8,3.24,80.91,67.93,IT,TP.HCM,Female
3073,20,28.1,74.7,89.8,1.3,6.4,1.3,55.2,85.1,3.45,86.25,70.15,IT,Đà Nẵng,Male
3074,24,15.6,76.1,64.8,5.8,8.7,1.4,52.0,74.1,3.06,76.52,63.07,AI,TP.HCM,Male
3075,30,33.9,89.3,82.2,7.5,7.6,1.9,62.8,95.0,3.98,99.45,78.9,IT,TP.HCM,Female
3076,24,24.4,86.3,69.5,2.6,6.8,1.6,50.9,71.7,3.12,78.02,61.3,IT,TP.HCM,Female
3077,29,25.7,89.9,61.7,6.0,5.4,4.2,54.8,93.1,3.31,82.66,73.92,CS,Huế,Female
3078,26,22.8,87.1,67.1,4.0,7.3,0.3,53.9,75.0,2.8,70.09,64.44,IT,Cần Thơ,Male
3079,22,31.2,92.0,71.8,7.7,9.2,3.3,66.8,100.0,4.0,100.0,83.39,IT,Đà Nẵng,Male
3080,25,31.3,93.8,98.7,0.2,3.7,4.6,61.2,100.0,4.0,100.0,80.61,AI,Huế,Female
3081,27,27.7,67.6,71.4,7.8,3.8,1.6,47.9,61.4,2.44,60.89,54.64,CE,TP.HCM,Male
3082,27,29.5,76.5,60.9,1.5,7.9,4.7,71.1,100.0,3.55,88.86,85.55,SE,Huế,Female
3083,25,23.3,82.7,82.0,5.5,7.3,4.2,57.2,84.1,3.1,77.61,70.65,CE,Huế,Male
3084,18,29.3,84.8,80.4,4.2,7.8,2.0,69.9,87.3,3.67,91.75,78.62,AI,Cần Thơ,Male
3085,29,22.3,78.3,72.6,5.1,6.4,3.7,45.3,61.1,2.35,58.75,53.18,CS,Hà Nội,Male
3086,22,25.0,94.1,77.6,2.2,4.4,1.3,56.0,87.2,3.6,89.93,71.59,IT,TP.HCM,Male
3087,20,22.8,100.0,94.6,10.2,6.0,0.8,58.5,86.8,3.39,84.81,72.67,DS,Huế,Male
3088,18,21.3,86.9,90.1,2.8,8.9,1.8,59.0,91.3,4.0,100.0,75.14,SE,Đà Nẵng,Male
3089,21,19.5,85.8,88.8,3.0,6.5,4.5,38.3,71.7,2.86,71.46,55.01,AI,Hà Nội,Female
3090,25,28.7,93.5,62.2,10.5,6.5,1.8,46.6,79.1,2.87,71.63,62.86,CS,Hà Nội,Male
3091,20,35.5,66.3,100.0,6.8,3.8,2.6,56.6,78.4,3.25,81.28,67.49,CE,Huế,Male
3092,27,34.4,85.3,95.8,2.9,4.8,1.0,67.7,100.0,4.0,100.0,83.84,SE,Hà Nội,Male
3093,19,14.9,94.8,87.8,,8.3,3.8,45.4,71.9,2.75,68.81,58.65,CS,Hà Nội,Male
3094,28,35.3,78.6,62.5,5.4,6.7,3.7,62.3,100.0,4.0,100.0,81.16,DS,Huế,Female
3095,26,22.5,72.7,94.2,1.8,8.2,1.4,53.1,73.4,3.15,78.64,63.27,SE,Cần Thơ,Female
3096,27,29.8,83.1,72.5,4.1,6.1,0.0,53.6,92.5,3.65,91.33,73.07,CS,Đà Nẵng,Male
3097,22,17.8,84.4,77.1,5.9,5.2,2.0,62.0,78.0,2.93,73.2,69.96,AI,TP.HCM,Female
3098,24,26.1,75.9,54.8,9.2,6.7,3.2,50.0,59.0,2.4,60.0,54.5,SE,Cần Thơ,Male
3099,28,27.5,100.0,61.4,5.5,6.3,2.5,45.1,93.3,3.6,90.09,69.22,DS,TP.HCM,Male
3100,28,13.1,80.2,86.6,5.7,6.0,2.6,39.5,60.1,2.47,61.75,49.81,AI,Huế,Female
3101,19,29.9,73.5,95.1,,6.0,3.0,52.2,90.1,3.86,96.46,71.15,IT,TP.HCM,Male
3102,26,35.8,84.1,90.3,8.7,6.8,1.7,65.7,100.0,3.77,94.29,82.87,IT,Cần Thơ,Female
3103,30,23.6,94.1,89.8,8.3,6.4,0.6,58.5,79.5,2.81,70.26,69.0,SE,Đà Nẵng,Male
3104,26,35.9,85.2,79.0,8.0,5.9,3.6,69.1,100.0,4.0,100.0,84.54,CS,Cần Thơ,Male
3105,21,23.5,89.9,73.9,6.3,9.2,1.2,70.2,90.3,3.64,90.92,80.22,IT,Hà Nội,Male
3106,21,,76.3,84.3,2.0,7.5,0.7,60.5,93.3,3.48,87.09,76.91,IT,Hà Nội,Female
3107,23,7.3,99.9,92.3,,7.2,3.3,51.8,71.8,2.67,66.76,61.76,AI,Cần Thơ,Female
3108,27,44.4,90.6,80.1,6.1,6.9,0.8,68.5,100.0,3.91,97.63,84.26,IT,Hà Nội,Female
3109,27,37.0,,98.2,5.2,7.8,1.3,69.2,100.0,4.0,100.0,84.61,CS,Cần Thơ,Male
3110,27,22.7,88.7,76.8,7.1,7.6,4.9,52.7,87.9,3.03,75.86,70.33,AI,Cần Thơ,Female
3111,23,9.2,93.2,65.3,6.6,5.8,4.9,44.8,72.5,3.04,76.03,58.66,DS,Đà Nẵng,Female
3112,29,27.3,76.3,79.8,3.3,5.2,4.3,58.2,91.5,3.52,88.06,74.83,IT,Đà Nẵng,Male
3113,18,13.4,80.1,81.6,5.2,4.3,3.6,54.5,70.1,3.1,77.55,62.3,CS,Đà Nẵng,Male
3114,26,28.6,98.5,78.8,1.2,9.2,4.2,60.8,99.9,4.0,100.0,80.32,CS,Hà Nội,Female
3115,19,28.3,100.0,99.2,6.2,6.5,5.4,60.8,100.0,4.0,100.0,80.4,SE,Hà Nội,Female
3116,22,17.5,73.5,92.1,9.3,7.7,4.1,51.5,71.6,2.82,70.46,61.56,CE,TP.HCM,Male
3117,26,34.0,87.5,58.5,1.5,7.2,2.9,70.2,100.0,4.0,100.0,85.09,DS,Cần Thơ,Female
3118,21,31.4,80.7,100.0,6.3,8.1,3.8,50.1,77.3,3.37,84.21,63.71,DS,Cần Thơ,Female
3119,28,32.8,78.0,38.9,7.7,6.9,1.8,63.1,100.0,3.83,95.74,81.57,CS,Đà Nẵng,Female
3120,20,25.1,87.8,100.0,,5.4,2.7,47.0,75.7,3.12,77.96,61.37,DS,Hà Nội,Male
3121,24,13.7,96.4,75.7,4.1,5.8,2.8,59.5,66.5,2.77,69.19,63.02,CE,Đà Nẵng,Male
3122,23,32.8,89.5,77.2,3.2,6.6,2.3,65.6,96.3,4.0,100.0,80.93,CE,Hà Nội,Female
3123,25,22.8,81.8,79.1,,5.1,2.0,63.6,86.2,3.32,82.95,74.87,SE,Hà Nội,Male
3124,20,13.9,90.1,85.8,9.0,6.0,4.4,36.4,68.2,2.56,64.0,52.34,CE,Cần Thơ,Female
3125,22,35.8,81.4,80.0,1.7,5.6,1.1,62.8,100.0,4.0,100.0,81.4,SE,Hà Nội,Male
3126,27,41.8,89.1,78.0,3.0,6.6,2.7,76.2,100.0,3.95,98.87,88.12,DS,Hà Nội,Male
3127,21,24.7,99.0,99.6,4.9,6.4,0.6,68.9,100.0,3.82,95.51,84.44,SE,Cần Thơ,Male
3128,30,42.3,64.2,88.5,,7.1,0.0,69.0,100.0,3.9,97.52,84.48,CE,TP.HCM,Male
3129,21,25.7,,65.6,5.9,8.0,4.3,55.0,88.7,3.27,81.8,71.88,DS,Cần Thơ,Male
3130,21,22.0,69.6,91.1,9.5,6.7,4.4,49.9,67.0,2.68,66.9,58.46,CE,Hà Nội,Female
3131,27,20.0,97.3,87.9,3.0,5.2,1.8,46.7,99.2,3.39,84.82,72.99,DS,Hà Nội,Male
3132,25,38.1,78.6,71.8,5.6,4.5,2.6,76.3,100.0,4.0,100.0,88.17,AI,Hà Nội,Male
3133,23,18.8,72.8,91.9,6.0,7.2,2.1,54.9,75.3,2.71,67.63,65.11,CS,Hà Nội,Male
3134,20,30.9,92.0,77.6,5.2,6.2,2.1,60.6,84.3,3.63,90.63,72.45,IT,Hà Nội,Male
3135,27,20.5,88.6,76.7,2.1,6.8,1.8,57.8,86.7,3.33,83.19,72.24,SE,Cần Thơ,Female
3136,22,21.3,75.0,76.3,4.4,7.4,3.2,51.4,70.8,2.67,66.7,61.13,CS,TP.HCM,Female
3137,23,33.2,72.5,43.6,4.4,8.7,1.9,58.5,98.1,3.93,98.35,78.34,SE,Cần Thơ,Female
3138,22,22.0,83.1,72.1,7.6,4.9,3.1,48.3,79.3,3.25,81.27,63.79,IT,Cần Thơ,Male
3139,23,21.8,73.0,90.7,7.0,5.8,5.0,46.7,60.2,2.42,60.43,53.49,DS,Đà Nẵng,Male
3140,25,34.1,74.4,79.7,2.1,6.9,3.1,64.6,85.2,3.09,77.14,74.9,CS,Hà Nội,Female
3141,24,37.8,86.2,60.7,5.0,5.6,2.7,74.1,100.0,4.0,100.0,87.06,IT,Hà Nội,Female
3142,22,30.2,75.3,94.5,4.7,5.2,1.6,56.4,100.0,3.98,99.61,78.2,SE,Huế,Male
3143,27,19.8,89.3,75.5,10.9,8.6,2.5,47.3,71.5,2.84,70.9,59.37,IT,Hà Nội,Female
3144,23,20.9,99.9,61.7,6.7,5.7,0.0,62.8,69.9,2.91,72.81,66.36,SE,TP.HCM,Male
3145,21,25.6,83.5,100.0,3.3,5.4,4.8,57.3,83.1,3.17,79.27,70.25,CE,Cần Thơ,Male
3146,29,27.6,86.3,64.2,4.1,5.6,1.1,41.9,80.6,3.0,74.89,61.22,SE,TP.HCM,Male
3147,26,17.1,100.0,93.2,5.1,8.3,0.0,47.5,90.5,3.74,93.61,69.04,CS,Huế,Male
3148,30,30.8,73.1,68.5,6.9,6.2,2.3,62.6,100.0,3.61,90.25,81.29,IT,Hà Nội,Female
3149,21,25.7,96.9,82.0,7.2,5.3,3.0,52.9,77.1,3.14,78.51,64.99,CS,Huế,Male
3150,18,11.3,95.7,66.5,6.5,6.0,4.5,48.2,72.2,2.65,66.13,60.19,IT,Đà Nẵng,Female
3151,24,17.6,93.5,61.4,5.5,6.9,2.9,42.9,80.0,3.48,87.02,61.44,CE,Đà Nẵng,Male
3152,24,21.0,97.9,87.8,5.7,8.1,3.9,52.3,81.2,2.96,73.96,66.78,SE,Huế,Male
3153,21,24.4,87.8,86.1,5.7,8.0,3.9,48.3,82.8,3.02,75.61,65.55,CE,Huế,Female
3154,30,40.1,79.2,97.2,1.5,6.1,3.7,57.7,100.0,4.0,100.0,78.86,DS,Hà Nội,Male
3155,20,26.9,95.9,79.5,5.8,6.4,0.8,53.9,92.0,3.93,98.35,72.96,AI,TP.HCM,Male
3156,25,18.3,96.3,100.0,4.6,9.5,3.3,59.7,87.3,3.33,83.23,73.48,DS,Hà Nội,Male
3157,22,26.8,96.1,84.0,1.9,8.2,0.4,62.6,100.0,3.75,93.82,81.3,CS,Huế,Female
3158,27,22.2,85.4,88.5,12.0,6.7,5.5,69.8,82.8,3.12,78.12,76.3,IT,Cần Thơ,Female
3159,24,27.6,77.8,59.6,6.8,4.2,3.5,52.9,90.2,3.68,91.97,71.53,CS,Huế,Female
3160,21,29.6,86.9,70.8,6.0,6.4,1.6,67.9,91.8,3.73,93.25,79.87,CE,Đà Nẵng,Male
3161,21,34.7,94.4,87.8,5.1,5.4,3.1,79.1,100.0,3.92,98.01,89.55,DS,Đà Nẵng,Female
3162,25,24.8,95.2,78.7,7.8,6.0,1.0,66.3,87.1,3.83,95.68,76.69,AI,Cần Thơ,Male
3163,25,38.1,80.7,82.8,3.1,5.8,0.2,74.2,100.0,3.84,96.07,87.1,AI,Hà Nội,Male
3164,19,32.3,88.2,67.8,5.2,6.7,3.8,63.3,94.3,3.39,84.85,78.81,CE,Đà Nẵng,Male
3165,19,19.3,71.9,81.8,3.6,7.1,1.0,52.0,78.0,3.66,91.4,65.04,DS,Đà Nẵng,Female
3166,20,42.7,94.8,81.8,7.8,6.1,2.2,64.3,100.0,4.0,100.0,82.16,CE,TP.HCM,Male
3167,29,27.6,77.2,62.3,3.9,5.5,2.8,37.2,75.4,2.97,74.34,56.3,DS,Cần Thơ,Female
3168,29,18.3,92.9,89.6,8.8,6.8,2.2,54.2,78.6,3.19,79.64,66.4,IT,Đà Nẵng,Male
3169,20,38.2,73.5,54.5,5.8,6.4,1.0,57.5,88.2,3.55,88.82,72.86,CE,Đà Nẵng,Male
3170,18,41.6,95.3,82.8,7.9,4.7,2.6,67.3,100.0,3.68,91.89,83.66,IT,Đà Nẵng,Male
3171,20,24.7,88.2,100.0,7.0,7.7,2.7,50.6,70.0,2.8,69.89,60.28,CE,Hà Nội,Female
3172,23,21.0,77.2,90.2,8.6,6.1,3.8,54.7,80.0,3.29,82.15,67.37,IT,Cần Thơ,Male
3173,25,23.6,91.9,90.1,3.7,6.7,6.2,55.0,90.1,3.68,91.98,72.53,CS,TP.HCM,Male
3174,30,30.7,,66.5,8.3,6.7,0.0,69.3,84.1,2.89,72.2,76.73,CS,Đà Nẵng,Male
3175,29,35.2,92.5,100.0,1.3,7.0,1.3,59.9,90.7,3.66,91.62,75.27,DS,TP.HCM,Female
3176,27,29.6,82.3,100.0,6.1,7.2,2.8,60.9,83.0,3.41,85.35,71.94,CS,TP.HCM,Female
3177,23,25.8,67.8,67.3,4.6,5.4,4.0,53.1,68.6,2.73,68.33,60.84,DS,TP.HCM,Female
3178,22,,75.2,72.9,2.5,7.4,3.0,61.8,100.0,3.76,93.93,80.9,SE,Cần Thơ,Male
3179,21,22.5,80.7,98.8,3.8,6.6,4.2,53.4,73.5,3.2,80.08,63.46,AI,Cần Thơ,Male
3180,20,33.2,98.7,100.0,4.4,8.3,0.3,76.1,100.0,3.99,99.83,88.07,CS,Cần Thơ,Female
3181,30,22.7,94.0,61.0,5.5,8.0,2.0,62.4,81.6,3.22,80.49,72.0,CE,Huế,Male
3182,21,28.4,100.0,64.9,4.7,8.6,4.7,57.9,90.3,3.58,89.55,74.12,CS,TP.HCM,Female
3183,24,24.1,100.0,77.8,6.2,5.9,1.2,53.5,95.8,3.54,88.51,74.66,CE,Huế,Male
3184,18,24.6,,47.4,3.9,8.5,0.0,49.5,71.5,3.25,81.23,60.48,DS,Hà Nội,Female
3185,24,22.0,83.1,80.3,4.8,7.1,1.3,54.8,76.2,3.27,81.81,65.49,SE,TP.HCM,Female
3186,18,35.8,80.9,97.8,5.3,7.8,3.2,52.6,97.0,3.74,93.58,74.8,SE,Đà Nẵng,Female
3187,19,19.1,78.3,58.4,,7.8,2.4,49.5,71.1,2.46,61.44,60.27,DS,TP.HCM,Male
3188,21,19.1,,81.9,8.1,7.6,0.6,52.2,73.2,3.03,75.8,62.66,CE,Cần Thơ,Male
3189,18,42.0,84.9,71.3,8.1,5.7,1.4,63.8,100.0,4.0,100.0,81.88,CE,TP.HCM,Female
3190,28,32.8,72.1,100.0,6.6,8.1,0.5,60.7,79.8,3.21,80.17,70.29,SE,Hà Nội,Male
3191,29,5.9,84.7,71.5,7.1,7.4,0.7,44.1,70.5,2.75,68.87,57.34,SE,Cần Thơ,Female
3192,28,20.5,100.0,100.0,6.8,5.2,1.2,42.1,78.2,2.8,69.9,60.19,CS,Cần Thơ,Female
3193,28,10.5,79.9,71.0,5.2,6.4,2.7,46.4,76.1,3.16,79.04,61.23,SE,Cần Thơ,Male
3194,26,17.4,86.9,91.6,8.3,5.5,0.0,47.6,77.0,2.74,68.57,62.31,CS,Đà Nẵng,Female
3195,29,0.0,94.1,83.8,3.7,5.3,4.5,53.0,68.6,2.8,69.95,60.77,CS,Hà Nội,Male
3196,23,23.9,87.8,77.9,0.9,8.0,2.3,57.6,93.1,3.87,96.78,75.36,CE,Huế,Female
3197,30,,87.9,68.1,3.4,5.2,0.8,43.2,80.7,3.17,79.15,61.94,IT,Đà Nẵng,Female
3198,18,25.5,81.4,84.8,9.5,5.4,1.0,42.7,77.4,3.05,76.15,60.05,AI,Huế,Female
3199,18,12.0,82.7,73.4,5.3,9.4,1.5,46.0,80.2,2.71,67.64,63.14,CS,Cần Thơ,Female
3200,23,25.7,75.4,69.7,6.7,6.5,2.5,65.4,82.5,3.11,77.83,73.91,CS,Cần Thơ,Male
3201,21,21.7,93.5,100.0,5.3,7.8,2.7,50.7,84.3,3.27,81.87,67.5,DS,Huế,Female
3202,21,37.0,67.6,88.2,7.4,8.3,2.2,65.3,100.0,3.68,91.93,82.63,AI,TP.HCM,Female
3203,28,36.3,94.7,89.7,6.2,7.9,1.4,72.0,100.0,4.0,100.0,85.99,IT,Hà Nội,Male
3204,23,31.3,71.0,74.1,,7.2,2.5,64.3,99.4,3.82,95.53,81.84,SE,TP.HCM,Female
3205,29,22.4,94.6,77.2,7.5,7.0,0.0,56.0,81.2,3.15,78.86,68.57,CE,Cần Thơ,Male
3206,28,40.9,81.5,76.3,4.8,7.6,0.7,62.9,100.0,4.0,100.0,81.47,CS,Huế,Male
3207,24,12.6,72.7,85.1,6.9,6.7,1.5,43.4,51.8,2.28,56.88,47.58,AI,Đà Nẵng,Female
3208,26,13.8,90.8,89.6,5.6,7.8,0.5,40.9,80.4,3.57,89.16,60.65,AI,Cần Thơ,Female
3209,27,24.3,94.3,79.5,5.7,6.7,2.2,50.3,59.5,2.64,65.89,54.92,AI,Cần Thơ,Male
3210,22,43.0,80.6,68.1,4.0,6.8,0.5,76.8,100.0,4.0,100.0,88.4,CS,Đà Nẵng,Male
3211,26,23.4,92.2,91.4,5.5,9.3,5.1,58.9,100.0,3.84,95.99,79.44,SE,TP.HCM,Female
3212,21,23.5,62.1,80.5,4.6,6.4,0.3,54.1,82.2,2.99,74.8,68.15,AI,TP.HCM,Male
3213,30,13.5,71.8,58.4,8.8,7.0,4.8,40.5,65.0,2.76,69.02,52.76,AI,TP.HCM,Male
3214,27,32.6,97.9,48.0,1.8,7.5,0.0,73.1,94.9,3.69,92.18,84.0,CE,Cần Thơ,Male
3215,19,,82.8,84.5,8.2,7.6,5.5,60.1,100.0,3.53,88.26,80.07,AI,Hà Nội,Female
3216,20,31.3,66.4,67.6,1.6,7.4,3.4,59.4,79.8,3.28,81.98,69.61,DS,Huế,Female
3217,30,20.0,78.0,86.5,7.3,5.5,3.7,60.4,71.2,2.89,72.33,65.79,IT,Huế,Female
3218,28,,75.8,68.4,3.9,7.2,0.5,45.5,82.7,3.05,76.18,64.07,SE,Hà Nội,Male
3219,18,14.7,83.3,82.0,7.4,7.3,2.0,43.7,60.4,2.7,67.41,52.08,DS,TP.HCM,Male
3220,23,25.7,81.3,74.3,5.7,8.4,2.1,64.2,76.0,2.86,71.61,70.08,SE,Huế,Female
3221,30,16.4,86.8,100.0,2.4,7.9,2.3,56.4,68.2,3.17,79.31,62.28,DS,TP.HCM,Male
3222,23,15.6,,94.3,9.4,8.4,4.4,51.9,73.4,3.2,79.96,62.65,AI,Cần Thơ,Female
3223,18,21.6,98.6,100.0,7.9,5.8,3.5,39.7,74.1,3.17,79.19,56.9,IT,Hà Nội,Female
3224,28,21.1,89.2,80.4,7.3,5.8,2.3,63.8,99.3,3.85,96.31,81.57,CS,Huế,Female
3225,30,20.7,,92.3,4.4,7.4,4.0,49.4,78.5,3.17,79.33,63.92,SE,Cần Thơ,Female
3226,20,28.7,96.7,81.4,8.0,8.4,4.3,56.7,82.1,3.34,83.42,69.39,SE,Hà Nội,Female
3227,22,,81.1,100.0,2.8,6.8,1.6,54.9,69.0,2.7,67.6,61.97,IT,Cần Thơ,Male
3228,20,22.7,72.4,78.9,0.4,6.1,1.6,43.9,81.0,3.24,81.04,62.43,DS,Cần Thơ,Male
3229,27,26.5,97.1,59.0,2.1,5.1,5.7,68.5,96.3,4.0,100.0,82.44,SE,Đà Nẵng,Female
3230,20,17.1,86.4,50.0,3.7,7.4,2.1,52.0,79.7,3.05,76.23,65.89,IT,TP.HCM,Female
3231,27,25.8,86.4,100.0,4.1,6.9,1.5,62.6,85.5,3.51,87.79,74.04,CE,Huế,Female
3232,20,26.2,78.7,87.2,4.9,6.5,2.3,50.6,83.2,3.22,80.41,66.94,AI,Cần Thơ,Male
3233,22,13.0,78.8,88.2,5.0,8.1,4.1,54.0,77.8,2.8,69.93,65.88,CS,Cần Thơ,Male
3234,30,33.0,93.5,100.0,4.4,6.9,3.6,74.4,100.0,4.0,100.0,87.21,IT,Cần Thơ,Female
3235,22,17.9,94.8,55.2,0.7,7.0,2.3,43.1,65.6,2.7,67.6,54.35,CS,Hà Nội,Male
3236,21,25.7,92.8,74.6,6.5,8.1,3.4,49.8,90.8,3.83,95.74,70.3,IT,Đà Nẵng,Male
3237,18,34.3,92.9,76.5,,9.6,2.9,58.6,95.4,3.63,90.64,77.03,SE,Huế,Male
3238,22,32.4,90.7,91.1,4.3,6.5,2.3,69.8,100.0,3.88,96.89,84.92,IT,TP.HCM,Male
3239,27,25.3,86.3,69.6,9.5,5.9,2.0,58.3,86.6,3.54,88.56,72.43,CS,Đà Nẵng,Male
3240,22,22.1,83.2,62.0,5.4,5.8,2.7,53.6,86.8,3.63,90.65,70.18,IT,Hà Nội,Female
3241,21,32.6,97.1,61.8,6.1,7.6,1.9,66.8,100.0,4.0,100.0,83.38,AI,Đà Nẵng,Male
3242,23,30.4,81.3,97.2,,5.7,2.6,74.5,100.0,3.98,99.5,87.24,DS,Hà Nội,Female
3243,27,20.1,88.7,68.9,2.3,6.6,2.4,40.3,81.7,3.37,84.26,60.99,DS,Hà Nội,Male
3244,21,18.6,77.0,71.7,5.9,6.7,0.3,48.2,62.3,2.85,71.27,55.27,SE,Đà Nẵng,Male
3245,24,8.4,,89.5,,8.9,1.7,20.0,35.3,1.33,33.37,27.65,AI,Huế,Female
3246,24,26.2,82.6,69.5,5.8,8.4,2.1,60.9,86.7,3.53,88.15,73.81,AI,Hà Nội,Female
3247,19,24.3,,54.4,2.7,5.2,5.3,63.0,88.3,3.5,87.54,75.61,DS,TP.HCM,Female
3248,20,34.1,93.0,56.3,4.8,8.9,2.3,62.2,93.8,3.79,94.85,78.01,IT,Huế,Female
3249,18,27.9,71.5,79.1,6.5,5.5,2.9,61.5,89.4,3.85,96.35,75.47,SE,Cần Thơ,Female
3250,25,35.7,86.0,87.5,0.7,7.2,5.7,53.1,97.8,3.79,94.83,75.47,IT,Huế,Male
3251,26,19.4,,77.0,2.6,6.0,0.1,56.1,79.1,2.99,74.87,67.59,DS,Cần Thơ,Female
3252,21,34.1,66.9,86.5,10.9,6.5,0.2,79.0,94.1,3.94,98.44,86.54,IT,Huế,Female
3253,23,20.8,80.6,55.8,7.2,5.8,1.3,49.8,68.4,3.04,75.94,59.09,AI,Huế,Female
3254,26,31.2,87.6,56.8,9.7,9.0,2.0,64.7,100.0,3.71,92.71,82.34,SE,Đà Nẵng,Female
3255,23,13.3,,100.0,8.2,6.8,2.2,44.0,51.4,1.99,49.73,47.7,DS,Huế,Female
3256,29,26.9,83.0,98.5,7.0,7.3,1.7,58.9,77.6,3.17,79.17,68.26,DS,Huế,Female
3257,29,9.1,91.8,91.5,,5.7,0.6,53.9,89.7,3.6,89.96,71.83,CS,Đà Nẵng,Male
3258,29,22.9,83.9,70.1,7.0,5.3,4.0,59.2,74.6,3.01,75.26,66.89,CS,Cần Thơ,Male
3259,26,28.5,85.1,76.4,9.6,6.5,1.8,58.4,85.2,3.42,85.57,71.81,DS,TP.HCM,Female
3260,21,20.8,87.5,80.0,8.1,7.6,4.3,52.9,84.5,3.23,80.8,68.67,CE,Huế,Male
3261,25,16.6,94.3,99.7,6.4,6.9,1.0,42.6,77.1,2.57,64.32,59.85,IT,Cần Thơ,Female
3262,26,31.8,78.2,86.0,,8.2,5.4,68.2,97.6,3.9,97.48,82.91,CS,Cần Thơ,Male
3263,21,24.2,80.1,87.9,7.2,7.1,0.0,60.8,96.9,3.83,95.76,78.83,DS,Cần Thơ,Male
3264,22,21.1,78.3,77.5,4.7,7.0,2.5,43.1,65.5,2.32,58.06,54.34,AI,Đà Nẵng,Male
3265,25,25.3,81.7,91.9,7.2,7.6,1.0,57.6,86.5,3.32,83.1,72.04,CS,TP.HCM,Male
3266,29,46.1,99.3,84.5,4.3,7.1,2.6,67.5,100.0,4.0,100.0,83.75,CE,TP.HCM,Male
3267,27,34.2,90.7,80.7,5.1,8.1,1.0,60.9,91.9,3.64,90.89,76.37,CS,Cần Thơ,Female
3268,23,34.3,73.7,68.9,3.4,7.7,0.0,67.9,97.8,3.95,98.75,82.84,SE,TP.HCM,Female
3269,29,28.5,79.0,78.3,4.9,8.1,1.3,65.6,95.4,3.6,90.02,80.5,CS,TP.HCM,Female
3270,24,26.3,88.7,63.8,4.3,7.9,4.9,63.4,94.2,3.88,97.12,78.77,AI,Huế,Female
3271,20,5.8,75.9,79.4,10.2,8.6,1.0,38.7,62.9,2.96,74.07,50.84,CE,Đà Nẵng,Male
3272,24,19.6,77.7,81.3,3.8,8.0,3.3,54.8,75.5,3.12,78.08,65.13,IT,Huế,Female
3273,29,21.2,,43.9,7.0,9.1,2.5,49.8,73.9,3.04,76.12,61.88,CS,Đà Nẵng,Female
3274,25,10.0,78.9,76.5,3.6,6.4,1.8,50.0,53.0,2.17,54.29,51.5,AI,Cần Thơ,Male
3275,27,15.7,94.5,62.4,6.1,8.0,5.6,50.9,70.7,2.69,67.36,60.75,SE,Hà Nội,Female
3276,23,9.2,97.6,87.5,6.7,5.3,2.0,42.9,55.1,2.4,59.88,49.01,CS,Huế,Female
3277,27,24.7,77.7,89.6,1.4,8.1,2.8,49.7,73.8,2.93,73.22,61.77,CS,TP.HCM,Male
3278,26,31.6,76.1,73.6,,7.1,2.6,65.2,83.4,3.68,91.98,74.26,CE,Huế,Female
3279,30,33.9,82.2,88.2,3.6,8.1,4.9,61.7,89.9,3.95,98.83,75.8,IT,Hà Nội,Male
3280,23,28.3,74.1,88.9,2.7,9.0,0.3,53.7,99.0,3.85,96.36,76.37,CE,Hà Nội,Female
3281,29,,86.2,76.6,6.2,8.0,5.9,47.2,71.0,2.99,74.85,59.11,CS,Đà Nẵng,Male
3282,26,9.5,82.9,100.0,6.6,6.5,4.8,35.3,70.6,2.71,67.7,52.95,IT,TP.HCM,Female
3283,30,10.9,88.6,69.1,3.3,5.7,3.1,47.7,70.1,3.04,75.95,58.94,AI,TP.HCM,Female
3284,21,14.8,99.0,100.0,6.3,7.6,3.4,53.1,71.3,2.67,66.86,62.2,SE,TP.HCM,Male
3285,25,17.9,,76.6,4.9,6.7,2.2,41.3,72.5,2.95,73.69,56.89,IT,Hà Nội,Male
3286,28,23.7,89.9,67.4,5.8,7.8,2.7,48.2,68.3,2.84,70.92,58.26,CS,Đà Nẵng,Male
3287,21,16.9,65.3,74.7,4.4,6.4,3.1,35.1,58.6,2.5,62.48,46.87,IT,Cần Thơ,Male
3288,19,27.7,89.4,63.5,7.2,5.9,1.1,68.2,83.8,3.15,78.67,76.01,IT,Đà Nẵng,Female
3289,27,23.1,100.0,91.8,10.1,6.7,4.8,62.0,93.6,3.84,95.89,77.8,CS,Cần Thơ,Female
3290,28,25.1,54.9,56.0,7.9,7.6,2.8,60.3,73.9,3.0,74.94,67.09,DS,Hà Nội,Female
3291,26,34.1,91.9,100.0,9.5,7.1,2.7,76.5,100.0,3.77,94.33,88.26,DS,Huế,Male
3292,22,15.6,,66.0,2.5,6.0,1.2,52.5,69.4,3.01,75.2,60.95,SE,Cần Thơ,Male
3293,21,28.3,76.5,92.5,4.3,9.2,4.3,57.3,93.0,4.0,100.0,75.12,DS,Huế,Male
3294,19,24.9,93.0,80.4,7.4,6.8,2.4,59.1,81.1,3.25,81.36,70.07,CE,Huế,Male
3295,18,22.3,100.0,84.1,9.8,4.3,1.7,51.9,77.2,3.06,76.51,64.54,IT,Đà Nẵng,Female
3296,28,32.1,92.8,71.1,7.6,8.1,0.9,56.9,98.4,3.86,96.54,77.66,AI,Đà Nẵng,Female
3297,24,,81.3,85.3,3.4,7.0,2.3,58.1,100.0,4.0,100.0,79.03,SE,Cần Thơ,Female
3298,23,17.4,75.6,82.0,4.9,6.8,0.7,47.5,73.3,3.12,77.98,60.41,DS,Huế,Male
3299,19,23.5,86.4,58.1,6.8,6.8,3.0,43.2,95.7,3.68,92.11,69.43,CS,Hà Nội,Female
3300,25,27.2,93.7,65.6,5.6,6.8,3.7,50.2,79.6,2.87,71.65,64.92,DS,Đà Nẵng,Male
3301,28,22.8,81.1,71.9,4.0,9.0,1.9,44.8,59.4,2.29,57.3,52.09,CE,TP.HCM,Male
3302,21,29.7,82.1,68.7,5.3,7.6,2.9,49.7,90.2,3.52,88.11,69.97,IT,Hà Nội,Male
3303,25,,100.0,98.8,6.0,7.3,4.3,65.2,93.5,3.79,94.81,79.38,AI,Hà Nội,Female
3304,24,39.7,95.8,80.1,3.3,6.7,2.2,66.6,100.0,4.0,100.0,83.3,CE,Cần Thơ,Female
3305,22,12.8,96.5,68.3,8.5,9.1,2.3,47.6,78.2,3.36,83.89,62.88,DS,TP.HCM,Male
3306,27,24.0,70.4,72.6,4.9,8.0,2.5,56.4,67.2,2.14,53.62,61.81,AI,TP.HCM,Female
3307,27,17.7,77.9,72.4,5.8,8.2,1.8,56.2,72.5,3.01,75.19,64.33,CS,TP.HCM,Female
3308,29,29.8,85.7,75.7,8.6,7.3,2.0,63.7,98.1,4.0,100.0,80.88,IT,Đà Nẵng,Female
3309,25,12.1,75.0,63.9,5.7,8.2,1.3,57.6,70.4,2.46,61.45,64.01,IT,TP.HCM,Male
3310,26,27.8,100.0,67.8,8.5,7.5,3.1,61.1,92.6,3.53,88.31,76.89,CS,Hà Nội,Female
3311,22,20.0,99.1,91.5,3.4,6.6,2.4,56.3,89.4,3.48,86.98,72.86,DS,Cần Thơ,Female
3312,27,19.1,79.7,82.8,7.1,7.4,3.4,46.8,80.6,3.33,83.13,63.67,IT,Đà Nẵng,Male
3313,22,,100.0,77.7,,9.5,4.0,35.9,51.5,1.98,49.43,43.68,AI,Huế,Male
3314,19,21.3,85.0,80.0,3.9,7.2,0.9,54.3,92.9,3.71,92.77,73.62,CS,TP.HCM,Male
3315,22,33.7,100.0,79.3,5.6,8.5,1.2,71.7,95.6,3.67,91.64,83.66,SE,Đà Nẵng,Female
3316,20,24.8,86.4,76.9,5.6,8.4,3.5,51.0,87.3,3.51,87.63,69.16,SE,Cần Thơ,Male
3317,24,30.0,90.8,87.8,,7.7,2.1,57.3,89.9,3.47,86.73,73.6,DS,Huế,Male
3318,27,38.3,99.0,86.6,7.2,9.0,2.6,75.8,100.0,3.82,95.61,87.9,AI,Hà Nội,Female
3319,22,27.1,97.8,56.4,3.7,4.4,2.6,59.6,98.0,3.95,98.69,78.81,CS,TP.HCM,Male
3320,25,20.5,90.1,78.0,5.8,4.8,1.1,47.0,82.8,3.48,87.12,64.89,DS,TP.HCM,Male
3321,18,28.7,83.6,57.4,10.0,9.1,3.3,51.9,88.2,3.58,89.56,70.08,DS,Cần Thơ,Male
3322,20,20.6,90.1,89.5,8.6,6.2,2.9,58.9,78.2,3.08,77.04,68.55,CS,Đà Nẵng,Male
3323,20,21.0,76.8,91.5,8.0,7.1,1.0,51.3,68.4,2.94,73.45,59.83,CE,Đà Nẵng,Female
3324,26,12.8,86.5,70.8,5.5,9.1,2.3,46.5,56.9,2.19,54.66,51.73,DS,Huế,Male
3325,22,32.4,73.9,78.2,11.3,7.2,2.3,50.0,82.1,3.27,81.74,66.09,CE,TP.HCM,Male
3326,29,21.9,67.2,48.3,8.6,9.0,3.6,55.1,82.5,3.53,88.36,68.8,DS,Cần Thơ,Female
3327,26,26.5,85.5,94.6,6.1,6.5,4.3,65.4,81.6,3.18,79.47,73.52,IT,Đà Nẵng,Female
3328,30,16.7,97.6,90.6,6.6,7.7,2.5,49.5,86.4,3.35,83.68,67.92,SE,TP.HCM,Male
3329,26,28.5,,97.3,4.9,7.1,0.0,63.6,86.8,3.62,90.56,75.21,CE,Đà Nẵng,Male
3330,18,18.9,84.2,100.0,7.0,8.8,3.6,48.8,73.2,2.73,68.17,60.96,AI,Hà Nội,Female
3331,19,23.9,100.0,61.6,7.5,6.7,5.8,62.4,93.1,3.96,99.07,77.71,CE,Hà Nội,Female
3332,22,32.0,79.3,93.3,7.8,5.8,3.6,64.6,100.0,3.61,90.31,82.31,SE,TP.HCM,Female
3333,21,31.3,65.8,100.0,5.5,6.4,2.1,55.5,82.8,3.33,83.21,69.16,CS,TP.HCM,Female
3334,27,24.8,63.2,57.6,2.3,6.5,3.1,37.1,74.0,2.83,70.78,55.59,CE,TP.HCM,Female
3335,26,10.9,73.2,77.4,6.6,6.2,3.7,38.1,59.7,2.46,61.43,48.93,SE,Huế,Male
3336,24,48.9,93.2,74.5,7.8,6.2,2.7,78.3,100.0,4.0,100.0,89.13,CE,Cần Thơ,Female
3337,23,39.0,78.7,92.8,3.6,8.3,4.5,72.7,95.9,3.6,90.08,84.26,CE,Huế,Female
3338,24,30.8,89.6,44.1,5.8,8.7,0.8,57.0,96.8,3.59,89.79,76.91,SE,Hà Nội,Female
3339,18,19.0,100.0,100.0,9.4,7.5,1.9,64.3,86.3,3.68,92.0,75.28,SE,Hà Nội,Female
3340,18,24.1,74.0,78.3,3.0,6.2,3.2,65.4,81.3,3.21,80.18,73.35,IT,Hà Nội,Male
3341,25,20.7,89.8,93.7,5.3,6.3,3.5,59.2,83.2,3.31,82.77,71.19,SE,Đà Nẵng,Male
3342,30,35.1,90.4,79.1,9.7,4.5,1.7,56.4,100.0,3.95,98.67,78.19,SE,Hà Nội,Male
3343,30,27.1,76.4,87.4,6.4,7.5,1.8,62.1,73.6,2.87,71.78,67.85,SE,Hà Nội,Male
3344,19,18.7,98.5,45.2,4.7,6.2,1.5,49.8,75.3,2.83,70.7,62.52,CS,Đà Nẵng,Male
3345,29,21.2,82.1,74.2,6.0,8.8,1.4,48.8,69.3,2.72,68.09,59.05,AI,TP.HCM,Female
3346,27,34.0,81.2,92.7,8.1,5.3,3.3,66.0,90.0,3.43,85.75,78.01,CE,Cần Thơ,Male
3347,28,37.8,100.0,84.3,5.5,6.3,2.4,71.6,100.0,4.0,100.0,85.78,CE,Đà Nẵng,Female
3348,26,37.2,90.2,55.4,7.5,6.9,4.4,69.9,100.0,3.89,97.23,84.94,SE,Huế,Female
3349,24,31.1,94.3,80.9,6.6,7.6,0.9,67.4,100.0,4.0,100.0,83.68,IT,Hà Nội,Female
3350,23,23.0,,67.7,6.8,9.2,2.3,56.6,78.0,3.25,81.34,67.29,CS,Cần Thơ,Male
3351,18,0.0,78.5,66.4,7.7,5.4,3.6,25.9,44.3,1.57,39.31,35.11,DS,Đà Nẵng,Female
3352,18,27.4,97.5,57.2,5.3,6.6,3.0,75.8,100.0,3.79,94.68,87.89,DS,Đà Nẵng,Male
3353,19,25.0,80.0,89.3,3.6,5.3,0.9,52.8,79.5,3.13,78.37,66.14,IT,Cần Thơ,Male
3354,23,26.1,79.6,96.7,7.2,7.9,4.2,51.2,71.5,2.71,67.84,61.34,CS,Cần Thơ,Female
3355,23,25.4,,100.0,5.7,6.2,2.6,47.3,72.1,2.74,68.38,59.69,DS,Cần Thơ,Female
3356,19,14.4,78.8,57.9,4.9,6.9,5.4,48.7,54.7,2.35,58.86,51.7,AI,Huế,Female
3357,18,29.5,93.2,91.5,7.3,6.8,2.3,61.3,100.0,4.0,100.0,80.67,CS,Hà Nội,Male
3358,27,30.1,87.7,92.5,9.2,7.1,4.2,59.8,78.2,3.37,84.33,68.99,CE,Đà Nẵng,Female
3359,22,30.5,80.1,71.3,5.6,6.8,2.0,71.1,85.3,3.2,79.99,78.22,SE,Đà Nẵng,Female
3360,22,32.6,91.7,66.2,6.0,5.8,2.1,68.1,99.8,3.62,90.61,83.95,AI,Cần Thơ,Male
3361,19,29.8,82.2,63.7,3.0,7.1,3.2,52.1,72.7,2.76,69.08,62.4,CE,Cần Thơ,Female
3362,23,21.7,,72.1,5.4,6.0,0.0,69.1,76.8,3.29,82.16,72.94,AI,Cần Thơ,Female
3363,26,24.4,85.5,83.0,6.6,8.0,0.0,44.8,81.4,3.13,78.22,63.07,AI,Hà Nội,Male
3364,19,25.7,89.6,100.0,5.9,7.1,1.5,56.9,89.1,3.89,97.31,73.0,IT,TP.HCM,Male
3365,27,25.9,88.9,96.6,5.1,5.8,0.6,52.3,89.1,3.46,86.47,70.69,IT,Huế,Female
3366,19,33.0,81.4,55.8,7.8,9.9,0.0,64.7,100.0,4.0,100.0,82.36,DS,Huế,Male
3367,20,30.1,93.5,68.2,6.1,9.0,3.6,66.4,96.4,3.85,96.23,81.38,CE,Đà Nẵng,Female
3368,30,41.6,82.8,99.5,12.5,9.9,1.3,65.5,100.0,3.61,90.2,82.77,DS,TP.HCM,Male
3369,24,42.7,78.5,69.0,6.5,6.6,2.0,76.6,100.0,3.87,96.7,88.32,DS,Hà Nội,Female
3370,23,25.6,70.3,79.1,0.0,6.0,2.7,56.3,92.1,3.78,94.52,74.19,IT,Huế,Male
3371,29,0.0,94.8,54.4,3.2,8.0,3.3,50.2,62.5,2.49,62.25,56.33,CS,Cần Thơ,Female
3372,25,34.9,85.1,97.3,7.3,8.3,2.9,70.9,94.5,3.69,92.31,82.7,SE,Cần Thơ,Female
3373,25,20.7,,51.3,4.4,7.2,2.8,50.0,83.0,3.28,82.12,66.5,SE,Đà Nẵng,Female
3374,23,18.6,95.5,55.4,4.5,4.5,3.2,61.2,87.1,3.51,87.82,74.12,CS,Huế,Male
3375,29,21.8,80.2,95.8,2.9,5.8,1.8,48.6,67.1,2.14,53.45,57.81,IT,Huế,Male
3376,28,21.4,71.3,100.0,4.8,7.5,1.4,56.5,75.2,2.9,72.45,65.85,SE,Huế,Female
3377,27,29.9,85.7,75.6,6.5,6.2,0.0,64.2,98.8,3.79,94.78,81.52,AI,Đà Nẵng,Male
3378,20,12.5,88.1,79.3,7.0,5.4,3.5,43.7,75.9,3.18,79.4,59.84,AI,Đà Nẵng,Male
3379,20,16.4,82.4,93.6,3.5,6.7,1.5,34.7,61.0,2.59,64.78,47.83,DS,Đà Nẵng,Male
3380,18,27.7,99.7,84.3,8.0,3.1,5.5,71.9,85.9,3.47,86.73,78.87,DS,Hà Nội,Male
3381,24,30.0,60.1,74.4,3.0,6.3,3.6,59.6,87.9,3.54,88.44,73.76,CE,Đà Nẵng,Male
3382,22,30.1,,72.7,,6.5,3.9,62.2,93.7,3.35,83.66,77.95,AI,Huế,Male
3383,21,18.7,92.9,56.5,6.8,7.4,3.6,53.1,80.5,3.04,76.0,66.82,CS,Huế,Female
3384,27,17.2,89.6,83.5,3.7,7.7,3.3,58.6,79.7,3.12,77.98,69.19,AI,Hà Nội,Female
3385,21,20.9,51.6,78.6,3.4,7.5,3.2,64.8,74.7,2.97,74.15,69.77,CE,Cần Thơ,Male
3386,21,,97.8,73.4,7.0,8.1,3.4,66.6,91.3,3.65,91.28,78.97,CS,Huế,Female
3387,23,36.9,74.7,65.0,4.6,6.8,2.8,66.6,100.0,3.61,90.26,83.31,AI,Cần Thơ,Male
3388,25,8.6,79.9,66.5,5.5,5.3,1.6,45.6,54.4,2.37,59.31,50.02,CS,Đà Nẵng,Male
3389,25,23.2,83.3,89.3,7.7,7.1,0.7,57.6,85.5,3.22,80.39,71.58,IT,Cần Thơ,Female
3390,22,14.3,89.1,93.2,7.2,5.9,3.1,41.6,71.3,2.4,59.98,56.45,IT,Huế,Female
3391,23,11.8,91.4,75.1,3.7,5.4,4.4,51.9,68.3,2.89,72.17,60.09,IT,Hà Nội,Male
3392,21,32.7,93.9,73.5,5.9,7.7,2.3,53.8,100.0,3.82,95.44,76.91,IT,TP.HCM,Female
3393,29,,93.2,67.2,3.7,5.3,2.7,64.3,91.4,3.8,94.88,77.86,CS,Cần Thơ,Female
3394,28,28.6,,94.1,8.2,7.8,0.5,56.0,100.0,3.65,91.28,78.02,AI,Cần Thơ,Female
3395,30,32.4,89.2,80.5,9.8,5.4,1.8,69.1,100.0,3.92,97.97,84.57,CS,TP.HCM,Female
3396,26,21.2,74.1,85.5,3.9,6.7,0.7,54.8,87.2,3.29,82.33,71.0,IT,Cần Thơ,Male
3397,25,21.5,77.5,85.4,5.9,6.3,0.8,50.1,83.9,3.43,85.84,67.01,SE,Cần Thơ,Female
3398,27,42.5,94.0,75.4,8.3,8.4,2.6,63.4,100.0,3.82,95.55,81.69,DS,Cần Thơ,Male
3399,29,23.0,93.4,62.5,6.1,7.7,2.4,67.3,90.3,3.69,92.23,78.8,CS,Đà Nẵng,Female
3400,27,30.9,92.2,65.1,7.4,6.0,3.7,61.3,100.0,3.92,97.88,80.67,CE,Đà Nẵng,Female
3401,18,25.1,79.9,96.9,6.1,6.8,3.6,68.8,99.6,3.85,96.3,84.2,CE,Cần Thơ,Female
3402,19,10.2,94.1,69.1,3.4,8.6,1.2,37.5,66.4,2.84,70.93,51.99,IT,TP.HCM,Male
3403,26,8.6,73.4,73.8,6.3,8.8,0.0,40.6,52.2,2.48,61.94,46.38,SE,Cần Thơ,Male
3404,25,20.4,95.8,63.0,8.8,5.4,1.1,37.8,90.6,3.55,88.73,64.16,DS,Cần Thơ,Male
3405,20,33.4,82.4,61.8,6.8,8.6,1.4,68.1,98.5,3.78,94.61,83.3,CS,TP.HCM,Female
3406,25,31.3,100.0,68.5,10.1,8.5,3.3,69.8,100.0,3.97,99.31,84.88,CE,Huế,Female
3407,29,32.3,69.8,100.0,1.6,7.2,3.4,55.2,89.7,3.61,90.22,72.42,CE,Đà Nẵng,Female
3408,18,17.1,,89.9,6.9,6.9,2.4,47.9,71.0,2.48,62.02,59.45,CE,TP.HCM,Female
3409,27,37.9,81.4,72.1,4.4,6.3,3.6,62.7,100.0,3.8,94.93,81.37,DS,Hà Nội,Female
3410,21,17.3,81.2,96.2,3.8,5.5,6.3,48.3,73.6,2.64,66.06,60.97,AI,Cần Thơ,Male
3411,20,26.7,86.9,77.7,9.3,7.4,2.3,53.9,86.2,3.22,80.47,70.05,DS,Cần Thơ,Male
3412,23,24.9,78.0,100.0,5.4,6.8,2.2,63.5,85.0,3.69,92.3,74.27,CS,Hà Nội,Male
3413,24,23.6,84.3,100.0,5.1,7.5,1.2,51.8,79.8,2.74,68.4,65.83,SE,Huế,Female
3414,21,35.7,77.6,95.4,6.9,7.6,3.0,49.2,88.3,3.61,90.18,68.76,DS,TP.HCM,Female
3415,24,19.4,78.0,81.4,0.6,10.0,4.2,49.3,79.0,3.08,77.11,64.14,DS,Huế,Female
3416,26,14.2,89.9,90.5,9.4,8.4,1.8,45.3,72.5,2.95,73.71,58.89,CS,Hà Nội,Female
3417,28,,76.0,80.2,10.8,7.7,1.9,45.5,85.5,3.19,79.69,65.49,AI,Cần Thơ,Male
3418,19,21.8,77.3,52.5,8.3,4.4,1.7,54.4,74.2,2.88,71.94,64.3,DS,Cần Thơ,Female
3419,28,52.0,71.3,70.2,7.0,7.5,0.8,60.3,100.0,4.0,100.0,80.13,AI,Hà Nội,Female
3420,20,30.4,80.0,65.7,5.5,8.9,2.7,62.7,98.8,3.86,96.55,80.74,SE,Hà Nội,Male
3421,22,,98.1,69.8,3.3,6.5,2.8,55.8,82.9,3.6,89.92,69.32,SE,Hà Nội,Male
3422,20,16.6,76.5,100.0,9.0,9.6,2.4,44.7,63.0,1.97,49.35,53.82,IT,Huế,Male
3423,28,10.0,77.7,96.8,8.3,7.7,5.3,35.5,61.6,2.57,64.34,48.59,AI,Cần Thơ,Male
3424,25,16.8,86.9,86.6,7.1,7.4,3.1,39.7,56.8,2.28,57.02,48.24,AI,Đà Nẵng,Male
3425,29,25.9,81.3,92.2,6.8,5.8,0.8,63.2,84.6,3.1,77.44,73.94,DS,TP.HCM,Female
3426,27,36.4,100.0,51.6,,8.8,3.4,65.1,100.0,4.0,100.0,82.53,CE,Cần Thơ,Male
3427,25,34.0,83.4,90.9,4.7,6.0,2.0,50.4,90.7,3.48,87.0,70.57,CE,Đà Nẵng,Male
3428,25,26.8,88.4,94.1,12.3,6.3,2.0,58.3,80.2,3.25,81.32,69.23,CE,Hà Nội,Male
3429,29,22.4,94.4,46.4,5.3,4.7,2.2,53.9,84.6,3.19,79.68,69.27,CE,TP.HCM,Male
3430,29,27.2,94.2,91.5,4.9,8.1,2.1,70.1,87.6,3.4,85.02,78.83,CS,Cần Thơ,Female
3431,26,20.9,87.3,58.6,8.8,7.7,2.9,50.6,80.6,3.37,84.14,65.63,CS,TP.HCM,Female
3432,21,38.7,83.4,50.4,5.9,7.0,5.7,73.9,100.0,4.0,100.0,86.96,SE,Huế,Male
3433,22,23.5,,99.9,6.0,7.9,1.9,56.0,86.5,3.28,82.04,71.25,CE,TP.HCM,Female
3434,22,24.3,84.0,64.9,9.5,7.8,2.6,47.0,73.4,3.18,79.61,60.17,AI,Cần Thơ,Male
3435,25,7.3,80.6,69.3,7.7,6.6,2.9,46.1,65.9,2.91,72.64,56.01,SE,Hà Nội,Female
3436,24,,78.5,94.8,7.8,6.1,1.7,63.5,83.1,3.45,86.24,73.27,AI,Hà Nội,Male
3437,26,31.7,67.7,75.4,2.5,4.9,1.9,65.7,85.0,3.55,88.84,75.36,AI,TP.HCM,Female
3438,25,16.5,93.2,77.3,7.0,6.8,4.0,53.7,75.4,2.87,71.84,64.53,SE,Cần Thơ,Male
3439,19,19.0,61.5,77.0,3.5,5.4,1.7,56.0,85.1,3.21,80.24,70.52,AI,Hà Nội,Male
3440,27,31.3,84.9,85.2,4.9,7.2,1.2,62.5,97.3,3.8,94.93,79.91,DS,TP.HCM,Female
3441,29,13.2,83.0,76.6,6.4,6.8,5.2,47.9,75.6,3.08,76.96,61.79,CE,Cần Thơ,Male
3442,21,33.5,100.0,81.7,5.9,6.5,0.7,54.1,85.3,3.35,83.82,69.69,AI,Hà Nội,Male
3443,23,20.7,,72.4,7.6,8.3,3.8,52.2,71.0,2.69,67.22,61.55,IT,Huế,Female
3444,29,21.9,76.0,85.3,7.9,5.8,2.2,64.1,73.9,2.81,70.36,69.0,AI,Đà Nẵng,Male
3445,19,16.0,83.6,84.7,8.1,4.8,0.7,37.3,63.3,2.47,61.74,50.27,CS,TP.HCM,Male
3446,24,28.0,83.0,100.0,2.6,6.7,1.9,48.6,78.5,3.31,82.77,63.55,IT,Cần Thơ,Male
3447,20,44.7,,74.3,11.9,6.1,2.2,68.0,100.0,3.78,94.61,83.99,DS,Cần Thơ,Male
3448,30,31.3,84.2,77.2,5.9,7.1,0.1,50.9,95.7,3.94,98.54,73.31,AI,Hà Nội,Male
3449,20,18.1,72.4,83.6,9.0,5.9,3.1,54.6,66.5,2.76,69.08,60.5,SE,Huế,Male
3450,28,34.1,88.6,94.5,0.0,7.5,3.0,50.9,89.8,3.49,87.2,70.35,SE,TP.HCM,Female
3451,19,22.5,61.8,63.6,5.3,5.8,2.0,56.2,78.0,3.18,79.53,67.13,IT,Đà Nẵng,Male
3452,28,36.0,,81.6,2.3,5.8,3.2,72.2,100.0,4.0,100.0,86.12,DS,Hà Nội,Female
3453,25,31.5,79.0,42.4,3.8,7.7,2.8,65.4,100.0,3.94,98.38,82.68,AI,TP.HCM,Male
3454,23,1.5,95.2,75.9,6.1,6.9,4.4,40.5,60.1,2.25,56.24,50.31,DS,TP.HCM,Female
3455,18,17.0,100.0,96.1,5.2,5.6,0.9,56.7,95.6,3.63,90.79,76.17,CS,TP.HCM,Female
3456,29,32.6,81.7,69.1,9.3,5.9,2.1,53.0,94.3,3.6,90.09,73.66,IT,Cần Thơ,Female
3457,18,26.2,98.9,82.7,10.4,6.6,4.0,61.4,88.3,3.69,92.28,74.88,CS,Huế,Male
3458,24,16.8,81.8,72.1,3.6,5.6,3.3,45.2,63.6,2.53,63.34,54.44,IT,Cần Thơ,Male
3459,25,19.9,75.3,67.1,4.8,6.7,0.0,57.9,69.1,2.44,61.05,63.5,SE,Hà Nội,Female
3460,22,9.8,100.0,94.6,3.4,6.7,0.0,52.6,62.1,2.74,68.38,57.37,CE,Đà Nẵng,Female
3461,29,24.3,90.2,64.3,8.9,5.9,2.5,50.7,88.7,3.51,87.8,69.69,DS,TP.HCM,Female
3462,28,42.7,85.0,84.4,6.4,7.8,5.0,72.4,100.0,4.0,100.0,86.2,DS,Hà Nội,Male
3463,22,31.4,91.9,84.6,6.1,5.8,1.9,65.3,98.6,4.0,100.0,81.93,DS,Huế,Male
3464,21,42.5,87.7,67.2,6.8,8.5,3.5,66.5,100.0,3.83,95.83,83.25,CS,Cần Thơ,Female
3465,23,32.1,84.3,82.3,5.2,6.7,2.6,61.9,94.7,3.54,88.58,78.3,AI,Huế,Female
3466,23,33.2,71.7,66.0,3.9,6.2,3.4,64.5,97.7,3.72,92.88,81.11,AI,Huế,Female
3467,20,40.8,82.3,87.8,6.1,7.6,4.1,64.5,91.5,3.62,90.5,77.99,CS,Hà Nội,Male
3468,26,28.0,91.2,60.3,5.3,7.0,3.9,53.1,94.7,3.88,96.92,73.89,SE,Hà Nội,Male
3469,29,23.5,83.8,74.9,6.9,7.9,3.9,56.9,77.5,3.47,86.81,67.19,CE,Hà Nội,Female
3470,28,33.3,,76.2,1.9,4.6,1.6,75.2,100.0,4.0,100.0,87.59,AI,Huế,Male
3471,24,36.6,88.8,96.7,6.5,7.6,2.3,64.7,100.0,3.61,90.18,82.33,SE,TP.HCM,Male
3472,18,21.2,76.2,82.1,4.3,6.4,3.3,49.7,77.5,3.07,76.7,63.56,DS,Hà Nội,Male
3473,30,,71.8,94.3,6.4,7.0,3.2,44.2,72.9,2.46,61.52,58.57,CS,Cần Thơ,Female
3474,24,26.1,83.4,88.3,8.3,6.9,3.4,65.7,90.0,3.79,94.77,77.85,DS,Hà Nội,Male
3475,22,31.7,79.8,88.2,4.6,8.6,0.0,67.3,100.0,3.96,99.0,83.63,DS,Cần Thơ,Male
3476,22,31.4,88.4,75.0,9.0,4.8,4.3,60.7,100.0,4.0,100.0,80.35,SE,Hà Nội,Female
3477,30,13.6,77.8,95.3,1.6,8.9,0.0,41.0,64.8,2.54,63.61,52.88,AI,Hà Nội,Male
3478,19,40.3,78.8,74.7,9.9,7.8,1.4,61.1,100.0,4.0,100.0,80.54,CS,Đà Nẵng,Female
3479,21,,95.5,54.1,9.1,7.2,2.8,47.8,64.6,2.45,61.15,56.2,CS,TP.HCM,Male
3480,29,22.9,86.5,76.8,3.8,5.3,2.5,51.4,84.3,3.39,84.82,67.88,IT,Huế,Female
3481,23,17.8,78.0,86.8,3.8,5.0,4.6,45.8,63.6,2.36,58.89,54.73,CE,Cần Thơ,Male
3482,27,46.6,85.2,55.9,2.3,6.3,0.7,67.2,100.0,4.0,100.0,83.59,AI,TP.HCM,Female
3483,28,26.9,98.8,66.7,8.3,7.8,2.0,68.4,99.9,4.0,100.0,84.12,DS,Đà Nẵng,Female
3484,24,18.2,87.9,61.5,5.2,7.0,0.0,63.7,69.0,2.85,71.35,66.34,AI,Đà Nẵng,Male
3485,28,31.9,90.9,91.8,5.0,7.7,2.7,54.4,97.1,3.86,96.56,75.73,SE,Hà Nội,Male
3486,22,31.2,77.5,100.0,3.2,5.2,2.2,55.7,91.1,3.85,96.34,73.42,CS,Cần Thơ,Female
3487,26,23.5,95.3,76.9,10.5,7.1,0.6,49.8,89.8,3.96,98.88,69.79,DS,TP.HCM,Female
3488,20,31.7,100.0,88.0,3.6,8.3,4.5,66.2,94.9,3.49,87.25,80.55,AI,Cần Thơ,Male
3489,18,18.4,77.1,87.6,6.1,8.7,4.1,47.8,80.2,2.95,73.82,63.98,AI,Cần Thơ,Male
3490,21,21.1,,100.0,,5.5,2.6,44.0,74.4,2.94,73.53,59.21,CE,Huế,Male
3491,26,8.9,86.8,70.2,5.0,6.6,4.2,57.1,61.7,2.38,59.47,59.41,SE,Hà Nội,Female
3492,21,14.4,93.8,76.7,4.5,6.6,2.4,53.5,63.7,2.64,66.1,58.63,SE,Đà Nẵng,Female
3493,19,39.5,84.1,74.9,5.1,6.2,3.6,59.9,97.2,3.98,99.55,78.52,DS,Huế,Female
3494,27,38.1,74.5,81.1,7.4,8.1,3.8,76.1,100.0,4.0,100.0,88.03,DS,Đà Nẵng,Female
3495,22,25.5,,100.0,5.1,10.0,0.9,48.1,85.8,3.1,77.5,66.97,IT,TP.HCM,Male
3496,20,38.3,91.0,80.5,10.1,5.7,3.1,72.0,90.1,3.64,91.09,81.05,CS,Huế,Female
3497,30,23.7,80.9,67.2,4.1,7.5,2.8,73.1,86.1,3.81,95.37,79.58,IT,Đà Nẵng,Female
3498,29,23.1,91.1,62.7,7.9,7.4,1.0,55.0,85.4,3.52,87.96,70.17,IT,Cần Thơ,Female
3499,30,25.5,96.6,98.8,,7.4,0.6,56.4,100.0,3.99,99.67,78.21,AI,Cần Thơ,Female
3500,26,24.0,87.4,67.1,4.1,8.6,3.2,57.4,94.9,3.92,97.99,76.13,AI,Hà Nội,Male
3501,21,23.3,84.7,90.0,4.0,7.4,2.1,71.9,87.7,3.34,83.39,79.79,DS,Đà Nẵng,Male
3502,23,34.1,93.3,69.8,3.2,4.4,0.3,75.7,100.0,4.0,100.0,87.84,AI,Huế,Male
3503,19,26.2,76.4,61.0,6.7,5.3,3.4,52.8,71.0,2.83,70.85,61.87,AI,TP.HCM,Male
3504,23,30.7,,89.1,5.7,5.7,3.9,61.6,68.9,2.53,63.15,65.25,CE,Cần Thơ,Female
3505,20,33.3,82.3,70.5,0.3,6.1,0.7,69.2,95.6,3.87,96.79,82.39,CS,Huế,Male
3506,29,28.1,80.1,86.4,11.0,6.8,2.5,54.9,94.2,3.78,94.39,74.52,AI,Hà Nội,Female
3507,29,17.2,77.0,87.5,6.4,6.7,4.8,41.0,68.5,2.9,72.5,54.72,SE,Hà Nội,Female
3508,26,14.2,100.0,88.2,6.0,4.8,1.1,58.8,72.8,2.94,73.43,65.77,DS,TP.HCM,Female
3509,28,26.2,100.0,76.0,9.3,5.1,5.1,63.5,100.0,4.0,100.0,81.72,CS,Cần Thơ,Male
3510,19,23.6,81.5,90.3,,4.5,2.0,57.3,97.1,3.91,97.85,77.22,CE,Đà Nẵng,Male
3511,29,25.7,85.9,66.2,5.3,5.1,2.4,65.5,77.6,3.13,78.27,71.53,IT,Đà Nẵng,Female
3512,29,24.9,83.1,43.2,1.1,8.2,0.4,47.5,80.8,3.46,86.46,64.15,SE,Cần Thơ,Female
3513,26,45.7,96.1,90.6,7.4,6.7,0.5,71.9,100.0,4.0,100.0,85.96,SE,TP.HCM,Male
3514,22,14.4,98.1,82.5,3.6,5.9,1.5,70.3,83.2,3.14,78.53,76.74,IT,TP.HCM,Female
3515,25,9.1,67.2,70.8,9.1,4.7,3.8,46.2,53.8,2.13,53.19,49.99,SE,Hà Nội,Female
3516,19,27.7,89.8,57.9,4.1,5.8,6.0,63.9,100.0,3.72,92.96,81.96,AI,Đà Nẵng,Female
3517,23,22.0,71.9,49.5,4.9,7.7,6.4,53.1,74.1,3.26,81.57,63.6,DS,Hà Nội,Female
3518,20,27.5,100.0,80.8,2.6,7.6,2.3,46.8,90.7,3.49,87.24,68.78,SE,Đà Nẵng,Male
3519,29,29.7,89.4,100.0,2.8,6.7,2.0,54.5,92.0,3.53,88.22,73.28,IT,Huế,Female
3520,29,35.3,76.8,77.9,5.7,6.7,1.0,69.8,89.4,3.94,98.55,79.62,CS,Huế,Male
3521,27,12.9,82.6,74.6,5.5,4.9,4.2,43.0,66.6,2.54,63.62,54.82,CE,TP.HCM,Female
3522,22,20.5,82.1,79.6,4.8,6.1,1.4,51.5,65.6,2.43,60.87,58.53,CE,Đà Nẵng,Female
3523,29,28.4,90.3,100.0,11.1,7.7,2.1,62.0,100.0,4.0,100.0,81.02,AI,TP.HCM,Female
3524,25,31.2,95.4,91.3,7.5,6.2,3.2,55.4,100.0,4.0,99.96,77.68,AI,Hà Nội,Male
3525,27,,73.5,66.0,6.0,8.9,3.2,58.3,96.6,3.69,92.15,77.47,AI,Hà Nội,Male
3526,18,32.6,100.0,80.4,0.0,8.4,1.6,64.4,99.9,4.0,100.0,82.12,SE,Hà Nội,Male
3527,22,24.5,100.0,85.0,8.1,6.5,2.4,55.6,96.8,4.0,99.89,76.19,IT,Hà Nội,Male
3528,20,17.9,76.2,64.2,13.5,6.7,1.6,51.6,74.9,3.17,79.17,63.2,CS,Huế,Male
3529,21,20.5,85.7,91.4,5.5,9.7,1.3,42.5,61.7,2.52,62.93,52.07,CS,TP.HCM,Male
3530,19,20.3,100.0,67.7,,8.0,1.0,51.2,83.8,3.53,88.25,67.5,AI,Đà Nẵng,Female
3531,26,30.2,97.3,57.3,6.4,7.1,0.3,67.4,100.0,4.0,100.0,83.72,AI,Đà Nẵng,Female
3532,20,27.1,,81.1,2.4,7.2,3.0,79.6,76.5,2.97,74.21,78.08,SE,TP.HCM,Female
3533,19,14.4,93.1,78.8,7.2,7.2,2.1,50.7,74.5,3.32,83.06,62.6,CS,TP.HCM,Female
3534,27,21.5,100.0,80.0,9.8,7.0,0.8,61.2,81.2,3.38,84.46,71.19,DS,TP.HCM,Male
3535,28,32.0,86.1,68.5,4.3,5.7,0.7,65.6,100.0,4.0,100.0,82.79,IT,TP.HCM,Female
3536,26,27.8,78.7,70.6,4.4,6.5,0.6,59.9,84.3,3.35,83.64,72.09,CS,Hà Nội,Male
3537,24,29.5,86.7,96.9,5.8,5.3,1.6,65.3,89.7,3.76,93.95,77.5,IT,Cần Thơ,Female
3538,23,28.1,87.5,86.6,4.7,7.9,4.2,52.0,93.3,3.79,94.63,72.62,CE,Đà Nẵng,Male
3539,18,38.0,79.8,65.6,2.2,6.8,1.5,62.8,93.2,3.92,98.08,78.01,CE,Đà Nẵng,Male
3540,22,26.9,89.4,50.7,5.0,7.9,3.3,60.5,90.3,3.53,88.16,75.35,DS,Đà Nẵng,Male
3541,29,21.9,72.5,66.3,4.5,5.5,4.8,45.1,74.7,2.88,71.88,59.86,CS,Đà Nẵng,Female
3542,28,17.7,78.3,82.4,9.4,8.7,2.8,53.3,71.9,3.12,78.03,62.56,IT,Huế,Male
3543,28,27.0,,70.5,8.9,8.6,1.4,44.8,74.5,3.03,75.75,59.65,AI,Huế,Female
3544,20,5.5,67.5,69.4,9.5,5.1,2.4,45.3,46.7,2.06,51.61,46.01,CS,TP.HCM,Female
3545,18,23.5,94.0,71.2,8.0,6.4,2.4,55.6,84.6,3.1,77.5,70.09,DS,TP.HCM,Male
3546,21,23.4,64.9,78.9,6.5,6.5,5.1,57.5,61.5,2.3,57.42,59.45,IT,Huế,Female
3547,30,14.1,67.7,91.8,3.8,5.3,0.0,53.2,67.8,2.61,65.15,60.48,CS,Hà Nội,Male
3548,19,17.6,80.0,80.0,9.3,6.7,4.2,60.8,74.3,3.23,80.77,67.52,DS,TP.HCM,Female
3549,19,31.5,87.9,80.9,6.9,7.7,0.0,63.8,100.0,4.0,100.0,81.9,AI,Hà Nội,Female
3550,20,26.8,98.3,76.6,2.9,6.4,3.7,46.9,91.8,3.69,92.27,69.35,SE,Huế,Female
3551,25,25.8,85.6,72.5,3.7,4.9,1.9,44.0,72.1,2.98,74.52,58.05,AI,Hà Nội,Female
3552,25,27.5,82.5,93.4,2.8,7.9,5.2,48.5,78.6,3.18,79.46,63.55,CS,Hà Nội,Female
3553,29,25.7,90.8,91.1,0.9,6.0,3.5,63.3,82.4,3.1,77.42,72.87,CS,Hà Nội,Female
3554,24,34.9,,100.0,7.0,6.2,3.4,52.1,86.9,3.49,87.24,69.51,SE,TP.HCM,Female
3555,23,26.0,,89.2,2.9,9.0,1.1,55.7,84.4,3.2,79.92,70.07,SE,Hà Nội,Male
3556,26,13.3,73.0,72.5,4.1,7.5,5.2,42.8,71.1,2.77,69.17,56.93,IT,TP.HCM,Male
3557,21,38.0,85.8,66.4,6.1,6.0,6.7,69.1,98.5,3.89,97.33,83.78,SE,Cần Thơ,Female
3558,29,28.0,83.7,94.3,5.5,5.6,5.5,63.9,96.9,4.0,100.0,80.38,SE,Hà Nội,Female
3559,18,20.3,77.0,67.8,4.2,8.2,1.0,52.5,78.2,3.16,78.96,65.32,SE,Cần Thơ,Female
3560,25,15.0,86.7,92.1,9.8,8.1,2.2,55.2,85.0,3.32,82.95,70.11,AI,Hà Nội,Female
3561,24,28.2,86.6,68.6,2.2,6.4,0.7,50.9,84.3,3.49,87.33,67.56,CE,Cần Thơ,Female
3562,24,24.1,96.8,85.2,2.3,5.5,1.6,65.2,84.6,3.25,81.29,74.91,IT,Huế,Female
3563,20,37.6,68.9,64.1,7.1,7.5,2.9,64.5,98.1,4.0,100.0,81.32,SE,Cần Thơ,Female
3564,21,22.2,84.2,91.7,4.4,7.7,3.6,60.0,69.8,2.88,71.95,64.9,IT,Cần Thơ,Male
3565,27,18.3,77.4,61.5,4.3,6.6,3.3,46.5,72.2,2.39,59.84,59.33,CE,Đà Nẵng,Female
3566,26,32.2,93.7,84.1,3.3,5.7,0.0,47.8,97.1,3.72,93.12,72.47,SE,Cần Thơ,Female
3567,23,32.4,92.5,77.0,6.8,7.0,2.4,68.2,100.0,4.0,100.0,84.09,IT,Cần Thơ,Male
3568,22,26.3,90.1,81.5,6.6,7.6,3.3,57.2,91.2,3.68,91.89,74.18,IT,TP.HCM,Male
3569,20,30.4,78.0,74.1,6.3,6.4,3.9,68.5,91.9,3.58,89.56,80.22,SE,Hà Nội,Female
3570,26,24.7,93.9,73.7,4.5,7.3,3.1,60.8,100.0,4.0,100.0,80.38,SE,Đà Nẵng,Male
3571,22,26.9,69.7,82.3,4.1,7.4,3.2,77.7,90.5,3.3,82.57,84.13,IT,TP.HCM,Male
3572,22,34.3,,65.0,5.6,8.4,2.1,70.4,87.1,3.29,82.24,78.76,CS,Đà Nẵng,Male
3573,21,30.0,72.2,64.9,8.4,6.5,2.9,56.5,86.1,3.16,79.08,71.3,IT,Hà Nội,Female
3574,21,23.6,84.7,74.6,9.9,5.6,6.4,43.5,66.2,2.57,64.32,54.85,AI,Cần Thơ,Female
3575,29,35.8,,74.0,8.8,6.9,4.3,59.1,89.4,3.9,97.45,74.25,DS,Hà Nội,Female
3576,18,6.1,55.2,64.9,7.3,9.0,3.0,30.8,46.6,1.98,49.59,38.71,IT,Cần Thơ,Male
3577,24,41.4,98.2,93.9,8.5,4.9,3.6,66.9,100.0,4.0,100.0,83.44,IT,Đà Nẵng,Male
3578,26,11.4,86.3,75.0,3.0,4.2,2.6,45.5,60.9,2.3,57.57,53.2,CS,Cần Thơ,Male
3579,20,20.0,69.3,76.6,4.2,6.9,2.6,52.8,63.8,2.71,67.65,58.26,SE,Hà Nội,Female
3580,29,24.7,86.0,60.1,7.3,6.5,3.9,66.7,89.6,3.43,85.69,78.14,CS,Cần Thơ,Female
3581,30,23.8,95.9,100.0,,6.7,1.6,50.7,79.1,3.12,78.08,64.92,CS,Hà Nội,Female
3582,19,,91.0,100.0,6.8,6.7,2.3,53.0,98.4,4.0,100.0,75.73,CE,Hà Nội,Female
3583,20,16.5,96.0,68.3,,8.2,0.4,58.0,83.7,3.33,83.27,70.86,CS,TP.HCM,Male
3584,18,27.1,71.3,98.4,8.1,6.9,3.7,66.0,76.1,3.23,80.64,71.04,CS,Hà Nội,Female
3585,23,20.4,80.9,78.6,3.3,8.0,4.1,48.7,82.3,3.25,81.3,65.51,CS,TP.HCM,Female
3586,28,27.4,75.8,100.0,6.0,4.0,3.4,64.7,86.3,3.72,93.1,75.5,IT,Huế,Male
3587,28,24.5,100.0,85.0,3.7,6.4,2.1,64.1,82.1,3.37,84.23,73.14,DS,TP.HCM,Male
3588,24,25.7,91.4,81.5,4.1,6.0,2.4,45.2,86.1,3.27,81.66,65.64,CE,Cần Thơ,Male
3589,28,20.6,100.0,42.5,1.7,4.3,2.7,50.7,96.2,3.74,93.48,73.44,CS,Huế,Male
3590,28,20.9,80.3,66.8,6.3,7.1,4.1,49.2,74.0,2.91,72.84,61.56,CS,TP.HCM,Female
3591,19,27.3,77.8,80.3,1.5,6.9,4.1,72.1,77.8,3.3,82.56,74.91,CS,TP.HCM,Male
3592,25,32.5,83.6,83.0,,6.4,0.3,65.8,100.0,4.0,100.0,82.88,SE,Đà Nẵng,Female
3593,23,20.2,98.8,61.8,9.4,6.8,1.2,51.2,94.6,3.49,87.17,72.9,SE,TP.HCM,Male
3594,21,18.0,,69.1,7.3,7.1,3.2,45.5,62.9,2.44,60.94,54.19,IT,Huế,Female
3595,22,29.9,86.2,88.3,6.1,8.2,0.5,48.6,81.7,3.51,87.83,65.14,AI,Cần Thơ,Male
3596,25,24.7,86.0,59.3,9.8,7.8,3.9,64.4,87.9,3.5,87.62,76.17,IT,TP.HCM,Female
3597,20,31.6,85.4,82.0,6.8,7.4,2.1,64.5,80.1,3.17,79.35,72.32,CS,Cần Thơ,Male
3598,20,17.8,78.5,98.6,3.8,9.8,3.6,54.7,90.6,3.74,93.42,72.64,CE,Hà Nội,Female
3599,28,10.8,83.6,85.8,6.3,6.2,2.6,36.0,60.1,2.14,53.41,48.06,SE,TP.HCM,Female
3600,21,20.7,83.2,85.0,10.9,5.4,2.4,58.6,80.8,3.35,83.85,69.68,SE,Cần Thơ,Female
3601,18,18.9,84.9,49.7,3.3,8.4,0.9,50.1,78.9,3.22,80.41,64.49,AI,Hà Nội,Female
3602,26,24.4,94.4,67.7,2.5,9.2,1.7,52.0,83.4,3.37,84.35,67.68,AI,Huế,Female
3603,25,19.9,100.0,100.0,7.5,6.2,2.3,58.8,80.6,3.44,85.99,69.68,AI,Hà Nội,Male
3604,25,30.9,76.6,71.0,5.4,8.7,2.3,50.7,79.1,3.15,78.71,64.87,CE,Hà Nội,Male
3605,27,22.7,,99.0,4.7,6.4,3.6,55.5,71.0,2.85,71.2,63.26,CS,TP.HCM,Male
3606,23,26.2,76.7,70.8,2.9,7.7,1.5,54.2,86.3,3.49,87.21,70.24,CE,TP.HCM,Female
3607,24,26.3,86.9,75.8,1.1,7.8,2.5,65.8,100.0,3.59,89.76,82.89,CE,Cần Thơ,Male
3608,23,26.6,79.6,87.7,2.4,6.2,4.8,63.6,94.7,4.0,99.93,79.12,SE,Hà Nội,Female
3609,26,24.8,87.4,81.5,10.0,9.2,3.7,57.4,83.0,3.44,86.0,70.21,DS,Hà Nội,Female
3610,20,29.1,96.0,85.7,6.0,9.4,2.7,63.3,93.8,3.86,96.5,78.56,CE,Hà Nội,Male
3611,20,18.6,59.7,67.7,1.1,5.8,0.3,52.4,82.2,3.36,83.95,67.34,DS,Đà Nẵng,Female
3612,20,36.2,89.9,63.0,,7.2,0.4,65.6,96.5,4.0,100.0,81.03,AI,Cần Thơ,Male
3613,27,23.1,80.4,66.7,,8.1,3.5,48.3,64.5,2.62,65.52,56.36,CS,TP.HCM,Male
3614,20,14.5,89.6,72.0,9.1,4.7,3.6,45.7,72.0,2.84,70.98,58.87,SE,Huế,Male
3615,26,26.5,76.0,76.6,4.9,7.0,0.0,47.1,87.6,3.16,78.97,67.38,SE,Hà Nội,Male
3616,29,18.2,97.0,95.6,5.3,5.0,3.5,60.1,62.2,2.23,55.83,61.15,SE,Huế,Female
3617,21,30.3,94.1,81.3,6.3,7.8,1.7,64.8,100.0,3.94,98.48,82.42,AI,Huế,Male
3618,30,42.7,90.7,87.3,9.5,7.1,1.9,67.4,100.0,4.0,100.0,83.72,DS,TP.HCM,Male
3619,24,18.7,92.9,82.1,4.6,6.6,3.8,47.5,65.0,2.48,62.02,56.25,DS,Cần Thơ,Male
3620,26,27.7,77.5,63.3,4.1,5.1,3.6,59.1,84.0,3.31,82.81,71.55,CS,Đà Nẵng,Female
3621,28,11.0,78.8,80.3,7.7,6.3,2.4,34.4,49.5,1.8,45.0,41.98,IT,Cần Thơ,Female
3622,29,28.6,92.5,82.0,9.0,7.6,3.5,52.3,75.0,3.19,79.69,63.65,CS,Huế,Female
3623,24,17.9,77.3,91.4,5.9,7.0,2.0,49.9,73.1,2.87,71.71,61.51,DS,Cần Thơ,Female
3624,26,20.0,99.5,64.0,7.7,8.4,1.3,73.2,90.4,3.85,96.27,81.8,DS,Đà Nẵng,Female
3625,29,16.2,,49.4,6.3,8.4,4.4,52.8,58.4,2.28,57.09,55.6,SE,Đà Nẵng,Female
3626,20,30.9,90.0,82.6,5.4,8.3,4.5,63.0,83.6,3.41,85.37,73.3,CE,Đà Nẵng,Female
3627,21,33.1,100.0,85.3,3.9,6.4,1.5,56.0,100.0,4.0,100.0,78.01,CE,Huế,Female
3628,25,25.2,77.9,77.3,3.1,7.4,1.7,48.6,84.2,3.4,85.04,66.41,CE,Cần Thơ,Female
3629,23,18.1,85.7,80.4,4.5,5.8,3.8,61.6,57.9,2.1,52.39,59.75,CE,TP.HCM,Male
3630,22,37.7,95.5,93.2,3.6,5.5,1.5,64.2,95.3,3.74,93.56,79.71,IT,Đà Nẵng,Female
3631,30,19.0,94.5,73.1,6.7,8.4,3.7,54.0,79.1,2.75,68.68,66.51,SE,TP.HCM,Female
3632,21,7.7,81.7,75.8,9.0,5.6,1.0,47.5,65.1,2.93,73.29,56.28,IT,TP.HCM,Female
3633,25,28.7,79.8,81.2,6.5,5.4,2.1,55.3,90.3,2.94,73.48,72.8,AI,Huế,Female
3634,18,16.2,82.7,61.7,3.7,7.1,4.0,45.7,74.5,3.15,78.71,60.11,SE,Đà Nẵng,Male
3635,26,32.9,99.5,77.7,8.1,6.7,1.0,51.7,90.6,3.65,91.18,71.15,CS,Huế,Male
3636,18,22.0,82.2,79.0,,6.8,1.6,44.7,77.6,2.76,68.93,61.15,CS,Huế,Male
3637,25,29.8,85.8,100.0,7.2,9.8,3.1,64.6,90.3,3.67,91.64,77.49,AI,Cần Thơ,Male
3638,21,36.2,80.7,75.5,4.7,5.8,0.0,61.0,94.0,3.54,88.43,77.47,IT,Huế,Male
3639,26,15.3,92.1,83.0,8.8,7.6,2.6,55.3,63.7,2.64,65.89,59.52,IT,Cần Thơ,Male
3640,28,20.5,86.6,93.8,8.8,7.1,4.2,41.5,76.2,3.04,75.89,58.81,CE,Cần Thơ,Female
3641,22,24.4,,67.4,5.5,8.2,3.8,60.6,69.2,2.82,70.39,64.93,SE,Đà Nẵng,Female
3642,20,37.3,75.3,100.0,7.8,6.1,2.4,64.0,89.1,3.49,87.28,76.55,CS,TP.HCM,Female
3643,26,19.7,65.0,100.0,8.8,6.7,2.5,38.5,71.4,3.12,78.0,54.94,AI,Đà Nẵng,Female
3644,28,20.2,76.7,79.6,4.8,7.1,4.7,60.2,76.6,2.86,71.51,68.37,DS,Cần Thơ,Male
3645,26,28.8,92.9,71.9,5.8,5.3,4.6,50.0,96.6,3.73,93.27,73.32,AI,Hà Nội,Female
3646,21,20.4,98.2,100.0,6.2,4.8,2.4,63.1,83.7,3.32,82.88,73.42,SE,TP.HCM,Female
3647,28,26.2,91.9,91.9,3.3,7.0,1.6,58.2,84.8,3.37,84.26,71.48,IT,TP.HCM,Female
3648,21,12.6,90.5,81.2,7.1,8.6,3.8,41.3,75.6,2.8,69.92,58.45,CS,Hà Nội,Male
3649,29,42.7,83.7,100.0,8.6,6.6,4.2,83.5,100.0,3.6,90.02,91.73,SE,Đà Nẵng,Female
3650,25,14.2,92.7,99.8,5.6,6.7,4.6,52.6,75.4,3.09,77.17,64.0,CS,Hà Nội,Male
3651,19,22.4,87.9,75.0,6.8,8.4,3.4,64.1,84.4,3.44,86.0,74.23,CE,Hà Nội,Female
3652,26,24.7,100.0,83.7,9.5,6.8,2.0,61.8,92.3,4.0,100.0,77.05,CS,Đà Nẵng,Male
3653,30,40.3,84.0,88.7,5.0,7.9,0.0,66.2,100.0,4.0,100.0,83.1,IT,Hà Nội,Female
3654,23,,98.4,80.4,6.9,10.0,5.4,44.0,78.4,3.15,78.72,61.21,CE,Hà Nội,Female
3655,26,40.9,93.7,59.1,4.6,6.3,4.9,68.4,100.0,3.86,96.62,84.18,DS,Cần Thơ,Male
3656,25,31.1,92.4,65.9,4.5,6.8,1.3,63.4,94.2,3.99,99.8,78.76,IT,Huế,Female
3657,24,28.3,64.9,59.6,6.9,7.5,2.8,62.1,86.7,3.3,82.43,74.39,CE,Đà Nẵng,Female
3658,30,17.1,94.3,87.4,6.6,8.8,2.2,49.0,63.7,2.73,68.17,56.37,IT,Cần Thơ,Male
3659,18,29.6,83.7,62.2,7.4,6.9,2.6,63.6,100.0,3.71,92.83,81.79,CE,Đà Nẵng,Male
3660,29,19.2,80.6,82.9,,7.9,1.9,64.1,68.3,3.13,78.14,66.2,SE,Hà Nội,Female
3661,20,35.1,70.2,100.0,,7.4,3.5,63.1,88.6,3.33,83.21,75.81,IT,Cần Thơ,Male
3662,28,17.2,84.9,100.0,10.2,6.9,0.8,36.0,65.0,2.4,60.02,50.47,CE,TP.HCM,Male
3663,19,24.1,85.3,52.4,8.6,6.5,1.9,56.2,86.0,3.06,76.49,71.13,CS,TP.HCM,Male
3664,22,20.6,72.0,60.8,6.8,6.3,3.8,50.5,86.2,3.37,84.24,68.36,AI,Hà Nội,Male
3665,22,17.1,70.3,68.4,,10.0,0.0,47.4,77.1,3.17,79.29,62.26,IT,TP.HCM,Male
3666,22,,89.9,62.5,5.3,5.2,3.0,49.7,78.2,3.01,75.21,63.96,CE,Hà Nội,Female
3667,21,29.3,93.7,55.2,,5.3,1.7,63.1,88.0,3.34,83.53,75.53,DS,Huế,Female
3668,22,34.7,86.9,79.8,7.2,7.3,4.9,60.1,85.6,3.13,78.31,72.8,CS,Cần Thơ,Female
3669,20,10.8,96.5,90.6,6.2,7.2,3.0,46.8,58.2,2.38,59.59,52.47,CS,Đà Nẵng,Female
3670,29,33.5,84.1,94.3,,7.5,1.3,69.9,94.9,3.94,98.41,82.4,AI,Huế,Male
3671,18,45.0,84.5,72.9,9.2,6.0,4.7,65.4,100.0,4.0,100.0,82.68,IT,Hà Nội,Female
3672,22,21.4,75.8,75.9,5.7,5.8,2.5,51.6,74.2,3.11,77.67,62.93,CS,TP.HCM,Female
3673,30,40.2,69.4,85.3,1.0,6.7,2.7,64.0,98.9,3.71,92.79,81.44,DS,Đà Nẵng,Male
3674,26,22.9,100.0,78.4,11.1,8.1,3.8,55.9,88.2,3.4,85.07,72.08,CS,Cần Thơ,Male
3675,30,14.0,96.3,92.2,4.4,5.8,1.6,46.6,65.0,2.56,63.98,55.81,SE,Hà Nội,Male
3676,26,22.6,71.1,86.5,6.5,7.2,4.7,49.7,74.0,3.22,80.41,61.84,AI,Cần Thơ,Female
3677,21,33.4,86.6,74.4,7.8,6.4,3.4,75.6,100.0,4.0,100.0,87.79,CS,Đà Nẵng,Male
3678,20,18.3,84.0,52.2,9.5,5.2,1.5,48.1,93.8,3.91,97.76,70.97,AI,Cần Thơ,Female
3679,18,20.2,82.3,100.0,10.5,5.5,1.9,54.5,85.5,3.58,89.38,70.03,SE,TP.HCM,Male
3680,19,29.7,80.9,69.7,5.1,8.1,0.6,60.2,100.0,3.84,96.05,80.12,CS,Đà Nẵng,Female
3681,25,25.0,88.8,85.4,9.0,6.3,3.0,57.6,86.6,3.48,87.09,72.1,CE,Đà Nẵng,Male
3682,18,29.7,93.2,51.3,6.5,8.5,2.2,64.8,100.0,3.67,91.67,82.42,DS,Hà Nội,Male
3683,25,26.9,89.0,79.8,12.9,7.0,3.0,53.8,89.0,3.71,92.86,71.4,CS,Huế,Male
3684,30,28.8,83.8,81.5,8.8,5.4,0.0,69.7,80.4,3.17,79.19,75.07,CS,TP.HCM,Female
3685,24,21.5,83.4,82.2,5.6,7.6,1.7,46.8,57.2,2.7,67.43,51.99,DS,Hà Nội,Male
3686,25,26.9,94.4,100.0,4.0,6.0,1.0,58.1,81.8,3.32,83.07,69.91,CE,Đà Nẵng,Female
3687,29,17.6,89.6,70.5,0.0,6.5,3.2,42.7,82.3,3.14,78.52,62.51,IT,TP.HCM,Female
3688,23,35.3,85.7,92.3,,8.4,1.6,71.1,99.3,3.92,97.98,85.21,CE,Đà Nẵng,Male
3689,29,,,87.8,8.5,5.5,3.2,45.7,80.9,3.11,77.71,63.3,SE,Đà Nẵng,Male
3690,26,34.0,88.5,69.8,7.9,6.5,1.7,69.5,100.0,3.88,97.09,84.73,IT,Hà Nội,Male
3691,20,23.1,80.3,92.1,0.1,5.7,4.9,56.4,70.3,2.81,70.23,63.36,DS,TP.HCM,Male
3692,27,26.6,93.2,77.5,2.9,5.6,2.6,60.3,100.0,3.8,95.07,80.13,SE,Cần Thơ,Male
3693,21,21.0,74.2,93.1,7.2,6.4,3.9,60.3,69.1,2.75,68.78,64.68,CE,Đà Nẵng,Male
3694,30,16.9,,100.0,10.5,6.0,2.3,45.3,68.6,2.35,58.71,56.91,AI,Đà Nẵng,Female
3695,23,11.0,91.1,82.3,5.9,6.7,3.9,58.0,62.9,2.55,63.66,60.4,CS,Hà Nội,Male
3696,25,16.6,73.7,75.8,8.7,7.8,1.3,45.6,70.0,2.65,66.25,57.82,CS,Cần Thơ,Male
3697,22,22.4,69.3,95.8,3.4,6.1,2.4,55.4,75.6,2.75,68.84,65.51,AI,TP.HCM,Female
3698,20,26.7,85.6,100.0,6.5,5.2,1.8,56.4,93.5,3.88,97.08,74.94,CE,Cần Thơ,Female
3699,23,33.1,68.0,66.8,5.3,7.8,5.3,64.6,99.1,3.61,90.22,81.86,IT,TP.HCM,Female
3700,21,21.4,72.0,73.2,9.0,6.1,0.7,44.4,85.4,3.54,88.47,64.85,DS,TP.HCM,Male
3701,26,17.9,92.6,90.1,4.7,9.2,5.6,53.1,83.1,3.42,85.44,68.12,AI,Cần Thơ,Male
3702,30,13.5,83.0,78.0,10.2,6.5,0.4,47.7,75.1,2.83,70.69,61.41,AI,Hà Nội,Female
3703,20,28.8,97.9,65.7,5.2,6.8,3.6,64.6,92.2,3.63,90.87,78.41,IT,Cần Thơ,Male
3704,21,36.1,73.0,88.1,3.3,4.2,1.6,66.0,96.1,3.9,97.41,81.05,CE,Hà Nội,Female
3705,24,35.1,84.1,90.1,3.4,5.6,2.9,57.5,98.5,3.99,99.67,78.01,SE,Hà Nội,Female
3706,24,30.7,89.0,75.0,4.4,4.3,2.2,71.2,88.3,3.72,92.88,79.73,SE,Cần Thơ,Male
3707,29,30.1,73.3,80.9,6.9,7.4,1.3,58.1,97.0,4.0,100.0,77.56,CS,Đà Nẵng,Female
3708,29,38.6,95.3,71.4,4.5,6.9,2.6,73.7,100.0,4.0,100.0,86.86,CS,Huế,Male
3709,21,,90.1,63.6,3.9,7.8,1.9,49.8,88.4,3.76,94.12,69.08,CS,Hà Nội,Male
3710,23,30.2,68.9,72.5,8.2,8.0,3.4,54.9,72.6,2.93,73.22,63.75,CS,Hà Nội,Male
3711,29,22.4,84.6,81.1,0.0,8.2,1.0,62.6,81.9,3.22,80.45,72.25,CS,TP.HCM,Female
3712,30,14.1,88.9,57.9,,6.7,3.2,61.2,82.6,3.28,81.97,71.88,AI,Đà Nẵng,Female
3713,20,,79.1,73.6,2.7,7.1,3.8,54.7,79.3,3.1,77.6,67.0,IT,TP.HCM,Male
3714,23,24.9,70.2,81.3,3.8,7.7,2.3,53.6,85.8,3.72,93.08,69.7,CS,Cần Thơ,Male
3715,29,25.5,87.8,97.9,6.6,6.0,0.5,49.3,81.2,3.1,77.45,65.28,CE,Đà Nẵng,Male
3716,19,40.4,100.0,75.3,5.5,5.9,5.1,76.3,100.0,4.0,100.0,88.14,CS,Cần Thơ,Male
3717,25,25.7,81.1,61.3,5.3,8.8,3.2,58.7,84.2,3.27,81.84,71.48,IT,Cần Thơ,Female
3718,19,34.4,100.0,76.9,9.0,4.8,1.4,48.2,100.0,4.0,100.0,74.09,IT,Đà Nẵng,Female
3719,28,21.5,77.5,71.5,6.0,7.6,3.2,39.8,73.9,3.1,77.57,56.85,SE,Cần Thơ,Male
3720,24,22.5,87.2,88.3,10.5,7.4,0.0,57.6,80.9,3.23,80.68,69.23,CE,Cần Thơ,Female
3721,26,14.4,92.7,74.9,7.8,5.7,4.3,43.4,49.2,2.02,50.53,46.34,SE,Huế,Male
3722,18,19.1,84.9,39.3,3.6,6.2,5.7,44.2,73.8,2.73,68.25,59.02,SE,Đà Nẵng,Female
3723,25,29.2,82.0,100.0,10.8,6.6,3.7,58.4,75.6,3.14,78.46,67.0,SE,Huế,Male
3724,24,25.1,92.3,82.1,6.7,7.3,1.0,60.2,94.5,3.97,99.28,77.38,CE,Cần Thơ,Male
3725,23,32.5,100.0,81.3,10.7,7.4,0.0,75.1,100.0,4.0,100.0,87.57,SE,Đà Nẵng,Female
3726,23,26.5,88.0,56.9,5.3,7.0,4.5,51.9,66.6,2.6,65.0,59.26,AI,Huế,Male
3727,23,22.2,79.8,58.0,6.7,7.2,2.3,56.9,82.8,3.75,93.82,69.85,IT,Hà Nội,Female
3728,26,42.2,83.1,78.6,7.1,7.8,1.9,61.4,100.0,3.94,98.41,80.7,CE,Đà Nẵng,Female
3729,19,24.2,100.0,85.0,5.6,7.7,4.2,54.5,90.2,3.52,87.95,72.34,IT,Cần Thơ,Female
3730,18,34.3,86.3,90.5,9.2,8.8,1.6,65.1,89.3,3.54,88.5,77.22,CS,Cần Thơ,Female
3731,30,21.8,79.1,83.6,10.8,8.3,3.6,52.1,81.2,3.22,80.46,66.67,IT,Đà Nẵng,Female
3732,29,30.7,73.5,62.2,0.3,7.0,2.5,48.8,74.5,2.69,67.32,61.64,DS,Đà Nẵng,Male
3733,23,32.4,66.7,42.4,8.0,7.8,2.9,63.2,95.6,3.6,89.96,79.4,SE,Hà Nội,Female
3734,27,26.7,88.6,78.5,3.8,7.5,4.9,63.9,93.5,3.49,87.35,78.66,DS,Huế,Male
3735,28,6.2,91.5,72.0,,7.2,1.8,61.0,65.5,2.67,66.67,63.27,DS,Cần Thơ,Male
3736,25,25.1,81.0,61.1,7.3,6.0,1.6,57.7,88.0,3.82,95.43,72.82,CS,Huế,Female
3737,20,34.8,84.9,92.4,7.3,7.2,2.2,65.2,91.6,3.53,88.27,78.39,DS,Hà Nội,Male
3738,29,29.2,73.3,56.4,7.7,4.5,0.7,60.2,83.5,3.32,82.88,71.85,AI,Cần Thơ,Female
3739,27,,86.3,89.3,6.9,8.3,3.9,49.1,95.1,3.64,91.08,72.13,CE,Đà Nẵng,Female
3740,18,11.2,89.8,58.8,8.2,7.4,3.7,37.2,72.0,3.01,75.34,54.61,DS,Cần Thơ,Male
3741,26,19.2,79.6,82.0,4.5,6.8,2.5,50.8,65.8,2.69,67.17,58.29,SE,Cần Thơ,Male
3742,30,28.3,100.0,94.0,6.7,6.5,1.1,44.0,83.4,3.52,88.04,63.71,CE,TP.HCM,Male
3743,30,28.3,76.6,74.9,7.7,7.8,0.0,49.2,79.3,2.97,74.32,64.29,CS,TP.HCM,Female
3744,18,34.7,87.8,100.0,9.4,9.2,1.2,60.5,98.9,3.95,98.67,79.67,AI,Hà Nội,Male
3745,20,23.8,93.5,100.0,6.1,7.5,2.2,64.5,88.3,3.49,87.17,76.4,AI,TP.HCM,Male
3746,25,28.2,84.2,83.6,5.5,9.3,0.0,60.8,100.0,3.97,99.15,80.38,CE,Đà Nẵng,Female
3747,20,25.1,83.1,88.1,5.9,7.9,6.2,44.9,90.9,3.84,95.92,67.94,CS,Hà Nội,Male
3748,30,17.1,70.7,95.9,3.0,6.0,3.1,48.1,82.8,3.2,79.92,65.45,DS,Huế,Male
3749,21,,98.6,88.2,7.9,7.6,3.3,49.4,83.3,3.24,81.01,66.31,IT,Huế,Female
3750,25,28.4,83.3,86.6,2.4,7.5,2.3,64.2,78.6,2.99,74.68,71.41,SE,Cần Thơ,Male
3751,18,26.4,90.4,72.1,7.0,6.0,3.6,66.2,90.0,4.0,100.0,78.11,DS,Cần Thơ,Female
3752,30,20.1,91.7,54.7,6.2,6.5,2.0,62.8,78.5,2.95,73.76,70.66,SE,Huế,Female
3753,30,12.0,78.7,59.1,2.1,6.5,2.3,50.1,59.1,2.48,62.03,54.59,SE,Đà Nẵng,Male
3754,23,30.0,83.0,100.0,2.3,7.1,4.6,63.6,100.0,3.73,93.15,81.82,DS,TP.HCM,Male
3755,18,22.9,98.3,84.8,3.9,6.7,4.1,58.7,90.2,3.7,92.56,74.45,DS,Cần Thơ,Male
3756,18,29.5,73.8,76.3,5.1,7.3,2.5,64.5,76.9,2.85,71.14,70.68,AI,Hà Nội,Female
3757,25,39.9,100.0,98.9,9.7,7.5,5.5,64.0,100.0,4.0,100.0,82.01,CS,Huế,Female
3758,28,7.9,77.6,68.8,5.7,8.5,2.4,41.0,43.1,1.79,44.64,42.04,SE,TP.HCM,Male
3759,21,19.4,73.2,88.7,7.4,7.7,1.7,45.3,68.1,2.71,67.69,56.68,DS,Cần Thơ,Female
3760,29,23.3,86.3,81.2,9.2,6.2,2.7,58.7,84.9,3.54,88.46,71.81,AI,Đà Nẵng,Male
3761,18,36.6,100.0,86.9,8.7,9.5,3.0,65.5,96.6,3.96,98.91,81.06,CE,TP.HCM,Female
3762,27,11.9,65.9,75.0,6.0,6.2,0.7,51.4,67.6,2.57,64.21,59.52,CS,Đà Nẵng,Male
3763,24,40.5,83.6,65.5,4.2,6.5,3.2,68.3,100.0,4.0,100.0,84.15,DS,Hà Nội,Male
3764,22,26.1,89.8,67.7,7.2,7.7,5.7,66.0,96.9,3.92,98.04,81.46,CE,Đà Nẵng,Male
3765,22,24.2,85.3,68.2,4.3,10.0,3.9,40.1,80.3,3.4,85.11,60.23,IT,Huế,Female
3766,18,23.4,88.8,80.0,10.5,7.5,3.5,50.5,61.5,2.17,54.26,56.0,AI,Huế,Female
3767,27,21.5,77.8,56.7,8.2,6.2,3.2,59.8,67.6,2.73,68.14,63.71,AI,Cần Thơ,Male
3768,28,33.4,79.0,61.3,6.5,5.0,1.0,62.0,100.0,4.0,100.0,81.02,SE,TP.HCM,Female
3769,23,16.5,83.5,82.0,7.3,5.0,1.0,57.8,79.2,3.09,77.34,68.49,SE,Cần Thơ,Male
3770,26,27.8,73.7,78.1,6.4,7.0,2.7,58.8,77.1,3.3,82.42,67.94,AI,Hà Nội,Female
3771,26,21.9,84.6,82.9,5.1,7.7,1.9,47.1,72.4,2.75,68.87,59.77,CE,Cần Thơ,Female
3772,25,18.9,81.1,79.3,7.2,5.3,0.3,64.8,80.2,3.35,83.8,72.52,DS,Đà Nẵng,Male
3773,22,45.7,80.3,100.0,5.4,7.3,2.0,66.3,94.1,3.62,90.47,80.21,CS,TP.HCM,Male
3774,18,28.4,88.2,81.9,10.8,5.4,3.2,53.9,100.0,4.0,100.0,76.95,CE,Huế,Female
3775,26,29.9,66.8,74.3,4.3,5.9,3.4,63.6,79.5,3.26,81.55,71.56,IT,Huế,Male
3776,18,34.1,82.7,81.5,7.3,7.8,1.3,56.1,94.7,3.47,86.87,75.4,DS,Cần Thơ,Male
3777,25,13.6,100.0,95.3,4.0,6.1,2.4,40.5,83.8,3.58,89.52,62.18,IT,TP.HCM,Male
3778,22,39.0,74.1,79.3,4.0,8.6,3.1,59.6,96.6,3.98,99.41,78.12,AI,Huế,Female
3779,20,4.9,97.9,90.3,1.5,6.3,0.6,49.5,67.0,2.7,67.44,58.26,SE,Huế,Female
3780,28,18.8,85.5,85.9,7.0,8.3,1.3,68.0,75.5,2.89,72.35,71.78,DS,Hà Nội,Male
3781,24,21.3,79.0,75.6,,9.7,2.5,52.9,73.2,2.76,68.9,63.03,IT,Huế,Female
3782,24,29.7,71.8,81.7,8.7,6.1,1.1,52.6,77.4,3.2,79.97,65.01,SE,Đà Nẵng,Female
3783,26,26.7,86.4,100.0,7.0,10.0,2.0,67.3,100.0,3.69,92.29,83.64,DS,Cần Thơ,Female
3784,24,23.7,99.5,83.6,6.4,7.0,6.2,53.1,79.9,3.06,76.52,66.49,CS,TP.HCM,Male
3785,30,24.9,81.1,65.2,2.5,6.2,0.2,52.5,76.7,3.21,80.2,64.61,IT,Đà Nẵng,Male
3786,28,17.2,84.2,75.2,7.5,6.6,4.6,53.6,67.3,2.41,60.29,60.48,DS,Hà Nội,Female
3787,20,13.0,95.1,48.3,4.3,6.5,3.0,57.6,78.0,2.85,71.24,67.82,SE,Hà Nội,Female
3788,28,,88.4,82.1,2.4,8.7,0.7,61.9,99.6,4.0,100.0,80.76,AI,Hà Nội,Female
3789,30,30.5,69.3,99.7,7.1,8.6,3.5,55.6,69.6,2.73,68.28,62.63,CS,Đà Nẵng,Male
3790,30,37.7,86.0,59.9,2.9,8.6,2.6,83.6,100.0,4.0,100.0,91.78,CE,TP.HCM,Female
3791,18,18.7,100.0,82.2,0.8,5.4,4.3,49.0,81.3,3.19,79.73,65.12,SE,TP.HCM,Male
3792,25,,84.6,94.8,9.2,7.2,3.5,56.4,100.0,3.69,92.24,78.2,CE,Đà Nẵng,Male
3793,29,22.7,57.6,96.4,4.6,5.1,2.8,47.8,60.8,2.66,66.43,54.27,IT,Hà Nội,Male
3794,20,34.5,88.9,99.2,1.6,8.2,2.0,68.4,92.4,3.43,85.75,80.38,CE,TP.HCM,Male
3795,29,33.2,83.0,52.0,3.6,6.4,4.3,58.8,98.8,3.75,93.74,78.81,IT,Đà Nẵng,Female
3796,25,26.7,66.7,87.6,4.2,7.6,1.9,61.2,82.8,3.24,81.09,71.96,DS,Huế,Female
3797,25,22.3,68.2,57.4,8.9,6.4,0.4,51.6,86.5,3.49,87.32,69.03,CE,TP.HCM,Female
3798,30,32.7,94.8,65.0,1.8,4.9,0.0,61.3,100.0,4.0,100.0,80.67,IT,Cần Thơ,Male
3799,22,30.2,77.7,92.3,2.7,8.1,0.6,55.1,90.6,3.81,95.37,72.82,CS,Hà Nội,Male
3800,30,19.5,75.9,82.4,,8.2,3.7,50.8,73.0,2.4,60.07,61.9,CE,Huế,Female
3801,29,14.4,84.6,90.9,4.9,7.2,2.0,51.8,70.1,2.62,65.39,60.96,DS,Hà Nội,Female
3802,30,22.7,78.6,66.1,6.6,4.5,1.3,53.5,79.3,3.38,84.59,66.42,DS,Huế,Male
3803,18,37.1,86.0,100.0,4.8,7.9,1.8,67.5,100.0,3.82,95.53,83.74,SE,TP.HCM,Male
3804,30,34.2,83.0,90.3,11.1,6.1,3.7,57.3,100.0,3.99,99.74,78.63,IT,Huế,Male
3805,27,,73.0,93.3,2.8,7.6,3.4,42.7,49.3,2.24,56.08,46.0,SE,Cần Thơ,Female
3806,24,15.7,79.9,63.8,6.7,6.4,2.7,48.7,66.5,2.63,65.63,57.59,CS,TP.HCM,Female
3807,29,35.2,89.4,97.6,9.8,6.5,1.6,65.7,100.0,3.95,98.69,82.85,IT,Hà Nội,Female
3808,27,15.9,85.4,75.3,5.1,7.6,1.9,50.1,67.8,2.68,66.98,58.94,CE,TP.HCM,Female
3809,22,29.1,84.2,70.8,4.1,6.0,2.3,55.0,86.3,3.71,92.7,70.63,CE,Hà Nội,Male
3810,25,20.1,100.0,89.4,7.9,6.8,1.2,55.6,80.4,2.9,72.43,68.02,IT,Huế,Female
3811,26,37.9,92.3,88.7,8.5,7.6,2.3,67.5,100.0,4.0,100.0,83.74,CE,Cần Thơ,Female
3812,28,18.8,93.5,67.3,4.0,9.6,1.1,52.2,76.0,2.99,74.84,64.11,CE,Đà Nẵng,Female
3813,24,34.1,83.3,100.0,9.7,6.9,3.0,58.2,89.2,3.5,87.46,73.69,IT,Huế,Male
3814,30,26.5,87.2,100.0,6.1,8.0,3.2,61.8,95.3,3.65,91.24,78.57,DS,TP.HCM,Male
3815,24,27.0,80.7,89.1,7.3,5.6,4.2,57.3,81.3,3.03,75.63,69.29,CE,Huế,Female
3816,18,,92.8,86.5,9.7,9.0,2.9,40.2,61.9,2.01,50.17,51.04,AI,TP.HCM,Female
3817,21,7.4,83.9,84.9,7.9,6.0,2.8,42.2,50.4,2.26,56.54,46.31,AI,Huế,Male
3818,19,23.2,87.2,56.8,6.0,6.8,1.2,51.1,78.6,2.7,67.48,64.85,IT,Huế,Male
3819,19,27.0,86.6,81.7,4.3,7.6,2.4,58.2,87.9,3.51,87.69,73.1,CS,Cần Thơ,Female
3820,19,16.0,84.8,81.5,12.8,6.1,1.0,60.4,66.8,2.58,64.6,63.62,SE,TP.HCM,Female
3821,21,16.3,100.0,71.4,4.0,8.3,0.0,53.3,78.4,3.2,79.91,65.89,DS,Cần Thơ,Male
3822,18,29.5,78.3,75.4,6.8,6.2,2.1,60.4,93.6,3.34,83.59,76.97,CE,Huế,Female
3823,21,29.5,78.2,44.3,7.3,8.0,1.7,69.5,77.3,2.93,73.16,73.42,AI,Huế,Male
3824,19,23.9,91.9,63.5,7.4,8.3,3.4,58.7,81.1,3.34,83.5,69.94,CE,TP.HCM,Female
3825,22,31.2,79.0,93.8,11.3,7.7,1.1,63.5,100.0,4.0,100.0,81.77,SE,Cần Thơ,Male
3826,20,15.6,82.1,100.0,6.1,7.9,6.7,50.1,68.2,2.59,64.86,59.14,CS,Đà Nẵng,Male
3827,29,22.2,74.1,65.8,5.8,10.0,1.8,49.8,85.1,3.43,85.64,67.49,IT,Cần Thơ,Male
3828,25,38.2,89.9,82.7,9.9,7.5,2.4,70.5,100.0,4.0,100.0,85.24,DS,Huế,Female
3829,21,25.5,90.0,96.5,5.7,7.1,1.6,70.4,90.2,3.82,95.6,80.29,CS,Hà Nội,Female
3830,18,26.0,81.8,72.2,8.2,7.4,3.7,46.9,88.3,3.73,93.14,67.58,AI,Cần Thơ,Male
3831,18,43.4,92.1,90.1,6.5,8.5,2.2,68.0,100.0,4.0,100.0,83.99,IT,Đà Nẵng,Male
3832,29,13.8,66.4,79.5,8.3,9.8,1.0,38.9,53.2,2.17,54.14,46.08,SE,Hà Nội,Female
3833,27,31.4,77.9,97.9,7.8,6.8,0.0,54.7,81.0,3.1,77.55,67.81,CE,Cần Thơ,Female
3834,20,38.3,,60.8,5.0,5.9,3.4,75.4,95.3,3.82,95.62,85.37,IT,Hà Nội,Male
3835,26,22.4,73.3,63.4,1.4,8.4,3.5,51.6,69.2,3.16,79.03,60.4,AI,Huế,Male
3836,24,31.9,67.5,84.2,1.8,5.4,3.0,64.5,99.3,4.0,100.0,81.87,DS,Huế,Male
3837,19,17.1,81.9,81.4,1.4,7.3,2.2,45.1,71.1,2.77,69.3,58.12,SE,Đà Nẵng,Male
3838,30,,91.9,79.2,5.8,7.4,2.0,48.6,87.3,3.07,76.86,67.96,CS,TP.HCM,Female
3839,26,28.1,97.8,88.6,0.1,6.9,3.7,53.1,82.1,3.44,85.89,67.6,CE,Hà Nội,Male
3840,27,31.4,79.5,66.0,5.6,6.9,2.3,71.3,88.2,3.71,92.86,79.74,AI,Đà Nẵng,Male
3841,19,34.0,92.3,59.5,6.3,5.0,4.2,70.1,98.7,3.84,96.01,84.43,AI,Cần Thơ,Male
3842,20,37.6,91.4,72.5,8.1,6.0,2.4,59.0,100.0,3.87,96.66,79.5,SE,Huế,Female
3843,28,24.5,97.2,74.2,7.3,8.1,2.3,66.5,90.9,3.24,81.11,78.67,IT,Cần Thơ,Male
3844,30,34.5,81.5,75.7,8.3,4.6,3.1,61.2,100.0,4.0,100.0,80.6,DS,TP.HCM,Male
3845,27,22.3,67.0,99.0,7.0,6.9,4.6,55.1,78.6,3.06,76.52,66.87,IT,Hà Nội,Female
3846,19,32.2,85.7,91.6,5.2,6.6,4.3,62.4,98.7,4.0,100.0,80.54,SE,Đà Nẵng,Female
3847,20,26.7,,88.0,5.7,4.6,2.4,45.4,84.7,3.17,79.22,65.08,SE,TP.HCM,Female
3848,23,28.6,77.8,83.3,3.9,9.0,1.9,51.9,93.7,3.46,86.45,72.79,AI,Hà Nội,Female
3849,26,28.4,82.0,73.5,6.6,5.8,0.7,68.7,73.4,3.24,80.91,71.09,DS,Huế,Female
3850,26,12.2,81.6,67.2,2.0,7.7,3.5,53.4,68.1,2.64,66.12,60.74,AI,TP.HCM,Male
3851,24,16.0,86.4,62.0,8.7,6.4,0.0,42.3,77.2,2.94,73.44,59.75,AI,Cần Thơ,Male
3852,29,25.8,92.0,69.6,3.6,6.0,5.1,59.7,100.0,4.0,100.0,79.86,AI,Đà Nẵng,Male
3853,20,11.5,81.3,79.4,6.4,6.7,3.8,44.2,62.8,2.71,67.73,53.51,CE,Đà Nẵng,Female
3854,21,31.6,89.0,62.7,6.8,6.6,1.4,70.6,81.8,3.13,78.16,76.21,CS,Đà Nẵng,Male
3855,23,32.0,85.1,82.5,8.9,6.8,4.3,60.2,100.0,4.0,100.0,80.11,CE,TP.HCM,Female
3856,28,27.6,94.4,77.1,1.8,6.1,3.3,54.1,79.6,2.86,71.57,66.85,AI,TP.HCM,Male
3857,22,16.0,83.1,74.0,5.2,5.8,3.2,55.0,77.3,3.03,75.7,66.16,DS,Huế,Female
3858,19,36.0,84.2,97.4,7.4,8.2,2.1,73.6,100.0,3.83,95.81,86.79,IT,TP.HCM,Female
3859,30,41.3,81.3,43.1,10.4,7.0,3.3,71.1,100.0,4.0,100.0,85.56,SE,Cần Thơ,Male
3860,23,,83.4,74.2,5.9,6.9,0.4,61.4,71.2,3.18,79.48,66.31,CE,Cần Thơ,Male
3861,20,29.1,77.2,44.7,4.5,5.9,2.6,49.4,81.2,2.91,72.76,65.33,AI,Cần Thơ,Female
3862,25,,76.2,83.6,11.1,8.9,1.5,46.8,67.8,3.09,77.13,57.33,SE,Huế,Female
3863,19,29.2,92.8,91.4,8.0,6.9,2.1,50.7,93.3,3.88,97.04,72.01,AI,Hà Nội,Male
3864,18,24.0,74.2,59.7,9.4,4.7,1.5,62.0,76.0,2.84,71.0,69.02,CS,Đà Nẵng,Male
3865,26,24.7,81.8,61.7,3.0,7.3,1.5,52.9,65.4,2.42,60.55,59.18,CS,Hà Nội,Male
3866,29,32.2,95.2,54.5,7.3,6.1,4.4,69.7,100.0,3.86,96.43,84.83,AI,Cần Thơ,Male
3867,20,43.8,81.5,81.0,3.3,8.1,0.4,65.5,98.6,3.77,94.22,82.05,SE,TP.HCM,Male
3868,28,13.8,,74.9,,8.2,3.1,49.2,73.0,2.75,68.83,61.12,AI,Đà Nẵng,Male
3869,18,24.2,79.1,75.8,7.5,8.1,0.8,48.9,73.8,2.59,64.69,61.35,IT,Huế,Male
3870,24,15.6,74.5,74.5,7.6,6.4,4.5,45.4,73.2,2.89,72.23,59.3,AI,TP.HCM,Male
3871,30,37.7,69.1,65.4,4.8,6.9,3.1,50.8,98.2,4.0,100.0,74.53,SE,Hà Nội,Female
3872,27,,98.1,97.0,9.6,7.3,0.4,52.6,84.6,3.27,81.7,68.57,AI,Hà Nội,Male
3873,22,13.5,73.6,84.1,,8.1,3.0,43.1,62.4,2.55,63.85,52.73,SE,Cần Thơ,Female
3874,22,30.1,92.5,62.2,5.3,5.8,1.5,48.7,86.4,3.68,92.02,67.56,AI,Huế,Female
3875,18,39.0,75.0,69.5,5.9,7.1,2.8,68.7,92.3,3.39,84.84,80.49,AI,Cần Thơ,Male
3876,26,30.3,98.2,66.9,,9.2,0.5,66.8,94.6,3.65,91.3,80.7,CS,Huế,Female
3877,24,26.6,100.0,100.0,9.2,6.4,4.3,55.0,93.8,3.45,86.3,74.42,DS,Huế,Female
3878,25,28.3,68.1,90.7,3.4,7.0,0.0,47.4,96.1,3.56,89.12,71.76,AI,Đà Nẵng,Male
3879,26,36.3,74.2,78.1,4.1,10.0,1.3,76.3,100.0,4.0,100.0,88.17,SE,Huế,Female
3880,23,18.0,92.7,100.0,3.0,6.7,0.9,54.3,84.8,3.29,82.3,69.58,DS,Hà Nội,Male
3881,29,24.1,90.1,100.0,10.7,5.2,3.1,38.7,77.3,3.18,79.59,58.01,DS,Hà Nội,Male
3882,22,21.4,92.8,76.5,5.2,6.9,1.8,51.7,85.7,3.46,86.55,68.73,IT,Hà Nội,Female
3883,23,15.7,79.3,73.8,4.1,9.0,2.2,43.7,50.6,2.17,54.19,47.2,IT,Hà Nội,Female
3884,28,22.4,100.0,74.6,5.3,8.3,1.5,51.3,78.9,3.19,79.65,65.12,AI,TP.HCM,Female
3885,19,33.9,86.2,65.7,8.1,5.8,0.4,71.5,100.0,4.0,100.0,85.76,SE,Đà Nẵng,Female
3886,21,29.5,72.8,100.0,7.7,7.5,2.2,60.0,93.4,3.44,86.04,76.71,AI,Cần Thơ,Male
3887,20,30.2,82.5,64.9,4.6,6.8,0.5,64.8,89.3,3.58,89.48,77.03,SE,Cần Thơ,Female
3888,30,26.2,73.0,93.0,5.0,8.0,0.0,54.5,72.0,2.89,72.15,63.28,CE,TP.HCM,Male
3889,24,29.2,100.0,90.4,2.4,6.3,3.4,68.3,97.8,3.72,93.11,83.06,DS,Cần Thơ,Male
3890,26,18.6,78.4,75.4,6.3,7.6,0.6,47.9,69.5,2.36,59.12,58.69,CS,TP.HCM,Female
3891,22,22.5,89.9,100.0,9.2,9.3,4.7,57.1,90.7,3.68,91.95,73.93,AI,Cần Thơ,Male
3892,23,26.5,80.3,56.6,4.5,3.9,4.6,60.6,91.8,3.92,97.88,76.18,DS,Cần Thơ,Female
3893,27,27.2,78.8,78.8,7.6,7.7,3.8,52.6,95.9,3.48,87.02,74.22,AI,Đà Nẵng,Female
3894,29,27.6,65.9,72.7,4.5,8.6,0.8,39.8,84.7,3.35,83.82,62.25,SE,Huế,Female
3895,29,23.9,91.0,94.4,3.3,5.1,5.7,43.9,77.2,2.64,66.06,60.55,AI,Huế,Female
3896,19,22.0,98.0,85.3,7.7,6.1,0.0,73.5,95.8,3.96,99.02,84.65,CS,TP.HCM,Male
3897,20,50.3,75.8,54.1,11.9,6.5,1.2,79.0,100.0,4.0,100.0,89.48,AI,Hà Nội,Female
3898,20,32.3,69.5,98.6,7.4,6.1,3.7,64.9,88.0,3.5,87.47,76.41,DS,Đà Nẵng,Male
3899,29,28.3,93.0,87.3,5.0,6.0,3.6,70.8,97.7,4.0,100.0,84.27,CE,Hà Nội,Male
3900,29,23.1,68.5,64.5,5.1,6.6,1.4,44.2,73.2,2.94,73.55,58.71,DS,Đà Nẵng,Female
3901,26,21.4,97.2,74.8,10.8,8.0,1.3,50.2,82.5,3.11,77.65,66.34,DS,Hà Nội,Female
3902,24,24.0,76.0,60.5,6.8,8.8,2.2,46.1,69.9,2.77,69.25,58.0,CS,TP.HCM,Male
3903,25,27.3,74.0,77.4,4.1,8.6,2.4,74.3,100.0,3.99,99.86,87.14,CS,TP.HCM,Male
3904,28,10.0,87.5,82.3,,8.2,1.8,38.1,54.6,2.15,53.84,46.34,CE,Đà Nẵng,Male
3905,27,12.4,74.6,75.0,6.5,9.2,5.0,54.9,81.4,3.33,83.27,68.17,CS,Cần Thơ,Male
3906,28,19.9,77.9,73.2,7.2,9.4,1.5,46.7,86.6,3.49,87.27,66.64,IT,Đà Nẵng,Male
3907,26,26.7,88.5,55.8,9.8,7.2,4.7,58.9,90.0,3.56,89.08,74.48,CE,TP.HCM,Female
3908,23,23.1,60.7,85.1,9.2,8.7,3.1,60.9,77.1,2.96,73.89,69.02,DS,Huế,Female
3909,21,36.8,100.0,51.1,6.5,7.5,4.0,69.8,100.0,4.0,100.0,84.88,DS,Cần Thơ,Male
3910,29,13.1,,80.5,5.9,6.7,0.3,46.7,69.2,2.86,71.4,57.97,CS,Hà Nội,Female
3911,18,19.0,72.1,53.0,7.0,6.9,4.0,67.1,86.8,3.51,87.65,76.91,IT,Cần Thơ,Male
3912,25,37.2,74.8,80.8,4.5,8.2,4.0,50.3,86.8,3.31,82.64,68.57,CE,Đà Nẵng,Female
3913,24,26.0,94.9,79.9,8.5,8.8,1.5,51.7,99.1,3.74,93.44,75.4,CE,Huế,Female
3914,19,32.1,91.0,86.1,5.5,7.7,3.8,60.4,100.0,4.0,100.0,80.19,IT,Đà Nẵng,Male
3915,25,41.4,98.9,92.9,7.2,6.5,0.3,78.7,100.0,3.82,95.54,89.36,CS,Cần Thơ,Female
3916,29,19.4,78.2,95.7,,6.4,1.8,47.5,79.7,3.12,78.01,63.61,IT,Huế,Male
3917,22,24.2,88.0,55.8,,4.8,4.3,63.6,79.9,2.88,72.1,71.74,CS,Hà Nội,Female
3918,24,22.8,89.3,79.1,6.6,7.4,2.2,42.6,77.4,3.19,79.64,60.01,DS,Đà Nẵng,Male
3919,21,9.4,92.0,100.0,,7.4,2.1,54.4,86.8,3.22,80.56,70.59,AI,Hà Nội,Male
3920,22,22.5,96.3,81.8,5.8,5.7,4.6,63.0,97.0,3.62,90.58,80.03,DS,Cần Thơ,Female
3921,25,32.0,77.8,67.5,3.2,7.6,0.0,52.6,93.6,3.55,88.7,73.15,DS,Đà Nẵng,Male
3922,18,29.3,83.9,78.8,7.3,7.5,2.2,59.3,91.0,3.73,93.17,75.17,SE,Đà Nẵng,Male
3923,18,30.0,78.9,74.2,0.7,5.2,2.4,57.3,88.2,3.49,87.13,72.75,DS,Đà Nẵng,Male
3924,21,22.0,84.5,62.4,8.4,6.6,1.3,57.5,81.9,3.15,78.77,69.74,SE,Huế,Male
3925,20,19.8,92.0,93.0,7.8,8.7,4.6,62.3,76.7,3.4,84.95,69.51,IT,Đà Nẵng,Female
3926,30,,68.5,88.8,6.2,6.2,1.1,56.5,96.7,3.97,99.3,76.6,CS,Huế,Male
3927,27,21.0,96.1,60.0,4.7,7.0,1.2,58.0,93.1,3.33,83.18,75.55,IT,TP.HCM,Female
3928,29,27.4,73.6,78.6,6.0,7.2,0.0,58.4,83.5,3.17,79.15,70.96,CE,Đà Nẵng,Female
3929,19,26.3,81.9,71.5,1.6,7.0,4.2,58.0,89.2,3.17,79.3,73.57,IT,TP.HCM,Male
3930,29,36.7,97.4,56.0,8.1,7.8,2.0,78.1,100.0,3.9,97.61,89.03,AI,Hà Nội,Male
3931,20,32.8,88.3,58.8,5.6,8.1,2.0,64.0,97.0,4.0,100.0,80.52,CS,Cần Thơ,Male
3932,28,14.6,88.4,61.0,9.8,8.5,2.2,40.1,61.2,2.5,62.49,50.69,CE,Đà Nẵng,Female
3933,28,15.5,73.2,79.1,7.0,6.6,4.3,53.1,67.2,2.64,65.99,60.15,AI,Hà Nội,Male
3934,28,29.6,74.6,73.1,6.6,7.6,4.9,70.4,92.6,3.61,90.25,81.51,CE,TP.HCM,Female
3935,18,24.5,94.4,65.6,,8.0,0.0,58.6,93.5,3.8,95.12,76.05,AI,Huế,Male
3936,18,21.4,79.1,74.1,3.6,6.9,1.8,63.0,77.0,2.74,68.52,70.01,AI,Huế,Male
3937,23,33.1,80.1,91.2,4.9,6.1,0.8,58.7,97.5,3.88,96.9,78.11,DS,TP.HCM,Male
3938,22,26.5,94.6,85.4,6.3,7.2,2.2,62.2,84.1,3.4,84.96,73.15,IT,Hà Nội,Female
3939,25,25.4,74.5,95.0,5.2,6.3,2.4,43.5,79.5,2.93,73.18,61.53,CS,Đà Nẵng,Male
3940,19,31.2,87.7,76.6,4.6,6.2,0.0,57.0,100.0,3.82,95.56,78.5,DS,Hà Nội,Male
3941,21,22.0,85.4,100.0,5.3,7.3,3.1,55.6,78.2,3.52,88.01,66.88,AI,Huế,Female
3942,25,37.5,85.0,85.2,6.1,6.8,1.8,70.9,93.9,3.86,96.59,82.44,AI,Đà Nẵng,Female
3943,29,18.7,79.8,72.7,11.8,7.2,3.7,54.3,82.3,2.95,73.77,68.28,CE,TP.HCM,Male
3944,23,30.3,79.2,81.4,5.2,5.1,2.5,69.2,96.2,3.7,92.48,82.7,AI,TP.HCM,Female
3945,18,36.5,74.2,61.3,,6.8,0.0,52.0,96.9,3.87,96.71,74.44,AI,Cần Thơ,Male
3946,21,14.0,89.8,75.4,5.6,4.3,3.4,60.0,85.5,3.88,97.01,72.73,SE,TP.HCM,Female
3947,18,22.3,78.3,86.4,9.8,5.7,0.5,48.1,71.4,3.03,75.83,59.73,SE,Cần Thơ,Female
3948,30,34.1,94.7,89.2,9.9,6.9,0.7,55.6,92.5,3.92,98.0,74.07,CE,TP.HCM,Female
3949,19,34.3,82.8,73.8,10.9,8.5,2.0,70.9,100.0,4.0,100.0,85.44,AI,Huế,Male
3950,22,23.6,74.4,100.0,6.2,7.6,2.1,45.5,84.2,3.17,79.3,64.88,SE,Huế,Female
3951,25,19.1,82.6,77.4,7.6,7.1,0.0,62.3,82.7,3.63,90.63,72.5,CS,Cần Thơ,Male
3952,25,32.6,80.9,54.8,3.4,6.5,2.3,45.3,87.0,3.65,91.3,66.14,AI,Đà Nẵng,Female
3953,28,34.5,,98.2,5.1,6.7,2.4,59.4,100.0,4.0,100.0,79.72,SE,Cần Thơ,Female
3954,20,15.7,81.3,89.1,3.2,8.6,2.3,55.5,79.0,3.5,87.54,67.29,SE,Hà Nội,Female
3955,28,15.4,82.2,83.5,7.2,5.7,0.0,53.9,61.6,2.77,69.33,57.73,IT,Hà Nội,Male
3956,30,26.8,99.1,73.0,6.1,6.1,2.7,40.2,76.6,3.06,76.49,58.39,IT,Cần Thơ,Female
3957,21,30.0,90.1,85.9,6.6,8.3,3.4,56.1,90.7,3.68,92.11,73.4,CS,Cần Thơ,Male
3958,27,22.6,100.0,100.0,3.9,6.6,0.5,44.1,87.9,3.55,88.84,65.98,CE,Đà Nẵng,Male
3959,28,30.4,97.6,83.0,8.1,9.3,0.9,63.5,100.0,4.0,100.0,81.75,AI,TP.HCM,Female
3960,23,19.3,76.1,57.9,0.0,7.8,3.7,51.3,72.6,2.97,74.25,61.94,IT,Huế,Male
3961,28,8.1,94.9,28.2,,8.4,4.9,43.4,65.2,2.64,65.96,54.34,AI,TP.HCM,Female
3962,28,21.6,100.0,85.8,5.7,5.0,2.3,55.4,79.9,3.18,79.41,67.67,IT,Cần Thơ,Female
3963,27,25.5,100.0,65.2,0.9,8.3,1.8,50.9,93.1,3.69,92.37,71.99,CE,Huế,Female
3964,20,22.8,94.9,78.5,7.0,6.0,2.8,50.8,74.2,3.03,75.75,62.53,AI,Huế,Male
3965,19,15.7,94.7,67.9,5.6,7.9,4.5,59.0,77.9,3.37,84.35,68.43,SE,Cần Thơ,Male
3966,23,10.5,82.0,66.8,,6.6,1.2,41.5,54.7,2.0,49.98,48.11,SE,Huế,Female
3967,28,20.9,76.6,68.5,11.0,7.3,1.8,47.9,57.7,2.32,58.05,52.78,CE,TP.HCM,Male
3968,30,32.2,81.5,69.9,6.8,5.7,1.7,69.9,100.0,4.0,100.0,84.95,CS,Huế,Male
3969,22,35.0,68.4,91.6,8.4,4.9,0.4,52.7,96.4,4.0,100.0,74.57,DS,TP.HCM,Male
3970,27,34.5,98.4,88.6,9.5,7.2,3.8,76.7,100.0,3.91,97.84,88.37,SE,TP.HCM,Male
3971,22,18.5,82.2,61.9,7.2,6.6,2.9,62.9,86.5,3.31,82.64,74.73,IT,Hà Nội,Male
3972,27,15.8,97.9,63.9,3.8,5.9,0.0,43.9,85.7,3.73,93.23,64.79,CE,Huế,Male
3973,30,29.0,72.7,85.7,1.9,5.0,2.5,64.5,90.0,3.7,92.59,77.29,AI,Cần Thơ,Female
3974,22,30.1,,95.8,6.9,3.8,5.0,45.7,95.6,3.74,93.46,70.65,AI,Đà Nẵng,Male
3975,27,28.2,80.1,95.6,5.0,7.6,2.9,58.9,83.7,3.56,89.01,71.32,CS,Hà Nội,Female
3976,29,,72.2,65.0,9.2,6.7,4.9,34.9,52.5,1.73,43.16,43.73,SE,TP.HCM,Female
3977,22,18.1,100.0,94.8,4.8,6.3,1.7,57.3,70.0,2.79,69.76,63.68,DS,Hà Nội,Female
3978,20,24.8,96.1,53.4,6.0,7.3,3.9,60.3,90.6,3.68,92.1,75.49,DS,Hà Nội,Female
3979,24,28.9,87.1,77.0,3.1,8.2,4.5,57.7,85.4,3.53,88.36,71.54,DS,Đà Nẵng,Female
3980,23,31.1,85.3,87.3,5.1,7.3,2.4,53.0,89.3,3.4,85.12,71.11,DS,Cần Thơ,Female
3981,21,26.2,89.4,48.8,3.6,6.5,1.9,64.9,97.6,3.74,93.4,81.26,CE,Đà Nẵng,Female
3982,19,27.6,86.9,100.0,3.9,9.6,4.1,58.5,91.1,3.95,98.78,74.81,SE,TP.HCM,Female
3983,29,25.7,77.1,99.9,5.9,6.2,3.3,50.5,88.8,3.56,88.9,69.67,SE,Cần Thơ,Female
3984,26,30.5,80.9,89.7,4.5,5.3,3.9,56.1,84.4,3.41,85.15,70.25,DS,Cần Thơ,Female
3985,18,27.5,100.0,65.5,12.6,7.1,3.1,59.9,96.3,3.71,92.69,78.12,AI,Hà Nội,Male
3986,30,25.5,100.0,79.0,8.1,6.7,2.4,58.4,85.6,3.24,81.02,72.0,AI,Hà Nội,Female
3987,30,22.9,,91.9,8.7,8.1,2.4,59.5,86.8,3.36,83.97,73.13,CE,Huế,Female
3988,28,25.7,89.8,63.2,,6.4,2.0,64.9,88.1,3.76,94.03,76.47,AI,Cần Thơ,Male
3989,21,28.9,81.6,77.3,6.3,6.8,3.1,66.8,83.9,3.23,80.8,75.34,IT,Đà Nẵng,Female
3990,18,27.1,77.0,93.7,4.9,6.0,2.2,55.2,81.1,3.2,79.89,68.14,SE,Đà Nẵng,Male
3991,30,28.0,77.7,57.6,12.6,8.0,2.9,60.9,92.3,4.0,100.0,76.57,AI,Hà Nội,Male
3992,23,35.7,79.5,85.0,5.7,7.2,1.3,62.2,90.3,4.0,100.0,76.27,SE,Huế,Male
3993,21,27.1,100.0,53.7,4.5,6.7,1.2,69.4,91.9,3.38,84.6,80.69,DS,Cần Thơ,Female
3994,22,19.8,100.0,65.8,4.1,6.8,3.4,53.9,92.3,3.27,81.64,73.07,SE,Hà Nội,Female
3995,22,,92.5,72.4,6.8,7.0,3.1,63.8,100.0,3.86,96.44,81.91,DS,Cần Thơ,Male
3996,26,14.1,75.4,87.7,9.6,5.3,1.9,46.7,72.9,2.72,67.97,59.77,CE,Hà Nội,Female
3997,18,,93.9,69.5,8.7,8.4,4.6,54.8,90.4,3.71,92.77,72.59,CS,Huế,Female
3998,30,27.7,82.6,81.9,,8.3,1.3,62.9,100.0,4.0,99.93,81.45,SE,Cần Thơ,Female
3999,19,29.1,63.5,69.7,4.0,7.0,3.2,66.8,86.1,3.42,85.49,76.45,IT,Hà Nội,Male
4000,30,15.0,87.9,72.0,9.1,6.9,3.2,58.5,91.3,3.83,95.67,74.91,SE,Huế,Male
4001,23,21.9,76.6,98.8,,5.8,2.6,53.3,90.1,3.18,79.47,71.69,SE,TP.HCM,Female
4002,22,20.2,76.9,62.7,5.6,9.1,4.4,51.3,73.9,2.83,70.78,62.6,AI,Đà Nẵng,Female
4003,28,21.1,82.5,91.4,9.0,8.8,4.9,51.5,79.1,3.14,78.52,65.31,CS,Huế,Female
4004,24,32.5,80.0,80.0,2.3,7.5,0.8,69.0,91.9,3.88,97.03,80.42,AI,Huế,Male
4005,20,30.7,84.7,71.4,3.9,8.0,0.0,62.5,93.4,3.72,93.07,77.94,DS,Cần Thơ,Male
4006,20,24.8,84.2,61.7,3.5,8.5,1.8,74.7,79.5,3.26,81.57,77.12,CS,Cần Thơ,Male
4007,27,20.6,66.2,62.8,7.0,8.2,1.0,49.9,67.5,2.64,65.91,58.74,CS,TP.HCM,Female
4008,19,14.2,100.0,68.9,5.6,6.0,1.8,62.1,86.2,3.44,86.03,74.15,CE,Đà Nẵng,Female
4009,30,36.4,75.2,77.7,6.6,6.6,5.2,75.0,92.8,3.65,91.33,83.91,CS,Đà Nẵng,Male
4010,20,29.7,75.5,89.1,9.0,7.6,6.5,69.9,88.8,3.51,87.69,79.37,SE,Huế,Male
4011,27,19.3,81.7,75.5,4.4,7.2,1.1,49.3,79.7,3.2,80.04,64.48,AI,Đà Nẵng,Female
4012,18,30.8,83.9,76.5,6.2,7.9,2.8,60.0,89.8,3.88,97.08,74.94,DS,TP.HCM,Female
4013,22,24.4,99.6,78.7,2.7,7.8,2.8,57.1,98.0,4.0,100.0,77.5,SE,Hà Nội,Male
4014,29,22.7,87.7,87.2,8.9,7.3,3.0,66.2,96.4,3.82,95.42,81.34,IT,Hà Nội,Female
4015,22,28.5,90.7,89.7,8.7,3.9,0.4,56.6,86.1,3.55,88.81,71.34,IT,Cần Thơ,Male
4016,29,19.1,87.7,59.2,6.9,8.4,4.4,48.1,71.7,2.91,72.66,59.94,IT,Hà Nội,Female
4017,28,22.2,87.3,75.8,6.3,8.0,3.9,60.0,83.9,3.47,86.8,71.93,AI,TP.HCM,Female
4018,24,,88.1,98.4,4.7,9.5,1.8,47.7,78.2,3.05,76.27,62.99,SE,Huế,Male
4019,21,21.0,65.7,60.3,,6.4,4.3,56.4,87.1,3.58,89.58,71.74,CS,Cần Thơ,Female
4020,20,30.4,82.5,81.1,6.8,4.8,0.3,51.6,85.4,3.52,87.92,68.48,SE,TP.HCM,Female
4021,18,40.0,96.6,77.4,7.9,6.8,0.0,66.4,100.0,3.72,92.9,83.19,SE,Hà Nội,Female
4022,29,19.0,100.0,71.5,11.0,7.5,2.9,62.9,73.2,2.85,71.25,68.03,CS,TP.HCM,Female
4023,25,11.7,73.0,100.0,5.0,6.5,3.1,40.5,53.8,2.12,52.96,47.18,IT,Cần Thơ,Male
4024,30,9.0,89.2,80.6,6.7,8.6,2.3,47.4,56.3,2.19,54.64,51.84,CE,Huế,Male
4025,20,23.8,79.3,100.0,8.8,6.2,4.2,63.8,74.3,2.77,69.14,69.04,CS,Huế,Female
4026,30,19.7,100.0,80.1,8.9,6.9,1.5,46.2,75.6,2.53,63.21,60.9,IT,Huế,Female
4027,19,26.7,71.5,86.9,4.4,6.7,4.3,57.0,85.2,3.61,90.36,71.12,SE,Đà Nẵng,Female
4028,28,26.1,91.2,71.3,5.3,10.0,3.7,63.1,100.0,3.57,89.17,81.54,CE,TP.HCM,Female
4029,21,12.2,70.9,71.5,4.7,5.9,5.3,34.1,55.1,2.6,65.01,44.62,CE,TP.HCM,Male
4030,20,10.5,81.8,86.1,3.7,7.7,0.0,37.4,61.7,2.42,60.49,49.51,IT,Đà Nẵng,Female
4031,30,27.4,,86.4,9.7,5.6,1.8,70.3,95.8,3.7,92.48,83.08,CS,Cần Thơ,Male
4032,18,26.1,95.7,89.0,6.2,7.4,1.1,50.3,81.4,2.94,73.61,65.84,DS,Cần Thơ,Male
4033,20,21.6,74.2,85.7,5.8,5.9,3.7,49.7,74.6,2.65,66.31,62.16,IT,Hà Nội,Male
4034,29,11.7,91.6,60.0,6.6,8.3,4.9,32.4,78.6,2.97,74.17,55.53,AI,Cần Thơ,Female
4035,19,28.8,85.2,67.9,6.1,8.1,1.9,53.5,91.1,3.68,92.07,72.29,SE,Cần Thơ,Male
4036,25,35.2,87.7,92.7,,7.3,3.4,70.4,100.0,4.0,100.0,85.18,CS,Huế,Female
4037,23,27.2,94.6,50.6,4.1,5.3,4.7,66.8,93.8,3.44,86.09,80.31,CS,TP.HCM,Male
4038,26,18.2,72.2,84.4,9.9,6.9,3.0,55.4,68.0,2.79,69.81,61.73,DS,Huế,Male
4039,25,25.4,93.1,78.3,4.6,6.6,3.6,57.7,96.2,3.48,86.94,76.96,IT,TP.HCM,Male
4040,27,14.1,79.3,92.7,3.7,8.0,0.0,39.4,75.1,2.82,70.61,57.26,SE,TP.HCM,Male
4041,20,33.5,96.0,86.2,5.8,5.9,4.8,67.6,97.2,3.99,99.72,82.4,SE,TP.HCM,Female
4042,22,25.7,88.3,70.0,11.4,8.4,2.1,54.2,88.7,3.34,83.61,71.44,IT,Hà Nội,Female
4043,24,10.9,82.9,69.4,3.9,8.2,6.5,33.5,57.8,2.62,65.48,45.64,SE,Huế,Female
4044,22,22.6,79.1,72.2,,5.4,1.2,54.0,68.8,2.9,72.56,61.4,AI,Đà Nẵng,Female
4045,25,28.7,93.2,88.7,5.4,6.7,3.2,70.0,86.0,3.54,88.49,78.03,IT,Đà Nẵng,Female
4046,29,22.3,97.6,45.5,6.6,6.9,3.7,64.7,87.0,3.37,84.19,75.85,AI,Hà Nội,Male
4047,22,22.8,,82.4,8.3,8.2,0.0,62.9,93.3,3.56,88.99,78.1,CE,Huế,Female
4048,18,15.2,73.7,66.8,1.7,6.2,5.2,49.7,74.0,2.87,71.68,61.85,AI,Hà Nội,Female
4049,22,29.5,91.9,82.9,3.8,7.2,3.6,54.0,83.2,3.38,84.49,68.6,CS,Hà Nội,Female
4050,21,19.8,70.5,85.2,8.3,8.3,0.3,54.8,65.8,2.68,67.07,60.33,SE,Huế,Male
4051,23,7.7,71.9,55.1,6.2,7.3,3.1,42.7,49.3,1.81,45.2,46.02,SE,Cần Thơ,Female
4052,20,22.0,74.4,76.6,6.5,4.8,3.0,50.8,68.3,2.59,64.64,59.51,CE,Đà Nẵng,Male
4053,28,32.8,80.8,82.3,7.8,6.4,2.3,66.8,89.3,3.26,81.61,78.06,DS,Đà Nẵng,Male
4054,22,21.9,71.6,81.3,3.8,8.1,1.6,55.6,61.1,2.9,72.54,58.37,SE,TP.HCM,Female
4055,19,38.9,65.6,78.2,8.6,7.9,2.4,59.4,76.0,2.86,71.48,67.67,CE,TP.HCM,Male
4056,28,28.4,73.6,61.7,8.0,4.3,3.8,52.4,62.7,2.17,54.28,57.54,IT,Đà Nẵng,Female
4057,23,27.7,91.4,64.0,6.6,7.2,3.7,50.9,74.7,2.49,62.29,62.79,AI,Huế,Male
4058,30,24.0,,59.3,7.2,8.1,2.5,55.7,88.9,3.42,85.57,72.34,IT,Hà Nội,Male
4059,29,24.5,,88.3,8.9,7.6,2.8,62.4,100.0,4.0,100.0,81.19,SE,Hà Nội,Female
4060,23,22.9,100.0,78.3,4.5,7.8,2.3,52.7,100.0,3.98,99.48,76.37,IT,Hà Nội,Female
4061,22,22.6,84.5,79.2,7.7,9.5,1.0,46.6,80.5,3.18,79.57,63.57,SE,Huế,Male
4062,23,29.2,88.4,54.4,10.4,6.9,2.4,64.0,87.4,3.64,91.01,75.67,DS,Huế,Male
4063,28,17.5,75.5,79.5,7.6,7.4,1.4,61.3,72.6,3.02,75.5,66.94,CE,Huế,Male
4064,24,16.4,100.0,89.5,5.4,5.9,1.0,67.2,85.7,3.25,81.25,76.48,DS,Huế,Male
4065,29,16.0,79.6,52.4,11.8,6.2,0.0,60.3,92.2,3.74,93.46,76.23,CE,Huế,Male
4066,22,41.4,82.7,72.0,6.6,6.6,1.9,68.1,99.0,3.98,99.39,83.55,CE,Huế,Female
4067,18,29.2,98.2,56.4,9.5,8.0,3.7,54.9,92.5,3.58,89.54,73.7,CE,TP.HCM,Male
4068,25,27.4,83.2,73.7,4.9,6.1,4.3,62.6,89.7,3.87,96.8,76.13,SE,Huế,Female
4069,21,16.5,85.5,66.5,8.7,8.5,3.2,49.7,72.1,2.73,68.17,60.88,IT,Đà Nẵng,Male
4070,26,30.0,82.2,85.7,4.6,5.7,0.6,58.3,74.7,2.87,71.85,66.53,AI,TP.HCM,Male
4071,27,24.1,82.3,82.5,6.8,7.8,2.3,69.6,86.1,3.35,83.74,77.88,SE,TP.HCM,Male
4072,29,26.7,88.7,99.4,4.5,7.7,0.8,68.7,82.4,3.48,87.07,75.59,DS,TP.HCM,Female
4073,23,17.2,90.5,79.2,10.8,7.3,5.4,56.2,95.3,4.0,100.0,75.75,CE,Huế,Female
4074,18,26.3,78.6,85.1,5.4,8.2,1.9,55.8,88.8,3.82,95.53,72.28,CE,Hà Nội,Male
4075,20,21.6,77.3,71.6,3.2,6.1,1.8,52.9,86.5,3.62,90.39,69.69,CS,Cần Thơ,Female
4076,20,18.9,78.9,63.5,6.2,6.4,3.9,39.4,62.0,2.46,61.46,50.68,SE,Huế,Male
4077,27,30.9,71.0,92.5,7.3,5.8,2.4,66.6,87.6,3.7,92.4,77.12,CS,Cần Thơ,Male
4078,29,12.7,69.1,98.6,,7.0,4.1,54.6,81.6,3.34,83.52,68.13,CS,Đà Nẵng,Male
4079,29,29.5,88.0,90.6,4.0,6.9,0.8,54.6,98.6,3.92,98.03,76.63,AI,Huế,Female
4080,21,30.5,94.4,82.0,8.6,8.0,2.6,57.3,97.3,3.8,95.02,77.32,DS,Huế,Female
4081,23,18.0,93.7,65.4,9.1,7.5,3.3,59.8,91.6,3.63,90.72,75.71,CE,Cần Thơ,Male
4082,24,18.4,61.2,97.1,1.9,7.8,0.0,45.6,82.6,3.21,80.17,64.06,SE,Đà Nẵng,Female
4083,27,23.2,82.5,88.7,3.8,6.8,1.5,63.3,97.3,3.98,99.4,80.32,CS,TP.HCM,Female
4084,21,27.3,74.0,100.0,5.6,7.5,1.6,50.7,90.4,3.57,89.3,70.52,DS,TP.HCM,Male
4085,23,23.8,86.4,62.7,4.7,9.2,2.6,53.5,91.9,3.77,94.3,72.66,CE,Đà Nẵng,Male
4086,28,,80.8,92.9,7.3,5.4,2.0,62.4,87.3,3.59,89.8,74.81,DS,TP.HCM,Male
4087,18,39.1,90.9,88.2,10.6,4.8,2.9,65.5,100.0,4.0,100.0,82.77,DS,Cần Thơ,Female
4088,25,20.9,84.8,74.9,5.0,7.8,2.1,50.6,83.5,3.25,81.24,67.03,DS,Cần Thơ,Female
4089,24,11.3,66.0,100.0,9.9,6.0,4.2,40.3,59.6,2.2,55.09,49.98,DS,Đà Nẵng,Female
4090,28,31.6,75.3,86.0,2.3,5.3,5.7,65.2,95.8,3.81,95.24,80.5,DS,TP.HCM,Female
4091,28,38.5,85.1,65.9,7.1,7.6,0.2,73.8,100.0,4.0,100.0,86.92,IT,TP.HCM,Male
4092,26,28.1,85.9,78.2,4.5,5.8,2.5,62.7,69.2,2.49,62.37,65.94,IT,Huế,Male
4093,20,16.3,70.9,65.8,7.2,8.8,4.1,42.6,70.4,2.46,61.55,56.54,DS,TP.HCM,Female
4094,19,24.0,69.6,73.0,1.6,7.2,1.4,63.7,83.2,3.3,82.6,73.46,IT,Hà Nội,Female
4095,18,16.1,85.6,90.6,,6.8,2.9,51.8,74.2,2.79,69.71,62.98,SE,Huế,Female
4096,20,30.1,71.0,94.8,7.2,6.0,1.9,66.1,100.0,4.0,100.0,83.07,AI,Hà Nội,Female
4097,22,14.2,68.3,83.3,4.4,7.3,1.0,36.2,63.1,2.79,69.67,49.68,CE,Hà Nội,Female
4098,28,22.6,80.5,68.7,5.2,5.1,1.0,62.8,77.4,2.89,72.35,70.1,IT,Hà Nội,Male
4099,19,17.0,80.1,85.7,10.6,4.0,0.0,46.9,77.0,2.74,68.47,61.96,IT,Đà Nẵng,Female
4100,29,26.0,76.2,90.9,6.3,5.1,2.7,52.6,82.4,3.41,85.27,67.51,CS,TP.HCM,Male
4101,20,22.1,78.0,50.4,8.3,8.4,2.8,56.3,88.3,3.57,89.27,72.27,AI,Huế,Female
4102,21,26.4,85.1,81.7,4.1,5.9,1.1,42.2,76.4,3.13,78.35,59.29,DS,Cần Thơ,Female
4103,24,25.2,77.8,77.1,2.6,5.3,2.1,58.2,77.2,3.24,81.0,67.67,DS,Đà Nẵng,Female
4104,30,17.1,85.7,94.3,5.8,6.9,0.3,48.6,69.6,2.7,67.46,59.08,DS,Huế,Female
4105,20,30.0,81.2,85.8,2.3,9.7,3.3,70.3,80.7,3.19,79.69,75.48,SE,Hà Nội,Male
4106,26,24.6,86.7,87.3,4.3,8.3,1.9,58.5,82.4,3.46,86.46,70.45,CS,Đà Nẵng,Female
4107,25,17.1,93.8,72.8,6.6,6.0,3.7,44.4,86.3,3.54,88.56,65.38,CE,Huế,Female
4108,21,42.9,,80.0,5.7,6.0,2.0,65.2,100.0,4.0,100.0,82.6,AI,TP.HCM,Male
4109,30,28.8,97.9,94.2,6.8,6.0,1.0,42.8,77.0,3.14,78.5,59.94,IT,TP.HCM,Male
4110,18,,93.4,79.0,,5.9,1.7,75.1,89.5,3.63,90.74,82.25,CS,Đà Nẵng,Female
4111,18,36.3,87.4,82.6,3.0,7.7,4.8,46.6,95.1,3.98,99.54,70.85,CE,TP.HCM,Male
4112,18,39.7,80.7,57.0,3.6,6.6,5.6,62.8,95.4,4.0,100.0,79.12,IT,TP.HCM,Female
4113,18,23.8,81.1,79.0,0.6,5.7,0.2,60.6,85.3,3.56,88.88,72.95,SE,Hà Nội,Male
4114,25,,76.2,49.8,5.1,5.4,3.9,68.3,91.6,3.61,90.15,79.93,CS,Đà Nẵng,Male
4115,20,17.1,85.0,72.3,7.8,9.8,0.8,64.1,79.7,3.06,76.42,71.92,CS,Cần Thơ,Male
4116,23,23.8,92.0,81.0,9.7,7.9,1.4,55.9,85.0,3.43,85.85,70.48,IT,Đà Nẵng,Male
4117,20,23.4,77.7,91.5,,6.0,2.8,58.0,95.5,3.6,90.03,76.76,CE,Hà Nội,Female
4118,28,26.5,84.6,65.0,9.4,8.5,3.2,55.3,87.1,3.61,90.29,71.16,CS,Đà Nẵng,Male
4119,22,27.7,78.2,85.6,7.0,5.6,1.4,45.8,75.5,3.08,76.96,60.64,AI,Huế,Female
4120,30,29.5,87.1,100.0,6.3,6.8,3.4,52.3,94.5,3.88,97.09,73.42,IT,Đà Nẵng,Female
4121,30,26.9,79.5,70.4,4.5,6.7,4.3,44.2,79.4,2.82,70.48,61.8,DS,Đà Nẵng,Female
4122,24,15.3,77.6,56.8,0.0,7.2,3.6,50.5,69.8,3.06,76.55,60.16,SE,Hà Nội,Male
4123,19,17.5,78.2,84.3,9.1,5.9,1.1,47.3,79.4,2.95,73.8,63.34,IT,Đà Nẵng,Female
4124,23,20.6,90.0,62.1,5.9,7.2,1.8,52.6,90.9,3.38,84.62,71.74,DS,Huế,Female
4125,30,22.7,84.0,67.7,9.5,4.9,3.8,59.7,73.8,2.55,63.76,66.78,IT,Đà Nẵng,Male
4126,23,33.4,80.7,93.9,3.6,6.5,4.8,64.0,100.0,3.88,96.97,82.01,CE,TP.HCM,Male
4127,28,15.7,87.6,100.0,12.1,8.6,0.6,54.9,74.8,3.02,75.57,64.84,SE,Huế,Female
4128,20,22.1,80.9,65.0,5.4,8.2,3.0,67.3,84.2,3.35,83.68,75.76,DS,Đà Nẵng,Female
4129,23,32.6,96.3,68.9,4.3,6.2,3.6,58.0,88.8,3.69,92.27,73.37,IT,Cần Thơ,Female
4130,27,22.6,75.3,73.4,5.5,5.2,0.4,39.2,79.0,3.41,85.35,59.08,IT,Đà Nẵng,Female
4131,27,28.7,83.1,71.8,6.4,4.4,4.0,54.6,75.8,3.3,82.56,65.19,AI,TP.HCM,Female
4132,22,23.9,71.0,100.0,,7.7,5.7,52.0,81.0,3.19,79.69,66.49,SE,TP.HCM,Female
4133,29,27.1,81.5,72.0,4.7,7.3,3.5,60.8,100.0,3.97,99.27,80.39,AI,TP.HCM,Female
4134,19,23.2,,74.2,1.5,7.5,3.3,58.0,75.6,3.0,74.96,66.84,AI,Huế,Male
4135,26,30.3,92.5,100.0,4.0,9.0,1.4,53.6,100.0,3.92,97.93,76.82,DS,Cần Thơ,Male
4136,25,12.6,92.7,88.7,8.7,7.2,1.8,39.3,67.5,3.11,77.67,53.41,SE,Huế,Female
4137,20,22.1,92.8,94.8,3.8,7.3,1.5,65.7,76.9,3.14,78.41,71.29,SE,Đà Nẵng,Male
4138,25,27.4,85.3,66.4,1.7,5.3,1.2,60.7,90.6,3.73,93.13,75.65,AI,Cần Thơ,Male
4139,26,,76.2,72.0,3.4,8.9,2.1,61.0,87.3,3.63,90.75,74.19,CS,Hà Nội,Female
4140,20,36.9,77.0,64.4,5.8,6.8,3.0,66.2,100.0,4.0,100.0,83.12,DS,Đà Nẵng,Female
4141,20,21.9,100.0,92.0,4.1,6.0,1.2,57.5,83.8,3.31,82.65,70.65,AI,Huế,Male
4142,19,36.8,99.4,98.4,5.3,7.2,2.0,65.8,100.0,4.0,100.0,82.92,SE,Hà Nội,Male
4143,25,19.7,86.2,71.0,4.0,9.4,3.0,47.4,67.2,2.81,70.13,57.3,AI,Đà Nẵng,Female
4144,27,35.6,79.8,74.5,8.5,9.6,0.0,59.7,100.0,3.69,92.2,79.83,CE,Đà Nẵng,Female
4145,18,31.5,98.7,75.2,7.2,5.8,3.9,79.7,100.0,3.9,97.56,89.85,CE,Cần Thơ,Female
4146,25,17.7,78.1,56.8,11.5,8.4,2.8,63.5,76.4,3.02,75.6,69.96,IT,Huế,Female
4147,24,27.5,87.3,69.9,5.0,7.4,2.8,65.6,92.0,3.88,96.99,78.84,SE,TP.HCM,Male
4148,24,24.6,98.5,91.6,5.3,8.2,4.2,57.7,86.1,4.0,100.0,71.9,AI,Hà Nội,Male
4149,20,30.0,76.6,66.9,9.0,7.3,3.9,63.2,91.3,3.56,89.07,77.25,DS,Huế,Male
4150,18,23.2,93.3,81.4,7.0,7.7,3.4,45.7,79.2,3.07,76.82,62.47,AI,TP.HCM,Female
4151,21,22.5,90.2,60.4,3.6,8.6,2.9,62.9,78.4,3.22,80.57,70.64,CS,Hà Nội,Female
4152,26,36.0,84.6,77.8,,4.9,2.5,62.9,89.0,3.21,80.33,75.9,AI,Đà Nẵng,Female
4153,22,24.2,,71.6,7.0,7.4,1.6,54.5,76.5,2.7,67.6,65.53,DS,Hà Nội,Female
4154,18,31.6,77.8,61.7,1.5,5.6,1.1,61.1,89.7,3.56,89.0,75.4,CE,Huế,Female
4155,22,23.2,87.9,91.9,4.4,6.4,3.1,54.2,58.6,2.24,55.91,56.43,SE,Cần Thơ,Male
4156,30,38.3,70.8,92.7,6.5,7.0,3.1,70.4,100.0,4.0,100.0,85.2,CS,Cần Thơ,Male
4157,25,19.6,86.3,65.5,9.6,5.8,2.7,64.6,100.0,3.93,98.14,82.29,AI,Hà Nội,Female
4158,25,20.1,90.4,76.8,7.7,6.3,0.5,60.1,88.6,3.28,82.08,74.33,AI,Cần Thơ,Male
4159,22,37.2,94.9,80.7,4.6,5.3,0.0,67.6,100.0,3.8,94.91,83.81,CS,Huế,Female
4160,29,21.4,71.0,52.8,4.2,6.3,2.6,43.7,65.1,2.84,71.03,54.41,CS,TP.HCM,Female
4161,26,37.8,98.2,59.0,8.0,7.6,0.0,68.4,94.8,3.65,91.16,81.59,SE,Cần Thơ,Male
4162,18,,100.0,99.3,0.0,8.0,3.0,63.5,100.0,3.93,98.28,81.76,CS,Huế,Female
4163,21,23.8,89.1,64.0,4.0,6.1,5.4,62.4,89.6,3.52,88.08,75.98,IT,Hà Nội,Male
4164,20,10.5,74.6,98.9,9.5,8.6,3.0,39.2,48.8,1.84,45.93,44.04,SE,Hà Nội,Female
4165,19,,81.7,59.8,6.7,7.7,1.8,49.2,88.7,3.61,90.22,68.96,SE,Huế,Male
4166,25,25.8,84.5,89.9,4.1,8.7,0.9,59.3,93.9,4.0,100.0,76.59,AI,Huế,Male
4167,24,34.3,87.7,75.3,3.0,4.9,1.6,70.8,96.5,3.97,99.31,83.68,DS,Cần Thơ,Female
4168,26,37.7,85.2,77.4,8.1,7.4,2.4,67.2,100.0,4.0,100.0,83.61,IT,TP.HCM,Female
4169,19,19.5,87.8,100.0,6.2,7.7,4.1,60.1,82.6,3.11,77.78,71.33,DS,Hà Nội,Male
4170,21,31.4,84.1,61.2,5.5,4.9,2.7,51.6,94.0,3.84,95.89,72.82,CE,Huế,Male
4171,23,31.1,87.7,88.9,6.9,9.9,2.1,65.0,87.2,3.76,94.01,76.11,CE,TP.HCM,Female
4172,28,33.6,80.4,88.3,6.4,6.2,3.5,52.6,95.6,3.78,94.44,74.12,SE,Hà Nội,Male
4173,20,29.0,81.6,100.0,6.2,7.7,4.7,79.0,97.0,3.88,97.01,88.01,IT,Huế,Male
4174,25,9.5,79.2,63.8,2.7,8.1,3.0,54.0,73.8,3.1,77.61,63.91,AI,TP.HCM,Male
4175,20,23.8,100.0,70.6,3.4,7.1,2.8,60.7,95.7,4.0,100.0,78.19,DS,Cần Thơ,Male
4176,29,15.8,99.6,92.2,7.9,8.7,0.0,39.7,73.6,3.18,79.51,56.65,AI,Hà Nội,Female
4177,30,23.4,90.6,77.0,7.4,9.4,0.5,45.8,88.4,3.28,82.06,67.1,IT,Đà Nẵng,Male
4178,30,32.8,98.3,73.1,7.0,5.7,0.3,78.6,94.9,3.86,96.56,86.73,CS,Huế,Male
4179,19,27.4,93.0,94.4,4.5,7.1,2.2,50.8,84.8,3.27,81.73,67.8,IT,Đà Nẵng,Female
4180,30,34.2,86.8,76.0,7.9,8.1,1.2,67.4,92.5,3.63,90.85,79.93,IT,Hà Nội,Male
4181,30,27.7,69.9,66.6,5.1,5.0,1.8,70.0,84.5,3.12,77.99,77.24,AI,Cần Thơ,Male
4182,20,14.6,82.4,90.9,9.3,8.3,1.2,49.1,65.5,2.57,64.19,57.32,AI,Hà Nội,Female
4183,28,4.8,81.6,85.6,4.1,9.0,1.4,31.9,42.1,1.51,37.81,36.99,DS,Cần Thơ,Male
4184,23,26.2,73.7,75.3,4.7,8.5,0.0,42.4,85.5,3.39,84.68,63.93,CS,Hà Nội,Female
4185,19,23.3,70.1,74.6,5.6,7.5,2.8,55.9,84.2,3.46,86.62,70.01,IT,TP.HCM,Female
4186,25,17.2,89.9,66.3,8.1,8.8,3.6,43.1,67.2,2.74,68.61,55.15,CS,Đà Nẵng,Male
4187,18,11.4,88.2,90.9,5.9,7.4,2.6,46.8,48.4,2.11,52.85,47.61,CS,TP.HCM,Female
4188,24,19.1,,74.6,6.1,5.4,3.0,42.4,65.0,2.5,62.58,53.68,SE,Hà Nội,Male
4189,19,23.4,77.5,68.5,5.0,6.4,3.2,49.7,77.6,2.77,69.14,63.64,CS,TP.HCM,Male
4190,27,30.3,96.6,60.7,6.7,6.7,3.1,58.0,100.0,4.0,100.0,78.98,CS,Hà Nội,Female
4191,29,26.5,76.2,85.9,5.8,6.9,3.8,54.4,78.1,3.23,80.87,66.24,AI,Hà Nội,Female
4192,23,37.9,86.7,72.4,4.0,6.9,4.3,60.9,100.0,4.0,100.0,80.43,CS,Hà Nội,Male
4193,29,16.7,83.1,49.8,6.3,6.6,4.9,52.1,68.7,2.85,71.37,60.41,SE,Cần Thơ,Female
4194,19,32.0,90.1,62.0,6.4,7.3,0.0,70.0,100.0,4.0,100.0,85.01,IT,Cần Thơ,Female
4195,19,25.4,76.4,76.5,11.9,8.8,3.2,52.8,87.5,3.7,92.43,70.13,CS,Huế,Female
4196,27,30.6,,76.9,,7.3,0.7,62.8,98.9,3.83,95.63,80.83,DS,Cần Thơ,Female
4197,30,21.5,86.7,76.3,3.9,7.8,4.6,47.1,69.5,2.94,73.42,58.3,DS,Đà Nẵng,Female
4198,25,33.6,87.3,74.3,6.7,4.4,2.6,51.5,90.0,3.67,91.82,70.78,CS,Hà Nội,Male
4199,29,27.4,85.8,57.9,3.5,7.2,2.9,61.4,94.2,3.8,94.88,77.81,IT,Hà Nội,Female
4200,19,19.6,88.4,66.9,3.3,8.3,2.7,59.5,68.4,2.64,65.98,63.98,CE,Cần Thơ,Female
4201,24,24.9,100.0,97.8,2.4,8.5,2.8,44.3,90.6,3.67,91.85,67.46,DS,Cần Thơ,Female
4202,20,23.1,100.0,95.5,4.1,8.4,5.0,56.6,76.9,3.03,75.81,66.74,CE,Đà Nẵng,Female
4203,25,28.9,78.6,88.7,,7.4,4.4,61.7,78.0,3.29,82.23,69.83,DS,Hà Nội,Male
4204,24,15.6,61.8,87.3,2.8,7.5,4.9,48.1,59.2,2.27,56.86,53.64,AI,TP.HCM,Female
4205,25,24.8,91.0,93.6,5.4,6.2,2.2,52.8,79.5,2.97,74.35,66.15,DS,Cần Thơ,Female
4206,24,28.2,86.9,63.2,0.1,8.0,0.0,59.5,92.3,3.8,95.12,75.9,DS,TP.HCM,Male
4207,28,25.3,95.6,80.5,7.2,6.2,3.6,65.2,93.6,4.0,100.0,79.43,CS,Đà Nẵng,Male
4208,23,35.8,87.8,63.2,4.6,7.8,0.8,58.6,99.4,4.0,100.0,79.0,CS,Cần Thơ,Female
4209,30,31.2,85.6,63.5,5.0,7.0,2.0,72.9,90.7,3.6,89.97,81.79,IT,Đà Nẵng,Male
4210,24,24.9,96.3,85.5,7.5,7.0,2.4,47.7,94.4,4.0,100.0,71.05,IT,Đà Nẵng,Male
4211,22,26.7,97.7,94.2,6.9,8.2,2.5,66.4,95.1,3.89,97.35,80.75,DS,Cần Thơ,Female
4212,24,,71.1,77.1,4.4,7.7,3.5,56.6,90.5,3.59,89.74,73.54,IT,TP.HCM,Male
4213,18,28.2,76.8,100.0,7.1,7.3,1.1,53.8,66.9,3.02,75.53,60.39,IT,Hà Nội,Female
4214,18,10.4,83.9,83.2,9.9,6.4,3.4,31.6,62.5,2.35,58.81,47.04,CE,Hà Nội,Male
4215,26,22.6,86.0,68.3,3.5,8.9,2.2,63.8,80.9,3.17,79.23,72.33,SE,Hà Nội,Female
4216,22,13.1,82.7,63.7,7.9,7.4,6.4,40.2,69.5,2.85,71.21,54.88,CE,TP.HCM,Male
4217,30,35.2,,95.3,3.2,7.9,0.1,64.6,100.0,4.0,100.0,82.3,AI,Huế,Male
4218,22,,95.0,81.9,8.9,7.1,2.7,61.2,79.8,3.01,75.14,70.46,AI,TP.HCM,Male
4219,20,23.5,100.0,90.1,4.2,6.2,3.4,75.4,100.0,3.77,94.33,87.72,SE,TP.HCM,Female
4220,22,32.2,90.8,40.1,4.1,7.4,1.9,60.1,91.3,3.7,92.44,75.69,SE,Hà Nội,Female
4221,20,28.4,76.5,83.7,8.9,6.3,1.6,58.1,72.0,3.18,79.4,65.04,IT,Đà Nẵng,Male
4222,26,16.0,83.5,72.3,7.8,7.5,4.5,52.6,79.7,3.37,84.26,66.18,DS,Hà Nội,Female
4223,26,24.4,84.2,59.1,4.3,3.1,3.8,56.8,98.3,3.8,94.95,77.57,CE,TP.HCM,Female
4224,23,22.3,90.1,79.1,,6.5,1.3,49.6,97.9,3.69,92.17,73.73,SE,TP.HCM,Female
4225,18,11.0,88.9,96.4,4.2,7.0,0.3,57.8,74.2,2.84,70.96,66.0,IT,Huế,Female
4226,24,19.5,100.0,100.0,,5.9,3.4,51.2,69.3,2.79,69.84,60.23,CS,Huế,Male
4227,24,23.5,80.4,83.6,6.5,7.4,3.0,58.2,80.7,3.29,82.3,69.48,AI,Đà Nẵng,Female
4228,27,24.1,88.8,69.4,5.1,6.5,3.4,54.8,83.2,3.28,81.96,68.96,CE,Huế,Male
4229,27,13.1,100.0,68.5,3.6,7.0,2.3,45.3,80.7,3.17,79.33,62.99,SE,Huế,Female
4230,21,34.2,79.1,94.4,9.3,6.3,3.8,70.4,98.2,3.87,96.83,84.3,SE,Đà Nẵng,Female
4231,25,24.2,86.5,65.0,3.7,8.2,4.9,58.1,67.7,2.83,70.72,62.88,SE,Cần Thơ,Male
4232,23,25.3,75.6,89.3,6.4,7.7,4.8,38.9,79.7,3.26,81.41,59.3,AI,Cần Thơ,Female
4233,21,28.2,85.8,84.4,8.7,7.4,1.3,61.3,91.5,3.78,94.58,76.36,SE,TP.HCM,Male
4234,21,18.7,77.2,82.7,5.4,7.1,6.2,45.9,77.4,3.17,79.15,61.67,IT,Cần Thơ,Female
4235,19,28.7,95.5,56.5,4.2,10.0,3.5,48.9,90.7,3.25,81.31,69.77,AI,TP.HCM,Male
4236,19,22.1,86.5,74.6,6.7,6.8,0.4,61.7,90.3,3.61,90.35,75.99,AI,TP.HCM,Male
4237,29,17.8,75.6,58.1,7.1,6.2,3.2,44.0,69.1,2.63,65.72,56.53,DS,Huế,Male
4238,21,29.6,93.4,71.2,8.2,5.6,2.8,63.2,97.3,4.0,100.0,80.21,SE,Huế,Male
4239,22,36.9,86.8,93.8,10.7,8.1,2.3,72.6,97.6,3.68,91.91,85.13,IT,Cần Thơ,Female
4240,25,30.8,94.5,98.5,4.9,9.0,2.2,60.5,98.6,3.56,89.04,79.53,CE,Đà Nẵng,Male
4241,23,32.4,73.5,83.2,6.5,6.0,3.6,62.2,90.0,3.76,93.96,76.11,SE,Đà Nẵng,Female
4242,21,20.8,88.7,71.4,,6.7,3.6,48.8,81.9,3.33,83.13,65.36,IT,TP.HCM,Female
4243,30,12.2,92.7,100.0,7.7,6.6,1.6,56.4,63.9,2.58,64.55,60.11,CS,Đà Nẵng,Female
4244,28,36.9,80.8,71.2,6.5,6.9,1.7,63.4,100.0,4.0,100.0,81.72,SE,Huế,Female
4245,24,41.4,72.4,63.0,5.6,4.9,1.6,71.0,100.0,3.98,99.54,85.48,AI,TP.HCM,Male
4246,25,37.3,84.6,90.4,4.5,8.0,2.2,77.0,100.0,3.91,97.7,88.49,DS,Đà Nẵng,Male
4247,19,22.3,97.3,86.9,5.1,8.4,3.8,42.4,79.6,3.22,80.43,61.02,SE,TP.HCM,Male
4248,29,15.8,,71.9,6.6,4.7,4.3,46.1,78.2,2.92,72.9,62.16,AI,Hà Nội,Female
4249,24,16.5,80.7,81.5,3.6,9.1,2.2,48.2,53.0,2.42,60.4,50.58,AI,Hà Nội,Male
4250,19,11.5,72.2,86.6,5.2,8.9,4.1,45.4,60.4,2.29,57.14,52.92,DS,TP.HCM,Male
4251,19,,80.7,83.1,6.0,3.3,3.2,59.8,77.4,2.85,71.32,68.61,CS,Hà Nội,Female
4252,25,37.8,,86.9,2.2,4.4,2.7,74.6,100.0,4.0,100.0,87.29,CS,Đà Nẵng,Female
4253,19,23.9,89.5,72.4,3.4,6.8,5.3,50.7,89.9,3.43,85.75,70.3,AI,Huế,Male
4254,28,27.4,83.9,87.9,4.3,8.6,3.0,56.6,74.3,3.21,80.28,65.48,CS,Huế,Male
4255,26,36.0,77.5,80.3,9.9,7.3,2.3,72.0,100.0,3.6,90.03,86.02,SE,Hà Nội,Female
4256,29,,96.0,72.9,3.9,7.0,3.8,58.3,88.6,3.22,80.38,73.45,IT,TP.HCM,Female
4257,18,41.3,86.4,76.3,5.9,7.7,0.7,56.2,100.0,3.93,98.14,78.08,CS,Huế,Female
4258,26,40.9,89.4,78.5,3.4,6.0,2.2,55.7,86.9,3.5,87.54,71.31,IT,Đà Nẵng,Male
4259,18,24.0,67.8,58.3,4.1,8.5,2.9,49.5,80.3,3.06,76.61,64.88,IT,Hà Nội,Female
4260,27,20.4,60.8,70.5,2.4,6.9,3.6,53.5,73.0,2.87,71.68,63.27,AI,Huế,Female
4261,30,30.6,70.6,81.0,7.7,5.0,2.9,62.5,88.6,3.89,97.2,75.54,CS,Đà Nẵng,Female
4262,27,22.2,80.2,59.7,2.7,6.0,0.6,47.0,88.7,3.41,85.18,67.84,IT,TP.HCM,Male
4263,19,15.7,90.8,70.7,,7.4,1.2,55.4,59.5,2.06,51.45,57.45,CS,Hà Nội,Male
4264,23,,61.6,100.0,7.2,6.7,1.9,62.6,92.7,3.66,91.55,77.64,AI,Cần Thơ,Female
4265,23,34.7,100.0,63.1,5.8,6.5,2.9,57.9,100.0,3.77,94.34,78.97,SE,Cần Thơ,Male
4266,18,26.2,86.7,74.2,8.4,7.2,0.6,53.2,73.0,3.03,75.86,63.08,AI,Đà Nẵng,Male
4267,24,14.9,98.6,67.5,13.8,7.4,4.6,36.4,73.9,3.06,76.38,55.13,IT,Hà Nội,Female
4268,25,15.2,,78.2,7.2,5.5,3.0,38.9,66.8,2.64,66.11,52.82,AI,Đà Nẵng,Male
4269,19,25.9,90.0,67.8,3.2,8.5,2.9,43.8,65.0,2.68,66.94,54.41,CS,TP.HCM,Male
4270,25,21.0,85.9,76.4,9.7,6.8,2.2,42.0,83.8,3.14,78.42,62.9,SE,TP.HCM,Male
4271,26,,93.2,69.2,6.5,7.5,0.3,68.3,82.5,3.49,87.25,75.4,SE,Huế,Female
4272,23,33.2,82.7,95.8,11.3,7.1,2.6,59.3,100.0,3.89,97.16,79.64,SE,Huế,Female
4273,22,30.9,89.7,81.2,4.7,6.5,3.6,48.3,93.7,4.0,100.0,71.0,SE,Huế,Male
4274,29,36.0,96.0,65.0,9.2,8.1,2.3,69.6,100.0,3.94,98.38,84.78,CE,Huế,Male
4275,26,17.1,78.5,92.6,,7.1,4.1,51.8,79.9,3.11,77.65,65.83,CE,Cần Thơ,Female
4276,30,,87.4,65.6,12.6,7.1,2.4,56.3,89.6,3.55,88.66,72.95,SE,Huế,Female
4277,29,31.1,66.1,56.5,5.3,4.0,3.5,51.7,67.9,2.84,70.88,59.81,CE,Cần Thơ,Male
4278,28,28.6,92.0,80.0,13.5,8.0,2.3,64.9,80.7,3.52,87.91,72.79,DS,TP.HCM,Female
4279,26,37.3,100.0,100.0,7.1,6.8,3.1,59.7,100.0,4.0,100.0,79.86,AI,Đà Nẵng,Female
4280,18,28.4,72.6,52.6,8.1,7.9,3.8,63.1,78.5,3.57,89.16,70.79,CS,Huế,Female
4281,28,,84.1,60.0,10.3,9.0,0.9,74.1,100.0,3.84,95.89,87.04,SE,Huế,Male
4282,20,29.3,93.8,91.3,4.0,8.0,3.5,60.6,85.7,3.39,84.64,73.12,IT,Hà Nội,Female
4283,26,33.5,85.3,70.4,8.4,7.1,4.1,51.9,92.7,3.49,87.19,72.33,DS,TP.HCM,Female
4284,28,22.4,86.7,89.2,5.3,6.7,5.8,60.8,87.9,3.42,85.39,74.37,SE,TP.HCM,Female
4285,19,25.1,81.1,67.4,6.4,10.0,2.6,51.6,100.0,3.87,96.7,75.81,AI,Hà Nội,Female
4286,29,32.3,80.7,82.1,6.2,7.6,0.0,63.4,100.0,3.71,92.67,81.69,IT,Hà Nội,Male
4287,21,37.9,84.1,100.0,7.4,7.3,0.0,71.2,100.0,4.0,100.0,85.61,CE,TP.HCM,Male
4288,21,30.8,85.4,62.1,7.3,6.8,1.2,54.9,95.3,3.93,98.29,75.1,SE,Cần Thơ,Female
4289,19,24.3,73.2,95.4,,5.9,4.4,70.3,91.1,3.56,89.11,80.72,IT,Cần Thơ,Female
4290,20,36.0,84.3,90.2,6.3,4.7,5.8,64.3,100.0,4.0,100.0,82.17,AI,Cần Thơ,Female
4291,30,7.5,100.0,57.7,0.2,8.8,1.9,40.6,56.0,2.16,53.96,48.3,DS,Cần Thơ,Female
4292,20,13.6,80.8,88.4,8.5,6.1,2.6,54.8,86.6,3.42,85.52,70.74,SE,TP.HCM,Male
4293,18,30.5,72.6,81.1,10.2,6.8,0.0,70.4,83.6,3.45,86.17,77.0,CE,Hà Nội,Female
4294,23,25.1,83.5,81.4,6.5,6.9,3.5,40.9,83.4,3.33,83.33,62.13,SE,Đà Nẵng,Female
4295,25,29.8,77.9,85.0,2.0,8.7,2.7,48.7,77.8,3.12,77.88,63.25,CS,Huế,Male
4296,29,25.5,71.6,74.7,7.9,6.1,2.1,49.1,81.7,2.88,72.11,65.36,AI,Hà Nội,Male
4297,20,29.6,86.4,81.1,4.1,7.3,1.1,76.0,97.0,4.0,100.0,86.47,CS,Hà Nội,Female
4298,22,18.5,77.9,83.6,6.5,7.6,2.0,47.0,61.5,2.72,67.99,54.21,DS,Cần Thơ,Male
4299,18,29.6,78.8,91.2,7.7,5.3,0.5,70.4,74.4,3.18,79.49,72.38,CE,TP.HCM,Female
4300,27,33.0,86.5,57.1,7.4,5.2,1.2,64.3,100.0,3.89,97.33,82.17,CE,Hà Nội,Male
4301,24,34.8,69.7,99.4,,6.1,0.6,50.6,84.7,3.59,89.63,67.7,CS,Huế,Male
4302,27,41.1,67.6,62.7,6.4,7.3,1.0,72.6,100.0,4.0,100.0,86.29,CS,Cần Thơ,Male
4303,30,27.0,91.7,91.4,6.4,7.1,0.8,61.3,100.0,3.83,95.67,80.67,SE,Huế,Male
4304,18,27.2,65.7,81.2,7.8,6.9,3.4,48.8,83.1,3.26,81.6,65.95,IT,Hà Nội,Male
4305,29,12.8,75.2,60.8,5.8,7.8,0.8,40.9,39.6,1.57,39.13,40.28,CS,Huế,Male
4306,28,20.7,67.0,87.9,4.3,6.0,2.4,42.7,59.5,1.91,47.84,51.12,SE,Hà Nội,Male
4307,26,23.5,80.1,65.8,7.1,6.8,0.9,49.9,64.8,2.63,65.8,57.38,IT,Đà Nẵng,Female
4308,25,33.4,89.3,96.0,3.2,6.9,0.9,68.4,93.9,3.53,88.32,81.16,CE,Huế,Male
4309,24,20.1,86.1,69.3,5.8,6.0,0.9,46.2,74.0,2.75,68.75,60.12,CS,Huế,Male
4310,27,31.4,100.0,57.6,2.6,9.8,4.0,64.2,100.0,4.0,100.0,82.08,CS,Cần Thơ,Female
4311,24,25.0,95.9,100.0,,4.4,2.2,60.5,97.8,3.84,96.1,79.15,CS,Đà Nẵng,Female
4312,22,23.6,75.7,82.7,4.7,8.5,1.4,53.6,82.5,3.1,77.54,68.08,CE,Hà Nội,Male
4313,22,27.0,73.0,93.0,3.5,8.0,1.0,44.1,82.5,3.33,83.24,63.28,AI,Huế,Female
4314,28,21.9,100.0,67.2,8.8,8.0,0.5,62.0,92.5,3.53,88.23,77.27,CS,Huế,Female
4315,30,,95.6,51.6,8.5,7.1,1.4,46.8,66.7,2.49,62.37,56.73,CS,Đà Nẵng,Female
4316,22,11.4,90.9,100.0,9.3,8.6,0.3,42.8,55.5,2.46,61.41,49.18,CE,Cần Thơ,Female
4317,18,23.0,85.7,79.9,5.5,6.5,1.8,51.7,84.8,3.42,85.6,68.24,AI,Hà Nội,Male
4318,25,21.2,87.7,87.4,4.9,7.5,1.4,53.8,80.7,3.29,82.37,67.26,AI,Đà Nẵng,Male
4319,29,20.9,70.2,89.8,8.0,7.1,1.3,51.9,76.8,3.39,84.63,64.35,DS,Đà Nẵng,Male
4320,28,28.3,86.6,75.0,6.3,6.7,4.4,64.4,100.0,3.95,98.84,82.19,SE,Hà Nội,Male
4321,18,30.3,85.7,83.4,6.3,7.1,2.1,58.2,86.1,3.32,82.95,72.17,IT,Hà Nội,Male
4322,21,26.9,76.0,100.0,0.0,5.9,2.2,47.4,77.7,2.98,74.58,62.54,IT,TP.HCM,Female
4323,26,33.0,,79.5,7.9,6.2,4.4,69.8,98.7,4.0,100.0,84.27,SE,Đà Nẵng,Female
4324,26,29.6,100.0,94.1,7.6,8.9,0.5,59.2,82.5,3.28,82.01,70.84,CS,Cần Thơ,Female
4325,22,22.6,83.7,50.1,6.0,10.0,1.8,53.2,69.0,2.57,64.32,61.06,IT,Hà Nội,Female
4326,21,21.3,100.0,96.9,8.0,7.6,0.2,48.5,93.7,3.77,94.33,71.07,CE,Cần Thơ,Male
4327,20,27.5,67.6,57.2,7.5,8.0,2.6,49.3,77.1,2.96,73.99,63.19,IT,TP.HCM,Female
4328,20,29.6,79.8,95.1,4.3,7.3,3.4,70.0,89.5,3.5,87.48,79.75,AI,Hà Nội,Male
4329,29,36.2,69.5,85.9,5.5,7.5,0.0,52.3,93.5,4.0,100.0,72.87,DS,TP.HCM,Male
4330,22,34.5,72.9,78.6,3.5,7.7,3.8,52.6,76.4,3.08,77.04,64.52,DS,Hà Nội,Male
4331,27,20.7,76.7,78.5,9.7,8.2,3.0,48.5,71.8,2.62,65.43,60.18,CE,Cần Thơ,Male
4332,18,24.2,88.2,76.2,8.4,8.8,2.6,58.7,81.2,3.16,78.98,69.97,DS,Đà Nẵng,Female
4333,22,30.4,87.7,67.7,4.0,5.9,0.6,53.7,93.9,3.39,84.66,73.8,AI,Cần Thơ,Female
4334,23,33.5,78.2,76.9,7.5,10.0,3.7,50.1,72.4,2.74,68.61,61.23,CS,Đà Nẵng,Male
4335,24,32.5,62.7,100.0,6.7,7.2,5.0,49.6,76.5,3.26,81.53,63.08,AI,TP.HCM,Male
4336,29,24.5,99.8,99.5,4.3,7.2,1.9,55.2,84.7,3.24,81.09,69.96,IT,Đà Nẵng,Male
4337,26,15.0,82.1,66.9,6.3,6.5,2.0,41.0,63.0,3.05,76.25,52.04,IT,Đà Nẵng,Female
4338,20,17.0,73.8,84.0,8.1,6.5,2.5,65.5,84.7,2.87,71.65,75.11,SE,Huế,Male
4339,19,27.2,87.7,81.4,8.3,7.7,1.9,73.4,88.7,3.46,86.5,81.07,CE,TP.HCM,Female
4340,20,27.7,87.0,77.9,11.8,7.8,2.2,67.6,100.0,4.0,100.0,83.8,DS,Đà Nẵng,Male
4341,29,16.2,81.8,65.0,6.2,7.7,4.0,52.2,78.0,3.13,78.33,65.14,IT,Đà Nẵng,Female
4342,26,25.4,86.5,86.7,,6.5,2.4,59.8,83.2,3.44,85.97,71.49,AI,TP.HCM,Female
4343,29,30.0,73.4,92.7,7.4,3.8,2.9,68.5,96.4,3.8,95.06,82.45,CE,Hà Nội,Female
4344,24,,92.6,67.5,5.5,4.8,5.5,51.7,80.0,3.45,86.25,65.85,CE,Đà Nẵng,Male
4345,26,33.8,75.0,100.0,4.5,7.0,4.7,55.5,88.0,3.28,81.88,71.74,AI,Cần Thơ,Male
4346,30,22.0,78.9,100.0,3.7,7.4,0.9,69.3,94.5,3.73,93.31,81.87,SE,Cần Thơ,Female
4347,19,35.1,91.5,88.2,0.0,6.5,5.1,69.3,94.4,3.55,88.83,81.87,SE,Huế,Female
4348,22,20.7,97.0,61.5,7.8,6.2,4.6,66.0,91.6,3.57,89.16,78.82,SE,Hà Nội,Male
4349,30,16.8,100.0,86.0,1.9,7.4,4.7,66.2,82.7,3.26,81.39,74.43,SE,TP.HCM,Female
4350,21,21.3,95.6,84.2,3.8,6.9,1.6,42.0,80.8,3.36,83.89,61.42,SE,TP.HCM,Female
4351,19,24.2,81.8,87.7,6.7,6.4,2.8,49.0,81.8,3.07,76.69,65.36,SE,Hà Nội,Female
4352,26,21.9,69.6,100.0,5.2,5.1,1.9,50.3,74.7,2.93,73.27,62.5,SE,Huế,Female
4353,26,23.3,99.1,77.4,11.4,6.0,2.7,61.1,100.0,4.0,100.0,80.53,SE,TP.HCM,Female
4354,23,27.7,98.7,100.0,2.2,8.1,5.1,67.4,90.8,3.66,91.53,79.12,SE,Hà Nội,Male
4355,28,23.6,78.3,86.1,11.6,5.8,2.7,54.0,73.9,2.74,68.39,63.97,SE,Đà Nẵng,Male
4356,23,24.5,,75.6,9.5,7.8,0.0,67.2,91.3,3.7,92.51,79.26,DS,Đà Nẵng,Female
4357,25,11.3,81.7,100.0,8.3,8.7,1.9,50.3,76.9,3.31,82.77,63.62,CE,Hà Nội,Male
4358,23,28.1,100.0,92.4,9.6,6.1,1.5,65.6,97.0,4.0,100.0,81.3,IT,Cần Thơ,Female
4359,18,24.3,79.9,73.2,7.0,6.5,5.2,53.1,79.8,3.14,78.4,66.45,SE,Cần Thơ,Male
4360,21,37.9,100.0,81.3,1.7,8.2,1.3,70.8,100.0,4.0,100.0,85.39,AI,TP.HCM,Male
4361,30,17.5,92.9,89.5,7.3,8.5,1.9,54.4,74.4,2.94,73.56,64.37,AI,Huế,Female
4362,24,10.5,100.0,77.7,,6.2,1.9,55.1,81.6,3.48,86.94,68.37,IT,TP.HCM,Male
4363,30,29.9,80.4,82.0,4.7,5.1,4.9,49.6,84.9,3.53,88.32,67.28,AI,Hà Nội,Male
4364,30,,89.1,67.7,,8.5,3.9,64.5,93.9,3.52,88.1,79.18,SE,Cần Thơ,Male
4365,19,16.9,75.3,54.7,3.7,7.7,3.4,36.6,59.3,2.34,58.52,47.97,SE,Huế,Male
4366,26,12.8,93.4,81.6,8.4,7.5,2.8,42.2,74.3,2.84,71.02,58.25,CE,Huế,Male
4367,25,37.3,94.0,82.1,5.5,8.1,2.8,71.6,100.0,3.98,99.52,85.82,SE,TP.HCM,Female
4368,25,36.3,100.0,87.9,7.0,5.6,2.6,60.9,96.1,3.61,90.36,78.53,IT,Huế,Male
4369,24,5.1,89.8,71.4,6.0,7.5,5.6,42.5,50.7,2.0,50.07,46.58,IT,Đà Nẵng,Male
4370,21,21.3,92.2,59.9,6.3,6.7,0.6,47.9,73.4,2.9,72.6,60.65,DS,Đà Nẵng,Female
4371,19,38.3,80.3,65.5,3.8,7.7,0.0,70.3,100.0,3.97,99.37,85.14,CE,Đà Nẵng,Female
4372,20,21.2,90.4,95.8,,8.0,3.2,54.8,73.7,3.0,74.99,64.27,SE,Hà Nội,Female
4373,29,21.1,81.2,70.0,5.6,8.2,4.6,52.8,74.5,2.67,66.82,63.67,CE,Hà Nội,Female
4374,23,,86.2,73.4,3.6,7.7,2.8,63.2,77.4,3.25,81.34,70.33,CS,Cần Thơ,Male
4375,29,16.0,86.7,75.3,9.5,7.3,0.0,53.2,88.5,3.71,92.66,70.81,AI,Đà Nẵng,Male
4376,29,11.4,81.5,70.7,2.6,7.3,3.6,49.4,61.4,2.74,68.41,55.41,DS,Huế,Male
4377,22,33.4,85.6,69.6,11.8,7.4,0.9,71.2,100.0,3.98,99.52,85.61,SE,Huế,Female
4378,29,10.3,81.2,66.9,6.8,6.3,0.6,54.0,66.9,2.73,68.16,60.41,AI,Đà Nẵng,Female
4379,25,27.0,,100.0,6.2,6.6,1.0,50.3,79.9,3.4,85.12,65.09,CS,TP.HCM,Male
4380,23,32.1,95.8,90.2,4.6,7.5,0.1,69.0,100.0,3.86,96.49,84.48,CS,Huế,Female
4381,23,13.4,86.8,98.7,7.6,7.8,2.8,51.3,70.1,2.9,72.58,60.71,SE,Đà Nẵng,Male
4382,18,,88.5,100.0,5.5,6.2,1.5,61.3,91.3,3.5,87.57,76.29,SE,TP.HCM,Female
4383,21,34.7,70.4,44.8,6.8,5.7,0.5,51.9,88.2,3.63,90.78,70.07,CE,Hà Nội,Female
4384,22,29.3,89.2,85.2,8.1,5.0,6.1,55.2,85.6,3.5,87.55,70.37,CE,Huế,Male
4385,29,20.1,90.3,71.2,7.7,5.5,1.7,52.1,75.8,2.85,71.37,63.98,SE,Hà Nội,Female
4386,28,34.6,81.0,96.8,9.1,6.4,2.6,73.6,100.0,4.0,100.0,86.82,AI,TP.HCM,Female
4387,20,34.7,100.0,68.9,7.3,6.5,4.8,63.8,100.0,3.91,97.81,81.92,CE,Cần Thơ,Female
4388,30,27.2,62.1,64.2,3.6,6.7,3.5,54.4,73.3,2.9,72.48,63.83,AI,Cần Thơ,Female
4389,26,17.8,92.8,58.5,0.8,5.6,5.4,47.1,63.2,2.69,67.27,55.17,DS,Đà Nẵng,Female
4390,18,21.7,92.1,75.5,6.5,4.8,1.5,61.0,87.1,3.7,92.53,74.06,CE,TP.HCM,Male
4391,23,27.3,90.4,93.7,6.6,7.2,4.1,64.1,84.1,3.45,86.13,74.08,IT,Đà Nẵng,Female
4392,23,23.5,86.8,83.8,10.8,7.2,3.2,51.6,67.4,2.7,67.44,59.47,CE,TP.HCM,Female
4393,27,32.5,90.5,62.0,5.7,7.7,4.0,55.1,100.0,4.0,100.0,77.56,CE,Cần Thơ,Female
4394,22,12.8,93.7,100.0,6.9,8.0,3.8,54.4,62.9,2.45,61.29,58.67,CS,TP.HCM,Female
4395,29,13.0,77.7,89.7,7.9,7.5,1.3,50.3,53.1,2.3,57.56,51.67,SE,Huế,Male
4396,22,26.4,88.0,91.7,7.3,7.1,6.7,53.1,83.6,3.22,80.5,68.32,IT,Cần Thơ,Female
4397,27,21.1,83.2,99.3,8.1,8.1,0.0,58.5,79.1,3.12,78.03,68.8,CS,TP.HCM,Male
4398,30,20.0,74.1,55.4,4.0,8.7,1.2,55.9,69.2,2.58,64.56,62.55,CE,TP.HCM,Female
4399,22,10.9,92.2,66.3,3.6,6.2,3.5,56.2,72.8,2.89,72.34,64.48,IT,Cần Thơ,Female
4400,23,25.2,79.4,92.3,5.3,7.9,2.9,62.1,83.1,3.63,90.65,72.6,IT,Hà Nội,Male
4401,25,24.6,70.0,67.8,0.6,6.3,2.7,51.4,95.4,4.0,100.0,73.39,CE,Hà Nội,Male
4402,19,30.2,79.6,75.9,5.9,7.3,3.6,53.9,86.1,3.77,94.22,69.99,IT,Đà Nẵng,Female
4403,23,,77.0,78.8,4.4,8.3,1.2,70.8,79.0,3.03,75.79,74.91,CE,Đà Nẵng,Male
4404,18,23.9,95.3,60.8,6.8,6.7,3.8,53.4,87.5,4.0,100.0,70.47,AI,Huế,Female
4405,21,34.4,86.5,74.6,5.3,5.9,2.3,50.0,96.2,4.0,100.0,73.12,DS,Cần Thơ,Female
4406,27,14.5,98.8,93.7,3.5,6.4,4.6,41.6,68.2,2.93,73.29,54.92,AI,TP.HCM,Female
4407,20,29.3,78.3,90.9,9.3,5.9,2.0,43.5,69.2,2.82,70.45,56.36,IT,Hà Nội,Female
4408,26,11.6,93.7,96.7,6.2,5.7,3.2,56.9,85.1,3.09,77.3,71.03,AI,Hà Nội,Male
4409,20,18.3,,95.1,8.2,8.4,3.5,67.4,75.9,2.91,72.81,71.66,SE,Đà Nẵng,Female
4410,23,15.3,88.6,86.1,6.5,7.6,3.9,51.6,80.0,3.11,77.87,65.8,SE,Đà Nẵng,Female
4411,18,31.3,93.6,84.9,7.2,6.1,2.6,50.5,100.0,3.97,99.26,75.23,SE,TP.HCM,Male
4412,29,24.5,91.9,83.8,2.6,5.8,2.1,66.2,87.9,3.43,85.73,77.01,SE,Đà Nẵng,Female
4413,23,24.9,70.8,70.6,9.2,5.9,1.3,57.8,88.4,3.53,88.22,73.07,IT,Huế,Female
4414,21,16.1,90.9,64.6,8.2,6.1,3.2,60.0,85.8,3.53,88.17,72.87,CS,Cần Thơ,Male
4415,25,22.6,88.1,69.7,6.0,8.4,0.0,59.6,76.5,3.08,76.92,68.06,DS,TP.HCM,Female
4416,30,18.9,82.4,75.1,6.7,6.9,3.0,41.1,82.8,3.27,81.84,61.99,CS,Huế,Female
4417,28,28.1,76.2,70.2,8.5,9.6,3.1,62.4,90.4,3.56,89.11,76.42,DS,Đà Nẵng,Female
4418,26,17.1,91.9,86.2,5.1,7.0,5.3,39.9,53.4,2.42,60.51,46.68,CS,Cần Thơ,Female
4419,21,35.6,75.3,83.0,2.0,6.3,1.5,57.2,95.8,3.76,93.88,76.52,CE,Hà Nội,Male
4420,27,11.6,100.0,84.6,5.1,8.1,2.8,56.4,70.0,2.96,73.92,63.24,SE,Hà Nội,Male
4421,29,18.5,,85.3,6.4,5.0,2.7,59.2,82.7,3.31,82.78,70.94,CE,Hà Nội,Male
4422,27,38.4,72.8,97.9,5.9,7.2,0.8,57.6,91.8,3.3,82.45,74.71,SE,Đà Nẵng,Female
4423,23,21.5,79.9,79.9,9.3,5.5,2.5,44.6,69.6,3.25,81.24,57.1,AI,Đà Nẵng,Female
4424,18,14.5,82.2,95.1,3.6,4.4,0.5,48.4,61.5,2.71,67.68,54.96,AI,Huế,Male
4425,21,26.8,100.0,87.7,3.9,6.9,3.9,75.1,100.0,4.0,100.0,87.54,IT,Huế,Male
4426,24,21.2,76.2,96.9,3.4,8.0,3.4,56.5,81.9,3.45,86.34,69.22,DS,TP.HCM,Male
4427,29,18.3,83.8,100.0,7.1,7.3,3.1,69.0,81.9,3.29,82.19,75.43,DS,Đà Nẵng,Female
4428,18,16.2,79.6,88.6,2.2,7.1,1.5,47.9,68.1,2.84,70.95,57.98,IT,Hà Nội,Female
4429,25,47.1,90.0,81.6,7.9,3.9,4.6,80.5,100.0,3.9,97.61,90.24,SE,Hà Nội,Male
4430,29,23.0,79.8,81.5,,6.8,0.9,51.8,88.1,3.36,83.89,69.99,AI,Cần Thơ,Male
4431,27,9.6,73.6,72.9,4.1,6.8,2.6,37.2,48.4,2.36,58.92,42.84,IT,Huế,Female
4432,29,36.9,83.0,72.4,10.4,7.7,0.7,58.0,87.9,3.46,86.43,72.94,SE,Đà Nẵng,Male
4433,28,29.9,82.0,93.5,9.1,5.7,2.2,62.4,82.2,3.31,82.85,72.26,CS,TP.HCM,Female
4434,23,18.9,79.1,65.5,6.3,8.0,4.4,60.7,64.3,2.67,66.69,62.53,IT,TP.HCM,Female
4435,22,17.5,79.6,100.0,2.7,6.4,3.2,47.6,63.2,2.48,61.98,55.4,IT,Hà Nội,Male
4436,27,30.4,96.8,77.7,11.0,6.6,1.1,73.0,100.0,4.0,100.0,86.49,SE,Huế,Female
4437,28,23.0,81.8,100.0,5.5,7.6,1.7,68.3,73.1,2.9,72.57,70.67,CE,Cần Thơ,Female
4438,26,,73.7,69.6,,5.6,1.9,49.8,60.0,3.1,77.56,54.86,CS,Hà Nội,Male
4439,19,39.3,80.4,83.8,8.3,8.0,1.2,69.0,100.0,3.62,90.47,84.49,AI,Huế,Female
4440,22,21.5,85.5,74.7,1.1,5.4,2.9,48.9,78.1,2.99,74.81,63.55,IT,TP.HCM,Female
4441,23,37.0,71.6,68.1,4.4,7.8,5.8,73.2,100.0,4.0,100.0,86.62,IT,Hà Nội,Female
4442,24,35.2,100.0,96.0,5.8,6.7,1.7,57.9,96.8,3.56,88.9,77.31,CE,Đà Nẵng,Male
4443,22,17.0,93.7,63.4,6.3,6.8,5.4,56.3,73.8,2.99,74.76,65.06,IT,Cần Thơ,Male
4444,26,33.3,99.3,69.9,2.7,3.3,2.5,55.2,94.6,3.72,92.93,74.88,AI,Đà Nẵng,Male
4445,18,19.8,88.9,88.8,6.8,6.3,3.0,45.2,80.1,3.18,79.49,62.66,AI,Huế,Female
4446,24,,64.1,91.2,6.1,6.7,2.9,41.7,77.9,3.36,84.0,59.82,CS,Huế,Male
4447,27,21.6,100.0,59.1,10.2,8.9,0.0,61.5,88.3,3.56,89.03,74.89,CS,TP.HCM,Female
4448,24,28.2,76.4,88.7,8.5,7.0,3.2,65.1,87.1,3.33,83.36,76.12,DS,Huế,Male
4449,21,21.3,77.2,81.9,5.3,6.2,0.0,52.6,69.9,3.0,75.0,61.24,DS,Huế,Female
4450,26,22.5,86.6,66.2,5.5,8.0,2.8,51.8,94.5,3.83,95.72,73.15,AI,Huế,Male
4451,29,34.1,98.8,68.2,8.5,6.4,2.7,59.5,97.1,3.61,90.18,78.29,CE,TP.HCM,Male
4452,28,25.9,95.5,49.5,6.7,8.2,0.2,64.0,87.7,3.37,84.34,75.83,IT,Huế,Female
4453,22,18.3,94.1,100.0,2.6,7.3,2.6,57.8,78.9,3.14,78.52,68.35,AI,Cần Thơ,Female
4454,21,30.6,81.9,95.2,11.2,5.9,2.1,61.6,100.0,4.0,100.0,80.79,DS,Huế,Male
4455,30,26.6,81.7,60.7,3.5,8.1,2.3,59.5,82.4,3.27,81.73,70.91,CE,Huế,Female
4456,24,4.8,88.5,92.0,12.2,7.7,2.3,53.9,62.5,2.69,67.3,58.21,DS,Huế,Female
4457,21,28.4,,71.4,7.1,8.1,1.6,66.5,72.4,2.91,72.72,69.43,SE,TP.HCM,Female
4458,20,28.1,93.9,93.7,,6.8,2.6,49.6,96.0,3.7,92.61,72.79,DS,Hà Nội,Male
4459,26,25.2,93.3,72.6,,7.7,3.8,64.5,88.0,3.53,88.33,76.28,CS,TP.HCM,Male
4460,28,32.1,90.9,74.5,7.9,9.3,2.1,73.1,100.0,4.0,100.0,86.55,SE,Huế,Female
4461,25,19.6,59.7,75.7,2.1,7.2,2.4,42.5,70.9,2.8,69.94,56.7,CE,Cần Thơ,Female
4462,18,27.7,86.3,70.1,6.9,6.5,3.5,65.8,92.9,3.5,87.39,79.36,SE,Cần Thơ,Male
4463,24,12.5,83.9,100.0,10.8,8.9,5.9,69.5,71.3,2.89,72.29,70.39,IT,Cần Thơ,Female
4464,26,28.3,86.7,93.5,3.2,7.8,2.2,62.8,92.1,3.5,87.51,77.43,DS,TP.HCM,Male
4465,25,40.6,77.5,81.6,7.8,6.5,0.0,65.3,93.3,4.0,100.0,79.32,DS,Huế,Male
4466,25,17.0,71.8,95.4,4.0,9.1,1.2,47.8,70.8,3.06,76.53,59.31,SE,Cần Thơ,Female
4467,30,18.9,89.6,55.6,8.8,5.6,3.4,53.6,82.6,3.26,81.39,68.09,AI,Huế,Female
4468,23,19.3,81.4,61.6,6.2,7.6,4.8,39.9,70.9,2.93,73.14,55.37,CS,Cần Thơ,Female
4469,28,26.0,90.7,87.1,6.0,8.4,1.1,46.0,84.2,3.35,83.78,65.09,DS,Huế,Female
4470,21,16.5,78.3,91.0,9.0,8.3,2.4,51.1,66.5,2.96,74.03,58.83,AI,Huế,Male
4471,25,28.4,99.2,84.2,7.6,5.9,2.5,60.8,93.2,3.41,85.18,77.01,DS,Hà Nội,Female
4472,20,31.8,95.0,51.8,4.0,5.5,1.3,68.1,91.5,3.7,92.47,79.78,AI,Hà Nội,Male
4473,30,29.3,88.0,64.1,10.5,7.3,4.8,58.0,86.0,3.25,81.24,72.02,CS,Đà Nẵng,Female
4474,26,10.9,82.9,86.2,2.2,7.8,4.2,46.2,80.5,3.31,82.63,63.35,CS,TP.HCM,Female
4475,30,33.0,93.5,100.0,6.7,5.7,3.0,70.9,100.0,3.62,90.58,85.44,CS,Hà Nội,Male
4476,19,32.5,88.9,98.3,3.9,7.4,1.9,45.6,94.0,3.83,95.65,69.82,CS,Đà Nẵng,Female
4477,19,31.6,87.4,100.0,2.3,5.3,3.9,55.0,91.6,4.0,100.0,73.29,IT,TP.HCM,Male
4478,29,28.0,95.4,85.1,3.2,8.3,3.3,56.4,91.5,3.55,88.77,73.94,SE,Đà Nẵng,Female
4479,30,26.8,99.3,85.0,5.9,6.3,1.8,58.8,93.2,3.43,85.71,76.01,DS,Đà Nẵng,Female
4480,29,33.3,72.5,64.5,6.9,6.8,4.0,50.2,85.3,3.54,88.59,67.74,DS,TP.HCM,Female
4481,24,40.4,74.5,94.3,8.6,8.0,3.1,59.7,100.0,3.94,98.42,79.83,CE,Cần Thơ,Female
4482,29,17.4,77.2,78.9,9.7,7.9,0.0,54.9,68.5,2.93,73.2,61.67,CE,Cần Thơ,Male
4483,27,33.6,70.0,90.4,,7.6,1.0,64.2,81.5,3.48,86.99,72.85,AI,Đà Nẵng,Female
4484,21,,84.4,80.5,4.9,8.2,0.5,34.9,77.5,3.3,82.61,56.2,CE,Huế,Female
4485,27,,91.0,84.2,,7.5,4.0,54.9,93.4,3.73,93.24,74.15,IT,Huế,Male
4486,25,12.7,84.8,78.7,4.5,8.7,1.4,46.2,62.3,2.86,71.38,54.22,CE,Đà Nẵng,Female
4487,26,22.7,79.7,83.4,2.0,4.9,3.4,47.1,83.0,3.48,86.96,65.07,DS,Hà Nội,Female
4488,24,17.0,96.3,95.0,8.3,6.9,5.8,51.1,81.7,3.12,78.09,66.43,CE,Hà Nội,Female
4489,22,21.3,86.4,61.0,9.3,6.9,3.7,56.9,93.5,3.61,90.21,75.17,CS,Huế,Female
4490,25,16.2,88.4,57.6,3.9,6.7,1.9,55.8,91.0,3.9,97.55,73.41,DS,Hà Nội,Female
4491,21,21.4,96.5,86.4,10.9,7.6,1.4,56.3,89.3,3.7,92.6,72.78,AI,Đà Nẵng,Male
4492,19,21.8,83.8,100.0,7.5,7.3,2.0,58.7,81.0,3.09,77.37,69.85,DS,Hà Nội,Female
4493,28,25.8,100.0,100.0,7.1,8.0,1.0,59.4,78.9,3.08,77.11,69.16,AI,Huế,Female
4494,29,12.1,80.5,61.6,4.7,5.6,0.8,29.0,66.6,2.65,66.31,47.81,CS,Cần Thơ,Female
4495,23,13.4,100.0,74.0,8.5,9.8,1.3,49.1,83.1,3.49,87.17,66.07,AI,Huế,Female
4496,26,27.9,75.3,57.8,2.2,6.5,3.3,48.0,79.4,3.13,78.29,63.7,DS,Cần Thơ,Male
4497,18,18.6,90.2,71.7,5.2,7.3,1.7,53.3,81.2,3.51,87.75,67.26,DS,Huế,Male
4498,28,,78.6,96.8,4.2,6.8,2.2,60.3,85.8,3.5,87.61,73.07,AI,Hà Nội,Male
4499,27,26.8,96.2,79.8,2.7,7.1,3.2,57.8,85.7,3.7,92.53,71.76,IT,Hà Nội,Female
4500,29,29.9,80.2,74.4,8.2,6.4,3.6,53.1,76.5,2.83,70.78,64.82,AI,Huế,Female
4501,24,36.3,87.9,88.2,6.9,7.2,0.0,62.4,100.0,4.0,100.0,81.2,DS,Cần Thơ,Female
4502,27,22.5,78.5,68.1,8.0,7.7,0.0,56.0,77.5,3.33,83.36,66.74,CS,Đà Nẵng,Male
4503,26,20.4,94.4,100.0,5.3,4.1,1.9,47.6,89.2,3.58,89.6,68.41,AI,Hà Nội,Female
4504,27,32.0,78.4,80.1,8.5,6.6,0.8,56.1,92.8,3.61,90.14,74.43,CS,Huế,Male
4505,26,29.1,100.0,74.0,6.2,6.6,3.8,48.7,93.1,3.99,99.65,70.9,DS,Đà Nẵng,Female
4506,27,23.5,75.0,88.8,4.8,9.8,1.8,56.0,80.3,3.12,78.01,68.14,DS,Huế,Female
4507,28,,71.5,94.1,4.4,8.0,5.2,53.3,100.0,4.0,99.97,76.63,SE,Hà Nội,Male
4508,30,23.3,94.5,100.0,1.0,8.8,1.8,56.9,97.8,4.0,100.0,77.34,DS,TP.HCM,Female
4509,20,25.3,79.1,76.9,,7.7,3.0,61.1,83.7,3.12,78.02,72.4,AI,Cần Thơ,Male
4510,28,25.2,84.9,96.3,8.6,7.1,1.5,66.2,91.6,3.63,90.65,78.86,AI,Cần Thơ,Male
4511,30,17.5,81.8,81.5,,7.4,3.2,48.0,83.4,3.15,78.75,65.68,SE,Hà Nội,Male
4512,22,25.6,71.9,70.8,5.2,8.3,3.3,59.7,73.2,2.62,65.45,66.46,AI,Cần Thơ,Female
4513,25,36.2,,68.3,4.3,9.1,3.8,64.7,100.0,4.0,100.0,82.35,IT,Huế,Male
4514,25,28.6,97.6,63.5,1.7,7.4,2.3,47.0,86.0,3.31,82.75,66.53,CE,Đà Nẵng,Male
4515,21,25.2,95.0,68.9,8.4,6.3,4.4,47.0,95.6,3.95,98.68,71.3,DS,Đà Nẵng,Female
4516,29,23.7,87.3,96.7,7.8,8.1,2.9,62.2,90.5,4.0,100.0,76.38,DS,Đà Nẵng,Female
4517,28,27.6,96.1,90.6,9.9,6.0,1.5,68.8,82.4,3.17,79.25,75.63,SE,Huế,Female
4518,28,31.0,74.4,61.4,3.7,7.5,1.5,43.5,80.0,2.95,73.74,61.78,DS,Huế,Female
4519,18,29.9,81.7,53.8,7.8,7.8,3.6,62.2,100.0,4.0,100.0,81.09,IT,TP.HCM,Male
4520,18,22.3,89.0,63.3,4.7,6.9,4.4,57.1,89.9,3.41,85.27,73.53,DS,Cần Thơ,Male
4521,21,27.6,83.7,68.3,9.4,5.9,0.8,52.2,77.8,3.03,75.72,65.0,AI,Đà Nẵng,Male
4522,23,,82.5,75.5,7.3,6.5,3.6,53.1,78.8,3.04,75.94,65.93,CE,Hà Nội,Male
4523,25,16.9,73.0,97.6,2.1,6.6,0.3,40.7,67.4,2.73,68.15,54.05,DS,Huế,Male
4524,23,26.3,64.2,71.8,5.7,5.7,1.6,40.0,73.3,2.57,64.22,56.65,IT,Hà Nội,Male
4525,29,7.7,93.2,100.0,1.1,6.5,3.2,36.9,58.2,2.45,61.26,47.5,CE,Huế,Male
4526,26,28.9,87.4,54.8,3.1,5.3,1.2,65.0,90.4,3.71,92.7,77.68,AI,Hà Nội,Female
4527,26,30.3,94.0,74.8,3.2,7.7,4.7,59.2,89.1,3.74,93.41,74.13,AI,Cần Thơ,Male
4528,19,31.0,80.6,91.8,4.4,7.4,3.4,65.8,100.0,4.0,100.0,82.92,CE,Đà Nẵng,Female
4529,27,21.8,77.9,92.7,5.3,7.3,0.7,38.1,69.5,2.87,71.73,53.76,IT,Cần Thơ,Male
4530,18,27.5,85.1,75.0,6.4,6.5,3.5,61.7,84.1,3.3,82.56,72.87,SE,Hà Nội,Female
4531,19,36.4,93.5,95.0,6.3,6.7,0.5,72.2,100.0,4.0,100.0,86.08,SE,Huế,Male
4532,22,36.3,82.7,92.2,5.9,6.0,2.5,45.0,91.2,3.52,87.94,68.12,DS,Huế,Male
4533,21,24.8,93.0,69.8,6.8,7.6,3.8,53.6,78.1,3.16,79.03,65.82,CS,Hà Nội,Female
4534,21,26.1,74.9,84.7,2.9,5.4,3.6,58.4,81.5,3.1,77.55,69.95,AI,Huế,Female
4535,26,33.9,83.4,90.6,6.2,7.1,2.4,72.7,100.0,4.0,100.0,86.35,IT,Huế,Female
4536,28,13.0,84.3,70.8,9.6,6.2,2.0,37.0,67.2,2.6,65.05,52.15,IT,Đà Nẵng,Male
4537,25,22.4,97.3,100.0,5.6,9.1,0.8,66.8,92.8,3.55,88.75,79.82,AI,Đà Nẵng,Female
4538,23,35.7,87.1,67.5,7.2,7.6,2.8,68.1,93.7,3.96,98.92,80.89,IT,Cần Thơ,Female
4539,18,32.8,100.0,82.2,7.0,7.0,3.7,57.1,100.0,4.0,100.0,78.54,SE,TP.HCM,Female
4540,19,28.0,71.5,61.3,8.2,5.7,5.6,64.1,93.3,3.74,93.6,78.73,SE,Huế,Male
4541,23,13.0,86.3,81.6,6.7,5.4,1.8,64.9,67.0,2.33,58.24,65.94,CE,TP.HCM,Female
4542,28,24.6,86.8,64.0,8.1,7.6,3.8,54.0,77.3,2.92,72.94,65.64,AI,Huế,Female
4543,19,20.3,91.2,75.6,7.3,9.2,3.6,50.8,77.5,3.08,77.09,64.11,SE,TP.HCM,Male
4544,30,27.6,76.9,56.2,7.6,7.5,1.8,50.1,84.7,3.48,87.11,67.44,AI,Đà Nẵng,Female
4545,27,18.5,100.0,92.0,7.1,7.2,3.6,67.7,88.4,3.64,90.88,78.06,CE,Hà Nội,Male
4546,22,16.8,85.1,85.3,3.5,7.2,1.3,44.9,71.2,2.9,72.4,58.07,DS,Cần Thơ,Female
4547,22,8.5,74.1,96.3,3.1,7.1,2.9,35.2,43.3,1.74,43.49,39.27,CS,Cần Thơ,Female
4548,23,34.8,84.8,74.8,5.1,7.2,2.2,59.1,100.0,3.96,98.92,79.56,IT,Đà Nẵng,Female
4549,23,21.8,81.9,97.0,9.9,6.2,3.2,49.0,69.3,2.65,66.13,59.16,IT,Cần Thơ,Male
4550,23,26.3,100.0,80.6,5.6,5.8,3.3,55.4,100.0,4.0,100.0,77.68,CE,Đà Nẵng,Male
4551,19,25.0,95.5,81.7,6.8,7.1,1.7,52.1,95.8,4.0,100.0,73.98,IT,Hà Nội,Female
4552,27,16.5,85.5,100.0,1.1,8.8,2.5,44.8,62.0,2.6,64.94,53.41,CE,Cần Thơ,Female
4553,30,14.9,83.9,72.7,6.5,7.9,2.3,49.9,73.7,2.72,67.98,61.75,IT,Huế,Female
4554,20,17.0,94.5,98.4,6.2,5.5,0.9,62.0,92.4,3.46,86.53,77.23,CS,Cần Thơ,Female
4555,23,19.2,95.0,87.2,0.0,6.7,1.9,46.2,82.2,3.28,82.09,64.23,IT,TP.HCM,Female
4556,30,27.9,55.9,71.4,6.7,7.9,1.6,44.6,61.2,2.35,58.68,52.9,AI,Cần Thơ,Female
4557,25,18.6,91.4,60.3,1.9,8.8,0.8,55.1,79.4,2.95,73.74,67.29,IT,TP.HCM,Female
4558,29,39.0,85.3,64.5,4.2,9.1,1.3,71.0,100.0,4.0,100.0,85.51,CS,Huế,Female
4559,30,33.2,71.9,97.0,8.5,6.7,2.1,72.3,100.0,3.62,90.58,86.13,CS,TP.HCM,Female
4560,28,31.5,93.8,100.0,6.4,8.0,2.6,73.2,100.0,3.98,99.54,86.62,SE,Huế,Female
4561,29,24.0,100.0,81.4,4.9,7.3,0.6,46.1,71.4,2.96,73.93,58.76,IT,Hà Nội,Female
4562,18,37.1,90.6,82.2,4.7,6.9,4.3,51.4,100.0,4.0,100.0,75.72,AI,Cần Thơ,Female
4563,18,23.3,96.0,91.6,5.0,7.1,3.4,61.1,86.8,3.11,77.78,73.95,SE,TP.HCM,Female
4564,28,24.7,100.0,81.1,6.4,7.1,2.4,62.6,100.0,3.63,90.74,81.3,CS,Hà Nội,Female
4565,30,26.4,76.7,96.5,3.0,8.4,0.7,67.4,86.7,3.43,85.63,77.04,DS,Hà Nội,Female
4566,19,30.6,66.4,84.4,8.8,5.3,2.2,60.9,91.7,3.54,88.54,76.28,DS,TP.HCM,Female
4567,28,30.1,91.6,82.0,3.1,7.6,2.1,57.1,87.3,3.25,81.21,72.19,CS,Cần Thơ,Male
4568,29,21.2,82.5,69.5,1.7,8.8,0.9,61.1,76.9,2.65,66.15,68.99,CS,Đà Nẵng,Female
4569,29,20.7,71.3,65.8,8.5,8.7,0.8,43.4,85.8,3.26,81.39,64.6,IT,Hà Nội,Female
4570,23,30.1,84.2,32.6,4.9,7.7,3.6,75.3,100.0,3.98,99.49,87.64,IT,Hà Nội,Male
4571,26,30.7,92.3,98.5,6.2,6.1,2.0,63.9,96.2,3.8,95.04,80.07,IT,TP.HCM,Male
4572,21,21.9,83.5,77.8,7.6,7.9,3.8,48.4,84.8,3.15,78.76,66.58,CS,Huế,Male
4573,20,12.3,77.1,74.0,4.2,8.6,2.5,39.1,56.2,2.05,51.15,47.66,AI,Huế,Male
4574,29,23.3,82.8,50.7,6.3,6.4,3.6,56.4,82.0,3.21,80.28,69.18,CS,Đà Nẵng,Female
4575,25,30.0,84.8,70.4,7.6,7.4,3.6,59.6,92.0,3.51,87.87,75.82,IT,Đà Nẵng,Male
4576,28,39.4,,68.4,10.1,6.8,3.2,63.4,91.4,3.72,93.05,77.42,CS,Cần Thơ,Female
4577,27,15.4,83.6,68.1,4.7,6.3,4.3,39.3,59.3,2.49,62.14,49.31,AI,Đà Nẵng,Male
4578,26,21.6,71.6,85.0,4.8,6.6,2.7,50.7,59.6,2.47,61.86,55.15,CE,Huế,Female
4579,29,21.9,91.6,81.8,7.4,7.2,0.3,61.4,78.3,2.91,72.8,69.81,CE,Huế,Female
4580,28,35.8,69.4,59.6,6.5,5.9,0.5,56.6,100.0,4.0,100.0,78.32,CS,Cần Thơ,Female
4581,22,24.7,95.1,60.5,5.7,5.7,1.5,59.7,75.0,3.07,76.75,67.34,IT,TP.HCM,Male
4582,26,17.7,80.9,60.5,10.0,5.9,3.6,58.8,76.0,3.34,83.39,67.4,CE,Hà Nội,Female
4583,19,,79.6,100.0,1.8,7.4,1.9,63.8,92.4,4.0,100.0,78.1,CS,TP.HCM,Male
4584,20,21.8,87.9,100.0,2.4,5.2,2.8,45.4,75.7,3.27,81.86,60.55,AI,Cần Thơ,Female
4585,24,15.2,76.3,67.2,1.8,4.3,3.3,50.3,75.7,2.94,73.45,63.0,DS,TP.HCM,Female
4586,24,17.9,87.8,50.4,9.0,8.6,2.7,62.5,78.0,2.96,74.12,70.26,CE,Huế,Female
4587,23,38.9,77.7,81.9,7.3,5.8,0.0,69.5,100.0,3.96,99.0,84.77,AI,Cần Thơ,Male
4588,23,28.1,79.4,80.7,2.6,6.8,0.7,66.8,95.6,3.71,92.76,81.22,DS,Cần Thơ,Male
4589,19,25.9,89.1,84.8,5.7,8.1,5.1,65.1,78.8,3.57,89.31,71.97,SE,Đà Nẵng,Male
4590,27,23.0,73.6,91.1,5.9,5.3,3.0,44.8,83.7,3.54,88.46,64.22,AI,TP.HCM,Female
4591,23,27.3,72.4,86.8,0.5,5.3,0.0,69.7,87.2,3.61,90.27,78.43,AI,Huế,Male
4592,21,27.2,87.5,63.3,6.5,6.2,2.6,68.0,78.3,3.29,82.3,73.12,CS,Hà Nội,Male
4593,29,27.3,84.7,84.4,3.1,8.2,5.2,56.1,90.1,3.88,96.99,73.11,CE,Huế,Male
4594,20,25.9,86.7,92.8,7.8,7.0,2.9,67.2,88.2,3.65,91.3,77.69,CS,Hà Nội,Female
4595,30,32.0,88.3,69.1,3.1,7.0,2.6,61.2,100.0,3.96,99.04,80.62,IT,Đà Nẵng,Female
4596,28,25.2,85.6,84.5,6.5,6.6,0.0,56.1,94.6,3.93,98.27,75.31,CS,TP.HCM,Male
4597,30,17.2,91.1,71.7,9.2,7.7,2.1,44.8,66.3,2.8,69.98,55.57,AI,Huế,Female
4598,19,20.1,86.0,100.0,8.4,8.7,0.0,45.2,83.6,3.12,77.98,64.39,CE,Hà Nội,Male
4599,18,9.2,64.9,60.1,7.3,10.0,0.7,42.7,50.9,2.52,62.89,46.81,CS,Đà Nẵng,Male
4600,28,41.2,67.5,97.3,5.8,6.8,0.3,64.1,87.9,3.39,84.83,76.02,SE,Huế,Male
4601,28,31.9,100.0,54.9,2.2,8.8,5.1,52.8,89.8,3.9,97.46,71.26,CS,Hà Nội,Female
4602,22,18.4,85.0,100.0,4.9,8.2,3.6,54.1,65.6,2.59,64.84,59.89,DS,TP.HCM,Female
4603,19,22.7,,62.9,5.4,7.3,4.6,60.1,85.9,3.67,91.7,72.98,CS,Hà Nội,Male
4604,19,19.9,81.5,82.8,5.3,4.3,0.5,54.4,93.4,3.75,93.68,73.91,CE,Huế,Male
4605,24,37.3,84.4,55.6,2.2,6.5,2.8,67.8,100.0,3.71,92.78,83.92,CE,Huế,Female
4606,25,13.6,80.5,59.8,7.1,6.6,1.0,50.4,72.7,3.12,78.03,61.52,AI,Cần Thơ,Male
4607,30,25.9,100.0,93.5,3.0,7.4,1.1,60.7,84.4,3.67,91.78,72.55,CE,Hà Nội,Male
4608,27,24.1,87.5,95.4,9.9,6.8,3.2,58.8,81.1,3.24,81.02,69.95,SE,Huế,Male
4609,25,31.6,79.7,83.6,6.4,6.3,2.8,64.5,98.0,4.0,100.0,81.22,CS,Huế,Female
4610,21,24.2,68.5,91.1,8.4,9.4,2.9,49.0,75.3,2.87,71.84,62.16,CE,Đà Nẵng,Male
4611,18,10.9,100.0,95.7,8.4,8.6,0.6,38.7,61.6,2.47,61.87,50.13,SE,TP.HCM,Female
4612,28,23.0,83.4,69.7,11.2,4.6,2.7,57.1,90.4,3.84,95.92,73.76,DS,Huế,Male
4613,24,17.2,92.4,59.0,6.5,6.7,3.0,52.9,78.1,3.2,79.97,65.49,AI,Huế,Male
4614,18,25.6,93.6,79.8,5.0,7.8,1.5,61.7,100.0,4.0,100.0,80.83,SE,Hà Nội,Female
4615,28,36.5,80.4,71.3,5.1,8.6,2.1,72.9,100.0,4.0,100.0,86.47,CE,Hà Nội,Male
4616,21,11.1,91.7,85.8,9.7,6.5,0.0,46.8,59.3,2.71,67.78,53.08,CE,Huế,Female
4617,25,18.6,79.0,88.2,2.7,6.7,0.0,49.8,75.0,3.23,80.65,62.39,SE,Cần Thơ,Male
4618,19,20.6,75.1,69.8,3.8,7.1,5.5,55.2,66.0,2.7,67.62,60.59,CS,TP.HCM,Male
4619,23,21.9,,90.6,6.6,7.8,2.8,48.3,97.7,3.9,97.58,72.98,CE,Hà Nội,Female
4620,30,30.9,83.4,89.8,5.6,5.2,2.0,61.0,84.9,3.44,85.91,72.98,SE,Huế,Female
4621,23,23.6,90.2,90.8,8.4,4.6,3.7,55.5,93.0,3.46,86.6,74.24,DS,Huế,Male
4622,29,28.3,89.1,73.9,2.7,8.5,1.2,66.2,100.0,4.0,100.0,83.09,AI,Đà Nẵng,Female
4623,26,,91.4,91.7,5.8,5.8,2.7,50.3,73.3,2.7,67.53,61.76,DS,Cần Thơ,Male
4624,22,26.8,69.4,87.8,5.5,9.5,4.2,56.2,84.2,3.29,82.35,70.23,CS,TP.HCM,Female
4625,27,31.2,79.1,89.6,3.3,6.0,0.8,59.1,93.5,3.89,97.28,76.33,DS,Hà Nội,Male
4626,21,19.1,81.8,100.0,8.2,6.8,1.8,33.0,74.9,2.92,72.93,53.93,AI,Huế,Male
4627,22,31.3,76.7,84.9,5.8,7.4,0.4,56.0,91.1,3.92,98.11,73.52,CS,Huế,Female
4628,29,25.4,89.3,70.9,5.7,4.4,3.8,57.4,81.2,3.24,81.03,69.31,AI,TP.HCM,Female
4629,29,33.4,96.9,63.3,3.9,10.0,2.8,57.9,100.0,4.0,100.0,78.93,SE,Hà Nội,Female
4630,27,23.4,98.5,96.9,5.1,6.5,4.3,56.4,91.1,3.59,89.67,73.72,SE,Huế,Female
4631,28,28.0,81.6,85.4,,6.0,3.8,68.3,84.1,3.34,83.55,76.2,CS,Huế,Male
4632,22,24.7,87.9,100.0,8.2,5.6,2.1,63.9,70.0,3.03,75.78,66.96,AI,TP.HCM,Male
4633,25,24.2,,49.6,8.6,7.4,3.1,42.6,84.3,3.34,83.44,63.46,CE,TP.HCM,Male
4634,27,27.1,91.2,93.7,10.2,7.3,3.1,64.7,95.1,3.88,96.94,79.87,CS,Đà Nẵng,Male
4635,29,29.3,76.2,76.1,7.1,5.6,3.6,62.6,92.5,3.62,90.39,77.56,CE,Cần Thơ,Female
4636,25,15.0,100.0,74.7,5.2,5.4,4.7,50.6,85.9,2.98,74.4,68.21,AI,Đà Nẵng,Male
4637,19,36.5,94.3,68.5,4.8,8.3,0.9,48.9,100.0,3.88,97.02,74.45,SE,Cần Thơ,Male
4638,24,10.1,94.5,93.5,7.2,6.2,0.0,52.6,80.9,3.53,88.21,66.77,CS,Cần Thơ,Female
4639,25,19.5,97.0,89.2,6.5,4.9,0.9,51.0,87.0,3.55,88.64,68.97,CE,Hà Nội,Female
4640,28,24.2,90.3,62.9,5.6,6.8,3.2,58.3,87.3,3.67,91.76,72.8,DS,Đà Nẵng,Male
4641,23,28.3,74.7,82.5,5.3,6.5,3.1,50.2,72.8,3.1,77.49,61.51,SE,Hà Nội,Female
4642,22,37.6,83.6,90.6,,9.3,1.6,60.2,100.0,4.0,100.0,80.09,DS,TP.HCM,Female
4643,28,10.1,68.5,82.7,4.9,6.4,2.1,49.9,59.3,2.69,67.32,54.62,IT,TP.HCM,Female
4644,26,20.9,89.2,96.6,9.4,6.6,1.2,66.2,81.1,3.18,79.46,73.65,CS,Cần Thơ,Male
4645,30,8.0,83.3,75.6,6.5,7.3,2.3,40.3,64.3,2.87,71.71,52.28,CE,Huế,Female
4646,20,25.3,84.6,46.2,5.1,6.3,1.5,68.0,75.2,3.14,78.58,71.6,AI,Cần Thơ,Female
4647,29,27.2,97.0,82.8,4.0,7.5,5.0,56.7,84.3,3.46,86.52,70.51,SE,Cần Thơ,Male
4648,30,37.7,80.4,82.7,5.6,5.8,4.5,62.1,94.1,3.35,83.79,78.06,SE,Hà Nội,Female
4649,30,26.0,82.5,84.7,,6.7,3.6,46.2,75.5,3.1,77.46,60.83,SE,Cần Thơ,Female
4650,27,,85.2,96.6,5.1,7.5,2.5,66.5,100.0,4.0,100.0,83.26,CS,TP.HCM,Female
4651,21,29.7,66.6,50.7,8.1,8.4,4.2,55.8,83.0,3.37,84.17,69.39,DS,Đà Nẵng,Female
4652,26,,82.3,76.4,4.9,6.3,2.6,52.4,73.4,3.19,79.7,62.95,AI,Cần Thơ,Male
4653,23,13.7,60.1,66.2,,6.3,2.7,41.5,58.5,2.6,65.0,50.0,AI,TP.HCM,Male
4654,25,27.2,79.1,61.9,2.8,8.8,0.0,49.8,90.4,3.56,89.03,70.13,AI,Cần Thơ,Female
4655,24,13.1,93.6,78.9,7.4,6.3,2.9,53.5,57.7,2.33,58.27,55.62,IT,Huế,Female
4656,28,35.4,89.5,90.5,5.3,6.9,0.6,64.5,100.0,3.95,98.67,82.24,AI,TP.HCM,Female
4657,19,23.7,79.1,84.5,9.9,9.1,1.9,60.7,79.9,3.11,77.77,70.29,CE,Cần Thơ,Female
4658,20,34.6,85.4,69.7,7.8,7.1,2.8,56.7,97.6,3.93,98.13,77.14,CE,Huế,Female
4659,18,21.2,74.3,77.8,,6.7,1.2,53.8,67.6,2.75,68.73,60.68,CS,Hà Nội,Female
4660,26,27.2,85.0,93.9,9.1,6.8,3.2,74.1,92.6,3.29,82.16,83.37,IT,TP.HCM,Female
4661,30,26.7,100.0,90.2,7.0,6.1,4.1,54.7,88.9,3.55,88.7,71.78,DS,Huế,Male
4662,24,24.6,,71.7,8.5,7.5,1.2,54.8,78.5,3.22,80.55,66.69,SE,TP.HCM,Male
4663,18,21.5,85.5,70.7,3.8,5.9,2.7,50.3,93.6,3.77,94.22,71.91,DS,TP.HCM,Female
4664,20,28.1,86.6,54.3,7.2,7.9,0.6,51.3,90.6,3.61,90.22,70.93,IT,Hà Nội,Female
4665,21,17.6,75.2,73.6,7.3,7.0,0.7,61.9,83.8,3.15,78.76,72.86,IT,Cần Thơ,Female
4666,21,15.3,77.0,54.0,2.1,7.3,3.0,30.8,58.5,2.08,52.0,44.65,SE,Hà Nội,Male
4667,22,34.9,88.6,100.0,9.8,9.1,3.6,55.3,97.8,3.81,95.14,76.57,DS,TP.HCM,Male
4668,20,30.8,79.8,67.2,3.1,5.3,0.2,63.6,83.6,2.98,74.51,73.58,IT,Hà Nội,Male
4669,20,25.5,94.0,96.6,2.8,7.0,5.6,52.8,80.6,3.22,80.39,66.69,DS,Huế,Male
4670,18,,100.0,100.0,0.0,7.8,1.8,68.5,100.0,3.83,95.79,84.26,CS,Cần Thơ,Male
4671,24,22.9,88.3,83.2,7.2,6.3,2.8,55.2,85.2,3.45,86.25,70.21,DS,Cần Thơ,Male
4672,28,35.6,86.0,78.5,1.9,8.1,1.7,68.3,100.0,3.89,97.2,84.16,CS,Cần Thơ,Male
4673,27,26.4,68.2,60.2,,6.3,2.1,55.6,88.4,3.15,78.64,72.01,CE,TP.HCM,Female
4674,18,16.8,92.5,72.4,8.1,7.3,4.8,48.6,88.7,3.35,83.8,68.63,IT,TP.HCM,Male
4675,19,39.8,73.6,100.0,6.5,6.9,4.8,66.8,100.0,4.0,100.0,83.42,DS,Cần Thơ,Female
4676,30,32.9,80.8,85.3,4.4,7.2,0.0,60.5,98.0,4.0,100.0,79.24,DS,Hà Nội,Female
4677,21,24.0,94.6,80.4,2.0,7.1,1.7,69.9,84.9,3.34,83.54,77.41,IT,Cần Thơ,Female
4678,30,30.8,95.3,99.7,5.7,7.0,6.9,58.1,96.2,3.9,97.49,77.16,CS,TP.HCM,Female
4679,21,21.8,80.3,90.4,8.1,6.4,1.9,57.5,76.7,3.03,75.8,67.13,CS,Hà Nội,Female
4680,22,31.6,80.9,77.8,7.8,6.2,3.1,67.7,100.0,3.96,98.92,83.86,AI,Đà Nẵng,Male
4681,28,5.9,78.0,83.2,10.5,7.4,4.2,31.2,40.2,1.45,36.15,35.7,DS,Hà Nội,Female
4682,19,16.8,73.0,68.5,4.4,7.1,3.8,40.2,64.5,2.57,64.37,52.38,IT,TP.HCM,Male
4683,21,32.8,78.7,71.6,2.7,6.2,0.0,75.9,100.0,3.88,96.93,87.95,IT,Hà Nội,Male
4684,18,23.0,68.9,76.9,6.8,7.4,3.0,47.5,88.4,3.81,95.24,67.93,IT,Huế,Female
4685,19,26.7,91.8,88.4,6.5,6.4,5.1,58.9,80.7,3.09,77.32,69.78,DS,TP.HCM,Female
4686,18,14.2,88.9,61.3,6.0,8.9,2.5,47.7,80.0,3.24,80.88,63.85,CE,Cần Thơ,Male
4687,27,39.8,90.6,81.1,4.1,10.0,0.9,68.1,100.0,3.79,94.67,84.07,SE,TP.HCM,Male
4688,27,34.5,75.5,74.2,0.0,8.7,1.0,59.4,92.0,3.64,91.05,75.73,IT,Hà Nội,Female
4689,30,23.4,73.0,66.5,3.5,8.6,2.2,54.4,82.0,3.08,76.98,68.22,IT,Đà Nẵng,Female
4690,21,21.8,85.5,74.2,7.4,8.0,3.5,48.1,75.8,2.92,72.92,61.91,SE,Cần Thơ,Male
4691,21,33.2,85.6,45.2,,6.7,6.8,61.1,94.8,3.99,99.63,77.93,IT,Hà Nội,Male
4692,24,40.9,83.5,68.6,8.4,4.7,2.1,53.4,100.0,3.99,99.77,76.69,DS,Hà Nội,Male
4693,27,32.6,82.1,63.5,6.9,5.8,3.3,60.9,100.0,4.0,100.0,80.46,CE,Hà Nội,Male
4694,28,42.4,100.0,75.8,7.8,6.2,0.2,74.3,100.0,3.96,98.95,87.15,CE,Hà Nội,Male
4695,28,,89.3,45.8,7.9,8.4,0.0,58.8,81.7,3.41,85.34,70.23,SE,Đà Nẵng,Male
4696,26,18.4,100.0,82.9,6.1,7.3,1.8,62.4,96.1,4.0,100.0,79.28,AI,TP.HCM,Female
4697,26,15.5,97.7,93.6,6.1,6.2,3.2,48.4,63.4,2.68,66.97,55.92,SE,Đà Nẵng,Male
4698,22,28.5,100.0,78.2,0.0,4.8,2.4,67.7,94.5,3.97,99.28,81.11,CE,TP.HCM,Female
4699,27,26.4,74.3,87.5,4.4,9.8,2.6,47.3,80.0,3.3,82.45,63.66,CS,Cần Thơ,Female
4700,18,23.8,90.9,72.3,4.5,7.6,2.1,52.6,75.5,2.94,73.41,64.07,AI,Hà Nội,Female
4701,18,31.5,80.7,56.7,5.7,8.1,2.5,72.9,92.9,3.43,85.83,82.89,IT,Hà Nội,Male
4702,23,34.9,68.4,80.0,3.7,6.4,2.1,62.8,80.1,3.05,76.29,71.43,IT,Hà Nội,Female
4703,19,12.8,100.0,90.2,8.3,6.8,0.5,51.3,64.2,2.65,66.18,57.78,CE,Huế,Male
4704,25,20.2,82.1,60.1,3.8,6.6,0.3,51.1,75.3,3.23,80.85,63.21,DS,Hà Nội,Female
4705,30,31.6,74.4,73.0,8.8,7.1,4.5,73.9,87.7,3.61,90.15,80.78,IT,Huế,Male
4706,26,21.3,80.9,76.3,3.6,9.2,1.3,57.1,83.4,3.28,81.89,70.25,CS,Đà Nẵng,Male
4707,30,18.6,77.0,100.0,4.5,5.6,2.1,61.7,79.7,3.1,77.62,70.7,AI,TP.HCM,Female
4708,21,33.1,78.1,83.4,4.3,7.0,4.3,57.1,94.3,3.78,94.48,75.72,DS,Huế,Female
4709,22,14.7,82.8,51.4,4.8,7.4,2.1,41.1,62.8,2.63,65.81,51.96,CE,Đà Nẵng,Female
4710,28,22.6,100.0,47.7,8.9,6.9,3.8,51.2,92.8,3.72,93.02,72.02,CS,Cần Thơ,Female
4711,25,27.6,78.3,91.0,5.2,8.2,1.2,62.2,92.4,3.6,89.93,77.31,AI,TP.HCM,Female
4712,20,20.4,100.0,100.0,5.2,4.9,4.8,67.7,89.9,3.42,85.62,78.76,DS,Huế,Female
4713,22,31.3,93.5,75.8,4.1,9.3,2.8,68.1,100.0,3.86,96.42,84.05,SE,Đà Nẵng,Male
4714,20,20.4,89.0,74.9,5.4,5.4,2.5,60.3,80.9,3.1,77.41,70.57,IT,Cần Thơ,Female
4715,29,36.3,92.5,86.5,6.5,5.6,2.3,67.4,100.0,3.99,99.68,83.69,IT,TP.HCM,Female
4716,27,24.0,85.1,68.0,5.5,6.5,3.6,46.2,88.5,3.38,84.41,67.34,CS,Huế,Male
4717,20,30.4,97.9,41.8,5.6,6.2,2.9,77.6,100.0,3.89,97.2,88.82,IT,TP.HCM,Female
4718,20,31.0,90.7,95.6,8.5,7.5,0.0,66.8,99.3,4.0,100.0,83.06,DS,TP.HCM,Male
4719,30,20.0,68.4,70.8,6.7,7.4,1.8,54.2,70.4,2.93,73.36,62.3,AI,Cần Thơ,Female
4720,29,8.6,88.0,95.8,3.1,7.1,3.0,51.2,85.1,3.74,93.6,68.15,AI,Huế,Male
4721,24,27.9,92.8,68.6,5.8,5.3,1.0,47.0,85.0,3.47,86.67,65.98,AI,Cần Thơ,Male
4722,24,25.6,82.1,81.8,4.7,6.8,1.7,52.7,92.9,3.43,85.87,72.82,CE,Cần Thơ,Female
4723,24,29.4,86.3,92.8,7.3,7.0,1.9,64.7,100.0,3.69,92.3,82.34,AI,TP.HCM,Male
4724,27,,78.9,96.1,6.3,8.5,4.9,53.1,81.5,3.28,82.12,67.31,AI,Hà Nội,Male
4725,25,21.6,71.2,83.5,8.8,7.2,3.4,51.3,60.6,2.42,60.39,55.96,CE,Hà Nội,Male
4726,22,41.1,69.5,82.7,4.1,7.5,3.0,75.8,100.0,3.95,98.75,87.92,IT,Cần Thơ,Male
4727,22,13.2,69.6,89.3,5.5,9.4,0.8,46.2,59.6,2.15,53.71,52.92,AI,Huế,Female
4728,21,30.9,91.7,87.0,3.3,5.6,1.5,79.7,97.4,3.7,92.62,88.58,CS,TP.HCM,Male
4729,24,20.4,60.1,60.6,5.9,6.5,3.8,49.0,83.2,3.54,88.56,66.09,IT,Cần Thơ,Female
4730,27,22.3,78.3,60.9,2.2,5.6,3.5,59.5,70.4,3.02,75.5,64.96,AI,Huế,Female
4731,21,,77.3,48.4,6.8,8.9,0.4,57.1,92.1,3.74,93.43,74.59,DS,Hà Nội,Female
4732,19,18.6,82.2,91.5,5.9,9.0,4.6,46.9,70.7,2.95,73.81,58.82,SE,Cần Thơ,Male
4733,21,29.6,66.4,74.1,6.4,8.8,1.2,49.4,67.0,2.45,61.3,58.22,AI,Đà Nẵng,Male
4734,30,36.1,89.0,92.3,8.0,7.7,3.0,65.7,100.0,4.0,100.0,82.86,CE,Cần Thơ,Female
4735,30,28.8,,86.1,6.6,7.5,6.6,71.8,72.0,2.75,68.8,71.93,AI,Huế,Female
4736,25,,96.3,65.0,2.8,6.5,1.9,55.9,88.7,3.8,94.95,72.3,IT,Huế,Male
4737,26,17.1,78.8,78.2,4.6,7.9,2.8,53.5,60.0,2.5,62.39,56.75,IT,Cần Thơ,Male
4738,20,29.1,84.0,73.2,5.8,5.5,1.7,57.5,87.1,3.18,79.41,72.34,SE,Đà Nẵng,Male
4739,24,42.3,85.0,70.9,5.2,5.5,2.8,71.1,100.0,3.76,93.89,85.55,CS,Hà Nội,Male
4740,29,22.0,87.4,93.7,5.5,6.5,4.6,63.1,87.6,3.49,87.22,75.39,CS,Đà Nẵng,Male
4741,26,,85.4,100.0,10.1,9.3,2.2,55.2,82.9,3.13,78.33,69.02,CS,Đà Nẵng,Male
4742,28,20.5,80.7,96.7,6.3,6.4,2.1,47.9,83.4,3.56,88.97,65.63,AI,Huế,Male
4743,21,21.1,88.4,79.6,7.0,6.5,4.2,66.1,84.9,3.03,75.65,75.52,CE,Cần Thơ,Male
4744,27,3.0,89.7,98.9,1.0,7.3,0.6,36.2,52.8,2.1,52.45,44.5,IT,Đà Nẵng,Female
4745,20,28.2,77.3,100.0,,8.1,2.6,62.9,90.9,3.32,82.98,76.88,AI,Cần Thơ,Male
4746,22,18.2,89.3,59.1,13.1,8.5,1.4,40.9,67.5,2.62,65.59,54.18,IT,Đà Nẵng,Male
4747,18,12.1,96.9,98.4,9.4,5.7,2.1,58.3,82.0,3.03,75.77,70.12,SE,TP.HCM,Female
4748,20,31.0,92.1,91.5,4.9,6.9,1.2,81.6,100.0,3.99,99.65,90.81,CS,Huế,Male
4749,25,16.3,94.3,97.8,11.7,7.3,0.4,51.2,82.4,3.11,77.8,66.79,CS,Đà Nẵng,Male
4750,28,22.3,86.7,92.2,6.1,7.4,0.0,47.0,77.9,2.98,74.46,62.48,IT,TP.HCM,Male
4751,25,,75.6,76.6,6.8,8.0,1.8,69.7,100.0,4.0,100.0,84.83,CE,Huế,Male
4752,30,13.7,76.9,100.0,5.3,8.0,2.8,47.5,71.6,2.78,69.4,59.58,DS,Huế,Female
4753,21,12.7,88.2,85.1,5.3,7.0,3.7,63.8,58.7,1.8,45.05,61.29,IT,Cần Thơ,Male
4754,19,27.2,94.4,73.5,0.4,8.4,0.5,55.0,78.4,3.1,77.54,66.71,IT,Đà Nẵng,Female
4755,30,34.2,100.0,87.6,8.0,8.2,2.7,55.6,94.6,4.0,100.0,75.1,DS,Cần Thơ,Female
4756,25,12.4,94.8,94.6,5.3,8.1,3.3,50.8,70.4,2.89,72.16,60.58,IT,Đà Nẵng,Female
4757,25,28.3,,81.4,5.5,6.4,3.0,61.6,97.0,4.0,100.0,79.28,CS,TP.HCM,Female
4758,27,29.6,77.3,85.9,6.7,7.9,2.9,53.1,89.8,3.47,86.75,71.44,CE,Đà Nẵng,Female
4759,21,8.5,100.0,81.3,5.0,8.4,0.0,53.6,75.0,3.13,78.19,64.3,CE,TP.HCM,Female
4760,20,31.4,,70.1,,6.4,2.3,61.4,100.0,3.91,97.71,80.69,AI,Đà Nẵng,Female
4761,19,32.0,85.5,67.7,9.0,7.2,2.4,59.8,100.0,4.0,100.0,79.9,IT,TP.HCM,Male
4762,26,22.5,75.4,59.0,7.0,8.9,3.3,57.3,71.2,3.08,77.08,64.25,DS,Cần Thơ,Male
4763,18,35.0,100.0,100.0,5.6,7.5,4.6,64.1,100.0,3.79,94.63,82.05,CE,Đà Nẵng,Male
4764,24,34.1,90.0,76.6,5.7,6.9,2.1,58.6,98.1,3.57,89.14,78.34,CS,Cần Thơ,Male
4765,22,25.8,77.3,28.6,6.5,8.8,2.0,43.9,74.4,2.89,72.3,59.13,CS,Huế,Female
4766,25,21.4,75.1,85.9,3.9,6.4,2.7,47.7,72.0,2.94,73.6,59.81,CS,Hà Nội,Female
4767,21,17.2,88.1,85.6,,5.0,2.5,69.8,77.5,3.43,85.77,73.68,SE,Đà Nẵng,Male
4768,24,24.7,85.4,52.0,7.7,6.1,3.1,56.6,85.6,3.44,86.07,71.12,AI,TP.HCM,Female
4769,30,29.6,93.3,67.5,6.2,8.4,3.3,53.5,90.3,3.74,93.41,71.91,DS,Cần Thơ,Female
4770,22,22.4,90.5,66.9,4.9,7.6,2.2,64.9,97.0,3.74,93.53,80.92,SE,TP.HCM,Male
4771,22,7.4,82.4,68.9,5.3,7.1,3.2,42.6,74.4,2.84,71.09,58.48,DS,Cần Thơ,Male
4772,26,35.1,79.6,98.2,7.6,8.3,2.2,65.5,94.8,3.86,96.57,80.16,AI,Hà Nội,Female
4773,26,26.5,83.4,77.8,3.2,7.2,0.3,59.5,77.5,3.42,85.45,68.49,IT,Huế,Male
4774,30,22.0,79.5,73.6,4.0,6.7,0.8,64.5,88.9,3.56,89.06,76.74,CE,Hà Nội,Female
4775,26,31.9,83.7,96.8,2.0,8.0,0.0,51.5,98.3,3.98,99.61,74.88,DS,TP.HCM,Male
4776,29,37.2,85.2,87.4,,6.5,5.0,76.6,100.0,3.86,96.59,88.31,SE,Đà Nẵng,Female
4777,23,2.6,76.0,53.9,8.2,7.6,4.4,43.9,39.6,1.47,36.76,41.76,DS,Huế,Male
4778,23,28.5,91.3,70.8,9.3,6.0,4.1,60.6,85.4,3.64,91.02,73.02,AI,Cần Thơ,Male
4779,22,13.6,81.3,84.8,9.9,5.7,2.2,41.0,66.3,2.36,58.97,53.62,CE,Huế,Female
4780,26,29.0,76.6,66.0,4.3,6.0,4.0,56.4,81.3,3.1,77.49,68.84,DS,Đà Nẵng,Female
4781,27,26.0,81.5,100.0,6.6,7.0,3.8,57.1,76.8,3.02,75.56,66.91,IT,Đà Nẵng,Female
4782,25,30.1,87.4,81.7,5.0,6.2,0.3,74.2,100.0,4.0,100.0,87.12,AI,TP.HCM,Female
4783,24,,85.8,68.7,10.1,6.3,1.3,64.4,76.2,3.03,75.77,70.31,CS,Hà Nội,Male
4784,24,10.0,89.2,63.2,9.3,6.8,3.3,43.0,73.6,3.1,77.59,58.31,SE,Cần Thơ,Male
4785,23,21.4,94.0,93.9,6.4,6.9,1.8,70.2,92.6,4.0,100.0,81.4,IT,Huế,Female
4786,22,28.3,98.0,70.3,4.5,5.1,1.4,68.0,100.0,3.79,94.71,84.02,SE,Đà Nẵng,Male
4787,30,33.1,87.9,85.7,0.0,4.0,3.7,66.6,100.0,4.0,100.0,83.28,IT,Hà Nội,Male
4788,21,,74.3,62.7,2.4,7.5,1.3,45.8,61.9,2.34,58.53,53.82,CE,TP.HCM,Male
4789,20,33.2,82.3,81.1,1.4,7.2,6.2,57.9,90.1,3.79,94.78,74.03,CE,TP.HCM,Male
4790,20,19.8,75.0,70.5,2.4,5.4,4.9,55.2,78.7,3.52,87.88,66.92,CS,Cần Thơ,Male
4791,23,,100.0,75.3,10.7,7.5,2.2,63.8,80.8,3.22,80.48,72.28,CS,Hà Nội,Female
4792,21,20.9,100.0,68.1,2.8,7.5,4.4,52.8,96.0,4.0,100.0,74.38,CS,TP.HCM,Male
4793,29,26.5,91.5,95.4,3.3,6.6,2.8,66.9,93.4,3.54,88.58,80.17,IT,Cần Thơ,Female
4794,29,32.1,93.6,72.6,3.7,9.4,1.9,64.4,91.1,3.9,97.41,77.72,SE,Đà Nẵng,Female
4795,23,15.2,87.5,77.8,12.5,8.5,5.5,52.6,81.1,3.59,89.75,66.89,DS,Huế,Male
4796,20,19.6,88.7,78.6,5.8,6.5,3.1,61.0,82.3,3.27,81.67,71.67,SE,Cần Thơ,Female
4797,21,26.5,69.0,100.0,8.5,6.5,1.2,61.4,78.3,3.27,81.63,69.85,DS,Hà Nội,Female
4798,26,44.2,84.3,93.4,6.4,5.3,3.2,58.7,100.0,3.75,93.77,79.33,IT,Đà Nẵng,Male
4799,22,,76.2,91.9,1.0,8.5,5.0,55.7,54.9,2.07,51.84,55.33,IT,Huế,Male
4800,30,41.3,87.8,56.3,9.8,7.3,2.5,69.4,100.0,4.0,100.0,84.69,AI,Hà Nội,Male
4801,24,41.0,84.4,70.2,7.0,8.0,2.8,65.1,100.0,4.0,100.0,82.54,CE,TP.HCM,Female
4802,27,24.2,,97.8,5.7,4.4,2.1,58.6,82.8,2.95,73.69,70.67,DS,Hà Nội,Male
4803,19,22.6,94.2,62.4,10.4,7.9,3.0,53.8,73.5,2.98,74.45,63.63,SE,Huế,Male
4804,22,19.5,87.8,81.3,5.1,6.4,1.0,53.7,82.3,3.55,88.65,68.03,CE,Huế,Male
4805,26,24.5,82.3,64.0,5.6,7.7,1.3,55.5,78.0,3.49,87.16,66.77,CE,Hà Nội,Female
4806,28,13.7,100.0,65.5,5.1,7.6,2.0,55.5,94.7,3.75,93.7,75.08,DS,Huế,Female
4807,20,24.4,84.7,100.0,8.7,7.0,2.8,44.5,75.0,3.26,81.45,59.74,CS,Hà Nội,Male
4808,26,37.0,88.3,90.8,8.0,6.2,4.2,67.4,100.0,4.0,100.0,83.68,CE,Đà Nẵng,Male
4809,28,20.1,85.4,94.7,6.7,7.5,2.3,52.7,82.3,3.65,91.19,67.5,CE,Huế,Female
4810,23,23.1,81.0,91.8,3.4,6.0,3.7,71.3,72.5,2.86,71.55,71.94,IT,Huế,Male
4811,21,11.4,85.4,77.9,5.1,8.3,1.8,31.7,60.7,2.45,61.22,46.2,CE,Đà Nẵng,Female
4812,24,28.0,65.4,69.6,3.4,6.1,3.4,62.7,93.4,3.61,90.34,78.07,CS,Đà Nẵng,Male
4813,25,27.1,69.5,74.0,8.9,7.0,4.3,59.0,82.4,3.24,80.88,70.68,CS,Cần Thơ,Female
4814,23,25.5,88.5,77.1,2.1,6.1,2.3,63.2,80.0,3.14,78.49,71.57,CE,TP.HCM,Male
4815,22,23.3,100.0,100.0,10.0,7.2,3.0,54.1,82.8,3.15,78.78,68.47,CE,Hà Nội,Male
4816,23,22.7,88.5,60.0,9.2,5.8,1.6,57.7,68.7,3.11,77.71,63.19,CS,Huế,Female
4817,22,29.0,77.8,71.7,,6.0,3.4,59.5,85.7,3.44,86.04,72.62,DS,Huế,Female
4818,25,24.8,70.6,66.3,5.0,9.8,0.0,80.7,99.6,3.89,97.17,90.13,IT,Đà Nẵng,Female
4819,18,27.5,92.8,95.8,4.2,8.0,0.1,57.2,86.0,3.36,84.01,71.63,SE,Hà Nội,Male
4820,28,26.7,79.3,100.0,7.1,7.4,3.4,51.1,88.2,3.22,80.46,69.62,SE,TP.HCM,Female
4821,24,34.0,91.4,84.6,9.5,7.6,0.0,79.2,94.6,3.91,97.69,86.92,IT,Hà Nội,Female
4822,27,30.4,,85.9,9.0,7.4,1.8,63.7,100.0,3.83,95.68,81.86,CS,Cần Thơ,Male
4823,27,26.5,89.8,81.4,4.9,6.9,4.6,62.2,98.7,3.83,95.63,80.46,DS,Đà Nẵng,Male
4824,28,37.1,85.3,86.6,9.1,7.9,3.8,74.1,100.0,4.0,100.0,87.06,SE,Đà Nẵng,Female
4825,19,28.4,88.8,91.6,8.9,6.0,6.1,60.2,79.5,3.07,76.82,69.84,IT,TP.HCM,Male
4826,26,35.4,83.8,86.4,5.5,8.9,2.6,61.0,93.7,3.84,95.98,77.34,DS,Cần Thơ,Male
4827,18,29.9,78.6,87.5,6.0,7.1,2.4,60.2,92.1,3.57,89.29,76.12,CE,Cần Thơ,Female
4828,28,10.3,75.4,91.6,9.9,8.0,2.5,37.7,66.9,2.57,64.37,52.3,IT,Huế,Female
4829,27,35.4,61.1,53.3,8.6,8.9,1.1,49.9,70.1,2.68,66.91,59.96,IT,Hà Nội,Female
4830,23,26.1,83.2,80.0,9.1,7.6,2.2,50.7,92.9,3.68,92.01,71.82,SE,Đà Nẵng,Male
4831,26,24.6,100.0,84.6,12.5,6.0,0.6,40.7,85.2,3.13,78.26,62.96,DS,Huế,Female
4832,18,27.3,92.3,86.2,7.4,8.5,4.3,56.6,79.7,3.34,83.51,68.13,SE,TP.HCM,Male
4833,21,22.2,87.3,77.4,6.8,9.0,3.6,51.0,59.6,2.95,73.63,55.3,CE,TP.HCM,Female
4834,21,26.8,77.7,82.4,9.4,4.7,0.8,61.3,88.2,3.65,91.16,74.74,AI,Đà Nẵng,Female
4835,26,20.3,,69.2,11.0,6.9,1.5,55.4,84.3,3.19,79.64,69.84,CE,TP.HCM,Female
4836,28,35.2,83.8,53.4,4.5,7.3,3.1,62.9,93.2,3.86,96.55,78.05,IT,Hà Nội,Female
4837,22,24.1,100.0,94.7,5.5,6.7,2.9,66.9,99.7,3.68,91.97,83.29,AI,Cần Thơ,Female
4838,22,21.9,75.2,63.0,3.5,5.5,0.9,49.6,92.5,3.55,88.68,71.06,IT,Huế,Male
4839,23,17.6,77.5,77.6,6.9,5.9,2.6,41.5,65.2,2.52,63.05,53.37,CE,Đà Nẵng,Male
4840,18,27.2,76.5,68.8,8.2,4.8,3.4,37.9,71.0,3.05,76.22,54.44,CS,Huế,Male
4841,18,26.5,70.2,100.0,3.6,8.1,3.4,55.6,95.1,3.95,98.64,75.37,CS,Cần Thơ,Female
4842,26,28.1,75.6,78.8,8.8,8.6,5.0,57.0,83.1,3.04,76.01,70.09,AI,TP.HCM,Female
4843,20,16.8,,75.3,4.9,8.6,2.9,60.0,82.7,3.47,86.76,71.35,AI,Huế,Female
4844,21,12.2,77.9,91.2,4.7,7.0,0.6,39.3,57.5,2.19,54.67,48.38,CS,Hà Nội,Male
4845,18,30.0,46.4,100.0,8.8,7.3,0.9,60.1,89.8,3.71,92.87,74.96,SE,TP.HCM,Female
4846,26,36.9,95.7,86.1,4.4,8.3,4.4,48.4,87.4,3.34,83.58,67.89,AI,TP.HCM,Male
4847,25,16.8,68.2,74.3,2.5,6.7,4.9,38.1,63.8,2.53,63.3,50.95,SE,Hà Nội,Female
4848,19,37.7,90.9,90.4,7.9,5.9,2.4,69.8,100.0,3.84,95.88,84.9,CS,Huế,Female
4849,25,27.3,85.3,56.4,5.7,6.3,3.1,63.4,88.6,3.52,88.06,76.0,CE,TP.HCM,Female
4850,24,24.9,100.0,80.7,9.0,7.2,2.6,46.3,80.1,2.97,74.13,63.16,CS,Cần Thơ,Male
4851,28,21.8,95.0,100.0,8.1,6.1,2.1,49.7,96.1,3.67,91.81,72.87,CS,Hà Nội,Male
4852,23,13.9,80.0,82.4,1.6,7.6,0.3,47.8,74.8,2.87,71.63,61.29,DS,TP.HCM,Male
4853,18,32.9,78.0,81.6,9.3,5.4,3.2,60.7,86.0,3.24,81.11,73.31,AI,TP.HCM,Female
4854,24,18.8,100.0,80.3,10.7,6.7,5.2,58.2,67.3,2.62,65.44,62.77,CE,Hà Nội,Male
4855,27,18.8,70.2,74.1,8.6,7.5,2.8,56.5,85.3,3.43,85.71,70.88,CS,TP.HCM,Male
4856,24,32.9,86.9,84.7,8.7,7.2,2.0,53.2,85.5,3.69,92.17,69.35,CS,Cần Thơ,Female
4857,30,9.9,83.7,91.6,5.4,6.1,1.9,48.3,65.3,2.39,59.71,56.82,DS,Hà Nội,Male
4858,26,12.8,81.6,75.0,4.8,7.9,3.2,41.4,64.9,2.39,59.71,53.17,CE,Đà Nẵng,Female
4859,18,24.9,88.5,42.6,,7.3,4.2,59.4,88.7,3.55,88.86,74.07,CS,Huế,Male
4860,19,27.3,86.9,87.0,8.3,4.5,3.3,55.0,73.7,2.62,65.49,64.36,CS,TP.HCM,Female
4861,28,28.9,89.6,100.0,8.2,7.5,0.0,68.2,93.1,3.77,94.33,80.64,SE,Hà Nội,Male
4862,26,,86.4,74.4,4.9,6.5,5.1,59.3,82.8,3.32,82.9,71.06,IT,Huế,Female
4863,30,45.2,89.2,57.9,4.7,6.4,3.7,64.9,100.0,4.0,100.0,82.45,IT,Huế,Female
4864,26,23.2,85.9,90.2,2.3,6.0,2.2,42.7,83.4,3.78,94.59,63.04,CS,Đà Nẵng,Female
4865,30,23.2,78.4,100.0,7.6,5.8,1.7,63.0,85.0,3.41,85.31,74.03,IT,Đà Nẵng,Male
4866,23,18.6,85.0,87.9,5.0,7.2,1.8,46.4,77.6,3.0,74.88,62.01,AI,Cần Thơ,Female
4867,23,26.0,77.9,100.0,5.2,7.7,3.8,51.7,76.7,3.26,81.49,64.17,IT,Huế,Male
4868,21,29.9,77.2,91.9,10.3,7.2,0.0,64.6,100.0,4.0,99.94,82.29,AI,Đà Nẵng,Female
4869,21,34.6,81.6,90.6,7.5,8.1,3.3,55.5,91.5,3.63,90.68,73.52,SE,Hà Nội,Female
4870,22,13.1,83.8,72.2,6.8,7.7,2.9,48.9,70.8,3.19,79.78,59.86,DS,Cần Thơ,Female
4871,20,23.0,85.4,84.3,8.1,4.6,2.9,55.2,83.1,3.47,86.82,69.14,SE,Huế,Male
4872,18,28.6,94.2,79.6,9.6,5.9,0.8,59.9,97.0,3.69,92.28,78.49,IT,TP.HCM,Female
4873,18,29.7,,79.0,,8.4,0.0,68.2,100.0,3.82,95.39,84.12,DS,Hà Nội,Female
4874,29,25.1,87.0,76.2,4.6,5.5,5.9,60.3,79.3,2.9,72.62,69.81,CE,Hà Nội,Male
4875,30,29.3,86.2,83.4,5.4,3.7,2.7,67.3,100.0,3.78,94.5,83.64,CE,Hà Nội,Male
4876,24,18.5,78.9,60.6,3.6,9.2,5.4,48.9,77.9,3.34,83.52,63.37,SE,Cần Thơ,Female
4877,18,37.5,85.7,92.2,5.3,7.4,3.9,60.5,100.0,3.9,97.46,80.26,AI,Cần Thơ,Female
4878,18,32.9,95.0,66.8,,6.2,2.7,71.8,100.0,3.64,91.07,85.88,CE,TP.HCM,Male
4879,20,14.2,86.9,76.2,8.3,6.0,2.8,44.4,59.4,2.47,61.69,51.91,IT,TP.HCM,Male
4880,27,16.4,87.3,85.0,4.7,7.8,4.1,51.3,70.8,2.87,71.64,61.05,AI,Đà Nẵng,Female
4881,21,16.6,77.9,66.1,6.5,7.6,4.3,52.3,56.1,2.15,53.82,54.2,IT,TP.HCM,Female
4882,21,30.4,100.0,50.5,6.1,7.4,3.2,57.0,92.9,3.59,89.69,74.96,SE,Đà Nẵng,Female
4883,19,14.7,78.5,74.3,7.4,6.8,4.1,42.1,64.8,2.6,64.92,53.45,CS,Hà Nội,Female
4884,18,22.4,68.3,58.5,,5.5,4.2,50.0,62.6,2.52,62.99,56.3,SE,Huế,Male
4885,20,28.6,93.6,90.7,7.1,7.0,3.0,66.1,97.5,3.98,99.52,81.81,CE,Đà Nẵng,Female
4886,28,24.5,83.9,62.7,5.3,8.3,1.6,58.5,94.7,3.44,85.92,76.59,IT,Hà Nội,Female
4887,21,27.1,82.0,100.0,7.0,6.3,3.2,47.4,84.1,3.14,78.61,65.77,AI,TP.HCM,Male
4888,20,16.5,79.5,79.9,3.1,7.7,1.4,63.9,77.1,2.99,74.86,70.52,IT,Hà Nội,Male
4889,25,29.8,100.0,80.9,7.0,6.5,1.9,65.2,94.0,3.49,87.35,79.59,AI,Hà Nội,Male
4890,27,20.1,88.5,50.3,9.2,8.0,3.1,50.2,80.8,3.33,83.17,65.48,DS,Hà Nội,Female
4891,18,22.4,90.5,82.2,6.5,5.8,2.4,54.2,74.6,3.12,78.02,64.44,SE,Huế,Male
4892,19,26.9,86.6,78.8,4.2,7.0,4.5,56.4,67.5,2.58,64.45,61.92,IT,Huế,Female
4893,30,25.8,87.7,60.5,4.3,7.5,1.5,54.7,98.8,4.0,100.0,76.76,CS,Đà Nẵng,Female
4894,24,25.2,99.0,81.3,7.4,6.2,0.0,67.5,100.0,4.0,100.0,83.74,IT,Đà Nẵng,Male
4895,21,19.0,82.5,74.0,7.4,7.4,4.5,69.4,73.3,2.98,74.45,71.36,CE,Đà Nẵng,Female
4896,25,22.6,70.4,76.7,6.9,7.0,2.6,48.7,63.1,1.95,48.73,55.9,CS,Huế,Female
4897,28,25.0,93.7,80.4,5.9,6.9,2.6,54.4,87.4,3.46,86.46,70.91,CS,Đà Nẵng,Female
4898,30,14.0,,72.9,,6.2,1.3,48.3,71.8,2.75,68.84,60.08,IT,TP.HCM,Male
4899,20,21.3,86.1,83.7,5.8,8.2,0.0,43.6,83.2,3.3,82.5,63.39,IT,Đà Nẵng,Female
4900,23,28.1,89.7,78.7,5.0,5.9,1.3,63.5,90.2,3.52,88.03,76.83,IT,Cần Thơ,Female
4901,26,14.8,81.3,87.1,7.9,7.3,3.4,49.7,78.8,2.91,72.76,64.22,IT,Hà Nội,Male
4902,18,34.3,85.2,72.1,,6.0,2.2,64.6,96.7,3.8,95.01,80.64,IT,Huế,Female
4903,18,35.2,83.7,64.0,9.2,6.9,2.0,50.0,100.0,3.92,97.93,75.01,SE,Hà Nội,Female
4904,25,15.0,79.1,69.4,8.8,7.8,0.0,31.2,61.3,2.63,65.8,46.23,CS,TP.HCM,Male
4905,20,35.9,96.9,100.0,6.7,6.7,5.2,63.7,95.5,3.79,94.8,79.59,CE,Huế,Male
4906,22,23.9,70.9,94.3,7.5,3.3,2.4,58.5,77.2,2.97,74.32,67.83,SE,TP.HCM,Male
4907,18,28.3,100.0,98.2,3.6,5.4,6.0,47.9,93.8,3.5,87.55,70.85,CS,Cần Thơ,Male
4908,22,21.0,93.8,99.2,5.8,4.4,3.1,61.6,87.8,4.0,100.0,74.67,DS,Huế,Female
4909,28,32.4,67.2,73.0,6.9,7.1,4.8,57.1,87.6,3.7,92.57,72.35,SE,Đà Nẵng,Male
4910,23,28.2,82.8,84.4,2.0,7.0,1.4,52.4,78.1,3.16,78.9,65.23,SE,Hà Nội,Female
4911,25,18.5,83.3,81.1,7.1,6.6,0.2,52.0,75.6,2.74,68.48,63.78,AI,Hà Nội,Female
4912,30,15.7,88.9,89.9,3.6,6.2,2.2,40.4,64.2,2.26,56.59,52.27,CS,Hà Nội,Female
4913,20,13.3,75.1,75.7,3.9,7.3,3.3,27.2,51.6,2.4,59.99,39.43,IT,TP.HCM,Female
4914,20,26.5,85.3,81.4,4.7,5.3,3.5,66.7,98.4,4.0,100.0,82.54,CE,Huế,Female
4915,29,29.6,83.8,81.1,5.9,8.1,3.1,59.4,84.4,3.43,85.75,71.88,CE,Hà Nội,Male
4916,28,30.2,77.6,88.0,2.7,7.1,5.9,53.9,79.7,3.03,75.66,66.8,AI,TP.HCM,Male
4917,28,24.1,76.2,89.8,8.1,5.9,3.1,50.1,81.0,3.13,78.23,65.56,CS,Cần Thơ,Female
4918,27,15.7,94.2,81.4,6.4,6.5,2.0,45.1,65.7,2.45,61.34,55.4,DS,Đà Nẵng,Female
4919,26,19.5,68.0,81.9,10.8,6.8,2.1,47.2,65.7,3.04,76.11,56.47,SE,Huế,Female
4920,21,34.2,89.8,83.4,6.8,5.3,1.3,63.3,100.0,3.96,98.98,81.64,IT,Đà Nẵng,Male
4921,21,21.1,93.0,100.0,,7.8,2.9,59.9,82.9,3.48,86.95,71.42,SE,Huế,Male
4922,29,26.1,82.8,54.1,3.9,8.2,4.1,51.8,88.5,3.73,93.27,70.16,CE,Hà Nội,Female
4923,24,,85.5,65.5,3.0,7.1,4.6,42.2,89.3,3.32,82.88,65.75,IT,Cần Thơ,Male
4924,19,27.7,96.6,90.1,7.5,8.1,2.1,56.2,92.9,3.73,93.32,74.59,CE,Đà Nẵng,Female
4925,25,21.3,78.0,84.0,3.3,10.0,2.4,71.2,88.8,3.5,87.39,79.99,CS,Huế,Female
4926,23,33.4,79.0,83.9,7.6,4.7,1.5,63.1,97.7,4.0,100.0,80.36,CE,Cần Thơ,Male
4927,20,31.2,80.0,90.0,10.3,7.1,4.0,63.4,89.9,3.72,92.91,76.64,AI,TP.HCM,Female
4928,26,,96.7,83.2,8.4,5.4,0.6,53.4,84.3,3.36,84.02,68.83,AI,Đà Nẵng,Male
4929,22,24.0,97.9,71.6,7.4,8.9,1.4,70.7,92.2,3.72,92.92,81.43,DS,Hà Nội,Male
4930,25,20.6,71.0,89.4,6.7,7.3,0.0,57.5,69.7,2.65,66.26,63.62,IT,Hà Nội,Male
4931,24,13.6,95.1,80.3,5.0,6.2,0.7,41.7,76.6,2.88,71.9,59.17,SE,TP.HCM,Female
4932,25,18.1,93.2,73.3,5.7,6.7,1.6,53.8,64.5,2.43,60.68,59.11,SE,TP.HCM,Female
4933,24,26.6,100.0,90.4,4.6,8.6,1.7,57.0,91.6,3.76,94.08,74.32,CE,Đà Nẵng,Male
4934,20,27.6,88.9,89.8,2.7,7.5,0.6,62.1,89.5,3.76,94.05,75.79,DS,TP.HCM,Female
4935,19,26.2,84.6,83.2,6.1,7.7,0.8,64.8,81.6,3.39,84.72,73.18,IT,Đà Nẵng,Male
4936,24,22.6,96.5,100.0,8.8,8.8,4.4,47.2,86.3,3.14,78.51,66.79,DS,Cần Thơ,Male
4937,20,32.5,92.0,99.9,2.8,8.1,1.3,65.8,91.1,3.71,92.69,78.45,DS,Huế,Female
4938,20,,100.0,95.0,9.5,8.3,0.0,53.1,86.0,3.56,89.09,69.55,CE,TP.HCM,Female
4939,19,30.6,94.6,100.0,9.0,6.8,0.9,72.8,100.0,4.0,100.0,86.39,SE,Cần Thơ,Male
4940,21,10.8,86.5,77.8,7.0,4.3,1.0,53.3,53.5,1.87,46.82,53.42,AI,TP.HCM,Male
4941,25,0.0,73.3,73.0,7.0,7.1,2.4,21.1,48.3,2.15,53.67,34.68,AI,Cần Thơ,Male
4942,29,27.3,,92.9,5.5,6.2,3.0,48.9,82.1,3.6,90.07,65.49,CE,Cần Thơ,Female
4943,18,13.6,70.6,76.2,6.1,7.9,0.5,35.7,57.8,2.09,52.35,46.77,CS,Đà Nẵng,Male
4944,18,23.3,82.8,80.2,4.8,4.9,3.0,54.4,70.3,2.94,73.59,62.39,CS,Hà Nội,Male
4945,29,22.6,94.3,65.2,6.1,8.0,4.6,58.3,85.8,3.09,77.33,72.07,AI,Cần Thơ,Female
4946,22,37.7,85.0,89.1,6.3,7.2,4.0,72.0,100.0,3.99,99.87,85.98,IT,Đà Nẵng,Female
4947,28,28.2,95.2,57.9,10.7,7.4,3.4,58.6,96.4,3.65,91.19,77.49,CE,TP.HCM,Female
4948,22,26.3,88.4,78.6,7.4,7.7,3.1,55.9,83.1,3.46,86.55,69.51,SE,TP.HCM,Female
4949,28,31.7,81.0,79.8,,7.0,2.0,63.0,86.0,3.43,85.72,74.51,DS,TP.HCM,Male
4950,29,27.9,85.9,73.5,5.8,6.6,4.6,82.5,100.0,3.93,98.25,91.24,CS,Huế,Male
4951,18,21.3,89.7,53.6,4.2,8.4,3.1,43.1,72.1,3.0,75.12,57.58,SE,Huế,Female
4952,23,33.6,86.4,53.5,4.6,7.7,1.3,49.0,96.1,3.67,91.85,72.58,DS,Huế,Female
4953,18,16.1,86.5,68.8,8.3,7.8,2.3,46.0,63.2,2.53,63.27,54.61,DS,TP.HCM,Female
4954,22,27.6,77.3,88.1,4.8,6.9,1.5,51.9,90.2,3.75,93.68,71.05,DS,TP.HCM,Male
4955,26,12.6,,84.3,4.5,7.1,2.3,41.0,75.7,2.96,74.07,58.38,CS,Huế,Female
4956,29,26.6,100.0,79.8,4.5,7.0,4.3,59.9,90.6,3.65,91.27,75.25,CE,Đà Nẵng,Male
4957,22,26.5,97.3,66.7,4.2,4.9,2.2,50.7,98.8,3.9,97.52,74.76,AI,TP.HCM,Male
4958,23,38.4,70.3,85.1,8.8,5.3,1.3,59.9,100.0,4.0,100.0,79.94,CS,TP.HCM,Female
4959,25,12.5,61.3,53.0,6.4,6.9,4.1,41.4,60.1,2.69,67.2,50.75,CE,Đà Nẵng,Female
4960,28,20.2,85.8,44.1,5.3,4.7,4.4,51.0,76.9,3.06,76.49,63.94,IT,Hà Nội,Female
4961,18,31.6,93.9,76.4,6.1,6.9,1.3,61.7,92.9,3.69,92.27,77.29,IT,Hà Nội,Female
4962,19,27.7,79.8,71.8,6.5,5.9,4.7,56.6,95.2,3.61,90.15,75.91,DS,Huế,Male
4963,26,26.4,95.2,95.2,4.1,6.9,3.9,53.1,95.7,4.0,100.0,74.36,AI,Đà Nẵng,Male
4964,20,17.4,85.6,82.4,2.5,7.2,1.7,48.9,65.5,2.78,69.39,57.21,SE,Đà Nẵng,Female
4965,23,20.3,83.4,100.0,9.3,4.8,4.3,52.7,78.0,3.3,82.51,65.34,CE,Huế,Male
4966,22,35.0,92.6,71.8,8.5,7.4,0.7,72.3,98.4,4.0,100.0,85.37,AI,Huế,Male
4967,28,24.6,79.7,87.3,6.9,6.5,1.8,44.3,81.9,3.27,81.69,63.11,CE,TP.HCM,Female
4968,19,28.0,82.1,76.2,8.3,4.2,0.9,58.5,94.6,3.73,93.24,76.54,DS,Hà Nội,Female
4969,24,24.1,91.7,100.0,10.8,6.4,1.0,58.0,74.4,3.27,81.86,66.22,CE,Đà Nẵng,Male
4970,21,15.5,84.7,76.9,,7.5,3.8,50.7,71.0,2.73,68.28,60.86,CE,Đà Nẵng,Male
4971,18,32.5,100.0,92.8,3.2,6.5,2.5,66.1,100.0,3.96,99.09,83.04,IT,Cần Thơ,Female
4972,30,29.0,91.9,63.8,7.7,6.4,0.8,50.7,90.3,3.67,91.83,70.49,AI,TP.HCM,Male
4973,21,43.4,91.3,73.8,2.3,7.2,1.6,72.5,100.0,3.78,94.59,86.24,IT,Hà Nội,Male
4974,23,16.9,84.5,78.7,6.1,6.4,1.5,51.1,61.3,2.61,65.34,56.23,DS,Hà Nội,Female
4975,24,31.6,93.7,99.0,5.3,6.7,2.9,66.9,100.0,4.0,100.0,83.43,CE,Cần Thơ,Female
4976,24,14.5,81.8,47.0,7.7,5.4,5.9,46.9,60.4,2.31,57.7,53.65,AI,TP.HCM,Female
4977,24,26.3,87.8,75.0,4.8,6.4,2.8,53.8,68.8,2.98,74.6,61.3,DS,Hà Nội,Female
4978,20,,,74.5,,9.3,2.9,68.5,97.9,3.68,92.07,83.21,AI,Huế,Female
4979,23,8.4,95.4,48.8,4.1,7.2,4.8,36.5,60.0,2.33,58.18,48.26,CS,TP.HCM,Male
4980,30,23.4,,73.0,7.8,7.3,1.7,45.4,80.5,3.52,87.93,62.93,IT,Hà Nội,Male
4981,25,20.5,100.0,56.9,4.3,6.2,4.5,46.1,83.8,3.33,83.13,64.93,DS,Huế,Male
4982,21,19.4,,45.0,7.4,6.5,1.9,57.1,88.0,3.22,80.6,72.58,SE,Cần Thơ,Male
4983,30,28.1,92.6,76.1,3.5,6.7,2.0,54.5,85.7,3.47,86.87,70.1,IT,Hà Nội,Female
4984,25,34.0,85.7,75.6,5.9,8.0,2.0,62.5,100.0,3.94,98.59,81.25,IT,TP.HCM,Female
4985,19,23.9,,76.3,9.3,8.4,2.3,64.7,68.0,2.83,70.64,66.35,CE,Đà Nẵng,Male
4986,27,26.6,94.0,83.8,6.3,6.5,2.2,50.3,86.2,3.67,91.68,68.23,DS,Cần Thơ,Female
4987,26,25.9,87.1,66.8,,7.0,3.0,44.7,90.7,3.61,90.32,67.7,IT,Đà Nẵng,Female
4988,26,25.0,90.4,100.0,5.9,6.7,1.9,63.5,91.8,3.2,79.91,77.66,DS,TP.HCM,Male
4989,25,16.3,100.0,79.5,4.7,7.9,2.7,46.0,75.9,3.15,78.7,60.93,CS,Hà Nội,Male
4990,27,33.9,76.8,99.3,6.4,7.6,0.1,53.1,88.8,3.35,83.71,70.94,IT,Hà Nội,Female
4991,30,27.4,75.8,54.8,7.5,6.9,3.7,56.1,86.9,3.58,89.48,71.5,SE,TP.HCM,Male
4992,27,28.2,,67.5,1.2,8.2,4.2,57.1,85.1,3.58,89.42,71.09,DS,TP.HCM,Male
4993,18,18.5,93.2,90.3,7.3,7.6,2.8,46.4,81.1,3.46,86.4,63.73,CS,Cần Thơ,Female
4994,19,21.3,90.5,76.6,3.7,6.1,3.6,58.8,78.9,3.33,83.14,68.85,CS,TP.HCM,Male
4995,23,23.6,76.0,63.9,3.0,7.0,1.2,48.3,89.9,3.53,88.35,69.08,AI,TP.HCM,Male
4996,27,12.7,92.6,52.4,7.3,6.8,4.8,42.2,71.6,2.84,71.02,56.93,DS,Hà Nội,Male
4997,22,11.5,73.0,91.0,9.3,5.8,2.8,30.6,70.4,2.9,72.58,50.51,DS,Cần Thơ,Male
4998,29,20.2,76.6,89.8,6.5,6.7,0.1,33.2,65.4,2.78,69.43,49.29,DS,Hà Nội,Male
4999,26,29.2,83.8,83.6,2.6,8.4,4.3,61.2,100.0,3.8,95.05,80.62,AI,Cần Thơ,Male
5000,22,19.8,79.5,72.6,4.3,8.3,3.6,41.8,61.1,2.63,65.74,51.49,CS,Đà Nẵng,Female
5001,19,16.8,93.9,63.3,5.0,8.1,5.3,50.6,81.1,2.88,72.04,65.85,SE,Đà Nẵng,Female
5002,27,18.5,87.9,79.2,6.5,7.9,5.0,66.5,80.9,2.82,70.43,73.68,AI,Huế,Female
5003,21,,100.0,60.3,5.8,7.2,4.5,59.5,86.9,3.15,78.64,73.2,DS,TP.HCM,Female
5004,26,22.2,82.5,68.7,7.2,6.3,3.2,54.2,85.7,3.53,88.31,69.96,CE,Hà Nội,Female
5005,18,42.3,83.8,98.9,8.5,7.7,3.6,72.5,100.0,4.0,100.0,86.25,DS,Cần Thơ,Male
5006,28,33.4,97.1,52.2,6.9,5.0,0.9,80.8,100.0,4.0,100.0,90.41,DS,Huế,Male
5007,18,33.2,84.1,90.2,8.2,6.2,2.1,48.4,93.3,3.62,90.46,70.82,SE,Đà Nẵng,Female
5008,29,34.3,99.9,100.0,5.3,8.3,7.0,64.7,100.0,4.0,100.0,82.37,CE,Huế,Female
5009,24,17.0,90.4,92.2,14.2,6.4,0.0,62.4,79.0,3.03,75.66,70.69,DS,Hà Nội,Male
5010,28,15.2,61.5,86.0,7.4,7.8,3.0,47.9,58.3,2.27,56.69,53.13,AI,Huế,Female
5011,20,16.1,96.8,73.0,7.7,6.6,2.4,60.7,81.7,3.1,77.47,71.16,DS,Huế,Female
5012,27,35.7,94.1,70.3,10.4,7.7,3.8,61.2,83.7,3.48,86.89,72.42,CS,Đà Nẵng,Female
5013,19,20.6,94.5,46.3,6.2,5.2,2.8,45.3,81.7,3.15,78.75,63.46,CE,Huế,Female
5014,26,15.0,65.9,80.6,4.4,8.5,4.3,60.5,76.1,3.12,78.04,68.28,CS,Huế,Male
5015,20,21.6,78.4,74.0,9.3,5.7,2.5,53.5,82.8,3.33,83.26,68.15,CS,Cần Thơ,Female
5016,19,23.1,79.1,69.5,9.4,5.4,3.7,60.4,77.3,3.41,85.3,68.84,CE,Đà Nẵng,Male
5017,29,27.1,76.6,79.7,6.4,8.5,3.0,63.5,71.0,2.85,71.32,67.24,DS,Hà Nội,Female
5018,25,27.0,100.0,80.9,10.4,7.0,2.1,69.9,100.0,4.0,100.0,84.93,CE,TP.HCM,Female
5019,27,,84.9,70.5,5.8,6.6,1.8,53.7,70.3,2.97,74.34,62.01,AI,Hà Nội,Male
5020,23,30.5,84.6,100.0,,8.9,4.4,63.1,82.5,3.08,76.92,72.82,CS,Đà Nẵng,Male
5021,23,19.9,90.5,91.0,9.8,7.9,3.4,57.2,88.5,3.43,85.69,72.85,CS,Huế,Female
5022,27,23.7,90.7,93.4,6.2,6.5,4.0,51.6,71.9,2.82,70.57,61.77,CE,Đà Nẵng,Female
5023,28,30.5,51.7,78.5,7.1,6.8,4.4,63.5,81.8,3.38,84.48,72.62,IT,TP.HCM,Male
5024,24,19.9,78.5,87.7,8.6,8.3,1.7,47.4,88.1,3.68,91.95,67.73,CE,TP.HCM,Male
5025,24,20.4,70.9,66.6,5.1,5.8,2.1,59.3,71.5,2.99,74.76,65.38,SE,Đà Nẵng,Male
5026,28,29.7,89.0,90.0,4.0,8.7,2.0,66.6,86.9,3.32,82.96,76.77,DS,Huế,Female
5027,30,18.1,82.1,76.9,9.3,6.5,4.0,34.4,71.2,2.84,71.09,52.77,DS,TP.HCM,Male
5028,23,21.9,85.2,64.7,6.8,6.0,2.6,60.3,85.6,3.34,83.5,72.93,CE,Hà Nội,Male
5029,21,29.4,64.2,79.7,4.7,8.3,2.8,58.5,71.0,2.91,72.8,64.71,CE,Đà Nẵng,Male
5030,28,41.4,81.9,75.6,6.2,7.9,0.9,78.4,100.0,3.67,91.87,89.18,DS,Đà Nẵng,Female
5031,26,29.8,96.2,100.0,7.3,4.9,3.7,74.8,100.0,4.0,99.88,87.4,CS,Hà Nội,Female
5032,23,28.8,99.1,86.5,2.1,6.9,3.8,62.3,100.0,3.65,91.19,81.14,AI,TP.HCM,Female
5033,21,,92.2,100.0,7.8,5.7,3.3,63.4,92.1,3.47,86.69,77.78,CS,TP.HCM,Male
5034,29,16.4,71.6,97.0,7.0,8.0,2.7,38.4,68.1,3.05,76.23,53.25,AI,Hà Nội,Female
5035,20,25.9,97.6,80.6,10.1,9.1,4.1,57.8,94.0,4.0,100.0,75.93,DS,Cần Thơ,Male
5036,21,24.8,92.2,73.3,5.5,7.6,2.4,69.8,100.0,3.87,96.75,84.91,IT,TP.HCM,Male
5037,20,27.6,83.8,53.9,9.4,6.1,4.6,58.3,86.7,3.57,89.13,72.46,AI,Hà Nội,Male
5038,19,25.9,64.7,66.9,5.9,8.1,3.6,61.1,91.7,3.76,94.1,76.4,SE,Đà Nẵng,Male
5039,22,28.0,94.5,89.9,6.3,6.9,0.6,60.0,87.2,3.76,94.03,73.62,CE,Huế,Female
5040,19,22.5,79.1,75.5,6.7,6.9,2.3,52.9,85.2,3.46,86.41,69.02,CE,Cần Thơ,Male
5041,23,25.5,88.5,85.6,11.2,6.4,3.0,61.7,80.3,3.0,75.07,71.0,IT,Huế,Female
5042,20,15.2,85.7,49.5,2.9,7.1,1.5,27.4,48.6,1.78,44.5,38.0,AI,Cần Thơ,Female
5043,23,,100.0,86.8,,6.9,4.1,59.6,92.2,3.77,94.18,75.91,CS,Huế,Male
5044,28,36.1,83.7,96.4,6.1,4.1,0.0,47.8,100.0,3.63,90.86,73.89,SE,Cần Thơ,Male
5045,27,27.6,84.8,53.4,5.9,7.0,3.7,57.8,90.3,3.27,81.74,74.05,IT,Cần Thơ,Male
5046,26,24.8,100.0,85.6,7.5,6.8,3.5,52.4,85.5,3.59,89.75,68.94,AI,Cần Thơ,Male
5047,18,40.2,78.4,100.0,8.8,7.4,0.0,58.2,100.0,4.0,100.0,79.11,DS,Hà Nội,Female
5048,23,14.1,93.1,100.0,7.3,4.6,2.7,60.6,73.4,2.81,70.25,67.01,SE,Hà Nội,Female
5049,26,16.1,83.0,72.4,9.1,7.6,1.8,57.9,61.1,2.41,60.34,59.54,IT,Đà Nẵng,Male
5050,28,38.7,75.0,91.7,5.4,7.0,4.6,62.6,100.0,3.98,99.6,81.3,AI,Đà Nẵng,Male
5051,21,25.4,85.0,100.0,,7.6,1.2,74.6,100.0,4.0,100.0,87.31,AI,Huế,Male
5052,28,23.1,91.9,86.0,3.5,5.0,3.7,63.5,88.3,3.36,84.0,75.91,IT,Hà Nội,Female
5053,29,15.4,98.5,99.3,11.0,5.5,4.0,50.1,77.9,3.09,77.36,64.01,SE,Hà Nội,Male
5054,19,28.6,99.7,79.5,5.5,4.8,1.9,47.2,84.8,3.55,88.81,66.03,CE,Hà Nội,Female
5055,30,29.4,82.1,85.9,5.3,7.2,4.4,58.6,87.7,3.39,84.82,73.15,CS,Đà Nẵng,Male
5056,21,16.2,75.1,70.7,7.5,6.6,1.9,43.7,69.1,2.77,69.16,56.41,IT,TP.HCM,Female
5057,18,23.9,81.8,77.5,8.8,6.8,4.5,51.7,80.5,3.43,85.68,66.11,CS,Huế,Female
5058,20,22.3,73.2,86.5,4.3,5.3,6.4,55.8,77.2,3.08,77.03,66.5,AI,Cần Thơ,Male
5059,27,27.0,82.8,69.6,9.0,5.5,3.9,53.0,59.5,2.07,51.82,56.25,AI,Đà Nẵng,Female
5060,26,16.0,81.6,76.6,5.2,4.0,3.4,59.2,76.1,2.59,64.72,67.64,CE,Cần Thơ,Male
5061,27,35.0,92.3,91.4,9.6,5.4,1.8,61.1,89.5,3.35,83.78,75.31,SE,Huế,Female
5062,22,32.3,62.9,100.0,4.6,6.2,5.3,51.0,87.1,3.72,92.98,69.04,CS,Hà Nội,Male
5063,28,22.1,77.7,49.3,7.8,6.3,3.8,58.1,88.2,3.47,86.85,73.12,IT,Huế,Male
5064,23,23.3,77.7,100.0,6.1,6.9,1.8,53.9,84.4,3.45,86.16,69.16,AI,Hà Nội,Male
5065,20,23.9,96.9,76.1,3.2,7.9,4.7,63.9,80.3,3.47,86.79,72.09,DS,Cần Thơ,Male
5066,22,18.8,73.9,94.5,2.5,6.2,2.7,51.4,65.9,2.39,59.68,58.68,IT,Đà Nẵng,Female
5067,28,21.5,,97.4,4.1,7.6,3.5,43.8,75.7,3.56,89.01,59.73,SE,Huế,Female
5068,25,22.8,83.7,100.0,8.5,7.9,1.9,57.0,89.3,3.55,88.76,73.13,DS,TP.HCM,Male
5069,23,37.9,95.4,69.1,1.1,8.4,1.1,60.9,100.0,4.0,100.0,80.47,AI,Huế,Female
5070,21,32.6,91.0,76.6,6.8,7.6,1.2,64.2,100.0,3.86,96.47,82.09,AI,Huế,Female
5071,19,32.5,86.2,79.2,6.6,7.1,1.9,57.8,86.4,3.26,81.59,72.11,IT,TP.HCM,Male
5072,26,28.0,79.5,74.6,1.8,5.7,3.3,56.3,95.5,3.83,95.67,75.94,SE,Huế,Female
5073,30,16.1,66.5,99.8,4.0,7.3,2.1,47.3,65.7,2.51,62.67,56.53,AI,Cần Thơ,Male
5074,29,24.7,87.5,78.8,4.0,6.5,1.3,62.1,84.7,3.4,85.11,73.39,AI,Cần Thơ,Female
5075,18,32.8,90.3,55.7,6.1,8.7,1.1,59.0,92.5,3.27,81.86,75.75,DS,Huế,Male
5076,18,14.9,69.3,70.5,,7.1,4.4,25.7,44.0,1.48,37.1,34.82,AI,Hà Nội,Female
5077,30,30.1,72.7,56.3,8.7,6.8,2.3,51.3,93.5,3.64,90.94,72.41,AI,Đà Nẵng,Female
5078,21,43.6,87.5,76.6,5.1,8.7,0.0,71.8,100.0,3.77,94.31,85.91,SE,Đà Nẵng,Male
5079,24,33.5,88.4,90.1,3.9,6.4,2.5,72.2,96.0,4.0,100.0,84.11,SE,Đà Nẵng,Female
5080,18,36.3,75.1,70.2,2.1,7.0,1.9,65.7,100.0,4.0,100.0,82.87,CS,Đà Nẵng,Male
5081,26,26.7,79.3,74.0,5.1,9.4,2.8,64.4,94.4,3.83,95.76,79.42,DS,Hà Nội,Female
5082,21,32.7,66.6,75.9,3.8,7.3,1.6,60.7,75.9,2.82,70.49,68.34,DS,Hà Nội,Male
5083,20,19.3,98.8,82.1,5.9,8.4,4.4,55.9,94.2,3.63,90.76,75.07,SE,Hà Nội,Female
5084,18,31.4,72.0,87.7,6.0,8.8,2.3,57.5,100.0,3.9,97.48,78.75,SE,Huế,Male
5085,27,30.2,90.4,92.1,,6.3,2.2,69.1,98.2,4.0,100.0,83.65,AI,Huế,Female
5086,21,27.3,,100.0,4.9,8.1,2.0,70.5,95.0,3.51,87.87,82.75,DS,Huế,Male
5087,26,35.5,97.9,81.9,4.3,6.6,3.2,59.1,100.0,3.93,98.29,79.55,IT,Đà Nẵng,Male
5088,30,20.7,77.1,91.0,4.7,9.4,3.1,53.8,67.7,2.8,69.92,60.74,IT,Đà Nẵng,Male
5089,27,23.5,85.6,56.2,9.6,8.7,1.9,46.5,75.4,2.55,63.85,60.97,DS,Huế,Male
5090,23,25.8,68.0,74.3,7.3,7.9,2.5,67.1,89.5,3.25,81.15,78.26,CE,Đà Nẵng,Male
5091,23,,65.6,75.9,7.3,8.3,2.1,48.7,76.1,2.77,69.13,62.42,CS,Hà Nội,Female
5092,18,26.8,91.0,64.7,8.5,6.2,3.8,58.6,89.4,3.54,88.48,74.0,CE,Cần Thơ,Female
5093,27,11.2,67.1,72.0,8.3,9.1,0.6,35.0,49.8,1.9,47.55,42.4,DS,Hà Nội,Male
5094,19,33.4,82.7,78.4,9.6,5.9,2.0,60.7,100.0,4.0,100.0,80.37,DS,TP.HCM,Male
5095,28,25.4,95.1,72.4,7.5,7.5,2.2,57.7,88.8,3.11,77.71,73.27,IT,Hà Nội,Male
5096,23,20.8,92.5,100.0,6.5,6.1,4.6,46.4,77.9,3.03,75.79,62.15,CE,Huế,Female
5097,19,18.3,78.4,87.7,4.5,8.0,4.3,51.6,80.5,3.45,86.35,66.05,IT,Hà Nội,Female
5098,20,23.1,69.1,100.0,3.9,9.1,3.1,46.3,85.8,3.12,77.93,66.03,CS,TP.HCM,Male
5099,21,30.5,90.1,100.0,8.2,7.5,1.0,64.7,98.1,3.9,97.48,81.36,CS,TP.HCM,Female
5100,28,29.4,98.4,70.4,5.7,7.4,2.6,54.4,96.7,4.0,100.0,75.53,DS,Hà Nội,Female
5101,22,19.4,78.4,80.6,2.6,6.9,5.3,52.5,82.6,3.58,89.6,67.51,IT,Huế,Male
5102,26,18.2,77.0,73.5,0.8,7.1,2.3,48.8,70.2,2.56,63.89,59.46,SE,Cần Thơ,Male
5103,29,,79.8,77.6,11.4,6.6,2.7,61.9,86.8,3.55,88.64,74.35,AI,Hà Nội,Female
5104,21,19.2,90.7,65.4,3.5,9.0,2.8,54.3,76.3,3.06,76.49,65.28,CS,Đà Nẵng,Female
5105,30,25.5,97.3,73.4,4.3,8.0,1.2,59.4,83.2,3.12,78.06,71.33,SE,Đà Nẵng,Female
5106,28,26.0,72.6,85.4,9.1,6.6,1.3,49.8,71.2,2.6,65.06,60.53,CS,Cần Thơ,Female
5107,26,27.5,70.0,85.0,3.0,7.1,1.3,60.3,100.0,3.75,93.68,80.14,SE,Huế,Male
5108,28,31.9,100.0,83.8,,10.0,2.1,66.1,93.7,4.0,100.0,79.88,SE,Đà Nẵng,Male
5109,27,14.9,,79.1,10.6,7.3,3.2,53.4,74.0,3.19,79.85,63.69,DS,Hà Nội,Female
5110,20,9.7,87.5,92.9,11.3,8.7,2.8,45.2,63.5,2.55,63.86,54.37,SE,TP.HCM,Female
5111,25,20.5,78.1,76.1,4.9,6.3,3.3,50.7,83.6,3.18,79.41,67.17,CE,Cần Thơ,Male
5112,29,39.4,89.9,100.0,6.0,7.6,5.7,60.4,100.0,4.0,100.0,80.22,SE,Hà Nội,Male
5113,18,41.2,94.6,52.3,,6.3,6.4,65.1,100.0,3.76,93.92,82.56,IT,Huế,Male
5114,28,39.6,88.0,89.9,6.0,6.4,2.6,64.4,100.0,4.0,100.0,82.19,SE,Đà Nẵng,Female
5115,26,23.5,100.0,87.3,9.2,8.0,3.9,64.8,92.5,3.87,96.7,78.66,IT,Cần Thơ,Female
5116,26,10.7,81.7,69.9,2.5,5.9,3.5,36.0,65.7,2.6,64.89,50.84,CE,Đà Nẵng,Female
5117,27,6.3,82.4,74.7,7.6,5.6,4.1,32.0,54.8,2.07,51.75,43.38,CS,TP.HCM,Female
5118,19,20.1,87.3,87.0,5.5,7.8,4.1,52.6,82.3,3.19,79.76,67.49,IT,TP.HCM,Male
5119,21,23.4,89.6,93.7,9.4,6.4,1.7,50.3,84.5,3.57,89.36,67.39,IT,Cần Thơ,Male
5120,30,35.4,87.3,53.8,9.3,6.7,5.5,61.8,86.9,3.47,86.65,74.33,CS,Huế,Male
5121,25,31.9,72.2,89.4,5.0,4.8,4.8,56.5,94.1,4.0,100.0,75.27,IT,Cần Thơ,Female
5122,24,26.8,88.1,73.1,5.7,5.5,3.9,53.6,95.6,3.46,86.48,74.61,CE,Cần Thơ,Male
5123,18,17.9,81.3,96.9,8.2,7.3,3.5,44.9,69.9,2.54,63.56,57.39,IT,Huế,Female
5124,22,,79.2,52.4,8.5,6.7,3.1,42.9,67.4,2.71,67.8,55.13,SE,TP.HCM,Male
5125,24,27.0,85.3,100.0,0.0,8.1,2.8,55.3,89.0,3.65,91.22,72.13,IT,Đà Nẵng,Female
5126,21,30.6,75.4,66.7,8.2,5.9,3.7,48.3,100.0,3.99,99.66,74.14,SE,TP.HCM,Female
5127,18,28.1,73.6,100.0,,6.8,2.9,61.7,84.6,3.66,91.59,73.13,DS,Đà Nẵng,Female
5128,26,16.7,58.8,79.0,6.6,7.1,3.1,39.7,66.0,2.45,61.28,52.87,DS,Đà Nẵng,Female
5129,22,30.2,100.0,67.7,8.4,6.8,2.5,66.1,97.5,3.9,97.57,81.77,IT,Cần Thơ,Female
5130,28,28.4,90.6,84.0,9.2,7.7,2.3,54.9,94.5,4.0,99.9,74.71,CS,Cần Thơ,Male
5131,19,16.4,83.8,95.4,6.6,5.7,5.4,57.7,64.5,2.94,73.39,61.08,CS,Cần Thơ,Male
5132,25,18.7,78.3,56.7,8.0,7.6,2.8,51.1,88.1,3.48,87.03,69.58,AI,Đà Nẵng,Female
5133,28,30.5,56.2,90.5,6.0,8.4,2.1,48.2,82.0,3.82,95.47,65.14,CE,Hà Nội,Male
5134,30,,77.7,79.8,5.9,6.0,2.9,72.7,84.7,3.41,85.2,78.73,AI,Đà Nẵng,Male
5135,19,37.7,92.2,88.7,4.3,7.5,0.9,64.0,100.0,4.0,100.0,81.99,CS,Cần Thơ,Male
5136,20,29.0,94.4,80.2,6.4,7.4,4.1,56.7,93.9,3.69,92.21,75.34,SE,Hà Nội,Male
5137,27,21.1,91.4,71.4,10.7,7.7,2.7,50.9,96.2,3.82,95.44,73.54,IT,Hà Nội,Female
5138,18,,86.6,63.3,3.7,7.0,2.2,59.7,99.0,4.0,100.0,79.31,AI,TP.HCM,Female
5139,28,25.5,98.0,90.1,7.5,8.7,2.0,47.9,83.9,3.52,87.98,65.91,IT,Cần Thơ,Female
5140,19,19.2,81.7,90.0,6.8,9.5,0.3,52.7,77.3,3.09,77.24,64.99,IT,Cần Thơ,Male
5141,24,17.7,95.9,89.9,9.7,7.8,5.4,40.0,73.8,2.74,68.54,56.89,SE,Hà Nội,Male
5142,27,30.6,81.2,86.4,10.2,7.4,3.0,59.6,75.3,3.54,88.47,67.46,DS,Cần Thơ,Female
5143,19,31.8,76.2,94.2,3.7,7.0,5.4,68.7,91.8,3.62,90.44,80.25,CS,Đà Nẵng,Female
5144,23,29.8,74.9,100.0,4.6,5.4,2.3,54.5,88.1,3.54,88.42,71.26,CE,Huế,Female
5145,20,37.1,74.4,51.9,4.7,5.3,3.4,70.7,93.1,3.34,83.5,81.89,AI,Huế,Female
5146,21,20.7,91.6,44.9,4.8,5.6,3.8,41.7,89.6,3.47,86.77,65.64,AI,Cần Thơ,Female
5147,28,38.4,77.6,100.0,5.0,7.3,3.4,60.8,89.8,3.77,94.22,75.27,DS,Hà Nội,Female
5148,30,17.8,74.7,59.9,6.9,6.8,2.0,40.4,59.4,2.35,58.67,49.87,CE,Hà Nội,Male
5149,25,16.9,92.1,63.7,,8.8,0.0,65.8,88.1,4.0,100.0,76.94,DS,Huế,Female
5150,20,10.9,88.3,75.7,4.2,4.0,6.1,43.4,66.3,2.71,67.71,54.81,CE,Huế,Male
5151,27,21.4,94.6,55.2,4.0,7.0,1.6,50.4,78.0,3.0,75.06,64.21,AI,Cần Thơ,Female
5152,23,21.0,90.1,74.3,,7.5,6.5,52.3,87.1,3.83,95.69,69.72,CS,TP.HCM,Male
5153,18,29.2,77.5,65.8,5.8,8.1,1.8,58.6,90.2,4.0,100.0,74.39,AI,Hà Nội,Female
5154,24,27.0,85.8,76.5,5.4,7.2,4.8,55.3,100.0,4.0,100.0,77.65,CS,Cần Thơ,Female
5155,25,15.5,86.3,84.2,3.9,7.4,3.6,40.6,53.8,2.18,54.49,47.21,CE,Đà Nẵng,Female
5156,28,21.9,75.8,74.8,2.0,7.2,3.6,62.9,76.7,3.03,75.76,69.78,IT,Hà Nội,Female
5157,25,22.0,74.0,74.1,10.1,7.5,1.8,60.8,93.4,3.41,85.23,77.11,SE,Cần Thơ,Male
5158,20,10.8,78.2,83.9,5.3,7.0,2.1,47.3,67.5,2.77,69.25,57.4,AI,Hà Nội,Female
5159,27,17.2,100.0,95.7,12.8,9.5,2.1,55.0,79.4,3.25,81.36,67.17,IT,TP.HCM,Male
5160,18,18.8,80.9,100.0,7.9,7.7,2.9,52.9,72.0,2.65,66.33,62.45,IT,TP.HCM,Female
5161,26,36.5,97.3,76.7,10.6,7.2,2.4,63.5,100.0,4.0,100.0,81.76,AI,Hà Nội,Male
5162,30,26.5,80.3,100.0,8.5,6.1,1.9,52.7,74.6,3.21,80.24,63.67,CS,Hà Nội,Male
5163,23,30.3,93.9,93.2,6.4,6.6,1.3,73.8,89.1,3.51,87.73,81.45,AI,Đà Nẵng,Female
5164,28,13.0,94.0,61.5,4.5,8.8,1.4,53.6,78.0,3.19,79.64,65.78,SE,Đà Nẵng,Male
5165,26,,94.5,61.1,3.6,4.0,3.3,55.1,100.0,3.6,89.95,77.56,IT,Cần Thơ,Female
5166,24,35.4,88.9,71.3,8.8,7.1,1.4,61.5,100.0,4.0,100.0,80.75,CS,Đà Nẵng,Male
5167,18,9.0,98.8,100.0,6.7,7.0,0.9,50.2,66.0,2.5,62.6,58.09,AI,Cần Thơ,Male
5168,29,19.4,88.8,72.5,,7.6,2.7,55.6,75.6,2.96,74.12,65.6,CE,Cần Thơ,Male
5169,29,29.0,100.0,51.6,8.0,7.3,0.0,65.7,98.1,3.98,99.41,81.9,CS,Đà Nẵng,Female
5170,18,30.2,68.8,76.6,6.9,8.8,2.5,46.8,73.8,2.91,72.85,60.31,CE,Hà Nội,Female
5171,23,19.6,88.5,50.3,4.8,7.1,2.6,55.4,84.7,3.58,89.55,70.05,CS,Huế,Male
5172,22,22.6,,64.2,8.5,6.9,3.3,63.5,83.2,3.25,81.32,73.32,AI,Cần Thơ,Female
5173,26,20.2,75.6,71.2,5.5,8.1,3.0,40.2,69.6,2.67,66.69,54.9,CS,Đà Nẵng,Female
5174,19,25.9,90.8,82.2,6.2,8.8,0.6,71.1,92.6,3.89,97.23,81.82,IT,Đà Nẵng,Female
5175,25,34.6,70.1,95.4,7.8,7.8,2.2,63.9,98.1,3.38,84.42,81.0,CS,Hà Nội,Male
5176,28,18.8,78.5,90.4,5.9,8.2,3.5,51.7,76.2,2.79,69.81,63.95,IT,Hà Nội,Male
5177,22,33.0,65.0,62.3,1.5,6.7,3.1,52.4,100.0,4.0,100.0,76.18,SE,TP.HCM,Male
5178,19,18.7,100.0,74.4,8.6,7.2,1.3,49.3,76.9,3.24,81.05,63.07,IT,TP.HCM,Male
5179,30,18.2,82.7,81.1,9.1,8.8,3.1,48.2,87.5,3.67,91.78,67.89,CE,Đà Nẵng,Female
5180,27,31.5,100.0,76.1,1.4,7.6,3.9,53.0,80.2,2.66,66.62,66.6,AI,Đà Nẵng,Female
5181,28,32.4,93.0,76.0,3.4,6.7,1.0,60.9,100.0,3.9,97.58,80.44,CE,Huế,Male
5182,28,31.8,89.5,54.2,11.1,7.0,0.0,55.6,81.4,3.43,85.69,68.49,CS,Huế,Male
5183,29,14.5,79.1,62.7,6.6,8.2,5.2,52.8,61.1,2.24,55.93,56.96,CE,Hà Nội,Male
5184,23,21.3,74.5,74.0,6.0,8.4,3.0,29.3,58.8,2.3,57.62,44.04,AI,Đà Nẵng,Female
5185,27,31.6,90.2,33.6,4.9,6.0,1.8,60.4,87.0,3.57,89.25,73.68,DS,Đà Nẵng,Female
5186,25,25.3,84.3,89.6,3.4,7.4,1.8,49.4,77.5,3.11,77.84,63.45,CE,Đà Nẵng,Female
5187,21,16.4,71.6,59.4,,7.0,2.7,48.1,85.5,3.52,87.99,66.81,SE,Huế,Male
5188,19,28.7,69.8,90.3,8.4,6.9,4.1,74.6,84.1,3.33,83.23,79.36,AI,Cần Thơ,Female
5189,29,19.3,75.4,89.0,6.0,8.6,0.2,63.3,66.2,2.76,69.03,64.76,CE,Cần Thơ,Male
5190,28,39.4,100.0,71.8,7.5,6.7,1.9,65.8,100.0,4.0,100.0,82.9,DS,TP.HCM,Male
5191,22,37.4,100.0,95.0,10.4,6.3,5.0,66.6,100.0,4.0,100.0,83.31,IT,Cần Thơ,Female
5192,29,29.8,87.0,91.1,4.5,6.0,3.7,54.1,100.0,4.0,100.0,77.07,IT,TP.HCM,Female
5193,19,35.9,86.5,75.4,6.8,6.8,3.6,63.8,99.5,4.0,100.0,81.64,CS,Cần Thơ,Female
5194,19,25.5,81.6,73.7,8.5,6.1,3.1,61.9,68.1,2.63,65.68,65.0,IT,TP.HCM,Male
5195,23,31.1,75.7,96.5,3.7,6.0,3.0,49.8,82.6,3.22,80.42,66.2,IT,Hà Nội,Female
5196,28,36.8,98.8,83.5,6.4,5.9,1.8,79.2,100.0,4.0,100.0,89.59,CS,Hà Nội,Male
5197,27,,100.0,95.7,10.7,6.0,1.7,67.1,86.1,3.84,95.93,76.61,DS,Huế,Male
5198,26,23.0,76.1,44.2,5.1,6.1,3.7,60.2,76.5,3.11,77.67,68.34,AI,Huế,Male
5199,30,11.4,84.2,81.5,8.7,7.5,1.7,49.0,65.7,2.96,74.04,57.34,SE,Đà Nẵng,Female
5200,21,24.3,80.5,56.3,5.6,4.6,2.9,48.5,79.0,3.46,86.38,63.76,CE,Hà Nội,Female
5201,23,31.6,80.8,79.6,10.5,6.2,2.7,68.4,84.5,3.68,91.92,76.44,SE,Huế,Male
5202,24,32.6,,90.7,1.9,6.9,5.8,61.6,100.0,4.0,100.0,80.78,CS,TP.HCM,Female
5203,30,29.0,71.9,100.0,6.2,8.4,2.3,44.9,93.9,3.57,89.13,69.38,DS,Hà Nội,Female
5204,28,20.7,89.7,65.9,,6.7,4.3,54.5,82.4,3.08,77.03,68.49,IT,Hà Nội,Female
5205,23,9.2,92.3,72.1,4.2,6.8,3.6,37.0,70.4,2.64,66.08,53.71,DS,TP.HCM,Male
5206,25,21.0,83.6,78.6,4.2,6.9,2.3,48.8,78.5,3.36,84.07,63.63,CS,TP.HCM,Female
5207,21,22.6,,65.4,5.3,4.8,0.6,61.3,79.0,3.1,77.58,70.14,AI,Hà Nội,Male
5208,29,22.5,86.5,94.7,3.0,7.8,2.4,53.9,83.7,3.23,80.7,68.83,IT,Đà Nẵng,Female
5209,18,29.9,97.2,78.9,5.8,7.7,3.8,61.8,91.6,3.58,89.54,76.69,SE,Hà Nội,Female
5210,24,40.9,69.8,81.8,7.2,8.0,0.7,74.9,96.8,3.97,99.18,85.84,AI,Hà Nội,Female
5211,20,26.0,81.5,89.3,2.2,10.0,3.8,39.8,77.2,2.95,73.73,58.5,IT,Đà Nẵng,Male
5212,23,23.3,84.3,78.9,4.4,5.4,4.5,63.5,91.5,3.56,88.99,77.51,IT,Hà Nội,Female
5213,19,22.9,58.3,67.7,12.4,5.2,2.6,52.0,70.0,2.74,68.48,61.02,AI,TP.HCM,Male
5214,26,26.0,74.1,79.1,6.8,7.8,3.9,55.1,97.2,4.0,100.0,76.17,SE,Cần Thơ,Male
5215,18,18.4,76.9,67.2,1.5,6.6,2.7,50.0,80.1,2.87,71.78,65.05,CE,TP.HCM,Female
5216,23,26.0,94.5,81.6,2.5,5.8,3.4,63.4,86.9,3.48,86.93,75.17,CE,Đà Nẵng,Female
5217,23,28.6,77.9,95.0,6.6,6.7,4.7,65.8,85.1,3.33,83.35,75.49,DS,Đà Nẵng,Female
5218,22,26.7,76.8,62.4,6.3,6.3,0.2,54.8,100.0,4.0,100.0,77.38,DS,Đà Nẵng,Male
5219,30,,93.2,57.0,4.5,9.1,1.4,59.5,90.2,3.58,89.6,74.82,DS,Hà Nội,Female
5220,22,28.5,68.8,80.7,11.5,9.7,4.4,61.2,88.1,3.34,83.47,74.65,DS,Đà Nẵng,Female
5221,18,10.8,64.3,68.5,12.5,5.0,4.7,27.0,54.0,2.59,64.73,40.5,AI,TP.HCM,Female
5222,27,30.1,81.4,80.5,5.3,5.2,0.4,59.0,77.2,3.4,84.95,68.13,DS,TP.HCM,Male
5223,29,19.6,70.5,84.8,8.2,6.1,4.8,54.0,59.2,2.42,60.46,56.63,DS,Đà Nẵng,Female
5224,22,16.2,70.9,47.8,8.3,6.2,0.0,44.1,73.6,3.06,76.58,58.87,IT,Cần Thơ,Male
5225,19,,,90.3,8.6,6.1,3.4,44.7,63.5,2.39,59.76,54.12,DS,Đà Nẵng,Male
5226,24,28.5,93.8,62.5,4.4,6.8,2.8,59.3,92.4,3.74,93.44,75.84,CS,TP.HCM,Female
5227,20,23.2,92.9,79.7,10.8,6.5,1.4,52.0,71.7,3.4,84.97,61.83,DS,Hà Nội,Female
5228,30,11.5,96.1,70.1,5.8,5.4,1.5,46.2,66.9,2.93,73.14,56.59,IT,Huế,Male
5229,21,28.8,97.4,71.7,7.1,5.8,1.5,57.7,95.3,3.6,89.97,76.47,AI,Huế,Female
5230,20,13.5,63.7,100.0,6.0,8.9,2.2,56.4,49.4,2.06,51.38,52.87,CS,Cần Thơ,Male
5231,20,26.1,89.5,84.8,5.7,6.6,5.5,49.5,84.2,3.38,84.57,66.81,IT,TP.HCM,Male
5232,21,26.9,79.7,93.6,6.7,6.5,3.7,63.4,88.6,3.65,91.23,76.01,CE,Đà Nẵng,Male
5233,22,32.1,,82.3,3.0,5.2,4.7,56.3,85.9,3.79,94.83,71.11,AI,TP.HCM,Male
5234,18,39.3,90.6,89.3,1.1,6.4,2.0,70.5,99.1,3.78,94.59,84.81,CE,Hà Nội,Female
5235,21,14.1,67.7,86.3,5.5,8.2,2.8,50.6,62.2,2.45,61.15,56.37,CS,Huế,Male
5236,29,24.6,67.5,83.8,3.8,7.7,0.9,65.0,80.0,2.98,74.41,72.53,IT,Hà Nội,Female
5237,29,22.8,91.3,96.6,7.4,8.0,2.1,58.7,100.0,4.0,100.0,79.37,CS,TP.HCM,Male
5238,28,28.5,89.9,82.3,7.1,5.6,1.7,56.9,89.6,3.6,90.1,73.21,DS,Huế,Male
5239,25,26.7,86.4,100.0,6.0,5.5,3.2,58.5,84.0,3.78,94.44,71.26,CE,Đà Nẵng,Male
5240,27,22.2,76.2,94.4,9.7,8.4,1.4,67.5,82.8,3.14,78.57,75.14,CS,TP.HCM,Female
5241,24,21.5,92.4,62.9,6.0,8.0,1.2,56.2,86.8,3.66,91.38,71.52,CE,Đà Nẵng,Female
5242,26,16.1,91.8,77.4,2.4,6.7,3.1,41.0,73.8,2.43,60.68,57.4,DS,Huế,Female
5243,22,32.9,85.9,86.0,5.4,8.0,2.4,59.7,98.7,4.0,100.0,79.19,DS,TP.HCM,Male
5244,30,28.7,73.2,80.7,8.9,5.6,1.4,54.4,89.7,3.59,89.81,72.04,CS,Huế,Male
5245,27,32.3,80.7,90.3,1.3,5.5,1.2,66.8,84.5,3.41,85.18,75.67,DS,Huế,Female
5246,21,22.5,93.4,92.0,5.8,5.1,1.4,46.7,85.2,3.36,84.06,65.95,DS,TP.HCM,Male
5247,25,19.7,98.3,59.6,,7.4,3.7,50.7,81.9,3.37,84.22,66.3,SE,Cần Thơ,Male
5248,26,16.4,81.7,99.2,12.6,7.3,3.1,51.1,67.1,2.56,64.09,59.1,DS,Hà Nội,Female
5249,30,27.9,82.5,72.5,,6.4,1.4,56.2,88.3,3.56,89.04,72.25,CS,Đà Nẵng,Female
5250,24,,83.4,71.1,6.3,6.1,1.4,50.7,72.3,3.16,79.08,61.52,AI,Huế,Female
5251,24,39.8,,71.0,7.3,9.9,0.8,69.1,100.0,3.92,98.05,84.56,AI,Huế,Male
5252,22,14.5,79.2,92.1,1.3,6.7,1.9,49.4,70.3,2.75,68.81,59.86,CS,TP.HCM,Female
5253,21,27.2,56.1,76.0,3.4,8.7,2.7,46.8,61.2,2.39,59.83,54.04,AI,Đà Nẵng,Female
5254,27,37.5,96.9,70.0,7.6,6.8,1.2,73.7,100.0,4.0,100.0,86.84,DS,Hà Nội,Female
5255,18,29.8,,73.6,6.4,6.4,5.8,58.3,99.6,3.95,98.81,78.95,AI,Cần Thơ,Female
5256,27,26.4,78.9,53.1,6.7,8.7,3.4,56.5,86.2,3.36,84.02,71.4,CE,Huế,Male
5257,27,17.3,74.3,67.4,6.1,7.9,2.5,40.0,60.7,2.47,61.64,50.37,SE,TP.HCM,Female
5258,24,13.9,83.6,61.4,6.0,7.0,2.6,48.3,62.1,2.69,67.37,55.18,CS,Huế,Male
5259,18,31.2,83.1,76.0,6.3,8.4,0.4,62.3,95.5,3.56,88.94,78.86,IT,Huế,Female
5260,18,37.0,95.0,90.0,3.4,10.0,0.7,67.3,100.0,4.0,100.0,83.65,DS,Cần Thơ,Female
5261,22,21.5,85.5,88.3,5.4,6.1,4.5,48.1,87.7,3.58,89.43,67.88,AI,Đà Nẵng,Female
5262,30,15.9,77.1,98.9,2.9,7.6,5.0,56.9,78.0,3.2,79.99,67.47,IT,Cần Thơ,Male
5263,26,5.3,71.8,95.5,4.5,6.5,0.0,44.1,59.2,2.37,59.26,51.66,SE,Cần Thơ,Male
5264,23,17.2,93.7,72.1,9.0,5.9,3.2,50.9,56.0,2.25,56.17,53.44,CE,Hà Nội,Male
5265,20,,91.0,80.3,5.5,5.8,4.6,55.6,79.8,3.33,83.28,67.68,AI,Huế,Male
5266,30,37.8,95.6,79.5,7.5,8.9,2.0,62.1,100.0,3.69,92.25,81.07,SE,Cần Thơ,Male
5267,20,30.4,75.3,47.7,6.3,4.8,4.8,54.4,80.9,3.07,76.87,67.66,DS,Huế,Male
5268,24,27.4,100.0,61.7,5.0,7.6,3.7,71.5,90.3,3.27,81.81,80.88,DS,Đà Nẵng,Female
5269,23,21.8,67.6,77.5,3.5,6.0,3.2,48.8,64.3,2.93,73.37,56.56,CS,TP.HCM,Female
5270,26,20.3,92.1,77.4,5.0,9.1,2.1,74.8,100.0,4.0,100.0,87.4,CS,Huế,Male
5271,23,36.2,65.9,87.7,6.5,6.7,2.6,53.4,79.8,2.76,68.94,66.59,CS,Đà Nẵng,Female
5272,22,26.6,,87.0,7.5,6.6,1.8,59.3,83.9,3.43,85.67,71.57,AI,Đà Nẵng,Male
5273,27,8.2,,53.4,6.3,8.9,2.9,47.8,61.4,2.41,60.33,54.63,DS,Huế,Female
5274,24,,93.3,87.8,7.6,8.1,2.9,54.0,73.4,3.05,76.36,63.68,CE,Hà Nội,Female
5275,18,18.1,79.5,82.7,2.2,7.7,1.8,38.6,72.0,2.95,73.65,55.29,AI,Cần Thơ,Male
5276,29,20.6,79.8,89.4,8.2,8.0,0.0,42.2,80.1,3.17,79.37,61.12,CE,Cần Thơ,Male
5277,24,29.5,86.0,96.0,3.2,5.7,2.2,61.5,82.8,3.3,82.47,72.14,AI,Cần Thơ,Male
5278,20,24.1,90.1,77.9,8.5,7.9,1.0,48.9,83.3,3.54,88.39,66.12,IT,Hà Nội,Female
5279,26,24.4,97.5,98.7,7.3,6.8,0.8,67.0,91.7,3.55,88.74,79.35,CE,Huế,Female
5280,23,35.5,80.4,66.7,1.3,7.4,1.5,62.0,93.9,3.68,92.02,77.98,AI,Cần Thơ,Male
5281,26,19.4,68.9,65.8,7.8,7.6,3.7,51.8,64.2,2.7,67.41,57.99,SE,Huế,Female
5282,30,39.9,86.6,86.4,8.5,5.7,0.8,67.6,100.0,4.0,100.0,83.81,DS,Hà Nội,Male
5283,22,19.6,,74.5,9.1,7.7,1.2,51.3,67.6,2.76,69.07,59.44,AI,TP.HCM,Female
5284,24,25.7,72.0,83.9,4.1,6.8,3.6,66.5,75.0,2.9,72.58,70.74,AI,Hà Nội,Male
5285,30,,88.0,100.0,6.4,5.5,1.4,63.4,95.2,3.47,86.8,79.28,CS,Hà Nội,Female
5286,21,26.0,82.9,85.9,,6.8,0.8,58.1,88.0,3.2,79.88,73.06,CS,Đà Nẵng,Male
5287,24,28.6,88.1,83.2,7.8,7.0,3.7,64.7,83.1,3.29,82.13,73.92,SE,TP.HCM,Male
5288,30,28.5,76.1,67.0,7.0,7.7,2.3,66.6,89.4,3.61,90.28,78.0,AI,Đà Nẵng,Male
5289,18,19.0,89.9,54.5,4.9,4.1,2.6,48.2,71.4,2.78,69.59,59.79,CE,Đà Nẵng,Female
5290,24,16.0,71.8,78.9,8.5,7.5,2.2,36.1,74.9,2.78,69.62,55.5,IT,Huế,Female
5291,25,45.0,76.7,96.0,8.5,6.4,3.1,74.4,100.0,3.76,93.97,87.21,CS,Cần Thơ,Male
5292,22,21.1,82.6,75.2,5.6,8.0,3.5,62.6,86.2,3.48,87.05,74.41,CS,Cần Thơ,Female
5293,19,30.6,100.0,86.0,4.0,7.0,2.3,50.1,92.8,3.98,99.59,71.45,DS,Đà Nẵng,Female
5294,22,12.1,92.8,100.0,4.2,6.6,0.3,43.5,80.0,3.05,76.29,61.75,CE,Hà Nội,Male
5295,23,22.8,95.8,100.0,9.4,6.8,2.9,54.6,86.4,3.45,86.24,70.5,AI,Huế,Male
5296,29,24.0,99.2,86.4,8.4,7.4,2.0,50.5,95.0,3.66,91.44,72.74,CS,Đà Nẵng,Male
5297,19,28.8,100.0,82.6,5.9,8.1,3.8,60.5,99.1,4.0,100.0,79.78,AI,Huế,Male
5298,23,3.2,85.4,57.2,5.5,5.9,1.2,31.9,47.1,1.86,46.52,39.51,IT,Hà Nội,Male
5299,23,26.3,99.2,70.5,1.6,6.6,2.0,57.2,91.0,3.84,95.96,74.13,SE,Hà Nội,Female
5300,18,15.8,95.1,75.8,5.8,8.8,0.3,56.4,76.7,3.09,77.27,66.52,DS,Hà Nội,Male
5301,18,27.6,95.0,67.2,3.0,6.6,3.7,44.4,80.9,3.26,81.52,62.67,IT,Huế,Male
5302,28,16.7,100.0,83.7,6.4,7.4,4.3,44.6,66.3,2.48,62.06,55.49,AI,TP.HCM,Female
5303,27,18.2,80.8,100.0,9.0,5.5,1.8,61.2,89.1,3.4,84.88,75.15,AI,Hà Nội,Female
5304,20,22.8,80.0,100.0,3.5,4.9,2.2,47.9,61.1,2.54,63.41,54.52,AI,TP.HCM,Female
5305,27,16.6,88.2,83.7,6.6,5.8,1.3,31.2,77.4,3.14,78.59,54.31,CS,Đà Nẵng,Male
5306,27,21.2,83.2,91.7,8.5,6.2,1.4,54.7,69.0,3.16,79.07,61.83,SE,TP.HCM,Female
5307,29,15.5,88.2,69.1,6.6,8.2,3.5,49.3,76.4,2.84,70.95,62.85,DS,Huế,Male
5308,20,10.3,100.0,100.0,4.7,8.4,1.7,48.9,65.7,2.83,70.66,57.28,SE,TP.HCM,Male
5309,21,33.1,80.2,56.6,6.0,4.7,3.2,62.3,81.2,3.27,81.81,71.74,AI,Huế,Male
5310,19,14.6,82.0,93.7,8.4,6.4,2.5,57.8,82.2,3.09,77.36,70.02,CS,Cần Thơ,Female
5311,26,23.6,86.7,87.4,6.7,7.8,3.6,50.4,61.8,1.94,48.46,56.13,SE,Hà Nội,Female
5312,27,31.0,82.7,68.7,6.0,6.9,1.9,60.0,98.7,3.82,95.55,79.35,CS,TP.HCM,Male
5313,29,,65.9,76.9,8.9,8.8,4.1,46.7,70.3,2.71,67.78,58.51,CS,Hà Nội,Female
5314,28,18.4,79.2,63.0,7.3,7.8,5.3,55.8,83.1,3.22,80.55,69.43,IT,Đà Nẵng,Female
5315,24,26.8,91.9,63.6,3.0,6.7,0.0,64.7,98.0,4.0,100.0,81.34,CS,TP.HCM,Male
5316,24,33.9,99.4,56.1,,6.8,2.4,68.2,100.0,3.91,97.71,84.08,DS,Cần Thơ,Female
5317,23,15.6,73.5,91.5,,6.9,2.4,63.9,81.3,3.31,82.65,72.59,AI,Đà Nẵng,Female
5318,20,23.8,73.4,98.1,2.9,6.0,1.4,58.0,87.7,3.23,80.71,72.84,AI,Cần Thơ,Female
5319,23,11.1,85.3,47.6,0.3,8.1,3.1,55.6,72.7,2.99,74.69,64.15,SE,Đà Nẵng,Female
5320,29,21.9,64.2,100.0,3.4,7.9,4.2,44.4,67.1,2.43,60.64,55.76,CS,Huế,Female
5321,25,25.3,80.6,79.8,5.7,7.5,0.0,50.8,80.5,3.35,83.83,65.63,AI,Huế,Female
5322,25,18.2,67.6,84.3,8.5,7.3,0.0,63.6,76.6,3.26,81.41,70.1,SE,Huế,Male
5323,28,21.3,,57.9,3.8,5.8,5.0,45.7,77.7,2.81,70.23,61.69,AI,Hà Nội,Male
5324,30,13.7,77.3,99.8,7.4,7.6,2.1,52.7,86.2,3.83,95.82,69.43,CS,Huế,Male
5325,26,25.6,100.0,83.0,0.0,7.2,2.6,68.9,94.2,3.68,91.97,81.55,IT,Hà Nội,Male
5326,18,33.4,96.1,97.1,6.5,9.4,0.9,73.3,95.5,3.89,97.3,84.41,AI,TP.HCM,Female
5327,18,16.2,78.5,98.3,5.0,5.4,2.6,37.0,64.5,2.73,68.29,50.72,IT,Đà Nẵng,Male
5328,20,20.0,74.3,100.0,11.2,6.1,4.6,48.5,65.6,2.49,62.27,57.08,DS,Cần Thơ,Female
5329,20,29.0,83.1,70.3,1.3,5.1,3.2,63.9,100.0,3.86,96.5,81.95,DS,Đà Nẵng,Female
5330,27,34.7,84.0,76.9,6.0,6.7,2.8,69.2,100.0,3.92,97.88,84.59,DS,Đà Nẵng,Female
5331,25,,88.5,70.8,1.3,4.9,0.0,48.0,75.2,3.1,77.46,61.58,SE,TP.HCM,Male
5332,27,23.6,77.2,93.4,4.6,8.4,3.6,49.1,81.9,3.39,84.78,65.48,DS,Huế,Female
5333,18,27.3,92.5,85.0,1.7,8.3,2.5,57.3,97.4,4.0,100.0,77.36,CS,Hà Nội,Female
5334,30,24.2,87.7,96.0,,6.8,1.6,51.6,85.0,3.65,91.2,68.32,SE,Đà Nẵng,Male
5335,19,5.2,81.6,96.7,,5.8,3.5,31.8,48.7,2.19,54.83,40.24,CS,Đà Nẵng,Female
5336,19,29.0,77.9,54.1,5.5,5.2,1.2,56.2,87.8,3.69,92.13,71.98,CS,Đà Nẵng,Male
5337,20,37.2,83.2,100.0,5.9,6.2,3.3,79.2,96.7,4.0,100.0,87.95,CS,Cần Thơ,Male
5338,30,25.9,76.8,94.3,3.2,7.8,4.3,53.9,80.6,3.14,78.62,67.26,SE,Hà Nội,Male
5339,23,16.8,85.6,74.5,8.6,6.1,2.7,39.1,83.3,3.22,80.49,61.16,IT,Đà Nẵng,Female
5340,18,20.9,,85.2,7.6,9.3,1.9,50.9,84.4,3.07,76.69,67.63,CS,Cần Thơ,Female
5341,19,39.2,87.6,78.1,8.3,8.8,1.6,80.5,100.0,4.0,100.0,90.24,CE,TP.HCM,Female
5342,30,32.3,100.0,89.2,3.0,7.0,3.1,52.3,100.0,4.0,100.0,76.13,CS,Huế,Male
5343,30,30.1,83.7,74.4,8.8,6.4,1.9,60.1,86.9,3.54,88.53,73.5,CS,TP.HCM,Female
5344,18,27.9,95.0,87.2,8.5,6.3,6.0,65.7,96.3,3.29,82.28,81.01,IT,Hà Nội,Female
5345,22,19.7,87.3,81.0,,8.9,0.4,44.3,73.1,2.79,69.77,58.69,DS,Đà Nẵng,Female
5346,30,23.4,,73.5,8.2,6.2,2.3,56.4,80.7,3.42,85.61,68.55,DS,Đà Nẵng,Male
5347,30,24.4,83.8,82.9,,8.1,2.9,49.0,83.8,3.42,85.49,66.42,AI,Cần Thơ,Male
5348,24,29.4,84.4,100.0,2.0,7.0,2.7,50.5,91.7,3.53,88.35,71.09,CE,Đà Nẵng,Female
5349,25,37.1,87.8,69.7,5.5,7.9,1.7,70.6,100.0,3.98,99.41,85.32,SE,Đà Nẵng,Female
5350,27,33.9,75.4,76.3,4.8,6.0,4.3,75.4,92.1,4.0,100.0,83.8,SE,Đà Nẵng,Female
5351,18,13.6,70.3,70.0,6.2,6.6,3.5,42.9,76.9,3.03,75.7,59.88,IT,Huế,Female
5352,24,26.8,91.5,71.6,8.6,7.0,3.6,63.2,91.9,3.7,92.54,77.56,IT,Huế,Male
5353,30,30.9,94.0,92.2,1.9,6.2,1.5,65.9,89.8,3.59,89.76,77.84,IT,Hà Nội,Male
5354,22,30.0,92.5,90.7,4.9,8.5,1.9,62.6,87.0,3.52,88.03,74.81,AI,Hà Nội,Male
5355,27,20.0,86.5,79.9,3.9,6.1,3.2,47.8,92.0,3.92,98.02,69.9,DS,Huế,Male
5356,18,48.3,92.7,95.4,4.1,6.3,0.8,67.5,100.0,4.0,100.0,83.77,SE,Huế,Male
5357,20,14.8,92.1,91.9,3.9,8.6,3.5,43.9,73.1,3.22,80.5,58.52,AI,TP.HCM,Female
5358,24,,,77.6,6.2,8.4,2.3,49.8,70.2,2.85,71.32,60.0,CE,Hà Nội,Male
5359,27,26.9,,57.0,7.3,8.9,4.1,53.5,85.3,3.65,91.26,69.38,CS,Cần Thơ,Female
5360,18,41.9,74.0,92.4,6.9,4.7,1.9,58.9,98.9,3.66,91.44,78.92,DS,Huế,Female
5361,24,18.3,81.1,82.5,6.5,7.2,5.2,49.4,77.2,3.09,77.15,63.3,AI,Huế,Male
5362,22,22.9,84.8,80.3,7.6,7.1,3.1,50.1,82.5,3.16,79.02,66.32,DS,Đà Nẵng,Female
5363,18,33.6,82.6,73.0,12.0,6.3,3.3,66.8,97.2,3.77,94.37,82.0,CS,Hà Nội,Female
5364,18,24.9,66.2,91.2,6.3,7.4,1.5,50.6,76.4,3.25,81.16,63.5,SE,Huế,Female
5365,18,,100.0,85.2,8.6,6.6,2.9,63.1,87.2,3.76,93.99,75.11,CS,Hà Nội,Male
5366,28,29.5,82.3,76.4,8.4,7.2,1.7,61.2,98.7,3.68,92.07,79.96,AI,Đà Nẵng,Male
5367,26,27.2,86.7,61.6,10.4,10.0,0.2,54.7,86.2,3.41,85.3,70.43,CS,Hà Nội,Female
5368,28,33.2,97.4,96.0,7.4,7.4,2.2,63.3,100.0,3.87,96.74,81.66,CE,Hà Nội,Male
5369,30,35.3,61.6,89.1,3.9,7.4,4.2,59.7,100.0,4.0,100.0,79.86,CE,Hà Nội,Female
5370,20,27.5,79.9,83.8,6.8,8.0,2.4,58.8,83.9,3.58,89.51,71.38,IT,Hà Nội,Female
5371,30,27.3,81.1,40.1,,7.2,2.1,60.4,85.1,3.86,96.39,72.72,AI,Cần Thơ,Female
5372,22,26.7,81.6,79.4,8.0,5.7,2.0,53.9,84.4,3.62,90.42,69.17,CE,Hà Nội,Female
5373,28,28.9,83.3,76.4,,5.0,5.9,57.4,82.8,3.54,88.57,70.12,IT,Cần Thơ,Female
5374,27,25.4,99.5,70.7,9.2,7.0,3.4,59.9,97.6,3.7,92.55,78.71,AI,Huế,Female
5375,29,,91.7,91.3,6.0,6.7,0.1,35.3,88.6,3.41,85.21,61.96,CS,Huế,Female
5376,26,34.6,94.6,90.7,8.1,4.6,1.7,69.3,100.0,4.0,100.0,84.63,SE,Cần Thơ,Female
5377,23,37.1,85.5,86.6,6.8,9.0,1.9,58.5,97.7,4.0,100.0,78.08,IT,Huế,Female
5378,29,,71.0,95.6,6.3,7.1,1.4,43.2,60.6,2.44,61.0,51.9,CE,TP.HCM,Male
5379,26,25.1,64.2,64.7,,8.7,2.6,48.4,59.5,2.67,66.64,53.92,CS,Đà Nẵng,Male
5380,25,19.5,69.7,73.2,,4.3,1.6,55.7,68.9,2.67,66.79,62.28,IT,Đà Nẵng,Male
5381,25,22.5,88.6,81.1,10.9,8.8,1.7,62.9,78.5,3.14,78.39,70.69,AI,Đà Nẵng,Female
5382,18,,85.3,70.7,1.0,6.4,2.7,58.1,80.2,3.2,80.1,69.16,AI,Đà Nẵng,Male
5383,30,30.4,82.9,90.9,7.4,8.5,0.2,59.5,88.1,3.43,85.63,73.77,SE,Huế,Male
5384,26,24.1,81.3,72.2,6.1,7.3,0.0,55.0,80.4,3.36,83.88,67.71,DS,Đà Nẵng,Male
5385,23,9.7,100.0,99.5,5.6,7.5,4.4,47.2,68.0,2.46,61.55,57.58,CS,Hà Nội,Female
5386,26,17.3,76.8,66.0,0.1,7.5,3.8,57.0,84.6,3.02,75.44,70.78,CE,Cần Thơ,Male
5387,20,32.2,94.3,100.0,7.5,6.5,3.1,85.8,100.0,3.95,98.69,92.92,CE,Huế,Female
5388,29,3.1,85.0,100.0,5.7,6.2,3.0,38.8,44.5,1.89,47.26,41.64,DS,Đà Nẵng,Male
5389,20,34.5,84.4,78.6,3.9,6.6,2.2,67.8,100.0,3.85,96.2,83.9,AI,Huế,Female
5390,23,29.2,96.8,97.2,6.1,5.2,7.0,55.0,84.6,3.85,96.26,69.83,IT,Đà Nẵng,Male
5391,26,35.5,99.6,74.0,5.3,6.4,2.8,60.9,100.0,4.0,99.99,80.46,CE,TP.HCM,Male
5392,24,23.4,82.6,95.2,1.6,6.2,6.4,47.3,88.0,3.54,88.4,67.66,DS,TP.HCM,Male
5393,30,8.5,93.0,77.4,6.2,5.2,5.6,55.4,63.8,2.35,58.83,59.61,CE,Huế,Female
5394,20,28.4,88.6,60.7,7.5,7.6,3.2,64.9,85.0,3.53,88.13,74.94,CE,TP.HCM,Male
5395,20,35.2,,27.0,4.6,7.0,2.2,61.3,98.5,4.0,100.0,79.89,CE,Hà Nội,Male
5396,19,32.4,87.0,76.0,6.7,7.3,2.5,64.0,100.0,4.0,100.0,81.98,SE,Hà Nội,Female
5397,26,19.7,78.1,84.2,6.3,7.8,1.9,57.2,93.5,3.8,95.03,75.35,IT,Cần Thơ,Female
5398,30,25.7,81.9,100.0,8.6,6.7,3.2,65.5,83.2,3.38,84.39,74.35,CS,TP.HCM,Female
5399,20,20.7,79.2,80.5,5.7,5.9,3.5,55.5,78.8,2.97,74.25,67.13,AI,Huế,Male
5400,28,18.4,94.0,95.0,8.0,7.4,0.7,53.6,81.9,3.57,89.16,67.79,AI,Huế,Male
5401,22,32.6,84.0,73.2,5.2,3.5,6.4,72.0,86.6,3.4,85.06,79.3,CE,TP.HCM,Male
5402,26,15.4,72.0,74.9,10.9,6.9,1.3,39.1,52.0,2.43,60.63,45.55,IT,Cần Thơ,Female
5403,25,17.8,77.8,95.8,4.9,7.9,0.0,35.6,69.8,2.55,63.78,52.73,IT,Đà Nẵng,Male
5404,19,16.2,53.0,43.0,4.3,8.3,2.4,54.5,61.8,2.65,66.3,58.13,IT,Đà Nẵng,Female
5405,20,13.1,80.1,80.2,5.7,6.4,0.8,43.4,54.3,2.21,55.27,48.89,CS,Đà Nẵng,Female
5406,19,26.2,85.4,74.0,4.2,4.3,2.4,67.5,96.2,3.86,96.62,81.81,SE,Cần Thơ,Male
5407,25,34.3,83.6,100.0,2.9,3.8,2.6,77.7,100.0,3.88,97.04,88.83,CS,TP.HCM,Male
5408,23,23.5,100.0,72.1,7.8,7.8,3.2,71.5,93.6,3.88,96.98,82.59,DS,Huế,Female
5409,23,13.0,90.7,87.7,0.0,6.6,4.0,25.7,51.8,2.18,54.48,38.77,DS,Cần Thơ,Female
5410,29,31.7,,93.8,,9.4,1.0,68.3,85.4,3.77,94.31,76.86,CE,Cần Thơ,Male
5411,26,38.5,68.6,57.6,2.6,5.3,2.0,60.3,91.7,3.8,95.01,76.0,DS,Hà Nội,Male
5412,25,19.8,81.4,77.9,6.4,7.4,3.5,47.2,74.4,2.9,72.38,60.8,AI,Hà Nội,Female
5413,21,21.2,80.1,73.5,0.5,9.0,1.5,55.7,73.5,2.85,71.33,64.58,DS,TP.HCM,Female
5414,29,29.1,77.1,94.2,7.4,7.2,0.0,53.7,77.9,3.18,79.51,65.8,SE,Huế,Male
5415,21,38.0,77.0,90.1,7.6,5.1,3.4,70.7,99.1,4.0,100.0,84.89,SE,Đà Nẵng,Male
5416,26,20.8,66.9,76.5,1.9,10.0,1.7,60.6,77.0,3.16,78.95,68.8,CS,Đà Nẵng,Female
5417,18,14.3,,64.3,6.5,8.9,1.6,45.1,76.3,3.26,81.44,60.7,CE,Đà Nẵng,Male
5418,30,30.1,93.7,95.6,7.3,6.7,2.7,64.3,97.3,3.95,98.77,80.79,AI,Đà Nẵng,Female
5419,19,31.4,,79.0,8.4,8.0,2.5,57.6,80.2,2.83,70.78,68.91,CE,TP.HCM,Male
5420,19,25.0,79.9,55.7,,8.0,4.0,59.3,67.9,2.81,70.15,63.58,SE,TP.HCM,Female
5421,30,20.5,84.9,57.0,,7.8,0.6,63.8,63.8,2.51,62.8,63.77,AI,Hà Nội,Female
5422,30,33.0,96.7,86.6,,5.3,5.9,67.3,100.0,4.0,100.0,83.65,AI,Đà Nẵng,Male
5423,23,29.2,85.0,60.9,3.9,7.4,0.4,58.8,82.6,3.64,90.9,70.71,SE,Đà Nẵng,Male
5424,21,18.9,90.4,100.0,4.7,8.8,1.9,62.5,86.3,3.81,95.3,74.4,SE,Huế,Female
5425,30,25.4,76.5,65.9,7.6,7.6,1.2,52.5,91.0,3.6,90.1,71.72,SE,Đà Nẵng,Male
5426,28,14.2,78.8,80.0,3.1,7.5,2.6,44.6,71.0,2.75,68.67,57.82,SE,TP.HCM,Male
5427,27,30.5,88.5,82.4,5.3,6.4,2.5,56.2,90.0,3.54,88.39,73.08,CE,Hà Nội,Female
5428,30,22.9,100.0,69.1,8.2,5.9,2.7,45.4,97.3,3.87,96.74,71.37,CE,Cần Thơ,Female
5429,20,21.5,99.3,46.4,2.4,5.1,2.9,49.6,78.7,3.18,79.56,64.16,IT,Đà Nẵng,Male
5430,20,24.7,90.8,82.9,4.7,7.9,4.5,57.6,78.9,2.97,74.32,68.26,DS,Đà Nẵng,Male
5431,20,25.3,86.5,68.7,3.2,6.7,2.7,58.7,89.1,3.57,89.24,73.91,IT,Cần Thơ,Female
5432,23,32.2,99.0,81.7,4.1,5.4,4.6,56.7,100.0,3.59,89.84,78.36,CE,Cần Thơ,Male
5433,25,29.7,92.9,78.2,9.0,8.2,0.0,57.4,72.9,3.34,83.62,65.14,CS,Huế,Female
5434,28,23.7,62.1,83.9,9.5,6.3,0.0,37.9,78.8,3.11,77.65,58.36,IT,TP.HCM,Female
5435,24,31.1,74.5,100.0,6.6,6.0,2.7,75.9,83.1,3.24,80.98,79.51,CS,Đà Nẵng,Male
5436,21,28.2,88.4,71.8,7.3,6.4,3.0,70.4,78.4,3.24,81.12,74.4,IT,Cần Thơ,Male
5437,28,21.6,67.1,73.0,7.3,6.8,1.7,45.9,69.0,2.93,73.17,57.44,CS,Hà Nội,Male
5438,29,24.0,76.0,55.0,4.3,7.5,2.5,55.4,72.1,2.48,61.99,63.79,CE,Cần Thơ,Male
5439,21,23.8,78.0,77.1,6.6,5.9,4.1,48.0,80.9,3.1,77.44,64.42,DS,Cần Thơ,Female
5440,28,29.0,82.4,86.1,,8.2,3.5,66.8,95.2,4.0,100.0,81.02,DS,TP.HCM,Male
5441,27,22.1,82.1,72.7,3.6,7.6,2.0,58.7,84.3,3.54,88.62,71.47,DS,Đà Nẵng,Male
5442,28,21.9,82.1,86.2,5.8,6.4,2.8,43.9,85.2,3.17,79.34,64.53,SE,Cần Thơ,Male
5443,28,40.8,93.3,77.3,3.3,6.8,3.6,62.2,100.0,4.0,100.0,81.12,AI,Cần Thơ,Female
5444,28,32.5,82.3,60.5,2.8,6.5,0.7,61.2,97.7,4.0,100.0,79.46,CS,Đà Nẵng,Female
5445,19,18.9,81.2,84.7,4.2,7.1,1.3,61.7,66.1,2.48,62.06,63.92,CS,TP.HCM,Male
5446,18,29.6,,76.9,8.9,8.8,3.9,55.1,92.5,3.7,92.5,73.79,CE,Đà Nẵng,Male
5447,26,25.9,95.2,81.8,,6.5,0.0,68.6,90.5,3.28,82.02,79.54,SE,TP.HCM,Female
5448,29,28.1,78.3,71.5,5.9,7.2,0.9,60.2,86.0,3.6,90.03,73.07,DS,Huế,Female
5449,29,26.1,74.1,70.2,7.5,6.2,0.7,49.4,77.8,3.42,85.49,63.62,CE,Đà Nẵng,Female
5450,19,34.5,87.1,82.4,4.6,7.6,3.9,60.8,96.5,3.79,94.78,78.65,CE,Huế,Male
5451,30,27.8,77.3,76.5,0.8,7.3,0.9,62.2,85.4,3.41,85.36,73.78,CS,TP.HCM,Male
5452,25,24.5,79.7,100.0,3.8,8.6,3.7,61.6,67.1,2.77,69.22,64.38,DS,Cần Thơ,Male
5453,26,33.3,87.6,92.0,5.2,6.0,2.0,70.1,100.0,3.95,98.87,85.06,DS,Hà Nội,Female
5454,21,26.9,81.7,88.2,6.4,7.8,5.2,59.0,80.9,2.82,70.59,69.97,IT,TP.HCM,Female
5455,25,26.0,100.0,77.3,5.7,8.5,2.7,62.8,89.9,3.81,95.29,76.36,DS,Cần Thơ,Female
5456,26,27.5,84.3,49.6,5.3,6.5,4.1,75.2,92.8,3.95,98.87,84.02,CS,Hà Nội,Male
5457,27,24.3,91.2,67.9,,6.8,3.2,74.9,97.2,4.0,100.0,86.08,CE,Huế,Female
5458,27,25.1,65.6,70.3,6.9,7.2,1.8,54.0,74.4,3.25,81.35,64.18,DS,Cần Thơ,Female
5459,22,20.3,76.4,75.9,2.6,6.7,2.5,38.4,78.4,3.11,77.75,58.42,DS,Đà Nẵng,Female
5460,30,19.0,74.1,79.5,8.0,7.2,2.5,51.3,87.9,3.6,90.12,69.62,AI,Đà Nẵng,Male
5461,24,17.0,75.5,89.8,4.5,7.8,1.8,49.9,83.9,3.21,80.37,66.91,DS,Đà Nẵng,Female
5462,27,13.9,89.2,84.1,11.2,6.9,3.8,39.3,68.6,2.57,64.22,53.95,CE,Cần Thơ,Male
5463,21,18.0,95.4,97.4,5.2,6.9,6.3,53.7,73.4,2.67,66.84,63.53,SE,TP.HCM,Female
5464,18,23.6,88.4,75.3,4.8,7.3,2.7,48.1,76.1,3.11,77.85,62.13,DS,Huế,Female
5465,20,25.8,82.7,83.9,4.6,6.5,3.6,59.6,83.0,3.34,83.48,71.32,DS,Cần Thơ,Male
5466,22,22.8,78.7,85.2,4.8,6.6,3.3,58.4,74.3,3.19,79.77,66.33,CE,Hà Nội,Male
5467,20,6.2,96.1,83.7,7.5,5.9,0.0,48.0,68.1,2.38,59.43,58.06,AI,Cần Thơ,Female
5468,29,37.6,100.0,99.2,5.9,6.9,3.2,75.6,100.0,4.0,100.0,87.81,SE,Cần Thơ,Female
5469,30,33.7,86.4,92.1,8.5,7.5,3.2,66.7,98.6,4.0,100.0,82.66,SE,Huế,Male
5470,28,28.6,94.4,60.2,7.2,6.7,0.6,66.5,93.7,3.77,94.28,80.09,IT,TP.HCM,Female
5471,24,40.3,88.4,78.3,,6.1,0.0,78.1,100.0,4.0,100.0,89.07,CE,TP.HCM,Female
5472,29,17.2,92.6,79.8,6.9,6.9,3.1,48.5,77.2,3.55,88.87,62.8,DS,TP.HCM,Male
5473,26,40.1,73.4,100.0,9.0,7.5,5.0,65.0,97.8,4.0,100.0,81.4,IT,TP.HCM,Male
5474,29,17.3,80.1,75.1,7.6,7.2,1.9,47.3,70.2,2.52,63.07,58.75,CE,Huế,Female
5475,23,26.9,89.0,65.3,6.7,9.7,2.0,52.9,85.7,3.36,84.11,69.3,CS,Hà Nội,Female
5476,30,14.8,97.1,86.6,7.1,6.2,6.0,48.4,78.4,3.21,80.18,63.41,CS,Cần Thơ,Female
5477,27,25.1,76.8,87.5,3.1,6.8,3.8,61.6,77.9,3.1,77.62,69.78,AI,Đà Nẵng,Female
5478,18,28.1,64.7,78.9,12.4,7.9,0.7,61.2,80.9,3.5,87.43,71.04,IT,TP.HCM,Female
5479,24,23.8,80.0,76.7,7.3,6.2,1.4,42.1,61.4,2.45,61.26,51.74,CS,Huế,Male
5480,20,30.7,95.1,94.2,7.6,9.3,5.8,75.2,92.0,3.67,91.7,83.61,AI,Cần Thơ,Female
5481,22,25.8,69.2,67.2,5.9,7.0,1.5,61.1,81.2,3.47,86.63,71.14,CS,TP.HCM,Male
5482,27,20.8,73.2,74.9,0.3,7.7,1.7,53.3,72.2,2.61,65.15,62.75,IT,TP.HCM,Female
5483,21,20.5,86.6,72.2,5.3,7.0,3.5,43.0,58.9,2.45,61.36,50.95,IT,Cần Thơ,Female
5484,27,31.5,83.8,96.4,6.2,8.2,2.1,52.3,94.3,3.64,91.12,73.29,CE,Huế,Female
5485,22,19.8,90.9,84.3,3.9,5.7,3.2,64.7,76.9,3.23,80.81,70.84,AI,TP.HCM,Male
5486,22,32.3,72.7,64.0,3.9,8.9,2.9,67.7,80.6,3.15,78.77,74.14,IT,Hà Nội,Female
5487,23,34.8,81.8,65.5,5.2,7.3,2.3,71.8,100.0,4.0,100.0,85.91,DS,Cần Thơ,Female
5488,27,11.7,97.0,100.0,7.9,7.8,4.3,47.3,76.2,2.94,73.46,61.74,IT,Cần Thơ,Female
5489,29,34.1,73.1,96.2,9.1,6.1,0.6,71.3,78.2,2.73,68.34,74.77,CE,Huế,Female
5490,27,41.5,99.8,92.6,6.4,7.4,2.7,60.8,100.0,4.0,100.0,80.4,DS,Huế,Male
5491,30,27.0,74.3,80.2,4.6,5.8,1.6,47.2,78.7,2.89,72.17,62.91,SE,TP.HCM,Female
5492,30,29.8,93.5,100.0,5.1,8.4,5.0,68.9,94.9,4.0,100.0,81.9,AI,Cần Thơ,Female
5493,28,,81.3,63.4,6.2,5.5,2.2,55.3,83.5,3.45,86.31,69.38,AI,Cần Thơ,Female
5494,23,22.8,73.6,91.3,,7.2,5.4,52.8,75.4,3.16,79.04,64.12,CE,Cần Thơ,Female
5495,25,26.5,80.0,73.4,7.1,6.5,1.9,43.5,79.2,3.11,77.82,61.39,CE,Cần Thơ,Female
5496,25,14.5,90.4,76.3,4.9,5.1,2.7,28.1,81.5,3.26,81.44,54.82,CS,Huế,Male
5497,28,26.1,84.9,90.9,7.3,5.9,4.1,49.7,87.0,3.01,75.17,68.33,CE,Huế,Male
5498,26,29.0,96.2,77.8,7.1,7.5,1.1,58.3,93.7,3.83,95.69,76.03,SE,Huế,Male
5499,25,29.1,99.4,73.5,5.0,5.9,4.8,54.8,100.0,3.77,94.29,77.41,CS,Cần Thơ,Male
5500,30,,,72.6,1.7,6.2,2.5,65.8,100.0,4.0,100.0,82.89,CS,Cần Thơ,Female
5501,28,18.8,72.4,50.2,3.8,7.4,3.1,57.5,62.9,2.3,57.38,60.21,AI,Cần Thơ,Male
5502,19,20.7,72.0,91.4,9.9,8.1,3.3,55.9,81.1,3.37,84.14,68.49,DS,Hà Nội,Female
5503,29,40.2,76.0,64.9,1.8,7.8,2.4,57.9,100.0,4.0,100.0,78.93,CE,Huế,Female
5504,27,23.8,96.0,100.0,9.3,6.9,1.3,61.2,83.5,3.08,76.9,72.33,CE,Huế,Female
5505,29,26.6,90.6,75.7,1.7,7.3,2.6,49.3,77.1,3.35,83.86,63.22,CS,Đà Nẵng,Female
5506,28,24.5,79.5,99.6,4.1,7.1,0.0,69.3,87.3,3.45,86.32,78.28,IT,Đà Nẵng,Female
5507,18,,84.9,52.9,5.1,5.8,0.5,51.9,76.3,2.87,71.85,64.09,SE,Huế,Female
5508,27,38.0,99.0,91.0,10.5,7.3,2.3,61.9,100.0,4.0,100.0,80.96,AI,Đà Nẵng,Female
5509,19,20.8,100.0,94.8,,5.7,4.8,56.0,65.8,2.52,63.03,60.88,AI,Hà Nội,Male
5510,19,16.0,87.6,99.6,5.5,7.7,4.8,51.4,62.9,2.48,62.06,57.15,DS,TP.HCM,Female
5511,29,21.4,58.4,57.1,3.7,7.2,4.0,55.1,73.5,3.25,81.13,64.29,SE,Huế,Male
5512,20,9.0,88.0,69.5,7.3,4.4,0.2,30.8,57.4,2.38,59.41,44.1,SE,Cần Thơ,Female
5513,27,19.8,94.3,88.6,4.7,8.2,3.0,48.8,79.6,3.31,82.67,64.18,SE,Hà Nội,Female
5514,24,17.3,87.2,82.2,5.4,6.4,1.2,54.6,73.0,2.9,72.42,63.81,AI,Đà Nẵng,Male
5515,19,29.9,92.3,84.4,5.1,6.3,2.4,67.1,98.7,3.82,95.42,82.94,IT,Hà Nội,Male
5516,18,19.6,88.6,74.6,7.8,8.1,3.9,77.5,75.3,2.94,73.61,76.39,AI,Hà Nội,Male
5517,23,32.1,72.7,100.0,7.9,6.8,3.5,70.3,100.0,3.53,88.18,85.16,AI,Huế,Male
5518,26,36.2,76.1,100.0,3.8,7.7,4.4,58.4,98.0,4.0,100.0,78.21,AI,Hà Nội,Female
5519,20,31.2,81.8,81.6,4.4,6.2,0.4,74.0,100.0,4.0,100.0,87.01,IT,Hà Nội,Male
5520,23,23.3,95.7,86.8,4.2,8.0,1.0,61.2,79.9,2.9,72.51,70.55,AI,Đà Nẵng,Male
5521,20,26.1,77.3,80.8,6.5,7.2,4.8,66.4,82.4,3.37,84.28,74.42,AI,Hà Nội,Male
5522,30,12.8,89.6,99.3,8.3,7.5,4.8,51.5,74.2,2.37,59.26,62.88,SE,TP.HCM,Male
5523,18,23.9,,92.4,6.5,6.8,2.5,66.9,86.0,3.87,96.64,76.45,SE,TP.HCM,Male
5524,30,18.1,100.0,64.0,0.5,9.0,2.5,61.7,86.0,3.33,83.16,73.86,CE,Hà Nội,Female
5525,29,30.6,84.6,70.8,7.9,9.2,4.3,64.7,87.4,3.39,84.8,76.06,DS,Đà Nẵng,Male
5526,22,45.6,67.5,64.9,2.6,4.4,3.3,66.0,95.1,3.95,98.81,80.55,CS,Đà Nẵng,Male
5527,27,29.0,91.5,100.0,4.2,8.1,3.4,57.2,100.0,4.0,100.0,78.58,IT,Huế,Female
5528,30,9.1,100.0,89.5,6.5,5.7,1.1,39.7,58.3,2.03,50.69,49.01,DS,TP.HCM,Female
5529,28,22.1,92.1,71.1,5.8,7.6,4.2,54.8,89.9,3.61,90.14,72.38,AI,Cần Thơ,Female
5530,21,26.0,77.1,69.9,8.2,4.9,2.2,64.4,80.1,3.29,82.22,72.22,AI,Cần Thơ,Female
5531,24,25.7,74.2,92.1,4.5,7.5,0.4,59.8,83.0,3.15,78.86,71.4,CE,TP.HCM,Male
5532,23,19.2,75.5,93.6,3.6,6.0,1.3,44.9,68.2,2.88,72.11,56.52,CS,TP.HCM,Male
5533,27,27.0,100.0,92.0,5.2,6.4,1.6,67.5,94.5,3.52,88.12,80.99,SE,Đà Nẵng,Male
5534,24,15.1,81.7,73.6,8.4,6.5,4.7,39.7,71.6,2.99,74.63,55.68,IT,TP.HCM,Male
5535,22,17.4,78.4,84.6,7.6,6.1,1.5,52.3,86.2,3.15,78.78,69.29,DS,Đà Nẵng,Male
5536,21,30.2,83.4,81.7,6.2,6.2,3.1,70.6,94.0,3.67,91.87,82.29,SE,Đà Nẵng,Female
5537,24,16.9,81.8,66.0,9.3,6.5,0.0,41.1,70.5,2.5,62.38,55.82,DS,Cần Thơ,Male
5538,24,29.3,100.0,66.1,8.9,6.8,3.9,63.3,94.2,3.93,98.22,78.74,CE,Huế,Male
5539,23,14.0,74.9,86.2,8.0,7.4,1.3,41.5,64.8,2.84,71.06,53.17,CS,TP.HCM,Male
5540,25,39.1,96.8,82.9,3.1,9.2,3.1,81.1,100.0,4.0,100.0,90.54,CE,Huế,Female
5541,21,18.8,86.2,88.3,8.0,5.9,3.1,68.9,74.9,2.91,72.84,71.91,DS,Hà Nội,Female
5542,27,23.2,97.1,91.9,5.5,7.2,3.4,61.1,90.7,3.47,86.81,75.9,DS,Cần Thơ,Female
5543,22,27.6,100.0,100.0,5.0,7.9,3.0,67.3,98.2,4.0,100.0,82.77,SE,TP.HCM,Female
5544,21,20.5,85.8,68.4,4.3,6.1,5.4,63.5,91.1,3.66,91.45,77.32,AI,TP.HCM,Male
5545,29,26.1,81.8,89.5,5.6,4.3,2.8,62.6,87.9,3.39,84.72,75.27,CE,Huế,Female
5546,18,29.6,85.7,91.2,4.4,4.7,5.9,53.9,87.7,3.38,84.42,70.77,AI,Hà Nội,Male
5547,29,32.7,84.1,75.3,6.4,4.3,3.5,58.8,97.8,3.92,97.93,78.29,DS,Đà Nẵng,Female
5548,25,31.3,68.4,81.8,5.6,8.8,2.9,55.4,94.1,4.0,100.0,74.76,DS,Huế,Female
5549,18,23.6,100.0,75.7,6.6,7.7,3.8,44.7,81.5,3.05,76.18,63.09,CE,Cần Thơ,Male
5550,22,23.8,87.5,100.0,7.4,7.9,2.8,63.3,66.3,2.92,72.93,64.83,CS,Hà Nội,Male
5551,23,43.8,73.4,81.6,5.3,8.2,3.2,59.5,94.6,3.75,93.71,77.04,CE,Huế,Female
5552,23,32.6,64.3,86.8,4.2,6.3,3.0,65.3,98.9,4.0,100.0,82.12,IT,TP.HCM,Female
5553,30,17.6,61.7,76.0,1.0,9.8,2.9,42.0,77.5,3.06,76.46,59.76,DS,Huế,Female
5554,22,25.8,,72.8,7.9,7.4,5.7,56.6,97.8,4.0,100.0,77.19,DS,Cần Thơ,Female
5555,20,22.3,78.8,60.5,6.2,6.9,5.9,57.7,76.0,2.87,71.86,66.88,AI,Cần Thơ,Male
5556,22,23.9,,96.5,5.6,8.3,3.0,66.5,83.5,3.42,85.62,74.98,IT,Cần Thơ,Female
5557,29,15.2,89.9,91.5,8.9,7.8,4.4,56.4,80.8,3.36,84.06,68.59,CS,Huế,Female
5558,25,21.7,79.8,75.5,2.8,8.6,4.3,52.4,82.3,2.92,72.99,67.33,DS,Cần Thơ,Male
5559,19,39.5,90.5,66.5,6.1,8.7,4.1,67.9,86.6,3.79,94.81,77.28,AI,Đà Nẵng,Male
5560,23,29.6,86.0,82.7,3.6,6.6,3.3,51.3,88.2,3.24,80.98,69.77,SE,Cần Thơ,Male
5561,26,5.1,84.2,72.5,7.6,7.2,3.5,46.2,57.8,2.53,63.24,52.01,CE,Hà Nội,Male
5562,25,34.7,69.3,76.7,0.4,5.9,3.4,60.8,83.1,3.22,80.62,71.96,SE,TP.HCM,Male
5563,28,,,61.0,,5.0,1.4,54.8,86.9,3.63,90.7,70.84,IT,Huế,Female
5564,25,22.1,91.0,83.3,7.9,8.0,2.4,61.1,87.5,3.58,89.6,74.28,CS,Huế,Male
5565,25,30.7,78.2,83.6,3.7,8.1,0.7,70.4,93.5,3.67,91.75,81.95,CE,Cần Thơ,Male
5566,30,,97.1,96.4,6.2,4.6,3.4,51.8,86.2,3.27,81.8,69.02,CE,Huế,Male
5567,24,21.2,100.0,77.7,3.7,6.1,3.1,51.7,97.2,3.84,95.96,74.45,AI,Huế,Male
5568,25,,91.6,75.0,7.1,7.1,3.5,62.1,100.0,3.9,97.6,81.07,SE,Hà Nội,Female
5569,30,,99.9,56.6,8.1,7.2,1.3,60.1,92.3,3.77,94.15,76.22,SE,Huế,Male
5570,23,10.0,92.2,96.5,3.5,9.5,3.9,37.4,61.3,2.47,61.73,49.36,DS,TP.HCM,Female
5571,19,24.5,79.7,93.4,2.8,6.2,3.2,55.9,88.6,3.38,84.62,72.24,CS,Huế,Male
5572,19,24.4,87.0,80.4,8.7,6.8,5.8,53.3,77.5,2.85,71.35,65.38,SE,Hà Nội,Female
5573,25,34.6,100.0,60.1,10.9,7.8,3.7,69.7,100.0,3.92,97.93,84.87,CS,Đà Nẵng,Female
5574,28,,79.8,61.8,7.2,6.6,1.6,60.2,75.3,3.0,74.88,67.73,SE,Đà Nẵng,Male
5575,18,21.6,74.6,71.8,7.4,6.4,0.5,44.0,61.2,2.3,57.46,52.61,SE,Huế,Female
5576,23,33.4,73.7,94.5,,6.3,2.8,66.1,100.0,4.0,100.0,83.04,SE,Hà Nội,Male
5577,30,26.0,82.8,84.4,6.5,7.3,1.0,60.3,89.4,3.53,88.31,74.87,IT,Đà Nẵng,Male
5578,23,19.0,75.0,57.6,6.9,6.8,1.4,49.1,76.8,3.27,81.76,62.96,CS,Hà Nội,Male
5579,28,34.2,100.0,86.1,,7.8,1.1,62.5,100.0,4.0,100.0,81.23,IT,Đà Nẵng,Female
5580,21,26.5,87.2,67.4,9.4,7.4,1.6,54.8,100.0,4.0,100.0,77.4,AI,Hà Nội,Female
5581,29,25.0,94.7,72.2,6.4,3.5,4.7,56.7,100.0,3.89,97.14,78.35,AI,Huế,Male
5582,28,26.4,82.0,94.6,6.8,4.9,1.0,50.1,83.3,3.59,89.69,66.7,DS,Đà Nẵng,Male
5583,30,,73.6,91.5,5.6,6.4,1.9,43.2,66.7,2.72,67.95,54.95,DS,Cần Thơ,Male
5584,28,20.8,71.9,96.4,5.8,8.2,0.4,52.9,73.7,3.21,80.31,63.31,IT,Huế,Male
5585,30,25.0,75.9,79.7,9.0,6.2,0.0,50.9,71.7,3.04,76.12,61.31,DS,Huế,Male
5586,27,23.4,,93.2,6.4,7.4,2.1,62.4,83.4,3.3,82.38,72.92,CS,Hà Nội,Female
5587,20,35.2,90.2,71.2,6.4,7.7,2.8,63.9,98.0,3.8,94.94,80.95,IT,Huế,Female
5588,30,26.7,91.0,76.1,6.5,7.6,0.8,55.1,70.8,2.85,71.33,62.98,IT,Đà Nẵng,Male
5589,28,31.8,70.1,75.1,5.1,6.3,0.2,61.9,72.5,2.84,71.09,67.2,IT,Huế,Female
5590,20,25.1,85.0,80.4,2.5,5.6,0.0,53.5,84.0,3.22,80.45,68.74,SE,Huế,Female
5591,30,33.5,74.7,60.7,,5.4,2.7,55.5,97.2,3.68,91.95,76.35,IT,Hà Nội,Male
5592,30,28.2,89.0,76.6,8.7,10.0,3.9,57.0,83.2,3.71,92.77,70.05,DS,Huế,Male
5593,18,25.1,89.8,100.0,9.1,7.5,0.4,42.0,95.2,3.54,88.47,68.61,SE,TP.HCM,Female
5594,20,24.9,73.3,63.6,3.3,9.2,1.5,39.9,72.6,2.52,62.99,56.25,AI,TP.HCM,Male
5595,21,17.4,94.7,60.1,9.6,6.0,4.1,45.3,67.6,2.78,69.55,56.47,SE,Đà Nẵng,Male
5596,28,29.1,100.0,61.3,10.9,8.5,2.2,52.8,81.1,3.1,77.44,66.95,SE,Hà Nội,Male
5597,28,,93.3,100.0,8.6,6.4,2.3,62.4,90.2,3.55,88.69,76.28,CE,Đà Nẵng,Female
5598,22,21.0,83.4,87.0,10.1,7.0,3.1,62.7,66.2,2.37,59.32,64.43,DS,Huế,Male
5599,20,33.9,81.8,75.9,8.0,6.7,1.8,65.1,91.3,3.73,93.31,78.19,DS,Hà Nội,Male
5600,23,15.0,82.9,81.0,3.9,5.9,1.3,34.5,65.1,2.66,66.53,49.79,AI,Cần Thơ,Male
5601,28,,77.4,83.4,7.3,6.0,3.0,42.3,61.8,2.66,66.59,52.04,IT,Hà Nội,Female
5602,29,,87.5,70.4,3.4,7.0,0.4,65.7,94.8,3.9,97.52,80.22,DS,Huế,Male
5603,22,27.5,73.6,72.2,4.5,6.3,0.1,55.4,84.7,3.33,83.25,70.05,IT,TP.HCM,Female
5604,20,24.6,66.1,77.6,6.8,7.2,1.5,39.5,62.5,2.18,54.45,50.98,DS,Huế,Male
5605,23,27.0,87.2,69.1,6.5,6.0,3.6,51.9,90.8,3.47,86.78,71.34,DS,TP.HCM,Male
5606,23,26.4,85.2,74.0,7.2,7.8,4.2,49.5,90.7,3.46,86.47,70.13,SE,Hà Nội,Male
5607,25,12.9,79.3,85.3,1.5,6.4,1.8,57.5,62.3,2.27,56.79,59.89,SE,Huế,Male
5608,19,22.2,72.2,65.0,5.6,9.0,3.7,57.8,76.5,3.32,82.93,67.11,SE,Đà Nẵng,Male
5609,18,37.9,87.9,100.0,7.4,6.9,4.6,64.5,100.0,4.0,100.0,82.24,CE,Hà Nội,Female
5610,21,19.7,75.1,91.3,7.9,6.9,2.6,52.8,77.3,2.99,74.78,65.06,CE,Huế,Female
5611,24,22.5,83.6,60.9,8.0,8.9,3.5,55.5,78.6,3.3,82.6,67.01,CE,Hà Nội,Male
5612,28,20.7,100.0,42.8,6.6,6.4,5.3,56.1,77.8,3.16,79.1,66.95,DS,Hà Nội,Male
5613,27,24.3,91.5,69.7,5.1,6.5,1.4,70.7,83.6,3.23,80.65,77.11,IT,Huế,Male
5614,20,20.3,71.3,90.3,7.3,6.2,2.1,61.5,84.4,3.4,84.89,72.97,DS,Hà Nội,Male
5615,20,28.9,72.3,87.4,5.3,7.2,4.9,68.9,84.9,3.0,75.12,76.94,CE,Cần Thơ,Female
5616,22,26.6,86.5,78.3,8.3,6.1,1.1,60.4,82.8,3.0,74.95,71.6,DS,Huế,Male
5617,22,31.2,71.2,71.0,7.1,7.9,2.7,56.5,95.9,3.92,97.97,76.2,SE,Cần Thơ,Female
5618,30,16.6,65.0,66.4,5.8,6.9,1.6,37.9,63.6,2.73,68.3,50.74,IT,TP.HCM,Female
5619,27,,90.3,74.0,4.1,8.0,4.5,47.8,71.2,3.03,75.7,59.48,DS,Hà Nội,Male
5620,20,23.2,88.2,64.8,,7.9,0.7,63.2,85.5,3.21,80.23,74.36,IT,TP.HCM,Male
5621,26,28.6,89.5,74.0,,6.4,2.4,50.4,80.0,3.38,84.43,65.19,DS,TP.HCM,Male
5622,21,18.7,87.6,100.0,11.3,6.1,0.9,50.8,67.4,2.83,70.71,59.09,CS,TP.HCM,Male
5623,30,32.3,84.3,68.4,7.3,6.6,0.3,51.5,87.0,3.57,89.3,69.26,CE,Hà Nội,Male
5624,30,34.5,,89.2,7.5,7.0,0.0,61.9,94.6,3.75,93.87,78.23,AI,TP.HCM,Female
5625,20,17.1,90.2,91.5,2.3,7.4,2.3,43.4,67.6,2.6,64.97,55.48,DS,TP.HCM,Male
5626,28,21.1,100.0,63.8,6.8,7.5,3.2,60.8,90.9,3.78,94.53,75.82,IT,Huế,Male
5627,19,20.7,80.0,67.3,5.2,7.0,2.5,50.7,81.6,3.42,85.54,66.14,CE,TP.HCM,Male
5628,27,46.1,74.8,96.0,8.1,6.2,2.9,64.7,100.0,3.96,98.96,82.35,SE,Đà Nẵng,Male
5629,30,21.6,73.6,66.1,6.8,6.3,1.8,45.0,71.9,2.96,74.01,58.46,AI,Hà Nội,Female
5630,28,38.4,76.3,79.1,8.5,7.6,4.0,66.3,96.7,3.96,99.03,81.49,AI,Huế,Male
5631,26,14.9,87.0,100.0,11.3,6.2,3.6,49.6,63.3,2.51,62.79,56.44,CS,Cần Thơ,Male
5632,21,17.1,63.6,94.7,4.0,7.7,2.7,43.2,65.6,2.49,62.14,54.41,CS,Đà Nẵng,Female
5633,20,19.5,89.4,81.3,8.4,7.7,2.8,50.7,62.7,2.52,63.0,56.65,DS,Cần Thơ,Male
5634,24,18.2,91.4,92.6,7.7,8.8,1.8,48.7,68.8,2.92,73.08,58.72,AI,Đà Nẵng,Female
5635,25,22.9,67.0,79.2,10.9,6.4,5.4,35.9,58.7,2.17,54.32,47.26,IT,Huế,Male
5636,28,19.3,75.2,95.3,7.8,6.6,3.7,50.5,65.7,2.86,71.47,58.08,SE,Đà Nẵng,Male
5637,19,18.4,85.8,49.3,7.5,4.2,2.3,40.0,62.7,2.36,58.97,51.34,AI,Hà Nội,Female
5638,24,34.3,83.6,77.9,,5.9,2.2,56.6,81.8,3.64,90.88,69.19,CE,Hà Nội,Male
5639,29,34.8,90.2,48.7,8.3,5.9,1.9,67.0,99.2,4.0,100.0,83.13,SE,Hà Nội,Female
5640,22,32.6,83.6,82.4,9.6,7.6,2.1,60.2,91.4,3.57,89.21,75.8,CE,Đà Nẵng,Male
5641,28,29.2,97.6,76.5,4.0,9.2,2.9,73.0,99.7,3.72,92.9,86.33,DS,Huế,Female
5642,22,25.7,81.8,100.0,5.0,7.7,0.0,50.6,85.0,3.29,82.23,67.79,CS,TP.HCM,Male
5643,20,21.0,75.2,90.7,10.3,8.2,2.1,49.0,77.9,3.05,76.34,63.41,CS,Huế,Male
5644,22,,74.4,72.1,1.1,6.1,2.3,50.4,64.5,2.51,62.81,57.43,SE,Huế,Male
5645,29,27.9,92.4,73.9,5.8,5.6,2.5,59.5,91.9,3.54,88.59,75.73,CE,Cần Thơ,Female
5646,19,15.6,85.3,85.7,6.4,6.7,2.8,57.4,72.8,2.92,72.95,65.07,IT,Huế,Female
5647,21,17.0,91.3,71.4,5.6,6.3,2.5,56.3,77.0,3.06,76.59,66.67,IT,TP.HCM,Female
5648,23,34.2,91.1,79.5,10.0,6.0,3.1,74.7,100.0,3.84,96.06,87.37,CE,Đà Nẵng,Female
5649,18,40.2,64.8,99.8,7.2,7.3,2.3,52.8,87.7,3.72,92.95,70.21,DS,Đà Nẵng,Female
5650,27,28.1,73.6,67.6,5.0,5.6,4.0,63.0,85.1,3.63,90.72,74.07,DS,TP.HCM,Male
5651,21,33.9,74.8,73.3,4.4,8.0,3.5,54.2,86.5,3.46,86.59,70.38,IT,Đà Nẵng,Male
5652,23,23.0,76.8,75.4,6.7,6.5,5.9,57.1,81.9,3.46,86.61,69.51,CE,Hà Nội,Male
5653,26,14.3,,100.0,8.9,6.9,3.6,46.0,74.9,3.12,78.08,60.44,DS,Đà Nẵng,Male
5654,28,29.9,95.0,89.1,6.3,7.1,1.4,56.5,86.0,3.32,83.04,71.28,SE,Hà Nội,Male
5655,28,29.6,97.0,97.0,5.7,6.4,2.3,70.5,94.8,3.88,97.0,82.68,SE,TP.HCM,Male
5656,30,25.6,82.1,91.5,4.3,8.5,1.7,43.9,98.3,3.76,93.94,71.13,CE,TP.HCM,Male
5657,19,23.1,82.5,92.5,6.9,5.1,2.5,68.3,72.1,2.7,67.4,70.18,CE,Huế,Female
5658,28,32.7,77.9,87.1,6.8,8.5,4.1,65.9,81.6,3.39,84.65,73.78,AI,Đà Nẵng,Male
5659,24,17.1,85.9,85.5,4.2,6.6,2.0,52.0,83.2,3.43,85.78,67.6,CS,Cần Thơ,Male
5660,23,18.8,87.0,58.2,,8.1,1.6,51.0,92.0,3.77,94.28,71.54,IT,Đà Nẵng,Male
5661,19,16.9,93.1,85.4,10.3,7.2,3.3,48.9,86.7,3.5,87.45,67.81,CE,Huế,Female
5662,25,25.7,93.0,78.4,6.1,8.0,1.3,61.7,93.0,3.38,84.4,77.34,SE,Đà Nẵng,Female
5663,24,16.3,62.0,88.2,6.8,6.9,1.2,36.1,57.1,1.99,49.65,46.6,AI,Cần Thơ,Female
5664,28,19.5,83.5,78.9,3.2,7.3,3.1,29.1,65.1,2.68,66.92,47.08,CE,Đà Nẵng,Female
5665,22,19.4,98.8,91.4,7.8,8.3,0.0,55.0,86.1,3.59,89.82,70.56,IT,Cần Thơ,Male
5666,29,22.9,,94.1,7.2,7.1,1.8,48.7,85.8,3.29,82.26,67.25,CE,Cần Thơ,Male
5667,22,13.1,96.4,36.3,5.2,8.6,3.8,42.4,73.5,3.28,81.93,57.93,AI,Huế,Female
5668,24,25.7,81.9,73.5,,7.4,0.0,44.7,64.6,2.46,61.43,54.69,IT,Cần Thơ,Male
5669,26,35.0,86.7,52.1,10.6,6.1,0.0,73.3,94.4,4.0,100.0,83.84,DS,TP.HCM,Female
5670,28,26.1,73.6,83.6,7.0,6.6,0.3,69.3,90.6,3.29,82.3,79.93,CS,Cần Thơ,Male
5671,26,37.3,74.0,75.5,3.7,8.1,0.0,63.7,87.7,3.34,83.51,75.69,CE,TP.HCM,Female
5672,26,35.7,92.3,100.0,8.1,5.5,5.3,64.4,85.8,3.5,87.58,75.14,IT,TP.HCM,Male
5673,23,31.2,93.8,83.1,6.6,8.0,2.7,65.7,100.0,3.94,98.42,82.83,SE,Hà Nội,Male
5674,27,25.6,85.3,72.7,6.1,6.6,1.5,59.7,89.2,3.73,93.37,74.47,DS,Hà Nội,Female
5675,23,25.2,72.7,94.1,8.4,5.5,0.6,50.9,92.1,3.74,93.41,71.49,CE,TP.HCM,Female
5676,20,31.1,85.4,75.2,0.0,7.2,5.8,70.2,100.0,4.0,100.0,85.12,AI,Cần Thơ,Male
5677,18,21.9,97.6,72.5,1.5,6.2,3.5,64.5,83.1,3.22,80.61,73.82,IT,Cần Thơ,Male
5678,24,9.9,100.0,85.9,9.4,6.3,2.3,53.0,73.4,2.72,67.96,63.23,DS,Cần Thơ,Female
5679,21,28.9,81.8,100.0,5.7,6.2,4.3,72.3,87.7,3.46,86.55,79.99,CE,Hà Nội,Male
5680,18,,68.4,92.8,4.9,7.1,3.1,53.0,55.4,2.14,53.41,54.24,IT,Hà Nội,Male
5681,25,17.3,93.4,88.5,2.7,6.5,1.7,47.1,84.9,3.26,81.57,65.99,DS,TP.HCM,Male
5682,29,25.0,,100.0,6.5,7.5,1.6,56.7,82.8,3.14,78.47,69.75,AI,Cần Thơ,Male
5683,23,24.2,94.4,69.0,6.8,8.2,1.6,64.4,100.0,3.71,92.84,82.2,IT,Đà Nẵng,Female
5684,23,13.7,87.8,68.7,9.6,7.7,1.0,40.6,68.2,2.99,74.68,54.39,SE,TP.HCM,Female
5685,19,26.3,76.2,82.2,6.9,9.2,4.2,54.1,84.4,3.08,77.01,69.28,AI,Huế,Male
5686,18,32.7,85.6,100.0,5.2,9.5,1.7,50.5,96.0,3.82,95.56,73.24,DS,TP.HCM,Female
5687,30,16.0,98.1,65.9,7.0,6.7,4.5,66.8,80.9,3.26,81.53,73.83,SE,Hà Nội,Female
5688,19,35.2,83.5,100.0,8.8,5.6,1.3,67.0,98.3,4.0,100.0,82.61,IT,TP.HCM,Female
5689,21,12.5,74.7,58.4,8.2,6.7,1.6,50.1,67.6,2.7,67.42,58.85,SE,Cần Thơ,Female
5690,19,41.9,69.1,78.2,7.6,7.1,1.8,55.5,100.0,3.71,92.82,77.75,AI,Hà Nội,Male
5691,18,21.7,77.3,82.6,6.7,9.7,1.2,61.2,85.2,3.25,81.28,73.23,IT,Hà Nội,Male
5692,24,26.2,80.9,66.8,4.5,6.6,1.6,59.1,86.3,3.44,86.07,72.71,IT,Đà Nẵng,Female
5693,28,9.9,93.2,70.7,3.4,7.3,3.3,32.9,57.7,2.31,57.65,45.29,CE,Cần Thơ,Female
5694,28,,73.8,91.9,3.0,6.2,4.3,57.9,80.0,2.96,74.01,68.94,SE,Cần Thơ,Female
5695,29,26.8,100.0,100.0,7.0,6.6,2.9,52.8,82.8,3.44,85.97,67.81,IT,Huế,Female
5696,25,24.3,71.6,48.3,7.2,5.5,0.7,54.4,71.9,2.7,67.41,63.16,AI,Đà Nẵng,Male
5697,23,20.5,,82.7,,5.2,1.6,61.0,84.6,3.72,92.93,72.79,SE,Đà Nẵng,Male
5698,21,17.4,100.0,78.3,7.4,8.6,1.6,54.5,80.5,2.84,70.91,67.54,CS,Huế,Male
5699,23,34.0,86.4,81.6,8.6,8.3,5.1,49.7,97.5,4.0,100.0,73.6,CE,TP.HCM,Female
5700,20,25.2,68.5,75.2,5.7,6.6,4.0,56.2,70.6,2.85,71.28,63.39,SE,Huế,Male
5701,29,,84.4,60.6,7.9,8.3,4.3,72.1,100.0,3.96,99.12,86.03,CS,Huế,Male
5702,25,20.8,81.1,100.0,3.5,5.4,1.4,51.3,80.7,3.35,83.78,65.98,IT,Cần Thơ,Female
5703,27,21.5,72.3,97.4,5.8,6.8,0.6,55.8,69.7,2.64,66.03,62.76,CS,Cần Thơ,Female
5704,30,31.5,,78.4,1.4,7.2,3.4,65.8,92.7,3.64,91.08,79.26,DS,TP.HCM,Female
5705,30,12.0,76.8,72.7,6.1,8.5,1.8,30.4,63.9,2.34,58.47,47.15,DS,Đà Nẵng,Male
5706,19,15.3,77.9,70.9,9.1,7.2,2.9,57.5,71.8,3.14,78.51,64.68,SE,Cần Thơ,Male
5707,22,33.8,83.0,41.2,6.2,7.7,3.1,58.6,78.4,3.03,75.7,68.5,DS,Đà Nẵng,Male
5708,18,15.6,79.3,85.3,7.8,6.4,1.9,43.2,73.9,2.84,70.97,58.51,DS,TP.HCM,Female
5709,23,10.4,100.0,91.7,6.7,7.3,4.0,42.6,68.1,2.98,74.59,55.34,CE,TP.HCM,Female
5710,19,39.9,79.6,82.1,4.6,8.5,0.3,76.1,95.3,3.47,86.81,85.74,CS,Cần Thơ,Female
5711,21,13.8,89.4,78.7,5.5,5.1,2.7,59.9,68.2,3.06,76.44,64.01,IT,Hà Nội,Male
5712,23,26.5,86.5,82.0,8.9,8.4,3.5,61.4,87.5,3.48,87.01,74.45,CE,Huế,Female
5713,27,25.6,88.5,67.2,7.8,6.7,5.1,53.8,87.2,3.69,92.25,70.51,CS,Đà Nẵng,Female
5714,28,,89.3,72.5,,5.3,2.7,62.1,71.8,2.98,74.4,66.95,CE,Huế,Female
5715,25,22.9,93.8,77.5,2.5,6.7,4.4,56.1,77.2,2.7,67.45,66.64,SE,TP.HCM,Male
5716,29,28.6,87.7,90.5,6.5,8.5,4.3,54.7,84.7,3.52,88.07,69.71,SE,Hà Nội,Female
5717,25,27.8,87.2,100.0,4.5,6.4,6.0,66.6,98.7,3.73,93.37,82.68,IT,Đà Nẵng,Male
5718,28,32.2,85.6,76.6,5.6,7.4,3.0,61.1,100.0,3.95,98.78,80.55,AI,Hà Nội,Male
5719,23,21.9,83.6,64.3,2.4,5.1,5.6,69.6,82.8,3.65,91.26,76.21,CE,Đà Nẵng,Male
5720,21,30.7,75.9,80.5,8.6,4.8,3.7,53.1,82.4,3.18,79.57,67.72,CE,Huế,Male
5721,25,,84.4,100.0,5.8,5.7,0.2,50.9,81.1,3.47,86.65,65.99,AI,Đà Nẵng,Female
5722,30,13.7,87.4,65.6,6.1,8.2,2.5,59.9,57.9,2.12,53.12,58.92,DS,Hà Nội,Male
5723,25,14.6,89.0,93.3,3.9,6.9,1.1,53.0,73.5,3.24,80.89,63.25,CE,Hà Nội,Male
5724,27,13.3,86.8,100.0,5.3,8.3,4.8,45.8,67.3,2.67,66.74,56.55,CS,TP.HCM,Male
5725,18,33.1,82.7,74.6,6.3,8.4,2.8,55.3,88.7,3.64,90.94,72.01,CE,Đà Nẵng,Male
5726,21,12.9,84.4,69.5,4.5,6.1,0.5,38.8,68.6,2.73,68.16,53.72,IT,Huế,Male
5727,21,,79.5,88.6,5.5,8.9,3.8,47.6,90.4,3.62,90.5,68.99,DS,Cần Thơ,Female
5728,24,22.9,88.1,85.3,9.5,6.3,4.5,62.7,77.5,2.83,70.74,70.09,SE,Đà Nẵng,Female
5729,28,,82.8,90.4,1.6,8.2,1.9,61.4,79.6,3.08,77.06,70.53,SE,Cần Thơ,Male
5730,24,35.9,86.8,100.0,6.5,8.2,1.8,68.9,100.0,3.86,96.38,84.43,IT,Cần Thơ,Female
5731,30,21.5,95.0,82.5,4.0,7.1,2.8,47.1,68.5,2.48,61.97,57.8,AI,TP.HCM,Male
5732,28,29.9,77.9,62.1,9.3,7.1,0.0,56.9,84.8,3.41,85.15,70.84,SE,Đà Nẵng,Male
5733,25,25.3,91.0,81.0,5.5,7.4,3.6,60.1,100.0,4.0,100.0,80.03,DS,Cần Thơ,Male
5734,28,23.8,,83.6,3.4,7.1,5.0,65.1,87.8,3.33,83.34,76.45,SE,TP.HCM,Male
5735,22,43.4,100.0,99.0,5.5,6.5,1.5,75.3,100.0,4.0,100.0,87.63,AI,TP.HCM,Female
5736,24,13.5,82.8,77.0,6.9,6.4,5.3,48.5,53.7,2.12,53.0,51.11,CE,Cần Thơ,Male
5737,25,35.3,92.0,73.9,12.9,6.5,4.0,58.3,79.3,3.08,77.04,68.81,IT,Huế,Male
5738,26,30.3,85.2,59.4,0.7,8.5,2.4,67.2,100.0,3.95,98.65,83.61,DS,Huế,Male
5739,20,21.2,71.1,88.2,3.0,5.1,3.5,49.5,64.1,3.01,75.29,56.75,AI,Cần Thơ,Female
5740,20,38.0,79.8,100.0,9.3,6.4,4.9,54.9,96.6,3.94,98.51,75.78,IT,Hà Nội,Female
5741,21,10.2,93.8,76.7,2.2,6.6,2.7,40.1,74.8,3.07,76.68,57.45,SE,Đà Nẵng,Male
5742,22,20.8,80.7,86.8,6.0,6.7,3.1,57.8,75.3,3.14,78.4,66.59,CE,Cần Thơ,Male
5743,27,15.3,62.8,71.8,4.8,7.4,1.7,51.3,62.0,2.22,55.44,56.66,SE,Đà Nẵng,Male
5744,18,28.3,84.7,60.8,4.4,5.4,2.3,38.8,86.9,3.7,92.45,62.87,CE,Hà Nội,Male
5745,24,16.1,74.1,86.5,5.6,8.2,3.6,47.5,78.7,2.98,74.55,63.1,CE,Huế,Male
5746,26,28.5,86.3,80.4,5.2,8.1,2.2,49.6,93.2,3.54,88.4,71.38,CE,TP.HCM,Female
5747,25,23.5,100.0,44.2,8.6,7.8,1.7,60.6,100.0,3.91,97.67,80.3,CE,Cần Thơ,Male
5748,22,21.2,92.7,100.0,9.3,6.8,4.2,59.2,65.0,2.55,63.83,62.12,DS,Huế,Male
5749,21,28.1,100.0,86.2,7.1,6.1,3.2,53.0,94.5,3.78,94.54,73.78,SE,Đà Nẵng,Male
5750,29,,79.4,81.1,5.4,6.6,1.8,54.1,90.3,3.55,88.81,72.23,CE,TP.HCM,Female
5751,24,16.3,83.6,73.7,6.6,7.1,5.1,56.0,77.5,2.99,74.71,66.74,CE,Đà Nẵng,Female
5752,22,47.4,74.6,86.1,8.0,7.8,5.7,79.4,100.0,3.87,96.72,89.71,AI,TP.HCM,Female
5753,24,21.1,78.2,86.8,8.5,6.9,4.0,46.2,64.1,2.57,64.32,55.17,CE,Đà Nẵng,Female
5754,29,7.3,,86.0,6.9,7.4,0.7,49.9,54.6,1.83,45.76,52.24,IT,TP.HCM,Male
5755,18,18.3,71.9,96.0,9.8,6.5,3.1,51.4,83.3,3.34,83.43,67.36,CS,Đà Nẵng,Male
5756,18,14.9,98.7,99.4,4.5,7.3,3.4,47.2,73.5,3.2,79.9,60.39,CS,TP.HCM,Male
5757,27,31.6,64.1,100.0,8.8,6.7,0.1,57.6,82.0,3.34,83.51,69.81,CE,Cần Thơ,Female
5758,30,27.6,98.7,67.4,7.8,7.3,4.3,66.5,82.8,3.46,86.54,74.66,IT,TP.HCM,Male
5759,20,28.2,,71.4,,4.9,2.8,66.6,99.8,4.0,100.0,83.21,IT,TP.HCM,Male
5760,28,22.0,90.0,85.4,6.6,7.6,4.2,61.8,78.3,3.26,81.41,70.06,DS,Cần Thơ,Female
5761,19,22.8,73.9,68.3,6.8,7.6,2.0,48.1,75.6,2.91,72.67,61.84,CS,Cần Thơ,Female
5762,19,22.0,69.2,70.7,5.6,7.6,3.2,53.6,89.3,3.47,86.77,71.42,AI,Cần Thơ,Male
5763,24,24.4,,87.1,5.6,5.8,3.3,53.4,87.4,3.52,87.95,70.39,AI,Đà Nẵng,Female
5764,29,31.7,91.3,93.5,2.2,6.1,2.8,64.0,100.0,3.75,93.84,82.02,SE,TP.HCM,Male
5765,27,27.7,,99.1,4.3,6.0,3.2,54.7,88.0,4.0,100.0,71.38,CS,Huế,Male
5766,19,29.0,74.6,77.1,5.4,7.4,2.3,69.8,97.2,3.89,97.25,83.53,DS,Cần Thơ,Female
5767,28,29.0,96.5,86.9,,7.8,0.7,61.1,100.0,4.0,100.0,80.54,CS,Đà Nẵng,Female
5768,21,32.1,,83.6,3.9,6.2,0.0,63.0,93.9,3.72,93.03,78.44,CS,Đà Nẵng,Male
5769,19,27.3,82.7,80.3,8.7,8.6,1.6,61.2,88.6,3.56,88.93,74.9,SE,TP.HCM,Female
5770,23,27.9,86.1,67.8,5.7,8.6,3.7,67.1,86.7,3.46,86.5,76.93,DS,Cần Thơ,Female
5771,25,34.5,69.9,65.9,11.4,7.2,0.9,61.7,88.5,3.79,94.85,75.09,CE,TP.HCM,Female
5772,27,19.7,80.9,90.0,6.6,7.4,4.1,49.5,73.3,3.43,85.74,61.43,DS,Hà Nội,Female
5773,21,18.2,90.1,67.5,8.6,5.0,4.6,58.8,71.5,2.57,64.21,65.16,CS,Cần Thơ,Female
5774,22,15.5,88.5,53.3,5.5,6.4,3.2,63.0,74.9,2.95,73.68,68.94,CE,Huế,Female
5775,21,26.5,79.9,79.5,4.3,5.5,2.3,67.5,94.9,3.88,97.02,81.19,SE,Đà Nẵng,Female
5776,20,10.2,82.3,100.0,6.7,5.9,4.0,37.6,58.9,2.01,50.19,48.25,CS,Đà Nẵng,Male
5777,22,28.7,80.5,38.1,9.2,7.6,4.2,64.4,84.0,3.23,80.86,74.2,IT,Cần Thơ,Male
5778,26,24.1,82.2,75.7,5.8,7.9,2.2,54.9,88.8,3.64,90.92,71.85,DS,Hà Nội,Female
5779,25,34.1,89.2,90.1,7.1,8.0,2.6,73.5,95.5,3.72,93.07,84.51,AI,Huế,Male
5780,25,,65.3,52.6,6.6,7.3,1.3,63.3,67.3,2.7,67.39,65.27,CS,Đà Nẵng,Male
5781,25,23.4,84.3,76.8,5.8,7.6,2.9,37.4,84.7,3.49,87.17,61.02,CS,TP.HCM,Female
5782,29,34.0,88.5,62.9,5.9,5.1,0.0,63.9,100.0,3.9,97.39,81.93,DS,TP.HCM,Female
5783,25,36.1,79.3,64.9,3.5,5.5,2.1,60.5,94.3,3.58,89.54,77.42,AI,TP.HCM,Male
5784,24,19.6,80.2,74.0,6.0,6.7,1.2,46.4,88.9,3.36,83.99,67.65,CE,Đà Nẵng,Female
5785,25,26.5,80.5,63.2,7.6,7.7,2.4,50.0,78.0,2.67,66.81,64.0,CE,TP.HCM,Female
5786,28,27.4,80.2,61.9,6.7,6.5,1.3,54.2,90.9,3.74,93.6,72.55,IT,Đà Nẵng,Male
5787,25,28.0,85.1,79.1,,5.4,0.0,56.6,76.3,3.02,75.48,66.44,IT,Cần Thơ,Female
5788,30,22.9,86.3,100.0,7.8,6.2,1.5,52.5,73.5,3.18,79.55,62.99,AI,TP.HCM,Female
5789,25,35.3,,91.4,6.5,5.9,1.8,45.9,94.0,3.89,97.24,69.95,IT,TP.HCM,Male
5790,29,9.9,91.5,95.2,6.0,4.9,4.1,47.1,77.3,3.11,77.69,62.2,CE,Đà Nẵng,Male
5791,27,21.6,82.1,92.0,7.8,9.7,1.5,61.5,81.3,3.33,83.13,71.4,IT,Đà Nẵng,Female
5792,24,28.6,100.0,69.5,6.3,8.5,1.2,57.3,100.0,3.65,91.34,78.63,SE,Đà Nẵng,Male
5793,29,28.7,73.1,84.7,5.4,4.6,0.7,45.1,91.8,3.74,93.56,68.45,DS,Huế,Male
5794,18,35.8,76.3,96.5,7.2,4.7,4.2,64.0,91.1,3.6,90.04,77.56,IT,Cần Thơ,Female
5795,21,34.6,83.0,92.4,5.9,6.0,2.2,71.3,97.8,3.77,94.2,84.57,AI,TP.HCM,Female
5796,30,22.7,89.1,82.9,5.3,5.2,2.9,56.6,72.4,2.81,70.27,64.49,SE,Đà Nẵng,Female
5797,30,35.4,65.5,87.8,6.4,9.9,0.2,55.9,87.4,3.63,90.68,71.64,CS,Đà Nẵng,Female
5798,21,19.3,76.7,100.0,6.4,6.0,0.0,43.1,73.4,2.82,70.54,58.24,DS,Đà Nẵng,Male
5799,22,32.4,90.9,92.6,3.2,7.4,1.1,68.3,100.0,3.95,98.79,84.13,SE,TP.HCM,Female
5800,27,39.5,75.5,75.3,6.8,6.4,4.9,64.2,100.0,4.0,100.0,82.1,IT,Đà Nẵng,Female
5801,23,34.7,98.7,78.9,10.6,5.6,0.9,62.0,100.0,3.95,98.72,80.98,IT,Huế,Female
5802,21,25.8,80.5,64.2,3.6,8.3,1.6,51.9,84.2,3.4,85.08,68.05,CE,Huế,Male
5803,19,22.3,76.0,100.0,4.7,7.8,2.5,54.8,84.0,3.34,83.5,69.42,AI,Đà Nẵng,Male
5804,23,12.8,91.1,100.0,13.0,6.9,1.6,49.1,74.1,3.19,79.66,61.63,CE,Cần Thơ,Female
5805,25,27.5,100.0,81.2,3.9,9.9,3.2,61.0,96.0,3.87,96.83,78.5,CS,Huế,Male
5806,25,16.1,,100.0,9.2,7.3,1.3,43.2,78.7,2.82,70.52,60.95,CE,TP.HCM,Male
5807,24,18.7,97.6,89.5,5.4,6.5,0.8,45.9,84.3,3.53,88.32,65.14,AI,Hà Nội,Male
5808,23,15.5,100.0,73.5,6.2,9.3,6.6,46.7,64.7,2.46,61.48,55.73,IT,Hà Nội,Male
5809,19,21.3,75.8,93.6,5.7,7.5,1.1,54.5,92.2,3.59,89.64,73.37,CS,Huế,Female
5810,24,24.8,94.4,86.0,7.1,9.0,3.7,61.9,90.2,3.56,89.1,76.02,CE,Cần Thơ,Male
5811,28,27.2,69.8,92.6,2.1,7.0,1.1,66.9,79.6,3.63,90.66,73.25,IT,Huế,Male
5812,29,,89.2,59.5,6.5,3.4,0.2,47.3,77.3,3.2,79.94,62.29,AI,TP.HCM,Female
5813,22,33.6,84.3,67.8,5.0,5.1,2.4,68.3,100.0,4.0,100.0,84.13,CE,Cần Thơ,Male
5814,23,23.3,97.4,100.0,1.3,8.3,0.5,44.2,87.1,3.5,87.44,65.68,DS,TP.HCM,Male
5815,27,18.7,96.7,100.0,8.8,6.3,1.9,56.2,89.2,3.71,92.83,72.66,AI,Đà Nẵng,Female
5816,25,26.8,90.7,100.0,0.7,7.3,1.3,47.4,91.4,4.0,100.0,69.38,SE,Đà Nẵng,Female
5817,25,40.7,88.0,100.0,11.4,8.4,4.4,59.5,100.0,4.0,100.0,79.77,DS,Đà Nẵng,Male
5818,20,27.7,90.1,88.7,7.5,7.2,0.2,64.9,94.2,3.85,96.29,79.58,DS,Đà Nẵng,Female
5819,29,22.1,85.6,87.6,2.6,6.0,3.5,55.6,79.9,2.92,73.04,67.73,DS,Đà Nẵng,Female
5820,29,12.8,,66.3,9.3,7.0,2.9,44.9,54.7,1.99,49.63,49.78,AI,Cần Thơ,Male
5821,24,23.2,99.4,71.3,4.1,7.1,2.2,46.9,91.3,3.71,92.76,69.08,DS,TP.HCM,Female
5822,18,26.9,100.0,50.2,4.2,6.5,1.4,62.9,99.2,4.0,100.0,81.07,CS,Cần Thơ,Female
5823,18,21.9,83.6,75.2,1.5,5.3,2.8,54.6,75.7,3.0,74.98,65.13,SE,Huế,Male
5824,24,11.7,87.4,49.1,3.8,6.6,2.8,52.3,71.1,2.98,74.44,61.68,AI,Cần Thơ,Female
5825,27,18.2,85.8,96.2,4.1,6.9,3.1,38.5,70.1,2.64,65.92,54.32,AI,Đà Nẵng,Female
5826,26,36.6,68.9,85.8,8.0,5.3,2.1,67.5,98.7,3.82,95.54,83.09,AI,Đà Nẵng,Female
5827,24,36.5,81.6,49.6,8.9,5.9,0.8,60.5,96.4,3.95,98.8,78.46,CE,Hà Nội,Male
5828,27,17.9,100.0,77.2,2.9,6.1,3.8,55.6,81.7,3.28,81.99,68.66,CE,Cần Thơ,Male
5829,22,30.4,77.5,100.0,6.7,4.8,2.5,58.9,77.3,3.02,75.45,68.14,CS,TP.HCM,Male
5830,25,15.6,100.0,78.1,1.4,7.2,1.6,45.3,71.5,2.75,68.86,58.41,IT,Hà Nội,Female
5831,19,36.2,96.7,65.0,6.7,7.3,1.0,63.6,100.0,3.7,92.5,81.8,CS,Cần Thơ,Male
5832,26,27.0,89.0,53.2,11.4,6.3,3.9,52.0,80.4,3.21,80.24,66.18,IT,TP.HCM,Male
5833,23,32.6,90.6,53.7,1.6,5.4,4.6,59.1,98.4,3.65,91.13,78.76,DS,Hà Nội,Male
5834,30,11.3,75.8,88.0,3.5,7.5,3.4,38.0,75.9,2.97,74.33,56.95,CE,Hà Nội,Female
5835,26,30.4,82.3,73.5,7.8,7.7,3.5,63.2,83.2,3.29,82.32,73.17,CS,Hà Nội,Female
5836,19,24.9,99.4,74.7,8.1,7.1,4.3,52.2,72.2,3.17,79.33,62.18,DS,Cần Thơ,Female
5837,20,31.8,78.9,73.6,3.6,7.0,2.0,64.9,100.0,3.79,94.74,82.44,DS,Hà Nội,Male
5838,29,32.3,95.6,77.9,9.7,7.7,5.7,88.1,100.0,4.0,100.0,94.04,AI,Đà Nẵng,Male
5839,25,25.5,71.2,61.6,4.0,6.9,0.9,52.9,83.3,3.37,84.17,68.1,CE,Cần Thơ,Male
5840,18,20.2,73.0,84.7,10.2,5.9,2.1,39.2,69.2,2.56,63.94,54.23,DS,Hà Nội,Male
5841,27,31.2,,58.7,7.2,6.9,1.3,79.2,100.0,4.0,100.0,89.6,DS,Huế,Male
5842,24,,84.9,68.7,9.2,6.5,2.6,58.7,89.5,3.31,82.85,74.1,DS,TP.HCM,Male
5843,24,18.0,79.6,95.2,6.9,6.9,5.1,49.5,71.8,2.89,72.15,60.66,CS,TP.HCM,Female
5844,30,17.6,98.6,85.6,7.6,8.1,2.1,50.2,85.2,3.37,84.14,67.72,SE,Hà Nội,Male
5845,18,13.2,97.5,90.3,7.8,5.6,3.1,41.6,55.7,2.41,60.18,48.68,CE,Huế,Female
5846,26,20.9,94.2,100.0,,7.2,0.0,52.3,84.8,3.25,81.23,68.54,DS,TP.HCM,Female
5847,25,33.8,79.3,79.1,5.9,5.5,3.1,56.4,85.9,2.99,74.83,71.18,SE,Huế,Male
5848,21,26.4,82.1,80.3,3.8,5.9,4.0,51.4,90.6,3.51,87.74,70.99,DS,Đà Nẵng,Female
5849,27,20.8,88.1,76.0,5.8,8.9,2.7,58.2,72.6,3.03,75.69,65.38,SE,Cần Thơ,Male
5850,28,31.4,91.9,73.3,4.3,7.5,0.9,69.7,100.0,4.0,100.0,84.83,CS,Huế,Male
5851,22,18.3,79.9,64.8,4.5,7.2,0.7,49.0,68.9,2.64,66.04,58.98,AI,Hà Nội,Female
5852,19,25.8,86.7,81.3,10.1,5.0,1.7,61.1,84.8,3.63,90.86,72.95,IT,Hà Nội,Female
5853,30,23.6,,85.3,7.6,6.7,0.7,71.5,97.4,3.84,96.03,84.48,SE,Hà Nội,Male
5854,26,31.2,97.9,86.2,7.4,4.5,4.9,56.8,88.6,3.7,92.53,72.7,SE,Huế,Male
5855,29,12.4,92.5,81.0,8.7,7.0,3.2,35.9,52.8,2.12,52.9,44.35,DS,TP.HCM,Female
5856,29,18.2,69.9,93.9,7.5,5.5,4.7,55.4,72.3,3.03,75.7,63.86,DS,Cần Thơ,Male
5857,23,11.9,82.9,80.4,10.7,7.7,2.1,40.8,58.4,2.49,62.22,49.61,IT,Huế,Female
5858,20,22.9,,73.9,0.8,7.2,1.4,49.6,66.4,2.92,73.1,58.0,CE,TP.HCM,Male
5859,29,34.7,90.7,66.1,,5.5,1.4,65.5,100.0,3.84,96.1,82.77,SE,Đà Nẵng,Female
5860,24,21.0,94.2,56.8,4.2,7.5,1.8,64.1,88.8,3.66,91.61,76.45,DS,Đà Nẵng,Female
5861,26,20.9,,100.0,2.6,9.5,1.8,54.6,81.0,3.0,74.89,67.81,AI,Huế,Male
5862,20,32.0,82.3,69.5,6.3,6.8,4.3,45.4,90.8,3.74,93.6,68.12,DS,Cần Thơ,Male
5863,19,33.5,85.7,66.1,6.4,8.1,3.9,65.7,81.8,2.93,73.34,73.74,DS,Cần Thơ,Female
5864,24,24.3,87.1,73.7,10.9,4.5,2.9,58.0,79.1,3.55,88.71,68.55,DS,TP.HCM,Male
5865,24,30.5,78.6,75.8,8.3,7.6,0.0,53.2,90.6,3.69,92.27,71.9,CS,Huế,Female
5866,21,16.4,72.8,100.0,4.7,6.3,2.9,35.4,71.4,2.9,72.58,53.45,SE,Cần Thơ,Male
5867,28,36.0,64.5,75.1,7.2,6.7,2.0,58.8,93.8,3.42,85.59,76.32,SE,Hà Nội,Female
5868,26,42.2,97.7,100.0,1.4,7.7,4.6,54.0,100.0,4.0,100.0,77.01,AI,Hà Nội,Male
5869,25,29.2,90.0,81.0,6.4,6.7,3.8,47.0,81.3,3.5,87.52,64.13,CE,Huế,Male
5870,30,8.3,88.6,100.0,6.2,5.1,2.7,34.4,53.8,2.11,52.63,44.09,AI,Hà Nội,Male
5871,30,20.5,97.7,93.4,3.7,8.8,0.0,45.7,77.2,3.0,74.99,61.41,AI,Đà Nẵng,Male
5872,18,29.9,72.4,85.4,5.5,5.3,2.3,64.9,89.2,3.49,87.35,77.06,DS,Huế,Female
5873,18,21.6,67.6,100.0,4.3,6.0,1.5,50.2,59.5,2.73,68.16,54.88,DS,Cần Thơ,Male
5874,22,35.2,88.8,96.8,,7.2,3.1,67.3,100.0,3.98,99.51,83.66,AI,Hà Nội,Male
5875,23,29.7,87.9,89.5,7.7,7.2,0.8,62.0,93.4,3.77,94.18,77.69,SE,Đà Nẵng,Female
5876,20,19.3,67.7,100.0,8.6,7.5,2.9,38.1,61.1,2.63,65.82,49.6,IT,TP.HCM,Female
5877,30,25.3,88.6,72.5,7.3,7.2,0.0,53.0,79.4,2.69,67.22,66.21,CE,Huế,Male
5878,26,17.8,81.0,65.1,4.9,8.4,0.4,48.8,75.5,3.0,75.1,62.17,CE,Cần Thơ,Male
5879,29,23.5,76.9,69.9,4.3,7.6,1.2,53.2,84.6,3.33,83.2,68.9,SE,Huế,Male
5880,27,20.6,81.7,100.0,5.0,5.6,1.7,56.3,80.3,3.24,81.03,68.27,DS,Huế,Male
5881,23,34.4,60.6,100.0,5.4,3.9,3.1,66.8,93.0,3.88,96.99,79.89,CE,Huế,Male
5882,21,41.9,79.1,72.1,3.8,7.2,0.0,71.1,100.0,4.0,100.0,85.54,AI,Đà Nẵng,Male
5883,29,13.6,78.0,44.7,8.6,8.8,1.5,60.1,72.0,2.83,70.8,66.03,CS,Huế,Male
5884,24,9.6,90.6,76.9,5.5,5.5,1.6,49.1,72.4,2.87,71.63,60.72,AI,Hà Nội,Male
5885,25,23.0,83.4,64.8,7.9,5.7,3.5,50.8,92.6,3.71,92.71,71.69,CE,TP.HCM,Female
5886,26,12.9,91.4,72.6,2.5,7.4,2.2,58.0,86.0,3.59,89.81,72.0,DS,Huế,Female
5887,30,25.4,59.5,64.2,4.3,7.6,1.0,43.8,64.3,2.8,70.04,54.05,CE,Đà Nẵng,Female
5888,28,31.0,76.6,55.9,8.1,8.3,0.9,63.7,75.4,2.74,68.39,69.58,CE,TP.HCM,Male
5889,23,37.0,90.6,100.0,8.2,9.0,1.7,65.2,100.0,4.0,100.0,82.59,IT,Hà Nội,Female
5890,23,26.6,81.9,69.7,3.0,7.3,0.0,50.8,84.3,3.33,83.33,67.57,AI,Cần Thơ,Female
5891,25,23.5,93.5,100.0,,5.9,4.9,58.2,85.1,3.82,95.39,71.66,SE,TP.HCM,Female
5892,29,9.2,67.0,76.7,6.8,5.9,2.5,39.8,58.4,2.12,52.88,49.09,CE,Huế,Male
5893,22,25.2,92.3,63.0,4.2,6.3,1.1,43.9,80.7,3.0,74.89,62.3,DS,Cần Thơ,Female
5894,20,25.6,78.6,87.6,6.9,8.2,0.9,57.4,71.4,2.74,68.45,64.38,CS,Đà Nẵng,Male
5895,29,30.1,77.6,74.1,2.0,6.4,0.7,51.5,77.7,3.23,80.63,64.58,DS,Hà Nội,Male
5896,20,19.3,94.9,76.9,3.7,8.2,3.1,54.7,72.0,3.0,75.06,63.35,AI,Cần Thơ,Male
5897,30,21.5,96.6,82.2,7.5,5.2,0.0,54.7,89.9,3.48,87.12,72.27,CE,Cần Thơ,Female
5898,23,13.2,95.3,67.8,6.1,7.3,2.2,52.4,88.5,3.74,93.56,70.45,CS,Huế,Male
5899,19,6.7,100.0,55.7,,6.1,3.4,28.0,53.8,2.06,51.58,40.86,SE,TP.HCM,Male
5900,23,16.1,97.7,79.2,5.6,7.6,1.6,44.3,95.1,3.97,99.35,69.71,AI,Huế,Female
5901,30,12.4,77.0,94.5,7.3,6.7,1.0,46.7,50.0,1.72,43.04,48.35,DS,Đà Nẵng,Male
5902,23,27.7,86.4,66.5,7.5,8.0,3.8,80.4,93.3,3.54,88.52,86.85,SE,TP.HCM,Male
5903,25,20.9,,82.3,8.0,6.5,0.8,53.9,80.1,3.12,78.07,67.02,CE,Cần Thơ,Male
5904,24,,100.0,100.0,6.3,7.0,2.1,52.2,62.6,2.49,62.31,57.42,CE,Cần Thơ,Male
5905,25,17.1,96.0,78.7,5.0,8.0,2.7,58.8,92.5,3.53,88.35,75.67,IT,Huế,Female
5906,26,0.0,83.1,81.3,4.6,6.9,1.6,33.0,42.1,1.51,37.87,37.59,IT,TP.HCM,Female
5907,23,37.1,93.8,80.8,3.4,7.1,0.7,70.1,100.0,4.0,100.0,85.06,IT,Huế,Male
5908,20,17.0,72.7,69.8,5.0,7.9,1.7,49.0,73.2,3.09,77.29,61.12,CE,TP.HCM,Female
5909,27,21.7,87.5,65.1,4.5,6.9,3.0,62.4,71.5,2.7,67.58,66.95,SE,Huế,Male
5910,20,13.4,75.6,65.2,10.0,5.1,1.4,51.3,87.0,3.21,80.24,69.14,IT,Huế,Male
5911,28,32.8,68.1,85.5,3.4,6.3,3.2,56.2,89.1,3.58,89.57,72.64,CE,TP.HCM,Female
5912,29,26.1,92.8,91.4,8.6,4.7,2.1,47.3,82.2,3.38,84.49,64.72,CS,Cần Thơ,Male
5913,18,18.4,94.1,92.1,5.3,6.7,1.6,44.9,67.0,2.47,61.79,55.96,SE,Huế,Female
5914,28,21.9,89.6,74.3,5.5,7.6,1.4,57.1,85.0,3.73,93.33,71.01,CS,Đà Nẵng,Male
5915,30,38.4,83.2,96.4,7.0,7.1,2.8,65.9,90.1,3.43,85.73,78.01,AI,Hà Nội,Male
5916,22,24.4,72.3,84.6,2.5,8.7,4.2,54.4,80.2,3.15,78.84,67.26,IT,Cần Thơ,Female
5917,21,23.5,73.4,81.1,4.0,8.5,2.7,55.6,90.5,3.57,89.27,73.04,DS,Cần Thơ,Male
5918,26,17.5,75.3,29.9,2.9,7.3,1.1,43.3,78.1,2.96,74.05,60.69,CS,Hà Nội,Female
5919,26,9.8,82.7,67.7,5.0,4.1,4.1,44.0,57.5,2.66,66.61,50.77,IT,Hà Nội,Female
5920,22,23.7,95.8,57.2,3.7,7.8,1.2,57.1,85.1,3.22,80.4,71.08,IT,Cần Thơ,Male
5921,27,27.6,95.6,89.4,9.3,6.1,5.1,49.3,91.6,4.0,100.0,70.41,AI,TP.HCM,Male
5922,21,33.8,,81.4,4.5,8.1,2.3,56.0,98.9,3.9,97.42,77.48,CS,Hà Nội,Female
5923,24,7.0,78.1,63.9,,7.4,1.2,44.9,71.0,2.78,69.51,57.95,CE,Cần Thơ,Female
5924,23,16.0,77.8,84.6,5.2,7.8,3.3,53.9,84.5,3.25,81.29,69.22,DS,Đà Nẵng,Male
5925,21,20.4,59.7,58.6,8.0,7.6,2.0,43.2,59.5,2.52,62.89,51.32,CS,Hà Nội,Female
5926,30,25.0,90.7,64.3,10.1,9.9,3.2,61.1,94.2,4.0,100.0,77.62,CE,Huế,Male
5927,30,23.8,82.5,69.3,5.4,7.6,2.6,50.7,69.4,2.66,66.57,60.02,DS,Cần Thơ,Male
5928,27,24.0,83.9,88.1,4.7,5.5,0.4,49.0,77.4,3.03,75.85,63.18,CE,Hà Nội,Male
5929,19,28.3,98.5,100.0,6.0,8.3,2.4,75.3,90.6,3.92,97.95,82.96,CS,Đà Nẵng,Female
5930,18,,85.9,71.2,7.0,6.5,3.3,48.1,64.4,2.35,58.77,56.23,SE,Huế,Female
5931,21,32.5,80.7,99.8,3.2,8.6,2.7,50.4,91.2,3.49,87.32,70.81,IT,Đà Nẵng,Female
5932,21,28.5,90.7,80.7,5.4,8.9,4.4,56.7,84.3,3.65,91.2,70.51,CE,Đà Nẵng,Female
5933,30,22.4,95.6,83.5,5.9,7.7,3.0,54.2,86.4,3.54,88.54,70.3,AI,Hà Nội,Female
5934,18,,88.0,79.0,6.1,5.5,2.1,73.4,97.0,3.71,92.7,85.21,CE,TP.HCM,Female
5935,23,37.5,91.9,77.0,5.6,6.4,2.8,64.2,100.0,4.0,100.0,82.09,SE,Hà Nội,Male
5936,21,32.5,83.5,86.6,3.7,8.6,1.8,64.7,92.7,3.4,84.99,78.7,CE,Huế,Male
5937,18,0.9,84.2,91.1,6.8,9.4,3.0,46.2,51.4,2.27,56.87,48.84,CS,TP.HCM,Male
5938,18,,86.1,66.7,5.9,7.1,3.0,61.8,90.6,3.23,80.79,76.2,CE,Huế,Female
5939,30,31.4,77.5,77.2,5.9,6.7,0.6,62.3,100.0,3.8,94.89,81.16,SE,Cần Thơ,Female
5940,18,41.1,79.3,100.0,3.3,5.6,3.7,67.2,100.0,4.0,100.0,83.61,AI,Huế,Female
5941,25,34.9,98.8,82.7,7.6,5.6,5.9,67.7,100.0,3.75,93.69,83.84,DS,Huế,Male
5942,27,37.6,100.0,84.3,3.6,7.3,3.3,69.0,97.8,3.91,97.82,83.37,SE,Huế,Female
5943,25,32.0,100.0,97.5,10.0,7.8,0.0,65.1,100.0,4.0,100.0,82.56,CE,Huế,Male
5944,19,35.8,71.8,72.5,3.1,5.2,1.9,60.5,94.9,3.65,91.16,77.66,CE,Hà Nội,Male
5945,28,41.0,,79.5,7.9,8.0,0.6,66.5,98.8,3.93,98.16,82.64,CS,Huế,Female
5946,30,26.7,73.1,92.3,1.2,8.6,2.1,54.0,93.3,3.9,97.51,73.64,CS,TP.HCM,Female
5947,24,12.4,,98.6,0.4,7.8,3.5,64.8,77.7,3.2,79.92,71.22,IT,Hà Nội,Male
5948,25,22.5,56.9,44.5,4.6,9.0,1.4,55.0,77.1,3.39,84.64,66.02,SE,Đà Nẵng,Female
5949,25,28.1,79.1,68.9,0.4,7.4,5.3,58.0,70.5,2.65,66.34,64.26,DS,Hà Nội,Female
5950,28,25.6,99.1,65.0,7.8,7.4,0.0,56.5,99.1,3.77,94.16,77.83,CS,TP.HCM,Female
5951,27,15.0,94.8,78.1,5.9,7.4,2.1,57.8,81.1,3.51,87.63,69.44,IT,Hà Nội,Female
5952,28,12.0,79.9,66.2,9.5,8.6,3.1,39.8,72.0,2.96,73.93,55.93,SE,Cần Thơ,Female
5953,30,19.1,80.7,90.0,5.6,7.6,0.7,41.8,66.9,2.63,65.69,54.36,AI,Cần Thơ,Female
5954,24,31.5,90.7,82.6,6.6,6.4,0.9,52.0,86.6,3.35,83.73,69.33,SE,Đà Nẵng,Male
5955,22,37.6,94.4,93.3,5.3,7.5,3.6,77.1,100.0,4.0,100.0,88.56,IT,Huế,Female
5956,18,32.3,79.7,94.3,3.8,7.5,5.4,70.5,100.0,3.92,98.07,85.27,CS,Hà Nội,Male
5957,29,33.5,82.7,90.2,5.0,6.7,5.6,63.7,84.0,3.52,87.88,73.84,AI,TP.HCM,Female
5958,26,24.4,79.3,75.0,3.0,8.2,2.0,51.0,80.5,3.47,86.85,65.74,CE,Đà Nẵng,Female
5959,30,11.1,71.7,81.6,7.0,7.1,4.5,39.9,66.5,2.68,66.99,53.2,CS,Hà Nội,Female
5960,24,,82.8,73.1,5.2,7.8,2.4,68.8,86.5,3.19,79.75,77.65,DS,Đà Nẵng,Female
5961,19,22.9,82.0,59.5,5.7,7.6,3.9,53.8,75.8,3.15,78.65,64.81,IT,Hà Nội,Female
5962,23,21.0,72.4,94.3,13.1,6.1,2.2,54.2,70.5,3.04,76.06,62.36,SE,TP.HCM,Female
5963,19,25.4,91.5,78.7,5.0,5.8,0.8,54.5,87.5,3.74,93.49,71.0,DS,Cần Thơ,Male
5964,18,28.5,89.8,57.5,6.8,6.1,4.9,60.6,99.3,4.0,100.0,79.9,DS,Hà Nội,Female
5965,24,31.8,92.0,88.1,5.9,6.9,5.3,65.5,89.2,3.23,80.66,77.37,AI,Huế,Male
5966,30,22.8,77.3,76.6,8.9,8.9,1.9,67.2,67.5,2.61,65.23,67.36,AI,Cần Thơ,Female
5967,19,9.8,65.2,49.1,6.6,6.9,3.9,41.5,52.5,2.0,49.98,46.96,CE,Huế,Female
5968,30,21.1,89.7,59.4,5.3,7.4,2.3,58.2,86.3,3.62,90.61,72.26,DS,TP.HCM,Male
5969,19,25.3,78.4,69.5,11.7,8.0,5.8,53.1,86.3,3.53,88.33,69.68,CE,Đà Nẵng,Male
5970,30,34.8,76.1,83.2,3.9,6.6,0.3,63.9,88.5,3.72,92.96,76.18,CS,Cần Thơ,Female
5971,28,20.5,72.4,91.8,5.5,6.5,2.2,53.8,77.2,2.95,73.83,65.5,IT,TP.HCM,Female
5972,22,29.1,82.2,91.3,,8.3,0.3,57.6,84.5,3.42,85.59,71.08,DS,Cần Thơ,Female
5973,22,27.3,100.0,89.0,4.0,7.7,0.1,62.3,100.0,3.54,88.53,81.13,SE,Huế,Female
5974,24,25.4,79.9,79.5,7.9,6.3,2.3,50.7,80.4,3.13,78.35,65.54,IT,Hà Nội,Male
5975,18,32.4,74.1,100.0,4.8,6.5,1.8,64.2,99.8,3.69,92.35,81.99,CE,Cần Thơ,Male
5976,25,19.7,,90.5,8.5,7.1,1.0,53.9,81.0,3.59,89.65,67.44,IT,Đà Nẵng,Male
5977,20,,86.7,83.3,8.4,7.4,3.8,49.2,81.0,3.33,83.33,65.08,SE,Huế,Male
5978,21,24.9,63.8,88.5,5.8,8.5,4.4,52.4,72.6,2.99,74.74,62.49,AI,Đà Nẵng,Male
5979,26,19.9,91.6,74.0,,7.6,3.3,63.5,78.1,2.88,71.95,70.77,SE,Hà Nội,Male
5980,21,29.1,100.0,79.1,5.0,5.8,0.0,61.0,94.1,3.74,93.46,77.56,AI,Hà Nội,Female
5981,27,19.3,59.0,48.8,6.0,6.1,3.0,51.5,73.6,3.07,76.86,62.55,AI,Hà Nội,Female
5982,29,26.8,72.6,74.2,8.2,7.4,3.0,59.2,100.0,3.83,95.64,79.59,IT,Đà Nẵng,Male
5983,22,24.2,56.5,100.0,6.8,7.2,1.2,56.0,85.7,3.34,83.39,70.82,AI,Đà Nẵng,Male
5984,24,26.7,84.2,82.2,7.3,6.0,3.0,49.4,95.7,4.0,100.0,72.53,IT,Cần Thơ,Male
5985,21,21.3,94.9,81.6,6.9,8.3,1.7,47.5,79.6,2.97,74.19,63.51,CS,Hà Nội,Female
5986,18,22.3,86.1,95.0,8.1,4.3,1.3,49.0,75.3,2.92,73.1,62.14,SE,Huế,Male
5987,26,25.8,98.9,85.4,5.5,7.4,0.7,63.7,75.7,2.86,71.57,69.69,SE,Hà Nội,Female
5988,21,26.6,93.3,68.2,6.4,5.1,3.8,60.9,85.7,3.5,87.42,73.33,AI,TP.HCM,Male
5989,26,25.0,100.0,80.4,6.1,8.1,4.4,60.3,79.2,3.32,83.1,69.77,AI,Đà Nẵng,Female
5990,23,38.6,96.6,63.0,4.9,6.7,2.3,67.6,100.0,4.0,100.0,83.78,CS,Hà Nội,Female
5991,18,17.1,81.0,82.8,8.5,7.9,4.0,40.0,66.3,2.73,68.29,53.16,CE,Đà Nẵng,Female
5992,29,24.5,85.7,67.4,8.5,6.5,4.8,51.7,71.3,3.1,77.56,61.52,CS,Cần Thơ,Male
5993,20,12.4,76.3,93.9,9.0,8.6,2.7,47.3,69.0,2.84,70.88,58.19,CE,Huế,Male
5994,28,28.0,82.7,72.3,4.1,4.8,2.4,57.1,90.2,3.34,83.41,73.68,IT,Cần Thơ,Male
5995,19,16.1,85.6,67.6,6.9,8.1,3.2,51.2,63.8,2.56,64.04,57.54,CE,TP.HCM,Male
5996,26,22.8,84.2,78.3,8.7,6.3,1.2,43.0,89.2,3.58,89.51,66.13,DS,Đà Nẵng,Male
5997,29,22.0,98.4,85.5,9.8,7.5,3.3,56.2,79.2,3.38,84.54,67.7,CE,TP.HCM,Male
5998,18,27.2,81.7,61.9,2.2,7.5,2.7,42.0,85.3,3.39,84.78,63.64,CS,Đà Nẵng,Male
5999,30,20.6,75.7,72.2,6.0,5.3,0.5,42.0,71.0,2.76,69.12,56.49,CS,Đà Nẵng,Female
6000,26,20.2,76.3,81.6,5.5,8.2,0.6,44.3,85.9,3.27,81.64,65.12,SE,TP.HCM,Male
6001,26,36.5,91.6,100.0,10.0,7.5,1.0,52.3,100.0,3.95,98.69,76.14,SE,TP.HCM,Female
6002,25,27.3,71.0,42.1,0.5,7.1,3.3,50.1,71.6,2.84,71.12,60.83,CS,Cần Thơ,Male
6003,25,20.5,83.0,89.2,3.4,7.5,2.0,54.9,93.4,3.85,96.36,74.15,CS,Hà Nội,Male
6004,28,,98.3,74.2,9.6,7.2,2.5,65.7,80.2,3.04,76.12,72.96,SE,Cần Thơ,Male
6005,29,38.2,87.9,72.6,4.8,8.0,4.5,62.8,93.6,4.0,100.0,78.22,CS,Đà Nẵng,Male
6006,18,23.1,84.3,69.8,2.7,6.4,3.2,50.1,92.8,3.53,88.24,71.41,CS,TP.HCM,Male
6007,28,19.5,84.6,74.5,9.8,8.0,1.5,51.4,76.7,2.81,70.31,64.06,DS,Cần Thơ,Male
6008,25,19.5,74.7,89.3,2.4,7.7,1.0,48.8,75.6,3.13,78.16,62.22,CE,Huế,Male
6009,27,20.6,76.4,71.9,8.6,6.8,3.0,44.3,75.8,2.78,69.43,60.07,CS,Cần Thơ,Male
6010,20,20.2,83.0,100.0,2.1,9.2,1.0,56.7,70.9,2.84,71.06,63.82,AI,Huế,Female
6011,28,14.8,87.7,89.4,,7.5,4.4,47.0,85.1,3.27,81.63,66.06,AI,Hà Nội,Male
6012,24,16.0,94.5,83.0,6.5,7.2,2.9,46.2,91.1,3.78,94.4,68.69,DS,Cần Thơ,Female
6013,28,18.4,85.9,77.5,3.9,7.7,2.7,47.4,59.2,2.4,59.96,53.29,CS,Huế,Female
6014,18,29.7,98.5,97.8,6.7,6.9,1.1,79.7,100.0,4.0,100.0,89.86,DS,Huế,Female
6015,18,22.0,100.0,100.0,10.5,8.4,3.4,62.3,93.5,3.82,95.58,77.87,CS,TP.HCM,Female
6016,27,23.3,93.0,62.6,5.6,7.0,4.2,53.9,83.0,3.33,83.21,68.44,CS,Huế,Male
6017,30,35.2,97.2,69.5,10.1,8.0,2.3,47.7,91.9,3.72,92.91,69.79,CS,Hà Nội,Male
6018,22,35.4,75.1,89.5,6.8,5.7,3.9,50.0,94.8,3.6,89.91,72.38,AI,Hà Nội,Female
6019,22,22.7,73.5,94.1,8.4,4.8,1.9,53.7,83.3,3.19,79.78,68.5,AI,Huế,Male
6020,25,20.0,90.2,75.5,0.1,7.5,2.4,51.3,92.3,3.74,93.44,71.83,IT,Cần Thơ,Female
6021,24,18.1,71.6,68.9,7.6,6.5,5.6,40.7,52.1,2.2,55.04,46.37,DS,Cần Thơ,Male
6022,25,30.5,82.1,81.2,,6.8,1.9,59.2,83.3,3.27,81.64,71.25,CE,Cần Thơ,Female
6023,23,23.4,92.7,100.0,5.1,4.2,3.3,50.8,76.8,3.03,75.76,63.83,SE,Đà Nẵng,Male
6024,23,21.9,99.1,80.6,10.7,9.0,1.9,51.5,100.0,3.92,98.03,75.75,DS,Đà Nẵng,Female
6025,19,18.5,82.5,61.0,4.8,7.1,2.9,49.9,86.3,3.53,88.14,68.1,DS,Huế,Female
6026,23,18.8,78.5,81.6,2.0,8.6,3.5,43.3,72.7,2.91,72.75,58.01,AI,Hà Nội,Female
6027,22,27.6,88.2,91.7,,5.3,1.1,48.5,85.2,3.53,88.26,66.84,CS,Hà Nội,Female
6028,30,14.5,74.3,78.5,,7.1,1.4,36.8,66.0,2.52,62.95,51.44,CE,Huế,Female
6029,20,33.0,83.3,98.9,6.2,7.5,3.4,59.2,100.0,3.99,99.73,79.59,DS,TP.HCM,Male
6030,23,20.7,84.9,93.0,9.3,7.2,2.7,41.4,72.0,3.18,79.55,56.7,DS,Hà Nội,Female
6031,25,23.8,84.7,79.1,7.2,7.3,4.3,72.0,91.3,4.0,100.0,81.65,DS,Huế,Male
6032,26,14.3,85.9,80.6,5.4,5.3,2.9,55.6,70.2,2.76,69.0,62.9,IT,Hà Nội,Male
6033,18,24.9,76.7,52.4,5.1,7.4,5.3,60.6,71.9,3.14,78.45,66.22,AI,Đà Nẵng,Female
6034,20,22.4,77.7,98.2,9.2,6.0,3.5,46.8,61.3,2.7,67.61,54.04,AI,Huế,Male
6035,20,24.6,77.5,75.1,3.0,6.3,5.3,48.7,72.7,3.07,76.78,60.7,IT,TP.HCM,Female
6036,28,36.8,68.8,74.0,7.9,7.0,5.0,52.3,87.5,3.15,78.63,69.9,IT,Huế,Male
6037,25,26.4,88.4,71.8,11.5,6.6,1.5,71.9,97.4,3.61,90.27,84.62,IT,Cần Thơ,Female
6038,18,18.6,93.9,86.9,7.4,6.6,4.7,63.1,84.7,3.29,82.15,73.92,CE,TP.HCM,Male
6039,22,19.3,93.0,63.1,5.4,8.3,3.9,58.5,70.2,2.71,67.72,64.34,IT,TP.HCM,Male
6040,20,29.8,82.4,65.2,5.6,6.8,3.8,58.8,89.9,3.41,85.33,74.33,CE,Hà Nội,Female
6041,19,35.4,76.9,79.2,4.8,6.5,4.3,60.2,90.4,3.73,93.19,75.29,AI,TP.HCM,Female
6042,25,27.3,92.4,70.6,4.4,6.9,2.0,63.1,90.3,3.74,93.41,76.73,IT,Hà Nội,Female
6043,20,30.5,91.4,85.0,6.3,5.7,3.0,73.6,100.0,4.0,100.0,86.79,AI,Huế,Male
6044,24,29.9,87.2,71.2,7.7,7.2,1.9,65.3,100.0,3.88,96.97,82.65,CS,Đà Nẵng,Male
6045,29,36.4,100.0,100.0,10.0,7.9,6.0,58.9,98.1,3.79,94.83,78.5,DS,Cần Thơ,Female
6046,28,9.4,84.7,90.4,1.1,7.4,1.4,39.0,74.4,3.01,75.32,56.7,SE,TP.HCM,Female
6047,18,30.3,82.4,90.2,0.0,7.0,0.6,63.6,83.0,3.06,76.54,73.3,AI,Đà Nẵng,Female
6048,23,32.9,81.0,70.9,10.1,7.7,1.3,55.3,85.2,3.78,94.53,70.26,AI,Đà Nẵng,Male
6049,20,14.3,69.4,100.0,6.1,6.3,2.4,42.6,62.1,2.41,60.29,52.34,CE,Hà Nội,Male
6050,25,17.9,91.6,73.4,6.3,7.0,2.4,63.5,72.5,2.88,72.12,68.01,SE,Hà Nội,Male
6051,23,18.2,83.9,69.3,7.3,8.7,3.8,48.9,63.0,2.55,63.72,55.96,CS,Cần Thơ,Male
6052,29,19.2,90.1,90.6,5.5,6.6,2.5,41.1,74.4,2.95,73.63,57.72,CS,Huế,Female
6053,19,21.1,100.0,82.9,10.9,7.7,1.8,77.5,83.1,3.27,81.76,80.32,DS,Hà Nội,Male
6054,23,26.9,81.1,67.7,7.2,7.8,3.2,65.5,81.5,3.73,93.3,73.53,IT,Huế,Female
6055,24,31.9,61.6,100.0,4.9,6.1,4.2,57.7,84.8,3.41,85.19,71.23,DS,Huế,Male
6056,22,,89.8,94.6,,7.8,2.8,63.7,100.0,4.0,100.0,81.83,CE,Đà Nẵng,Female
6057,20,18.3,86.7,80.1,5.6,6.3,3.8,35.8,67.8,2.61,65.29,51.77,SE,TP.HCM,Male
6058,21,18.2,77.7,100.0,4.1,7.5,2.6,47.4,72.6,3.03,75.66,59.98,CE,Đà Nẵng,Male
6059,21,35.5,89.0,92.2,10.2,6.3,2.1,59.4,89.7,3.59,89.86,74.56,CE,Cần Thơ,Male
6060,23,30.2,92.9,79.8,6.3,7.3,3.5,62.3,86.5,3.51,87.76,74.4,IT,TP.HCM,Male
6061,27,25.7,75.5,100.0,3.1,7.2,2.8,67.8,68.8,2.85,71.2,68.3,IT,Đà Nẵng,Male
6062,18,,82.0,89.9,7.0,7.1,4.0,62.2,82.1,3.46,86.48,72.13,CE,Cần Thơ,Male
6063,28,24.8,99.8,89.2,9.6,7.3,4.8,73.8,100.0,4.0,100.0,86.88,SE,TP.HCM,Male
6064,21,29.2,77.8,74.2,8.7,6.4,2.3,48.1,79.4,3.17,79.27,63.74,AI,Huế,Male
6065,27,22.3,85.7,80.7,4.1,5.6,3.5,43.0,77.6,3.11,77.65,60.32,DS,Cần Thơ,Male
6066,30,27.2,58.8,73.8,3.2,7.1,4.1,63.5,83.4,3.12,77.88,73.47,SE,Huế,Female
6067,21,12.9,70.2,100.0,9.6,8.3,3.1,46.0,68.6,2.71,67.74,57.3,SE,TP.HCM,Male
6068,27,19.5,86.6,55.9,1.9,7.7,3.3,56.1,92.2,3.71,92.7,74.14,DS,Cần Thơ,Male
6069,18,19.6,97.3,100.0,6.9,7.5,2.7,54.1,86.4,3.64,90.98,70.24,SE,Cần Thơ,Male
6070,26,22.0,71.4,66.8,4.6,6.4,2.9,53.7,74.3,2.5,62.48,64.0,AI,Đà Nẵng,Female
6071,21,17.6,85.7,79.1,9.3,7.2,3.3,56.2,82.9,3.38,84.49,69.58,DS,Huế,Male
6072,24,20.7,81.2,75.6,3.4,6.0,1.6,54.6,81.0,3.08,77.12,67.81,SE,Huế,Male
6073,29,12.9,94.5,72.2,4.0,6.5,0.0,44.6,52.4,2.25,56.33,48.5,IT,Cần Thơ,Female
6074,20,29.4,72.8,90.3,,7.4,2.4,75.4,84.0,3.63,90.69,79.74,DS,Cần Thơ,Female
6075,27,24.3,89.3,79.9,8.0,4.8,2.2,57.4,84.0,3.35,83.79,70.7,SE,Hà Nội,Female
6076,29,11.4,78.5,70.0,9.4,9.1,4.9,43.8,57.4,2.58,64.56,50.59,AI,Đà Nẵng,Female
6077,20,18.3,87.2,82.3,7.2,5.4,2.9,49.2,74.1,3.14,78.49,61.69,IT,Huế,Male
6078,25,27.7,,69.6,6.9,9.3,3.3,61.2,70.2,2.84,70.92,65.7,AI,Huế,Female
6079,25,20.7,82.5,71.9,8.6,6.0,1.9,51.0,84.0,3.04,76.03,67.55,SE,Cần Thơ,Male
6080,28,19.4,,57.5,2.6,6.0,1.6,37.8,72.5,2.98,74.47,55.18,IT,Huế,Male
6081,29,24.4,85.4,73.2,3.8,6.5,1.2,54.2,93.5,3.57,89.37,73.86,DS,TP.HCM,Female
6082,18,27.7,83.7,87.4,2.8,6.5,0.6,50.2,85.7,2.86,71.45,67.99,IT,Cần Thơ,Female
6083,27,13.5,81.4,80.6,0.0,6.3,3.6,49.4,69.6,2.56,64.06,59.46,CE,Huế,Female
6084,19,29.4,85.8,100.0,8.1,6.6,3.0,59.7,82.8,3.58,89.52,71.23,CE,TP.HCM,Female
6085,25,18.6,87.2,100.0,9.6,7.1,4.7,47.1,64.4,2.6,65.04,55.72,AI,Cần Thơ,Male
6086,18,24.9,75.1,73.0,7.4,5.9,3.3,62.0,84.7,3.63,90.86,73.35,CE,Hà Nội,Female
6087,29,24.7,81.5,67.5,7.0,8.0,2.9,55.2,82.9,3.63,90.77,69.06,CS,Huế,Female
6088,25,20.8,74.4,96.9,6.2,8.7,0.0,48.9,61.6,2.52,63.02,55.28,SE,Đà Nẵng,Female
6089,25,16.8,84.6,85.0,,4.7,5.4,47.6,78.8,3.04,75.93,63.2,CE,TP.HCM,Female
6090,19,22.7,79.1,97.0,10.2,9.2,2.6,51.0,78.7,2.94,73.47,64.88,CS,Cần Thơ,Female
6091,21,38.0,92.7,86.0,9.9,7.9,0.0,71.2,100.0,3.99,99.68,85.6,SE,Huế,Male
6092,23,14.1,91.7,77.1,4.5,7.3,2.8,43.5,62.6,2.33,58.16,53.06,CS,Huế,Female
6093,29,,75.8,77.2,8.8,6.3,1.3,65.8,100.0,3.77,94.33,82.9,IT,Huế,Female
6094,28,22.9,85.0,86.5,9.1,7.2,1.2,51.2,75.2,2.88,72.01,63.2,IT,Hà Nội,Male
6095,26,25.3,91.4,76.8,7.6,8.1,2.9,52.8,87.4,3.44,86.05,70.12,DS,Huế,Male
6096,25,16.3,83.2,98.3,7.0,10.0,1.6,53.3,72.4,2.85,71.18,62.82,IT,Đà Nẵng,Female
6097,29,18.8,,60.5,6.9,9.6,4.0,43.8,66.1,2.63,65.63,54.92,CE,Đà Nẵng,Male
6098,25,21.0,74.1,98.2,2.3,5.2,2.3,55.7,66.5,2.75,68.64,61.13,IT,Hà Nội,Female
6099,24,16.6,93.5,51.9,2.1,6.8,3.1,53.8,87.4,3.46,86.47,70.6,CE,Hà Nội,Male
6100,30,23.3,94.0,82.2,,7.1,3.3,66.6,81.4,3.41,85.22,74.0,CS,TP.HCM,Female
6101,26,21.7,82.9,75.0,3.2,8.6,2.9,40.6,67.3,2.83,70.83,53.91,SE,Huế,Male
6102,19,39.8,92.7,57.3,2.5,6.9,2.8,76.4,100.0,4.0,100.0,88.2,IT,Huế,Male
6103,20,15.7,55.3,49.1,0.8,6.1,2.7,42.8,59.3,2.35,58.74,51.06,IT,Cần Thơ,Female
6104,27,25.8,,63.5,4.8,7.1,4.7,45.7,87.3,3.24,81.1,66.5,AI,TP.HCM,Female
6105,25,,83.4,80.7,6.9,6.5,3.8,52.8,96.8,3.82,95.61,74.81,CS,Hà Nội,Male
6106,23,16.4,86.4,71.0,7.1,8.2,1.5,54.1,87.1,3.29,82.3,70.63,IT,Cần Thơ,Male
6107,27,30.5,81.8,64.4,8.1,9.9,0.8,59.5,87.2,3.65,91.22,73.37,CE,Hà Nội,Male
6108,26,21.8,99.0,100.0,5.0,8.1,1.3,66.3,99.0,3.67,91.64,82.67,CE,Đà Nẵng,Female
6109,27,5.1,74.4,61.5,6.3,8.1,3.1,37.4,39.1,1.63,40.79,38.25,CE,Đà Nẵng,Male
6110,21,30.3,99.7,90.2,8.1,8.5,0.8,62.4,83.9,3.4,84.89,73.15,IT,Hà Nội,Male
6111,25,16.1,89.0,66.7,7.2,7.5,1.5,49.0,73.9,3.1,77.53,61.43,DS,Đà Nẵng,Male
6112,27,16.6,91.2,63.2,,6.5,0.5,43.5,72.2,2.94,73.58,57.85,AI,Đà Nẵng,Female
6113,20,30.5,81.7,70.9,6.7,6.6,3.9,59.9,96.0,3.83,95.81,77.98,SE,Cần Thơ,Female
6114,20,22.2,71.9,89.3,1.0,8.3,3.5,50.8,79.6,2.97,74.17,65.22,CS,Hà Nội,Male
6115,25,32.3,94.3,59.4,6.0,7.3,3.8,64.1,100.0,4.0,100.0,82.03,SE,Cần Thơ,Male
6116,22,34.7,88.1,84.3,4.5,5.8,1.8,64.7,100.0,3.99,99.74,82.34,IT,TP.HCM,Male
6117,20,19.8,98.6,65.6,9.8,8.6,0.0,54.7,99.0,3.89,97.23,76.84,DS,Đà Nẵng,Male
6118,27,31.3,83.1,68.3,3.6,6.1,1.2,61.7,100.0,4.0,100.0,80.85,AI,Hà Nội,Female
6119,28,19.0,80.8,86.0,6.3,5.6,0.5,59.6,78.6,3.37,84.25,69.1,CS,Cần Thơ,Male
6120,18,42.9,98.9,100.0,4.9,5.9,0.5,64.6,100.0,3.95,98.74,82.32,AI,Đà Nẵng,Female
6121,20,19.5,100.0,66.3,4.6,7.4,4.2,49.2,79.7,3.42,85.44,64.43,AI,TP.HCM,Female
6122,29,33.2,85.1,90.8,6.9,8.2,2.1,73.3,96.1,3.89,97.17,84.72,AI,Huế,Female
6123,26,31.8,77.5,75.3,5.0,7.3,2.9,70.0,100.0,4.0,100.0,84.98,SE,TP.HCM,Male
6124,22,27.5,93.1,72.9,10.6,6.3,4.2,61.6,99.9,4.0,100.0,80.73,AI,TP.HCM,Male
6125,29,19.6,82.5,96.1,1.1,6.0,1.0,67.3,77.9,3.25,81.25,72.58,CE,Đà Nẵng,Female
6126,27,23.8,91.0,67.3,,7.9,3.4,60.2,85.2,3.58,89.56,72.67,IT,Huế,Male
6127,19,7.8,82.4,62.7,5.8,6.9,0.3,57.2,51.9,2.16,54.08,54.58,CE,Đà Nẵng,Female
6128,24,26.8,100.0,86.9,5.9,7.4,2.9,71.0,96.3,4.0,100.0,83.67,IT,Hà Nội,Male
6129,19,27.8,78.0,100.0,6.8,6.8,4.1,69.8,91.0,3.62,90.38,80.36,CE,Đà Nẵng,Female
6130,21,26.1,89.8,91.2,8.5,7.4,0.8,49.4,76.3,3.29,82.2,62.85,IT,Hà Nội,Female
6131,29,1.2,80.1,58.9,6.7,7.5,3.7,42.9,47.2,1.76,44.09,45.07,CE,Cần Thơ,Male
6132,24,14.9,82.2,70.8,8.5,9.9,2.8,47.9,60.1,2.48,62.11,53.97,DS,Đà Nẵng,Male
6133,21,19.0,80.9,94.7,6.1,7.5,1.8,41.4,58.6,2.18,54.44,49.97,DS,TP.HCM,Female
6134,24,27.3,,100.0,3.4,6.5,0.7,69.4,100.0,3.84,95.94,84.69,AI,Đà Nẵng,Male
6135,24,27.3,94.2,83.4,5.8,7.2,2.9,68.6,82.3,3.55,88.87,75.43,CE,Huế,Female
6136,18,23.6,90.6,71.3,8.9,5.9,3.2,55.2,85.2,3.83,95.65,70.22,CS,TP.HCM,Female
6137,23,30.1,83.9,100.0,5.0,5.8,2.0,55.5,97.7,3.87,96.87,76.59,DS,Đà Nẵng,Female
6138,26,16.8,,78.9,3.3,8.5,1.0,51.0,85.8,3.23,80.82,68.42,SE,TP.HCM,Female
6139,19,29.9,94.0,70.9,7.5,7.4,3.6,47.9,80.6,3.22,80.58,64.27,IT,Hà Nội,Male
6140,20,28.8,94.3,68.4,6.8,8.3,4.3,50.6,99.2,3.81,95.31,74.9,AI,Hà Nội,Female
6141,27,28.0,58.1,62.1,4.1,5.1,3.9,52.5,79.4,3.43,85.85,65.92,SE,Huế,Female
6142,22,23.5,,100.0,5.4,5.8,4.9,59.6,87.5,3.62,90.56,73.58,SE,Đà Nẵng,Female
6143,26,39.6,82.8,100.0,5.5,7.4,1.5,65.8,100.0,4.0,100.0,82.88,CS,TP.HCM,Female
6144,21,28.9,91.7,70.2,6.0,6.0,0.4,56.3,96.6,3.84,96.07,76.47,CE,Hà Nội,Male
6145,18,17.3,84.3,100.0,7.6,5.3,3.1,44.4,63.7,2.4,60.08,54.02,CE,Huế,Female
6146,21,27.0,92.2,88.0,,5.7,1.9,77.4,81.3,3.46,86.56,79.32,IT,Huế,Female
6147,23,31.0,74.2,87.1,7.7,6.6,4.0,51.3,90.8,3.61,90.3,71.09,IT,TP.HCM,Female
6148,22,20.3,,69.2,4.7,7.5,0.9,39.7,77.4,2.89,72.26,58.55,DS,Hà Nội,Female
6149,30,33.7,94.0,72.3,10.2,9.1,1.1,60.1,92.6,4.0,100.0,76.35,DS,Huế,Female
6150,18,28.1,70.3,79.4,10.2,5.7,2.6,60.5,86.8,3.97,99.17,73.64,SE,Cần Thơ,Male
6151,21,6.3,100.0,50.5,3.9,5.8,2.8,45.5,53.4,2.17,54.2,49.46,SE,TP.HCM,Female
6152,23,27.4,96.9,72.7,2.9,5.3,3.5,54.5,92.8,3.78,94.6,73.63,SE,Đà Nẵng,Female
6153,30,21.8,85.0,80.1,,7.7,2.4,55.5,70.2,3.17,79.27,62.86,IT,Cần Thơ,Male
6154,27,29.3,76.7,99.6,6.6,7.1,0.0,66.8,100.0,3.94,98.51,83.4,SE,TP.HCM,Female
6155,27,32.6,83.2,70.8,7.4,5.8,7.7,63.4,100.0,4.0,100.0,81.72,CE,Huế,Female
6156,21,26.6,85.8,92.2,,6.0,2.6,59.0,90.1,3.49,87.24,74.52,IT,Huế,Female
6157,26,38.3,89.4,49.1,5.7,6.9,6.8,68.3,100.0,4.0,100.0,84.17,DS,Đà Nẵng,Female
6158,22,23.6,100.0,97.5,5.1,6.9,2.3,52.1,90.8,3.44,85.94,71.43,CS,Hà Nội,Male
6159,25,30.0,80.2,66.5,6.8,5.8,0.9,62.9,94.2,3.72,92.89,78.54,DS,Đà Nẵng,Male
6160,26,31.4,90.6,82.0,2.9,7.2,2.0,70.0,90.4,3.28,82.1,80.19,IT,Hà Nội,Female
6161,27,24.2,,86.1,5.8,5.3,4.2,64.1,94.0,3.86,96.43,79.05,IT,Cần Thơ,Male
6162,22,31.2,80.9,83.2,2.9,7.1,3.4,63.8,96.7,3.95,98.69,80.23,DS,Cần Thơ,Male
6163,23,20.2,88.8,78.4,4.7,6.8,3.0,53.6,83.9,3.15,78.83,68.77,DS,Huế,Female
6164,18,21.6,91.9,61.4,5.8,7.5,2.4,69.1,96.3,4.0,100.0,82.71,IT,Đà Nẵng,Male
6165,28,14.5,77.5,66.7,7.3,8.5,2.7,48.4,75.5,3.03,75.84,61.93,AI,TP.HCM,Male
6166,29,,80.6,94.9,,6.6,2.3,53.7,94.5,3.75,93.75,74.06,DS,TP.HCM,Male
6167,24,27.6,99.6,71.0,7.9,7.0,4.3,55.5,94.8,3.6,89.89,75.13,SE,TP.HCM,Female
6168,21,34.4,96.6,78.5,2.3,4.6,3.9,59.3,92.5,3.86,96.45,75.92,CE,TP.HCM,Male
6169,28,31.3,87.1,57.6,9.2,9.4,1.1,57.8,96.7,3.69,92.22,77.25,DS,Huế,Male
6170,19,22.7,62.6,92.9,4.4,4.8,0.3,65.9,79.9,3.35,83.68,72.87,CS,TP.HCM,Male
6171,22,15.6,100.0,60.2,4.6,6.9,0.7,46.0,68.3,2.56,63.96,57.17,IT,Huế,Female
6172,29,28.5,84.8,93.7,6.7,3.9,2.0,70.5,100.0,4.0,100.0,85.26,CS,TP.HCM,Male
6173,20,33.9,81.9,64.1,5.2,6.0,2.8,61.2,94.2,3.73,93.28,77.7,CS,Huế,Male
6174,23,31.0,79.8,95.2,6.9,9.1,2.4,68.1,96.4,4.0,100.0,82.23,AI,Đà Nẵng,Female
6175,25,33.7,88.8,80.2,7.4,8.4,3.4,55.5,89.0,3.3,82.5,72.24,DS,Cần Thơ,Male
6176,24,23.3,88.9,71.6,4.1,8.2,2.5,55.7,83.4,3.43,85.67,69.53,SE,Huế,Male
6177,20,21.3,94.5,100.0,5.5,6.8,4.9,43.0,84.9,3.2,80.02,63.97,CE,Huế,Male
6178,25,19.1,75.7,79.0,5.6,9.0,3.3,50.9,89.5,3.45,86.23,70.16,DS,Cần Thơ,Female
6179,19,24.6,81.9,74.6,8.4,7.3,2.5,61.6,73.8,3.07,76.67,67.68,IT,Huế,Male
6180,27,24.4,100.0,93.6,4.8,7.8,0.2,65.5,93.1,3.73,93.36,79.33,DS,Đà Nẵng,Female
6181,26,26.7,,57.8,,10.0,3.0,58.0,62.8,2.59,64.63,60.4,AI,Hà Nội,Male
6182,21,24.0,83.3,42.1,3.4,8.3,3.2,52.8,78.0,3.27,81.81,65.41,SE,Cần Thơ,Male
6183,18,23.9,75.6,97.4,3.7,6.9,1.4,54.9,81.5,3.29,82.31,68.21,IT,Huế,Male
6184,25,18.8,,67.5,2.6,7.6,0.8,48.3,78.1,3.1,77.39,63.2,IT,Đà Nẵng,Female
6185,24,32.5,95.3,93.0,4.2,8.7,4.1,59.4,100.0,3.8,95.0,79.7,CS,TP.HCM,Male
6186,28,25.6,93.7,80.7,10.0,7.7,1.0,55.2,86.2,3.89,97.23,70.73,IT,Cần Thơ,Male
6187,30,23.6,82.4,62.5,7.7,7.9,2.7,56.8,95.1,3.91,97.81,75.92,AI,TP.HCM,Female
6188,22,,88.6,89.1,9.2,8.5,2.5,63.3,84.0,3.36,84.05,73.69,CS,Đà Nẵng,Female
6189,27,14.3,,73.8,3.6,10.0,3.2,60.5,74.9,2.93,73.34,67.72,DS,Cần Thơ,Male
6190,30,35.5,95.7,63.8,1.1,5.9,1.1,63.6,100.0,4.0,100.0,81.78,SE,Huế,Female
6191,22,29.4,77.2,64.2,6.8,7.8,2.3,52.5,86.9,3.47,86.85,69.71,SE,Hà Nội,Male
6192,24,12.0,59.5,54.0,10.6,7.6,1.0,37.4,57.3,2.4,59.97,47.38,IT,Hà Nội,Female
6193,22,31.1,88.0,86.0,4.8,6.5,2.6,50.4,84.4,3.26,81.55,67.42,SE,Huế,Male
6194,25,32.4,93.0,66.0,6.3,6.2,3.3,68.7,94.3,4.0,100.0,81.51,DS,Đà Nẵng,Male
6195,28,26.0,74.1,79.5,2.1,9.0,3.8,45.2,86.8,3.61,90.27,65.99,CE,TP.HCM,Female
6196,30,37.8,84.9,77.3,6.1,5.8,4.7,49.1,100.0,3.64,90.96,74.57,SE,Đà Nẵng,Female
6197,23,26.7,82.4,65.9,5.7,5.3,2.1,62.9,82.0,3.34,83.44,72.44,CS,Cần Thơ,Female
6198,30,13.7,86.0,57.2,0.8,6.3,2.1,53.3,70.5,2.98,74.49,61.88,IT,Hà Nội,Male
6199,22,27.9,79.6,100.0,3.4,4.9,4.4,49.8,86.2,3.19,79.63,68.0,AI,Hà Nội,Female
6200,26,27.0,97.9,79.3,3.2,6.0,3.4,62.2,99.4,4.0,100.0,80.79,SE,Huế,Female
6201,28,20.2,86.5,100.0,,5.7,4.4,43.2,75.6,3.15,78.77,59.42,SE,Cần Thơ,Male
6202,19,29.6,76.2,97.5,4.2,7.1,5.4,57.9,96.2,3.59,89.63,77.03,IT,Cần Thơ,Female
6203,18,11.7,94.2,75.2,7.3,8.7,1.2,50.6,70.3,2.78,69.44,60.43,CE,Hà Nội,Male
6204,25,32.9,72.4,82.7,4.4,6.3,3.7,65.7,100.0,3.77,94.29,82.87,CS,TP.HCM,Male
6205,29,18.0,97.8,82.3,8.9,8.0,1.6,56.1,100.0,4.0,100.0,78.06,CE,Cần Thơ,Female
6206,20,17.1,94.9,100.0,5.1,7.9,4.8,37.9,71.6,2.66,66.49,54.73,IT,Đà Nẵng,Female
6207,28,24.1,98.9,92.4,6.8,4.3,0.7,60.2,93.0,3.53,88.35,76.6,AI,Huế,Male
6208,29,28.5,83.4,67.9,7.2,6.3,3.9,75.2,87.7,3.53,88.15,81.48,CE,Đà Nẵng,Male
6209,29,26.3,80.0,85.3,9.8,6.5,1.7,59.7,85.0,3.81,95.31,72.32,CE,Cần Thơ,Female
6210,29,19.1,,92.1,4.2,7.5,3.3,41.8,73.9,3.2,79.97,57.82,IT,Huế,Female
6211,24,21.0,84.2,62.4,7.1,7.7,4.4,48.0,81.8,3.07,76.82,64.89,CE,Hà Nội,Female
6212,27,15.9,,87.4,3.6,7.4,1.5,44.9,66.9,2.43,60.8,55.91,IT,Đà Nẵng,Male
6213,30,23.2,79.5,100.0,10.3,5.9,0.3,36.8,80.0,3.08,77.02,58.41,SE,Đà Nẵng,Female
6214,28,33.6,81.3,67.1,3.4,6.2,2.1,63.2,93.0,3.44,85.98,78.07,AI,Đà Nẵng,Female
6215,25,25.0,73.3,69.2,7.0,5.2,1.9,52.1,87.8,3.67,91.72,69.94,DS,Đà Nẵng,Female
6216,30,31.9,91.8,97.4,9.9,7.1,0.6,60.4,99.9,4.0,100.0,80.15,CS,Huế,Male
6217,30,36.6,84.5,74.7,3.0,6.6,0.0,64.2,100.0,4.0,100.0,82.11,IT,TP.HCM,Male
6218,23,20.3,81.9,65.3,7.5,7.6,4.3,47.1,70.8,2.84,71.0,58.93,CE,Huế,Female
6219,29,23.5,73.9,93.2,3.5,7.8,4.7,60.1,80.0,3.22,80.59,70.06,DS,Cần Thơ,Male
6220,27,42.4,73.4,88.7,11.8,6.6,1.6,69.2,100.0,3.79,94.67,84.58,SE,TP.HCM,Female
6221,26,36.6,100.0,81.4,1.3,7.3,2.1,63.4,100.0,4.0,100.0,81.71,AI,Đà Nẵng,Male
6222,24,11.6,78.7,96.9,2.2,6.7,3.7,48.9,54.0,2.41,60.31,51.43,AI,Hà Nội,Male
6223,27,,91.1,97.9,3.2,5.7,3.7,62.4,86.4,3.37,84.28,74.42,SE,Hà Nội,Male
6224,22,25.0,86.6,78.8,3.3,6.0,5.2,49.6,91.4,3.74,93.46,70.51,SE,Hà Nội,Male
6225,25,31.6,57.2,100.0,7.3,4.3,3.4,56.0,84.8,3.41,85.16,70.41,CS,Huế,Female
6226,19,19.0,100.0,100.0,10.5,6.5,1.0,53.0,91.6,3.56,88.96,72.3,DS,Cần Thơ,Female
6227,24,18.3,91.8,50.2,8.9,6.3,3.7,48.1,82.4,3.4,85.01,65.27,IT,Cần Thơ,Male
6228,21,19.6,77.3,64.5,6.6,5.7,1.5,41.1,78.2,3.49,87.31,59.67,SE,TP.HCM,Male
6229,26,20.4,84.7,46.2,6.0,8.0,2.4,48.4,79.9,3.47,86.77,64.15,AI,Hà Nội,Female
6230,29,31.5,73.5,75.1,4.5,7.6,4.2,69.2,87.9,3.35,83.68,78.52,SE,Hà Nội,Female
6231,18,15.6,100.0,61.8,7.0,7.7,1.1,46.8,76.1,3.07,76.68,61.44,SE,TP.HCM,Male
6232,24,20.0,75.9,67.8,5.5,7.8,2.4,58.1,67.4,2.84,71.01,62.75,CE,Đà Nẵng,Female
6233,23,10.7,79.8,96.4,6.5,7.0,0.7,44.7,62.1,2.5,62.47,53.38,AI,Hà Nội,Male
6234,25,33.1,77.7,53.7,4.1,7.0,1.0,62.7,90.1,3.35,83.67,76.4,AI,Đà Nẵng,Female
6235,22,35.2,85.8,81.9,,8.0,1.7,55.1,81.1,3.09,77.28,68.06,AI,Huế,Female
6236,18,22.4,98.7,81.9,6.1,7.8,4.9,65.3,92.3,3.82,95.43,78.81,SE,Đà Nẵng,Female
6237,18,22.6,100.0,78.8,6.0,8.2,2.6,72.4,95.7,4.0,100.0,84.06,IT,TP.HCM,Male
6238,26,28.6,81.0,82.0,4.5,6.9,6.5,53.4,95.3,3.68,92.07,74.34,CE,Đà Nẵng,Female
6239,27,36.8,88.8,46.5,4.1,5.8,3.9,75.7,96.4,3.67,91.66,86.05,CE,Huế,Male
6240,23,28.3,85.8,67.9,7.4,7.3,4.0,49.6,94.1,3.99,99.76,71.84,AI,TP.HCM,Female
6241,27,19.4,75.2,100.0,7.1,6.3,0.9,50.4,55.3,2.26,56.45,52.86,CS,Hà Nội,Female
6242,22,12.0,100.0,62.0,10.7,7.8,2.3,40.2,67.5,2.62,65.55,53.87,CE,Hà Nội,Male
6243,18,16.1,98.6,100.0,9.5,7.3,0.8,54.7,94.7,3.75,93.76,74.7,CS,Cần Thơ,Male
6244,23,25.6,86.9,58.9,3.0,7.1,2.0,55.7,85.6,3.4,84.94,70.67,IT,Cần Thơ,Female
6245,23,19.8,100.0,57.1,5.5,6.5,1.8,54.4,77.1,3.23,80.84,65.76,IT,Hà Nội,Male
6246,20,26.6,97.1,65.7,,8.2,2.4,69.3,94.7,3.83,95.82,82.01,CE,Huế,Male
6247,30,20.6,85.8,96.9,1.4,8.1,3.7,62.6,89.1,3.26,81.45,75.87,SE,Huế,Female
6248,25,16.5,88.3,71.8,11.5,6.3,2.1,49.3,71.5,2.84,70.88,60.43,CE,Hà Nội,Male
6249,18,15.6,100.0,85.2,9.7,5.5,3.8,60.0,83.1,3.69,92.33,71.57,CS,Huế,Female
6250,18,37.5,75.5,81.1,4.4,7.2,0.3,73.1,100.0,4.0,100.0,86.54,IT,TP.HCM,Male
6251,23,32.1,100.0,79.2,9.1,8.4,3.2,72.4,100.0,4.0,100.0,86.2,CE,Đà Nẵng,Male
6252,27,38.8,82.7,99.1,9.5,5.5,1.8,67.7,100.0,3.83,95.82,83.83,DS,TP.HCM,Female
6253,30,29.3,100.0,91.6,1.2,7.6,2.9,64.5,100.0,4.0,100.0,82.23,CS,TP.HCM,Male
6254,18,21.6,84.9,62.9,8.1,6.0,3.8,51.8,79.5,3.37,84.22,65.63,SE,Huế,Male
6255,23,35.6,88.4,75.9,4.8,5.8,0.3,82.5,100.0,4.0,100.0,91.23,CE,Hà Nội,Female
6256,18,24.7,84.7,100.0,7.0,8.1,4.7,59.2,75.4,3.25,81.31,67.32,IT,Hà Nội,Female
6257,30,26.8,79.7,84.8,13.5,7.8,2.2,56.4,92.8,3.54,88.53,74.61,SE,Hà Nội,Female
6258,23,24.7,82.3,57.4,10.0,6.8,5.3,59.6,95.0,3.84,96.02,77.28,DS,Đà Nẵng,Male
6259,20,1.4,98.8,58.4,5.7,7.9,2.6,42.9,63.1,2.41,60.13,53.01,AI,Hà Nội,Male
6260,25,37.8,61.9,93.4,9.6,7.8,4.5,78.1,89.0,3.86,96.38,83.56,DS,Hà Nội,Male
6261,30,28.9,72.6,90.5,1.2,5.2,2.6,57.4,82.6,3.29,82.29,69.99,CS,Huế,Female
6262,23,27.6,77.7,66.2,7.3,7.1,2.9,63.1,88.5,3.5,87.47,75.83,AI,Cần Thơ,Female
6263,30,24.5,74.2,91.2,7.3,8.7,2.7,53.6,73.0,2.69,67.33,63.31,CS,Cần Thơ,Male
6264,28,26.3,100.0,100.0,7.8,7.6,2.2,47.1,100.0,4.0,100.0,73.54,IT,Huế,Male
6265,30,20.2,97.6,100.0,,3.9,2.1,54.8,86.1,3.53,88.29,70.45,IT,Hà Nội,Female
6266,18,29.9,90.9,100.0,7.0,5.7,2.8,67.5,100.0,4.0,99.91,83.74,SE,Cần Thơ,Female
6267,22,14.5,78.6,88.3,8.1,8.2,3.3,48.7,75.7,3.15,78.67,62.19,CS,Hà Nội,Male
6268,25,26.5,98.4,77.3,0.2,6.3,2.9,50.9,89.1,3.78,94.42,70.0,AI,TP.HCM,Female
6269,20,29.5,69.1,74.0,5.2,8.3,3.3,69.4,80.3,3.25,81.35,74.86,CE,Đà Nẵng,Female
6270,29,23.4,100.0,79.7,3.7,9.5,0.2,48.6,91.4,3.75,93.67,70.04,AI,Hà Nội,Male
6271,23,28.0,78.2,66.9,7.7,6.7,3.9,51.9,99.9,4.0,100.0,75.9,AI,Huế,Female
6272,22,17.1,82.4,74.6,9.4,6.3,1.4,41.7,66.7,2.32,57.93,54.23,IT,Huế,Male
6273,23,17.3,80.7,99.1,4.5,5.8,0.0,42.3,65.6,2.72,67.94,53.94,DS,Huế,Female
6274,27,26.9,74.3,55.9,3.3,7.9,5.3,56.6,89.7,3.26,81.47,73.15,IT,Đà Nẵng,Female
6275,18,30.4,100.0,56.9,6.3,6.3,4.6,67.4,100.0,4.0,100.0,83.7,CE,Hà Nội,Female
6276,24,10.0,92.9,92.5,3.1,6.5,2.5,42.0,74.1,3.08,76.91,58.06,AI,Cần Thơ,Male
6277,26,29.2,97.2,74.7,5.4,5.7,4.1,65.7,95.2,3.44,86.02,80.42,SE,TP.HCM,Female
6278,19,20.7,72.8,51.1,5.2,6.5,2.0,57.2,75.7,3.04,75.93,66.42,AI,Hà Nội,Male
6279,27,23.5,86.8,79.1,7.5,6.2,1.8,53.1,61.5,2.39,59.77,57.34,AI,Đà Nẵng,Male
6280,22,14.3,90.2,76.9,6.8,4.6,1.6,37.9,67.9,2.66,66.61,52.87,DS,Hà Nội,Male
6281,27,18.2,87.7,73.5,6.4,6.0,1.5,63.2,76.6,3.22,80.49,69.88,SE,TP.HCM,Female
6282,21,32.7,73.4,90.3,10.1,7.9,2.1,55.5,71.9,3.26,81.45,63.74,SE,Đà Nẵng,Female
6283,23,25.3,95.8,60.0,6.7,8.6,1.4,41.7,97.9,4.0,100.0,69.83,DS,Cần Thơ,Male
6284,23,21.9,86.2,80.2,5.0,6.9,0.0,51.5,82.5,3.31,82.64,66.99,CS,Hà Nội,Female
6285,28,,,76.8,5.3,7.0,2.2,58.7,67.7,2.44,60.94,63.21,DS,Đà Nẵng,Male
6286,19,28.9,66.4,80.6,4.1,7.3,1.0,62.2,89.3,3.85,96.14,75.73,AI,Hà Nội,Male
6287,19,28.5,91.1,54.0,3.5,9.4,2.9,51.5,100.0,3.97,99.18,75.76,IT,Đà Nẵng,Female
6288,21,24.4,100.0,72.2,2.5,5.8,2.1,44.4,93.6,3.41,85.17,69.02,AI,TP.HCM,Male
6289,18,33.7,74.8,80.3,8.8,5.5,3.5,63.8,100.0,3.77,94.22,81.91,SE,Huế,Male
6290,26,32.8,86.7,88.1,4.2,6.9,2.5,66.5,88.0,3.27,81.68,77.24,DS,Hà Nội,Male
6291,30,,96.1,100.0,,7.5,0.6,69.0,93.0,3.5,87.48,81.04,SE,Đà Nẵng,Female
6292,24,25.4,72.3,92.1,5.3,7.0,0.6,62.4,77.5,3.3,82.59,69.98,SE,Đà Nẵng,Male
6293,29,30.3,,86.9,5.9,5.4,0.6,60.8,91.6,3.7,92.62,76.23,AI,Đà Nẵng,Male
6294,24,27.5,76.4,99.1,8.9,8.1,1.2,50.2,89.1,3.67,91.81,69.66,SE,TP.HCM,Female
6295,20,33.5,94.8,75.4,6.4,6.8,1.4,60.7,100.0,3.44,85.99,80.36,CS,Huế,Male
6296,28,32.2,98.3,100.0,3.7,7.7,3.9,62.1,91.3,3.81,95.13,76.68,AI,Hà Nội,Male
6297,29,16.9,86.6,96.8,4.6,8.9,2.8,43.8,69.7,2.91,72.86,56.74,CE,Đà Nẵng,Female
6298,20,16.3,76.6,73.3,8.1,5.2,0.0,56.8,82.0,2.92,73.04,69.41,IT,Hà Nội,Female
6299,18,19.4,80.6,100.0,7.2,4.9,1.2,59.3,83.0,3.07,76.74,71.15,AI,Hà Nội,Female
6300,20,32.8,78.7,86.7,8.3,7.7,2.4,50.9,92.5,3.93,98.23,71.74,SE,Đà Nẵng,Male
6301,20,12.4,75.2,100.0,5.4,4.6,1.0,43.2,56.1,2.13,53.16,49.65,IT,Cần Thơ,Male
6302,21,28.2,84.0,84.5,2.5,6.5,2.6,74.2,96.3,4.0,100.0,85.26,AI,Huế,Female
6303,21,27.9,90.7,71.6,7.3,6.3,1.2,68.3,85.8,3.43,85.82,77.01,SE,Đà Nẵng,Female
6304,20,34.3,89.9,68.5,6.6,7.4,2.3,65.6,93.7,3.64,91.09,79.64,CS,TP.HCM,Female
6305,27,26.4,84.9,74.7,6.7,6.2,1.6,65.8,78.6,3.11,77.85,72.17,SE,Hà Nội,Female
6306,29,14.3,85.6,71.4,2.5,7.6,2.7,60.9,88.7,3.15,78.78,74.82,CS,Hà Nội,Male
6307,25,17.3,84.2,99.1,4.4,5.7,4.7,51.3,87.6,3.58,89.5,69.46,CE,Hà Nội,Female
6308,25,15.5,72.0,79.6,3.7,5.5,3.8,37.3,54.4,1.94,48.44,45.86,DS,TP.HCM,Female
6309,30,20.7,86.6,55.8,7.0,7.0,0.9,60.0,76.3,2.68,67.11,68.11,SE,Đà Nẵng,Female
6310,30,23.5,79.2,83.2,7.1,7.1,6.3,61.4,79.8,2.89,72.36,70.56,SE,Huế,Male
6311,18,15.7,71.5,81.9,5.9,7.4,4.3,39.9,73.1,2.74,68.6,56.54,CE,Đà Nẵng,Male
6312,24,36.8,88.7,73.0,8.4,8.8,1.5,67.8,100.0,4.0,100.0,83.92,CS,Cần Thơ,Male
6313,28,14.4,78.9,84.0,9.7,8.5,1.2,41.7,76.9,2.92,72.88,59.29,CS,TP.HCM,Female
6314,19,35.8,87.3,79.3,6.9,7.5,3.0,52.6,100.0,4.0,100.0,76.29,AI,Huế,Male
6315,18,34.5,93.5,89.5,7.7,8.0,3.6,66.5,100.0,4.0,100.0,83.27,CS,Huế,Female
6316,20,32.2,75.5,88.6,4.6,7.3,5.2,71.4,97.4,4.0,100.0,84.4,IT,Cần Thơ,Male
6317,21,19.4,85.9,85.5,4.2,8.4,3.3,54.9,89.0,3.93,98.23,71.96,SE,Cần Thơ,Male
6318,30,27.7,66.9,60.5,8.5,7.4,1.5,57.2,91.6,3.76,94.0,74.4,IT,TP.HCM,Male
6319,23,14.8,100.0,100.0,3.8,6.3,1.7,41.1,80.8,3.35,83.68,60.93,DS,Đà Nẵng,Female
6320,27,32.3,71.4,56.7,7.7,6.1,3.4,64.6,95.6,3.69,92.35,80.1,DS,Hà Nội,Male
6321,22,24.4,79.9,78.1,10.3,8.4,0.5,51.1,89.4,3.12,77.88,70.29,IT,Hà Nội,Female
6322,21,21.7,98.4,63.6,7.6,6.8,4.7,50.2,79.7,3.25,81.29,64.95,DS,Huế,Male
6323,25,15.2,82.7,85.9,5.8,9.3,1.7,55.4,68.7,2.47,61.81,62.04,CE,Cần Thơ,Female
6324,28,5.2,73.0,82.1,2.6,5.7,3.9,30.7,46.0,1.56,39.01,38.36,SE,Huế,Female
6325,29,16.7,92.1,77.5,6.4,8.5,4.3,49.7,92.8,3.48,86.96,71.27,SE,TP.HCM,Male
6326,21,33.9,91.9,100.0,,6.5,7.1,55.6,86.6,3.59,89.87,71.12,CE,Huế,Female
6327,30,21.8,78.7,96.6,5.6,7.5,2.0,50.9,84.8,3.59,89.67,67.86,AI,Đà Nẵng,Female
6328,27,23.6,79.8,75.1,8.6,5.4,2.1,38.3,90.5,3.65,91.26,64.36,AI,Đà Nẵng,Male
6329,29,30.2,80.6,92.1,6.9,4.8,2.0,63.8,95.6,3.6,90.03,79.71,CS,Hà Nội,Female
6330,30,39.4,82.9,100.0,6.7,8.8,2.8,69.9,100.0,3.94,98.58,84.97,CS,TP.HCM,Female
6331,19,35.6,66.1,96.5,5.2,6.5,1.5,77.9,100.0,4.0,100.0,88.97,DS,Cần Thơ,Male
6332,20,17.2,83.2,78.0,2.4,8.2,4.3,52.2,69.5,2.73,68.22,60.88,AI,Hà Nội,Female
6333,23,9.5,100.0,56.1,4.9,6.2,4.0,40.3,58.1,2.22,55.55,49.19,CS,Huế,Male
6334,25,43.9,76.0,84.9,4.9,8.2,2.1,76.8,100.0,4.0,100.0,88.38,AI,Huế,Female
6335,25,43.2,79.2,90.0,7.4,6.5,1.4,76.5,100.0,4.0,100.0,88.25,DS,Đà Nẵng,Female
6336,28,26.5,73.2,68.5,6.0,5.5,1.8,65.7,84.3,3.31,82.63,74.96,DS,Huế,Female
6337,26,14.8,91.1,80.3,8.7,7.8,1.8,35.1,63.2,2.2,55.1,49.17,CE,Cần Thơ,Female
6338,24,32.7,97.0,78.8,6.7,8.1,3.2,58.8,99.4,3.99,99.76,79.1,DS,Đà Nẵng,Male
6339,30,24.1,96.8,100.0,4.7,7.8,2.8,50.8,84.3,3.31,82.63,67.57,CE,Hà Nội,Female
6340,19,24.1,72.5,100.0,4.0,6.8,3.7,65.4,76.8,3.37,84.16,71.09,AI,Cần Thơ,Male
6341,25,32.2,90.0,97.6,4.5,4.9,4.7,68.7,86.2,3.19,79.82,77.44,CS,Đà Nẵng,Female
6342,24,27.7,99.3,78.7,,5.7,2.9,69.1,85.3,3.23,80.76,77.24,DS,Đà Nẵng,Male
6343,25,15.5,90.1,97.2,5.1,6.2,3.4,42.0,60.3,2.34,58.43,51.14,CS,Huế,Female
6344,29,22.4,89.8,89.7,3.3,6.7,6.2,56.3,73.9,3.1,77.38,65.09,CE,Hà Nội,Female
6345,20,30.3,80.3,78.9,8.5,8.4,3.4,47.6,87.1,3.27,81.83,67.34,CE,TP.HCM,Male
6346,24,29.1,87.2,100.0,6.4,6.9,1.8,51.6,81.8,3.49,87.2,66.73,CE,Đà Nẵng,Female
6347,27,27.1,97.4,68.9,6.7,4.5,2.4,60.9,86.4,3.36,83.96,73.63,AI,Cần Thơ,Female
6348,30,32.5,88.3,89.1,3.9,3.9,0.0,64.3,87.9,3.21,80.3,76.06,IT,Huế,Male
6349,26,22.1,72.5,92.6,3.4,6.2,3.3,55.4,67.4,2.53,63.13,61.38,CS,Huế,Male
6350,20,26.4,80.4,75.7,5.6,6.4,1.7,52.0,73.4,2.66,66.57,62.71,IT,Hà Nội,Male
6351,27,0.0,97.1,88.4,0.9,7.4,1.2,42.8,55.2,1.95,48.78,49.0,IT,Cần Thơ,Male
6352,23,21.4,88.2,94.2,7.9,5.3,1.2,54.3,89.7,3.97,99.36,72.02,DS,Huế,Female
6353,19,31.1,86.2,83.7,4.2,5.3,4.2,73.0,100.0,4.0,100.0,86.52,CS,Cần Thơ,Female
6354,19,21.9,79.5,87.1,5.3,7.5,2.1,50.1,77.7,3.32,83.05,63.93,CS,Huế,Female
6355,22,,96.9,81.6,7.1,8.6,3.6,41.7,86.6,3.38,84.49,64.14,DS,TP.HCM,Male
6356,22,16.7,100.0,92.0,5.4,4.6,3.1,57.1,74.0,3.08,77.05,65.56,AI,Cần Thơ,Male
6357,30,33.0,97.6,76.6,3.1,6.1,2.8,66.9,100.0,3.84,95.97,83.47,CE,Cần Thơ,Male
6358,24,29.4,99.4,75.3,9.8,8.3,1.9,55.3,86.7,3.81,95.28,71.0,CS,Đà Nẵng,Male
6359,29,31.6,81.4,80.3,,8.1,3.2,58.5,95.1,3.75,93.81,76.77,IT,Cần Thơ,Male
6360,19,11.2,80.0,97.8,0.4,5.9,1.9,46.8,57.9,2.15,53.7,52.39,SE,Huế,Female
6361,28,23.7,83.4,53.8,8.2,8.4,2.7,52.5,75.4,2.76,68.99,63.91,SE,Đà Nẵng,Male
6362,30,22.8,85.4,66.4,2.4,7.1,4.2,46.5,77.6,2.87,71.87,62.07,IT,Đà Nẵng,Male
6363,24,22.8,99.3,100.0,9.1,7.8,4.5,55.5,98.6,3.69,92.25,77.04,IT,Cần Thơ,Male
6364,22,20.1,96.7,84.1,6.9,6.2,1.8,61.2,91.8,4.0,100.0,76.51,CS,Đà Nẵng,Male
6365,23,22.2,90.4,73.9,6.7,7.4,3.1,52.5,75.8,2.99,74.74,64.17,AI,Cần Thơ,Male
6366,25,31.8,70.7,91.9,4.6,5.6,3.4,61.0,81.2,3.19,79.7,71.1,AI,Cần Thơ,Male
6367,27,9.7,68.1,68.2,3.9,6.3,2.9,41.1,50.2,2.66,66.62,45.64,CS,Đà Nẵng,Male
6368,30,39.2,87.4,48.5,5.1,6.6,3.6,58.3,100.0,4.0,100.0,79.13,DS,Huế,Female
6369,29,28.9,93.8,85.3,3.8,7.2,3.7,59.9,94.5,3.53,88.25,77.22,CE,Đà Nẵng,Female
6370,21,24.7,84.2,69.0,9.0,9.9,5.3,52.8,87.1,3.76,93.88,69.97,SE,Hà Nội,Female
6371,30,32.3,100.0,81.5,4.1,10.0,5.7,69.9,97.6,3.83,95.82,83.74,IT,Cần Thơ,Male
6372,24,13.4,,84.9,7.3,6.5,2.3,55.4,71.2,2.82,70.51,63.29,AI,TP.HCM,Female
6373,23,19.7,72.9,82.1,8.5,8.8,5.0,57.3,77.1,2.97,74.16,67.22,DS,TP.HCM,Female
6374,27,24.0,78.4,54.4,3.8,5.7,3.2,49.3,88.8,3.52,88.07,69.04,SE,TP.HCM,Male
6375,19,35.9,78.0,80.4,6.9,7.5,2.2,54.9,100.0,3.88,96.98,77.46,IT,TP.HCM,Female
6376,25,,90.3,86.7,3.8,6.2,3.4,45.7,88.6,3.48,86.94,67.15,CS,Cần Thơ,Male
6377,27,28.6,80.8,59.0,5.6,6.5,2.2,59.8,99.1,3.88,97.0,79.47,DS,Cần Thơ,Male
6378,26,20.3,69.5,57.2,4.9,10.0,2.4,45.3,70.4,2.91,72.75,57.86,IT,Đà Nẵng,Female
6379,22,28.9,93.9,64.0,4.3,6.5,0.9,52.4,85.1,3.5,87.59,68.74,CS,Đà Nẵng,Female
6380,27,38.4,67.4,91.2,6.4,6.2,2.6,78.6,100.0,4.0,100.0,89.32,IT,TP.HCM,Female
6381,21,33.0,74.3,50.0,3.0,5.8,3.9,64.5,92.1,3.98,99.53,78.32,CS,Cần Thơ,Male
6382,23,24.3,68.8,92.4,8.3,6.1,3.6,56.1,77.2,3.3,82.52,66.64,CE,Đà Nẵng,Male
6383,25,30.4,87.1,85.9,3.3,5.3,3.0,63.0,93.8,4.0,100.0,78.39,CS,Đà Nẵng,Male
6384,28,29.6,86.9,76.1,2.8,7.3,5.1,72.4,94.7,3.64,90.98,83.54,SE,Đà Nẵng,Female
6385,20,29.1,100.0,57.8,5.4,7.2,5.7,60.5,90.8,3.4,85.01,75.67,CE,Cần Thơ,Female
6386,27,33.9,94.1,68.1,5.1,7.4,3.2,69.2,100.0,4.0,100.0,84.59,DS,Hà Nội,Male
6387,28,33.8,99.4,91.7,6.9,7.0,4.9,72.1,100.0,4.0,100.0,86.03,AI,TP.HCM,Female
6388,28,24.0,87.9,98.9,6.2,6.3,3.0,70.1,83.0,3.12,77.97,76.53,SE,Đà Nẵng,Male
6389,18,30.1,75.2,64.5,1.9,6.2,2.6,58.9,99.2,4.0,100.0,79.06,AI,Đà Nẵng,Male
6390,21,21.9,86.3,97.1,8.5,7.2,3.9,63.7,93.0,3.37,84.35,78.3,SE,TP.HCM,Male
6391,21,,90.9,90.3,5.3,6.9,2.4,38.1,71.9,2.81,70.18,55.01,CS,Cần Thơ,Male
6392,18,22.8,92.0,79.9,6.6,6.2,0.0,71.8,72.4,2.64,65.9,72.11,SE,Huế,Female
6393,26,24.4,80.3,68.9,11.5,6.7,2.1,58.5,66.3,2.73,68.34,62.38,CS,TP.HCM,Male
6394,20,11.7,89.9,71.3,9.2,8.8,0.2,52.9,71.8,3.03,75.79,62.38,DS,TP.HCM,Male
6395,22,31.9,75.7,100.0,6.5,9.4,1.9,50.6,92.9,3.3,82.45,71.76,IT,Huế,Male
6396,23,2.9,74.6,82.7,2.6,6.7,1.7,28.2,60.5,1.8,44.98,44.35,CS,Huế,Female
6397,25,46.7,73.8,99.9,2.6,6.1,1.7,66.3,100.0,4.0,100.0,83.13,AI,TP.HCM,Male
6398,23,37.0,85.2,83.6,8.9,6.9,0.9,65.7,98.2,3.69,92.32,81.94,CS,Đà Nẵng,Male
6399,20,22.9,73.2,73.2,5.0,8.4,0.7,51.3,67.7,2.6,64.98,59.49,CS,Huế,Female
6400,23,25.1,80.8,88.8,5.6,6.9,1.5,52.8,87.3,3.28,82.02,70.06,AI,Hà Nội,Female
6401,18,27.4,94.0,100.0,3.1,7.4,1.9,58.2,91.1,3.88,96.94,74.66,CS,Hà Nội,Female
6402,21,20.3,74.7,70.3,,6.2,2.1,33.9,63.9,2.74,68.57,48.89,CS,TP.HCM,Male
6403,23,26.5,80.0,93.7,8.9,5.6,2.9,60.1,86.5,3.39,84.82,73.32,AI,Đà Nẵng,Female
6404,24,23.8,85.7,82.9,9.8,7.9,3.6,54.5,81.9,3.41,85.31,68.19,IT,Huế,Female
6405,28,24.2,87.5,58.3,4.9,7.2,1.0,63.4,95.7,3.89,97.13,79.59,DS,TP.HCM,Male
6406,30,26.5,80.0,57.9,7.6,7.8,1.2,53.3,80.6,3.29,82.16,66.95,CS,Huế,Female
6407,28,14.5,92.9,73.2,5.8,4.9,5.0,47.0,71.1,2.97,74.23,59.05,CS,Hà Nội,Female
6408,27,25.3,,85.2,8.2,9.2,3.6,58.8,94.3,3.77,94.3,76.58,IT,Đà Nẵng,Female
6409,20,26.3,96.4,93.2,6.0,7.3,1.3,64.3,91.1,3.54,88.48,77.7,IT,Hà Nội,Female
6410,26,26.0,84.2,56.4,3.9,4.8,0.6,65.8,84.1,3.54,88.54,74.93,DS,Cần Thơ,Male
6411,29,23.3,,89.8,9.3,8.2,1.8,54.1,70.4,2.85,71.24,62.29,CS,Hà Nội,Female
6412,29,34.1,78.2,78.2,6.2,6.6,2.1,65.5,88.2,3.53,88.15,76.86,DS,Huế,Female
6413,24,22.2,88.1,80.0,5.1,7.0,3.5,55.1,76.6,3.09,77.2,65.86,IT,Cần Thơ,Male
6414,18,26.8,81.2,88.8,6.4,6.4,0.0,55.1,93.6,3.62,90.49,74.34,IT,Hà Nội,Female
6415,19,35.4,79.3,100.0,4.2,6.9,1.1,49.0,86.1,3.18,79.51,67.56,CS,Cần Thơ,Male
6416,18,24.4,80.5,84.6,7.0,6.9,5.2,56.9,80.4,3.09,77.27,68.67,CE,Hà Nội,Female
6417,28,26.7,78.2,59.6,5.5,5.0,2.5,49.9,73.8,3.0,74.93,61.88,AI,Đà Nẵng,Male
6418,26,24.2,87.0,77.2,4.0,8.0,2.6,62.8,87.5,3.48,87.06,75.13,SE,Hà Nội,Male
6419,26,34.9,70.9,92.8,11.9,7.1,1.7,55.3,93.6,3.52,88.11,74.43,IT,Hà Nội,Female
6420,24,22.9,88.0,93.3,3.5,7.5,3.7,51.1,83.8,3.07,76.78,67.49,CS,Hà Nội,Male
6421,27,35.3,91.8,90.0,6.9,8.0,0.0,59.1,100.0,3.76,93.91,79.53,AI,Đà Nẵng,Female
6422,20,24.2,79.2,72.3,6.1,7.1,1.9,59.0,83.3,3.3,82.4,71.14,CE,Đà Nẵng,Female
6423,30,18.1,,59.5,3.4,7.4,0.0,51.3,82.8,3.63,90.8,67.06,DS,Hà Nội,Female
6424,22,,85.2,88.8,5.2,5.2,2.5,64.9,89.7,3.35,83.69,77.29,DS,Huế,Female
6425,21,22.6,69.4,61.8,,6.0,1.8,32.3,85.4,3.56,88.95,58.84,DS,Đà Nẵng,Male
6426,24,30.0,82.2,90.4,11.2,7.1,0.1,74.8,100.0,3.72,93.02,87.38,AI,Cần Thơ,Female
6427,26,3.2,85.6,90.4,5.3,7.2,4.0,32.6,58.1,2.48,61.93,45.37,SE,Cần Thơ,Female
6428,29,25.0,89.5,73.0,5.5,7.5,3.5,63.0,97.2,3.75,93.81,80.1,AI,Huế,Male
6429,19,21.3,82.4,78.3,10.9,8.7,4.0,57.1,85.8,3.41,85.36,71.45,AI,Hà Nội,Female
6430,30,16.5,74.9,83.0,3.9,6.9,0.2,53.9,81.2,3.39,84.72,67.57,IT,Đà Nẵng,Male
6431,25,20.6,74.1,70.8,9.2,7.4,1.0,45.4,71.2,2.87,71.64,58.31,CE,Huế,Male
6432,26,20.4,78.5,59.3,7.5,7.1,4.3,49.5,92.6,3.75,93.85,71.09,CS,Hà Nội,Female
6433,27,24.6,79.4,79.4,1.1,6.7,3.7,58.4,70.8,2.85,71.26,64.57,AI,TP.HCM,Female
6434,27,14.1,73.7,81.0,5.1,6.7,4.6,46.6,62.6,2.88,71.88,54.63,DS,Cần Thơ,Female
6435,26,27.5,77.7,100.0,7.1,6.1,2.1,50.5,97.0,3.62,90.6,73.73,IT,Huế,Male
6436,27,35.9,91.6,68.3,6.1,6.9,2.3,70.0,100.0,3.97,99.29,84.99,DS,Đà Nẵng,Male
6437,24,27.2,100.0,96.0,6.1,6.7,3.4,77.6,100.0,4.0,100.0,88.78,CS,TP.HCM,Female
6438,26,31.5,92.6,62.8,4.5,6.8,0.5,59.3,92.2,3.51,87.75,75.76,IT,TP.HCM,Male
6439,26,33.8,,59.8,4.2,4.9,2.8,68.7,100.0,4.0,100.0,84.34,CS,TP.HCM,Female
6440,20,34.9,94.7,75.5,5.2,6.9,6.3,67.1,98.9,3.87,96.69,82.98,AI,Hà Nội,Male
6441,21,40.0,93.3,65.9,10.9,5.9,2.0,66.2,100.0,4.0,100.0,83.09,IT,Cần Thơ,Male
6442,19,21.0,81.6,59.6,3.7,6.9,0.1,59.0,83.5,3.36,83.93,71.28,CS,Đà Nẵng,Female
6443,27,19.3,86.4,100.0,4.8,5.7,3.1,58.3,65.5,2.55,63.68,61.92,CE,Đà Nẵng,Male
6444,20,31.3,80.8,73.2,6.1,7.1,1.1,56.4,84.4,3.72,92.97,70.4,DS,Hà Nội,Female
6445,28,30.7,82.8,100.0,2.3,6.6,2.3,71.2,88.5,3.18,79.38,79.85,AI,Huế,Female
6446,28,31.2,85.7,65.1,7.1,6.2,4.1,61.3,100.0,4.0,100.0,80.67,CE,Hà Nội,Female
6447,22,40.1,92.1,54.4,2.8,7.3,3.3,77.0,100.0,4.0,100.0,88.49,IT,Hà Nội,Male
6448,22,25.1,89.2,99.4,3.3,7.5,1.8,59.8,85.6,3.13,78.16,72.7,CE,Hà Nội,Female
6449,23,28.4,83.4,69.1,3.2,6.9,3.8,59.1,100.0,3.99,99.86,79.56,AI,TP.HCM,Female
6450,30,17.2,85.6,82.1,1.9,7.7,0.0,50.6,84.8,3.49,87.15,67.71,CE,TP.HCM,Female
6451,24,42.1,89.3,59.7,9.2,6.5,2.8,75.0,100.0,3.83,95.67,87.52,IT,TP.HCM,Male
6452,24,22.3,91.7,79.4,7.3,7.5,1.9,47.2,73.3,3.04,76.1,60.26,IT,Hà Nội,Female
6453,18,22.5,69.8,59.4,8.3,6.9,0.0,55.2,69.9,3.08,77.07,62.55,SE,TP.HCM,Male
6454,19,22.2,74.2,78.9,8.1,5.8,0.7,62.6,83.2,3.48,86.88,72.92,IT,Hà Nội,Male
6455,29,19.8,96.1,72.9,5.6,6.0,2.5,58.1,79.2,3.54,88.58,68.65,CS,Cần Thơ,Female
6456,26,19.2,84.4,83.5,5.9,8.4,3.6,38.9,72.7,2.7,67.44,55.83,CS,TP.HCM,Female
6457,27,20.8,80.8,89.4,8.5,8.9,2.5,42.3,75.8,2.99,74.64,59.06,CS,Huế,Female
6458,19,14.1,82.4,83.6,10.1,7.9,2.1,48.1,69.2,2.46,61.55,58.62,AI,Cần Thơ,Male
6459,23,18.7,82.4,86.8,2.9,6.3,3.7,45.5,73.6,2.85,71.2,59.53,SE,Đà Nẵng,Male
6460,28,40.6,90.6,78.4,12.3,8.7,2.9,75.7,100.0,4.0,100.0,87.85,CS,Huế,Male
6461,28,30.9,73.9,73.5,2.7,7.7,4.0,55.7,81.1,3.29,82.37,68.37,DS,Huế,Male
6462,18,32.4,85.2,87.1,4.8,7.4,3.4,66.2,85.1,3.3,82.38,75.68,AI,TP.HCM,Female
6463,20,34.4,87.5,78.3,6.2,9.2,1.4,78.5,100.0,3.97,99.37,89.24,SE,TP.HCM,Female
6464,19,39.7,89.0,78.9,6.4,6.0,3.5,68.3,100.0,3.6,90.1,84.14,AI,Hà Nội,Male
6465,20,10.8,87.2,86.0,,7.9,3.9,38.6,70.2,2.81,70.34,54.39,SE,Đà Nẵng,Female
6466,22,15.2,90.2,64.5,8.5,6.0,4.6,52.9,63.5,2.85,71.26,58.18,AI,Huế,Male
6467,28,18.6,79.3,100.0,,6.3,1.7,52.9,72.0,2.57,64.3,62.48,CE,TP.HCM,Male
6468,27,21.2,75.6,76.3,8.6,10.0,2.0,54.1,78.4,3.13,78.23,66.25,AI,Huế,Female
6469,23,22.6,100.0,81.9,6.9,7.6,3.8,67.2,100.0,4.0,100.0,83.6,CS,Huế,Female
6470,26,21.4,82.0,79.3,4.3,9.2,3.8,44.5,71.7,2.66,66.57,58.08,CS,Hà Nội,Male
6471,29,26.8,83.2,89.8,7.2,7.7,1.7,65.0,91.3,3.61,90.35,78.19,CS,Cần Thơ,Female
6472,28,25.3,91.8,85.1,6.2,7.5,1.5,53.2,91.1,3.88,96.93,72.14,DS,Hà Nội,Female
6473,27,19.2,100.0,79.3,3.9,6.2,1.9,64.8,92.6,4.0,100.0,78.68,CE,Huế,Male
6474,29,7.6,79.6,100.0,9.2,8.2,2.6,26.7,55.1,2.25,56.37,40.88,IT,Cần Thơ,Male
6475,29,17.1,75.0,31.9,5.9,7.0,1.2,65.8,91.7,3.74,93.42,78.73,IT,Cần Thơ,Female
6476,30,20.6,72.6,98.6,3.2,7.1,3.1,49.3,70.0,2.57,64.19,59.68,SE,Đà Nẵng,Female
6477,21,23.0,100.0,93.8,3.6,6.7,0.0,48.2,98.4,4.0,100.0,73.32,DS,TP.HCM,Female
6478,24,16.0,74.6,52.5,7.3,6.9,1.3,55.0,77.1,3.02,75.5,66.02,SE,Cần Thơ,Female
6479,23,21.1,84.7,93.9,8.6,7.0,2.8,57.4,82.7,3.37,84.36,70.01,SE,Cần Thơ,Female
6480,19,16.0,75.2,95.9,7.2,7.1,1.1,51.6,73.0,3.02,75.44,62.34,DS,TP.HCM,Male
6481,27,24.0,70.5,88.4,7.2,6.9,1.9,60.5,88.7,3.5,87.56,74.62,DS,Đà Nẵng,Male
6482,28,16.4,82.1,56.6,4.0,5.1,2.3,49.9,66.2,2.91,72.68,58.04,DS,Cần Thơ,Male
6483,28,18.2,75.6,90.2,6.2,7.7,5.7,47.8,71.3,2.96,74.04,59.55,IT,Đà Nẵng,Male
6484,28,14.5,78.1,95.1,5.2,6.9,0.5,38.9,62.9,2.37,59.26,50.89,CE,Đà Nẵng,Female
6485,25,23.8,100.0,71.4,5.5,3.0,2.9,57.0,100.0,3.75,93.84,78.49,SE,Cần Thơ,Male
6486,24,18.1,89.2,86.6,5.7,5.1,1.0,48.1,70.4,3.11,77.65,59.25,IT,TP.HCM,Male
6487,24,32.3,94.3,74.7,4.4,6.4,0.9,63.3,100.0,4.0,100.0,81.64,DS,Đà Nẵng,Female
6488,25,28.2,93.2,93.3,7.9,8.5,1.2,61.0,89.5,3.64,90.91,75.27,CE,TP.HCM,Male
6489,29,24.4,84.0,75.3,3.5,7.7,2.3,69.0,77.9,2.86,71.39,73.42,DS,Huế,Male
6490,29,18.6,80.6,71.3,2.8,6.2,4.7,45.5,64.5,2.52,62.99,54.97,AI,Cần Thơ,Male
6491,30,28.0,87.5,79.4,4.0,6.8,4.3,58.1,82.3,3.39,84.87,70.18,AI,Hà Nội,Female
6492,28,30.5,86.7,59.9,8.2,8.3,1.8,57.6,100.0,3.81,95.37,78.82,IT,Cần Thơ,Male
6493,18,26.1,79.3,77.9,6.8,6.3,2.1,46.0,69.6,3.16,78.97,57.77,AI,TP.HCM,Female
6494,30,37.8,86.3,85.4,1.5,5.7,3.4,88.2,100.0,3.76,93.97,94.08,AI,Cần Thơ,Female
6495,18,28.7,77.9,93.0,7.5,8.1,2.6,51.2,96.4,3.62,90.47,73.77,AI,Huế,Female
6496,25,32.3,83.3,83.7,5.9,8.3,1.5,64.5,100.0,4.0,100.0,82.25,CS,Đà Nẵng,Male
6497,21,26.1,81.6,58.5,5.0,6.3,3.5,69.6,89.1,3.81,95.36,79.31,SE,Hà Nội,Female
6498,22,30.4,72.3,100.0,5.4,7.6,4.9,49.4,84.3,2.87,71.64,66.83,SE,TP.HCM,Female
6499,25,18.6,,100.0,2.7,7.0,4.1,54.8,60.3,2.24,56.06,57.52,SE,TP.HCM,Female
6500,22,21.3,75.6,81.7,,6.3,4.5,40.8,68.1,2.18,54.39,54.43,SE,Hà Nội,Male
6501,27,27.8,100.0,68.7,2.8,8.4,2.3,54.8,100.0,4.0,100.0,77.41,DS,Cần Thơ,Female
6502,21,27.7,81.9,72.0,5.1,6.2,0.9,62.3,96.7,3.7,92.5,79.5,AI,Hà Nội,Male
6503,29,29.1,92.8,76.9,5.1,7.9,0.0,58.7,100.0,4.0,100.0,79.33,DS,TP.HCM,Female
6504,23,33.8,63.8,84.2,7.9,7.1,0.0,70.8,99.8,3.65,91.26,85.32,SE,Cần Thơ,Female
6505,30,13.6,74.9,75.4,6.1,6.8,2.2,47.4,74.3,2.76,68.94,60.84,SE,TP.HCM,Female
6506,29,17.2,71.5,67.1,7.8,6.3,3.3,52.5,85.9,3.36,84.06,69.22,IT,TP.HCM,Male
6507,22,26.8,83.0,95.3,3.0,5.8,3.8,52.4,80.6,3.31,82.86,66.5,CE,Huế,Male
6508,24,19.2,100.0,83.9,5.7,6.7,2.9,46.6,84.8,3.4,85.07,65.71,IT,Đà Nẵng,Male
6509,27,52.0,89.6,64.2,7.3,6.4,1.4,68.8,100.0,3.87,96.74,84.39,IT,Đà Nẵng,Male
6510,24,29.1,100.0,84.4,9.1,7.1,3.5,54.8,76.6,2.58,64.4,65.74,DS,Hà Nội,Male
6511,30,24.4,82.5,82.4,3.2,5.6,0.7,50.4,83.6,3.29,82.23,67.03,AI,Cần Thơ,Male
6512,21,20.9,98.6,69.2,3.9,6.8,0.8,64.1,89.0,3.52,87.95,76.54,AI,TP.HCM,Female
6513,29,21.2,100.0,97.9,7.3,7.5,3.4,58.9,85.2,3.31,82.75,72.05,IT,Đà Nẵng,Male
6514,30,25.2,83.9,82.0,10.0,6.2,0.7,46.9,76.4,3.32,83.08,61.67,SE,Hà Nội,Female
6515,22,25.9,79.6,76.8,6.7,7.9,1.4,53.3,84.4,3.32,83.05,68.82,SE,Cần Thơ,Female
6516,30,21.3,71.8,78.7,3.2,8.0,1.0,51.6,78.7,3.44,85.96,65.14,SE,Cần Thơ,Male
6517,20,22.8,81.9,86.7,3.3,5.6,2.8,76.4,100.0,4.0,100.0,88.2,CE,Cần Thơ,Female
6518,21,35.8,85.8,78.9,6.3,6.1,3.4,64.8,100.0,4.0,100.0,82.38,CS,Hà Nội,Male
6519,21,36.1,100.0,78.8,6.9,5.4,3.4,70.5,100.0,4.0,100.0,85.23,DS,TP.HCM,Female
6520,20,27.0,72.1,96.0,5.4,7.5,1.6,48.6,74.3,3.04,76.12,61.46,CS,Hà Nội,Male
6521,30,14.3,85.6,58.7,3.3,7.2,2.2,53.9,64.6,2.51,62.67,59.29,DS,Hà Nội,Female
6522,27,29.3,66.9,61.2,8.8,5.1,3.6,67.4,80.3,3.31,82.72,73.84,CE,Huế,Female
6523,22,37.4,80.7,91.7,5.1,6.2,1.7,64.1,98.1,4.0,100.0,81.1,SE,Huế,Male
6524,22,36.0,88.1,100.0,7.3,7.4,1.1,69.8,100.0,4.0,100.0,84.9,DS,Cần Thơ,Female
6525,28,30.9,90.1,93.1,1.6,7.1,1.5,66.0,98.7,3.65,91.25,82.33,DS,Huế,Male
6526,24,36.4,90.9,100.0,9.0,8.5,1.6,66.4,96.8,4.0,100.0,81.64,AI,TP.HCM,Male
6527,21,25.4,89.0,73.5,4.3,5.6,2.5,67.1,72.8,3.06,76.52,69.95,DS,TP.HCM,Female
6528,30,30.0,90.8,70.4,9.4,7.0,2.5,55.1,88.2,3.7,92.46,71.69,AI,Huế,Male
6529,21,19.6,85.5,86.8,7.5,5.8,2.2,45.9,82.3,3.23,80.77,64.15,SE,Đà Nẵng,Male
6530,26,27.3,74.5,94.3,2.4,7.1,1.3,56.7,81.7,3.12,78.0,69.21,CS,Cần Thơ,Male
6531,23,35.6,66.5,60.3,6.6,6.8,1.1,58.9,91.8,3.66,91.58,75.34,AI,Cần Thơ,Male
6532,21,20.3,79.5,76.8,10.1,7.3,3.5,30.3,54.5,2.37,59.2,42.4,CS,Cần Thơ,Female
6533,19,18.1,83.7,79.6,4.5,6.5,3.0,45.6,73.4,2.65,66.13,59.5,AI,Cần Thơ,Female
6534,23,25.8,97.5,69.8,10.1,7.9,1.8,43.0,87.5,3.51,87.7,65.26,IT,TP.HCM,Male
6535,19,23.2,84.0,71.6,7.0,6.1,2.4,52.6,76.5,2.66,66.5,64.52,CS,TP.HCM,Male
6536,22,30.2,83.0,92.6,9.4,5.8,4.3,65.4,100.0,3.72,92.93,82.72,AI,Cần Thơ,Female
6537,23,21.4,88.9,87.0,6.4,7.3,2.4,54.8,90.9,3.86,96.38,72.86,AI,Đà Nẵng,Male
6538,21,38.7,82.3,92.0,5.7,9.2,2.5,67.4,100.0,4.0,100.0,83.7,IT,Hà Nội,Female
6539,30,14.7,93.1,85.1,10.6,5.2,4.8,48.8,64.8,2.37,59.15,56.78,AI,Cần Thơ,Male
6540,20,35.0,100.0,66.9,7.8,5.6,4.1,67.9,100.0,4.0,100.0,83.93,AI,TP.HCM,Female
6541,24,18.9,100.0,86.3,5.4,7.3,1.5,75.3,80.9,3.11,77.87,78.15,SE,TP.HCM,Male
6542,19,10.6,86.0,65.7,7.1,8.4,4.1,43.2,68.4,2.82,70.47,55.81,AI,Hà Nội,Female
6543,30,26.9,88.4,75.3,4.6,7.4,2.2,58.3,92.6,3.79,94.83,75.49,IT,Hà Nội,Female
6544,28,23.0,100.0,64.5,6.3,6.3,0.9,50.7,69.9,2.93,73.21,60.3,CS,Đà Nẵng,Female
6545,23,16.1,83.5,70.8,9.0,7.5,4.5,35.3,67.8,2.89,72.28,51.55,CE,TP.HCM,Female
6546,30,,91.8,81.4,5.6,7.6,1.4,49.4,68.0,2.68,66.99,58.7,SE,Hà Nội,Male
6547,21,24.9,73.6,73.1,3.8,6.2,1.7,63.2,74.8,2.95,73.67,69.02,DS,TP.HCM,Female
6548,23,,81.9,66.8,,8.0,1.9,79.3,99.5,4.0,100.0,89.37,CE,Đà Nẵng,Male
6549,21,29.7,96.6,97.1,6.2,7.0,5.6,60.3,100.0,3.82,95.61,80.17,CS,TP.HCM,Female
6550,21,25.5,,78.2,4.0,4.9,1.1,53.8,87.1,3.59,89.7,70.48,AI,Huế,Female
6551,21,28.8,83.7,72.1,2.4,6.8,1.6,66.2,86.2,3.32,82.9,76.21,DS,Hà Nội,Female
6552,26,24.8,69.3,63.8,3.0,6.3,2.0,66.8,81.5,3.27,81.77,74.17,IT,Hà Nội,Female
6553,24,13.6,100.0,51.9,8.9,8.6,3.3,40.9,54.8,2.55,63.67,47.86,DS,Đà Nẵng,Female
6554,20,13.6,97.6,76.7,5.6,5.4,2.4,54.9,66.9,2.43,60.7,60.86,IT,Đà Nẵng,Male
6555,20,23.4,86.9,59.3,6.1,6.4,1.5,69.3,100.0,3.71,92.83,84.64,CS,Đà Nẵng,Male
6556,23,23.7,90.1,90.7,3.6,7.3,3.4,54.4,91.2,3.93,98.24,72.81,CS,Hà Nội,Male
6557,23,31.8,89.0,80.4,,9.9,4.5,53.5,95.3,3.86,96.54,74.42,SE,Hà Nội,Female
6558,21,31.1,98.8,100.0,4.5,9.3,0.1,69.0,100.0,3.86,96.48,84.5,SE,Huế,Male
6559,26,29.8,,83.3,5.3,6.9,1.5,49.3,97.4,3.87,96.72,73.31,AI,Hà Nội,Male
6560,21,22.8,92.3,69.1,1.9,7.4,3.3,64.8,90.3,3.57,89.25,77.55,AI,TP.HCM,Female
6561,26,14.0,95.8,51.8,8.7,7.7,0.7,64.8,77.5,3.04,76.11,71.14,AI,Hà Nội,Male
6562,21,28.3,97.2,92.1,6.0,5.8,2.3,57.0,91.7,3.94,98.45,74.36,DS,Hà Nội,Female
6563,19,29.2,62.4,60.5,6.5,7.0,4.4,68.7,84.9,3.21,80.36,76.8,SE,Đà Nẵng,Male
6564,19,5.9,79.0,73.9,8.3,8.6,3.4,46.0,55.4,2.17,54.25,50.68,CE,Hà Nội,Male
6565,22,18.3,74.8,100.0,8.1,7.2,3.3,60.4,89.3,3.36,83.95,74.85,CS,Huế,Male
6566,21,19.5,86.5,89.2,4.6,9.3,3.6,47.7,66.9,2.63,65.86,57.31,SE,TP.HCM,Female
6567,24,25.9,64.8,85.8,7.5,6.5,3.0,58.9,76.6,2.93,73.33,67.73,SE,Huế,Female
6568,28,18.6,64.5,94.2,7.5,6.9,2.0,50.4,54.8,2.25,56.34,52.6,CE,Cần Thơ,Male
6569,22,24.7,100.0,93.6,6.8,6.9,3.9,52.6,95.1,3.78,94.39,73.87,SE,TP.HCM,Female
6570,23,23.3,91.2,100.0,8.7,5.4,1.8,53.5,86.6,3.58,89.53,70.07,CS,Cần Thơ,Female
6571,27,23.7,86.2,71.0,8.0,8.3,2.3,60.0,99.2,4.0,100.0,79.63,CS,Hà Nội,Male
6572,21,19.3,88.6,74.3,,6.6,0.0,44.3,70.4,2.58,64.52,57.35,CS,Đà Nẵng,Female
6573,30,19.9,86.5,66.2,9.4,7.3,1.8,43.9,68.5,2.77,69.2,56.17,CS,Huế,Male
6574,29,16.4,95.0,79.5,6.1,6.3,2.6,41.9,63.2,2.21,55.23,52.55,AI,TP.HCM,Male
6575,19,28.0,,78.0,6.1,9.1,2.5,52.0,88.1,3.54,88.41,70.08,AI,TP.HCM,Male
6576,30,29.6,86.9,53.7,8.0,8.5,3.9,62.4,89.6,3.69,92.31,75.96,IT,Đà Nẵng,Female
6577,27,18.8,87.3,70.2,5.6,7.1,1.8,48.4,78.1,3.06,76.48,63.27,AI,Huế,Male
6578,26,37.2,74.5,100.0,7.2,5.5,1.9,73.6,98.7,4.0,100.0,86.18,CE,Đà Nẵng,Female
6579,27,22.5,,83.7,4.6,7.9,1.7,45.7,93.3,3.8,94.94,69.52,CS,Cần Thơ,Female
6580,24,37.2,80.5,90.7,0.3,8.3,2.9,68.9,100.0,4.0,100.0,84.43,CE,Hà Nội,Male
6581,21,19.9,95.2,78.2,7.5,5.9,4.8,51.4,80.2,2.97,74.2,65.82,IT,Cần Thơ,Male
6582,20,8.8,86.1,51.7,2.1,6.8,0.0,43.7,71.4,3.07,76.86,57.58,IT,Đà Nẵng,Male
6583,27,28.2,100.0,78.1,4.3,7.1,1.8,66.3,96.0,3.77,94.37,81.13,SE,TP.HCM,Male
6584,20,27.0,74.6,95.6,8.1,8.3,2.0,36.7,75.8,2.7,67.51,56.22,DS,Huế,Female
6585,26,25.3,74.2,62.2,8.1,6.8,0.0,39.0,58.4,2.15,53.76,48.7,SE,TP.HCM,Male
6586,22,19.9,75.9,91.2,8.9,8.2,2.3,50.8,78.3,2.88,72.03,64.57,IT,Đà Nẵng,Male
6587,30,24.7,86.3,54.5,1.0,6.1,2.0,54.8,84.6,3.28,81.94,69.72,AI,Đà Nẵng,Male
6588,20,20.9,100.0,80.3,6.7,5.7,1.8,45.0,87.5,3.33,83.18,66.23,DS,TP.HCM,Female
6589,22,22.6,100.0,88.2,5.4,9.2,0.8,72.0,99.1,3.66,91.44,85.53,IT,TP.HCM,Female
6590,19,31.7,61.9,75.3,8.5,5.4,2.4,49.4,76.5,2.73,68.17,62.96,DS,TP.HCM,Male
6591,28,26.5,87.5,100.0,9.7,6.1,0.8,54.0,85.2,3.4,85.08,69.6,IT,Huế,Female
6592,21,29.9,52.9,72.6,2.7,7.9,1.2,64.0,80.1,3.49,87.23,72.04,SE,Hà Nội,Female
6593,27,23.1,93.0,71.3,6.0,6.4,2.2,51.2,91.5,3.69,92.21,71.39,CE,Hà Nội,Female
6594,19,22.3,96.2,83.1,8.1,6.3,4.0,49.6,94.6,3.66,91.59,72.09,DS,Đà Nẵng,Female
6595,19,15.8,84.6,68.7,,6.8,3.1,52.4,79.2,2.95,73.86,65.8,IT,Huế,Male
6596,29,22.0,85.8,58.4,10.4,4.4,3.4,48.8,94.4,3.52,87.99,71.61,DS,TP.HCM,Female
6597,25,0.0,85.7,63.5,5.0,8.3,5.4,40.8,54.6,2.13,53.29,47.71,IT,Hà Nội,Female
6598,18,20.3,77.2,91.4,5.2,7.2,3.2,55.6,69.0,2.72,67.97,62.3,IT,Huế,Male
6599,24,24.3,89.3,75.4,3.3,6.0,0.9,59.5,76.0,3.15,78.75,67.75,DS,TP.HCM,Male
6600,22,29.5,82.7,100.0,6.4,4.9,1.7,68.4,86.8,3.4,84.98,77.57,AI,Huế,Male
6601,28,22.9,94.3,73.4,0.0,5.4,1.2,53.4,80.8,3.51,87.73,67.09,IT,Huế,Male
6602,25,27.8,83.9,90.7,5.4,5.1,2.3,54.6,81.5,3.0,74.99,68.05,AI,Cần Thơ,Female
6603,18,7.6,76.4,87.7,9.2,7.3,1.9,41.5,57.7,2.08,52.08,49.59,CE,Huế,Male
6604,28,24.5,69.6,73.2,2.5,7.3,1.1,32.6,69.2,2.85,71.23,50.9,IT,Cần Thơ,Female
6605,24,11.6,66.4,66.8,2.0,7.7,3.9,45.2,60.2,2.31,57.71,52.69,CE,Đà Nẵng,Female
6606,22,15.3,98.1,54.0,8.8,7.9,4.0,48.7,94.1,3.65,91.34,71.44,IT,Huế,Female
6607,21,23.5,80.4,88.3,9.1,7.8,2.8,57.6,89.2,3.41,85.27,73.37,IT,Hà Nội,Male
6608,24,35.2,88.4,98.0,2.6,8.8,1.0,57.9,100.0,3.72,93.07,78.97,AI,Huế,Female
6609,27,28.0,100.0,56.2,10.3,8.4,2.7,71.1,100.0,3.58,89.49,85.53,IT,Hà Nội,Female
6610,19,25.1,,74.4,7.1,8.2,1.6,54.2,76.2,2.91,72.87,65.22,AI,TP.HCM,Female
6611,29,24.8,78.7,70.0,8.6,7.3,4.4,61.7,77.5,2.87,71.82,69.61,SE,Hà Nội,Male
6612,18,19.3,83.7,88.3,4.0,7.9,0.7,48.2,82.7,3.37,84.21,65.47,DS,Đà Nẵng,Female
6613,18,20.6,85.3,75.1,9.7,6.5,3.5,56.8,80.0,3.19,79.69,68.37,AI,Huế,Female
6614,28,28.4,100.0,99.8,5.3,6.7,3.5,49.7,91.1,3.51,87.83,70.36,CS,Cần Thơ,Male
6615,29,13.9,100.0,74.2,5.2,9.1,3.8,34.0,58.6,2.24,56.04,46.28,IT,Huế,Female
6616,18,29.7,91.2,61.5,7.2,6.3,2.8,59.4,89.2,3.79,94.69,74.33,DS,Cần Thơ,Male
6617,29,21.9,99.5,73.0,5.0,6.2,2.0,56.2,82.5,3.14,78.43,69.36,DS,Cần Thơ,Male
6618,22,31.6,83.2,74.6,2.2,6.6,6.1,60.5,88.2,3.72,92.94,74.35,SE,Huế,Female
6619,27,32.7,88.0,87.9,6.3,6.3,1.2,60.5,100.0,4.0,100.0,80.27,DS,Hà Nội,Female
6620,24,11.6,82.0,74.4,5.2,6.4,3.6,43.0,80.5,3.28,81.92,61.73,DS,TP.HCM,Male
6621,19,20.3,72.1,86.6,4.1,7.3,2.5,56.1,84.8,3.32,82.91,70.48,CS,Hà Nội,Female
6622,27,18.2,97.0,68.1,9.1,7.3,3.0,66.6,85.6,3.38,84.58,76.06,CS,Hà Nội,Male
6623,25,10.5,90.3,75.6,12.0,8.1,3.0,65.8,69.4,2.93,73.22,67.6,CS,Đà Nẵng,Male
6624,21,16.7,85.2,68.2,3.7,9.6,0.9,58.5,68.8,2.69,67.13,63.69,CE,TP.HCM,Male
6625,29,44.5,85.0,67.3,6.5,6.6,0.5,54.0,100.0,4.0,100.0,76.99,CS,Hà Nội,Female
6626,20,29.9,69.9,99.1,5.0,6.9,0.6,65.8,100.0,3.84,96.05,82.89,AI,TP.HCM,Female
6627,27,40.3,75.2,69.3,11.7,4.8,1.8,74.3,100.0,4.0,100.0,87.16,CS,Cần Thơ,Male
6628,28,31.6,88.4,74.8,7.2,5.4,2.9,61.2,95.7,4.0,100.0,78.49,DS,Huế,Male
6629,25,19.1,79.7,95.7,8.3,6.8,1.5,58.2,83.1,2.99,74.86,70.64,CS,Huế,Male
6630,19,21.9,82.8,91.3,9.0,7.6,0.3,56.6,81.4,3.3,82.41,68.97,IT,Huế,Female
6631,28,29.7,84.0,100.0,6.3,7.6,3.9,59.8,88.4,3.47,86.86,74.07,DS,TP.HCM,Male
6632,28,28.5,,87.2,5.5,7.7,0.2,60.0,80.6,3.16,79.03,70.32,AI,Hà Nội,Male
6633,30,20.4,75.3,71.0,9.8,8.5,3.2,47.4,70.4,3.02,75.38,58.91,CS,TP.HCM,Male
6634,20,12.9,68.9,100.0,7.9,9.0,1.4,31.2,59.4,2.33,58.29,45.3,DS,Huế,Male
6635,29,51.3,83.5,88.7,3.9,6.7,4.3,61.9,100.0,4.0,100.0,80.96,CE,Hà Nội,Male
6636,20,23.9,91.2,77.7,4.2,6.0,1.7,63.5,79.3,2.92,73.05,71.4,CS,Đà Nẵng,Female
6637,27,22.4,68.6,80.9,5.0,7.8,0.0,44.4,73.9,2.72,68.03,59.13,CE,Huế,Female
6638,28,25.9,84.8,82.7,8.9,8.1,2.4,45.7,83.9,3.29,82.34,64.78,IT,Hà Nội,Male
6639,18,23.1,87.8,76.4,9.7,7.2,1.2,43.8,75.9,2.91,72.8,59.88,CE,Hà Nội,Male
6640,23,26.0,75.1,59.4,11.4,6.8,3.7,52.2,80.7,3.06,76.56,66.44,CE,Cần Thơ,Male
6641,19,35.3,99.2,100.0,4.2,6.4,3.0,77.7,88.5,3.08,77.05,83.13,CS,Đà Nẵng,Male
6642,18,24.0,,79.7,6.4,6.9,1.6,54.1,87.8,3.72,93.05,70.97,IT,Đà Nẵng,Female
6643,19,15.7,,82.8,5.0,7.8,1.0,38.6,69.9,2.87,71.75,54.28,CE,Cần Thơ,Female
6644,29,23.7,83.4,100.0,5.5,6.2,0.9,66.4,98.7,4.0,100.0,82.56,DS,Hà Nội,Female
6645,23,21.3,67.3,69.8,8.3,6.0,1.6,53.5,72.8,2.76,68.94,63.16,IT,Đà Nẵng,Male
6646,21,36.4,95.1,89.8,5.9,7.7,4.5,64.0,100.0,4.0,100.0,81.98,CE,Đà Nẵng,Male
6647,23,34.4,75.4,68.1,9.3,6.0,2.3,65.7,100.0,4.0,100.0,82.87,IT,TP.HCM,Male
6648,29,25.9,82.6,84.8,4.7,7.2,3.9,56.9,85.0,3.52,87.91,70.94,SE,Hà Nội,Female
6649,26,14.8,91.0,83.0,7.9,7.1,0.3,44.3,73.9,2.96,73.97,59.15,DS,Cần Thơ,Female
6650,30,15.2,99.6,91.9,4.9,7.0,0.0,47.2,76.6,3.09,77.14,61.93,AI,Huế,Female
6651,27,25.1,74.2,98.1,1.4,6.2,1.1,45.7,65.1,2.85,71.22,55.37,IT,Cần Thơ,Male
6652,29,27.7,80.5,71.3,3.4,9.1,3.5,54.3,88.4,3.31,82.65,71.36,DS,TP.HCM,Male
6653,27,22.0,98.8,100.0,6.3,7.5,2.1,63.3,81.0,3.22,80.47,72.16,IT,TP.HCM,Female
6654,25,21.2,89.6,100.0,10.8,6.4,3.8,61.1,76.6,3.07,76.75,68.83,CE,Huế,Male
6655,18,20.3,91.7,76.3,4.9,7.4,4.4,52.6,83.7,3.42,85.59,68.18,SE,Hà Nội,Female
6656,30,24.8,74.5,79.9,5.6,9.2,1.1,53.5,91.1,3.5,87.43,72.32,AI,Đà Nẵng,Male
6657,25,5.9,81.2,72.6,7.2,7.1,3.8,33.9,59.6,1.98,49.62,46.73,AI,Cần Thơ,Female
6658,26,16.2,83.3,75.4,4.5,8.8,4.6,52.6,77.1,3.1,77.43,64.87,CE,Cần Thơ,Male
6659,23,20.0,76.4,61.9,4.8,5.6,4.1,41.1,72.8,3.39,84.66,56.95,CE,Huế,Female
6660,27,34.7,68.3,91.7,6.2,6.0,0.1,67.5,100.0,4.0,100.0,83.74,IT,Hà Nội,Male
6661,22,18.5,79.9,49.2,4.9,4.4,0.0,54.0,89.4,3.34,83.55,71.68,CE,Hà Nội,Male
6662,23,26.4,98.5,69.5,,9.4,1.8,57.6,86.5,3.36,84.06,72.08,DS,Đà Nẵng,Male
6663,30,26.8,85.6,79.3,4.4,5.0,1.9,61.2,84.7,3.34,83.4,72.98,CS,Cần Thơ,Female
6664,23,35.4,98.7,99.5,7.5,7.2,3.8,63.8,100.0,4.0,100.0,81.89,CS,Cần Thơ,Female
6665,26,35.1,,71.8,7.6,9.1,1.0,65.8,87.0,3.45,86.34,76.38,DS,Huế,Male
6666,21,24.5,77.4,86.4,9.3,8.2,3.1,56.6,81.1,3.46,86.6,68.87,DS,Cần Thơ,Female
6667,19,21.2,97.8,78.8,9.1,7.5,0.9,64.3,90.2,3.65,91.19,77.26,DS,Hà Nội,Female
6668,28,19.7,87.1,94.2,3.7,8.5,3.0,56.5,75.2,3.02,75.56,65.83,IT,Hà Nội,Male
6669,28,23.1,94.6,85.6,4.1,6.2,1.8,64.4,73.6,2.74,68.61,68.99,CE,Đà Nẵng,Female
6670,26,21.5,74.3,92.5,4.2,7.6,3.0,55.2,88.2,3.69,92.23,71.74,DS,Huế,Female
6671,19,29.4,95.4,71.7,5.6,6.9,2.0,60.9,90.0,3.49,87.27,75.47,CS,Cần Thơ,Male
6672,27,28.4,95.7,64.8,4.4,6.8,0.0,64.5,91.3,3.88,96.89,77.87,AI,Đà Nẵng,Female
6673,26,29.7,87.9,85.5,5.6,7.2,3.3,63.1,100.0,4.0,100.0,81.54,AI,Hà Nội,Female
6674,19,,76.9,72.7,3.8,8.4,4.3,60.1,70.8,2.81,70.34,65.47,DS,Hà Nội,Female
6675,29,39.9,84.5,80.5,8.0,8.9,1.2,57.1,100.0,3.85,96.3,78.53,CS,Đà Nẵng,Male
6676,25,26.0,91.1,84.8,3.6,6.7,3.7,54.2,100.0,3.91,97.66,77.12,DS,TP.HCM,Female
6677,26,33.8,87.3,98.6,3.5,5.7,1.6,59.5,89.6,3.49,87.28,74.53,DS,TP.HCM,Male
6678,29,22.2,91.0,91.8,7.3,6.0,0.5,59.5,81.4,3.27,81.66,70.45,DS,Huế,Female
6679,27,34.5,,69.8,7.8,9.3,1.6,64.6,100.0,4.0,100.0,82.32,DS,Hà Nội,Female
6680,26,33.5,78.5,62.8,5.4,8.8,2.2,55.8,94.1,3.47,86.84,74.93,CE,Đà Nẵng,Female
6681,27,33.1,73.4,100.0,,5.7,0.5,59.6,100.0,4.0,100.0,79.77,SE,TP.HCM,Male
6682,26,25.8,84.6,56.3,8.0,9.0,4.5,54.6,88.2,3.88,97.06,71.39,IT,Huế,Female
6683,19,19.7,81.7,73.2,10.7,6.1,0.2,45.1,80.8,2.99,74.86,62.93,CS,Hà Nội,Female
6684,21,13.8,92.9,89.7,7.8,7.8,1.7,60.3,100.0,3.92,97.93,80.16,DS,Đà Nẵng,Male
6685,24,24.7,74.3,100.0,10.3,6.1,1.1,53.3,67.6,2.88,71.93,60.44,IT,Huế,Male
6686,29,37.3,95.2,77.2,6.2,9.6,4.5,61.3,100.0,3.76,93.96,80.65,CE,Cần Thơ,Male
6687,19,,98.5,80.4,9.5,6.3,0.2,44.2,93.8,4.0,100.0,68.99,SE,Cần Thơ,Male
6688,18,31.3,85.0,66.9,9.6,5.7,3.7,61.9,84.8,3.64,91.04,73.31,IT,Huế,Male
6689,20,31.8,85.6,81.9,5.6,6.5,2.8,65.5,89.6,3.64,90.94,77.57,SE,TP.HCM,Female
6690,29,22.7,77.3,62.7,4.3,10.0,0.6,48.8,81.5,2.67,66.75,65.15,DS,Huế,Male
6691,21,35.5,79.6,68.7,4.7,7.3,2.0,64.6,88.2,3.43,85.81,76.43,SE,TP.HCM,Male
6692,25,1.7,80.9,91.5,7.0,5.8,2.2,30.3,42.7,1.91,47.65,36.47,AI,TP.HCM,Female
6693,23,15.2,99.4,73.5,3.1,6.1,3.4,49.6,77.3,3.02,75.48,63.46,DS,Đà Nẵng,Female
6694,28,17.7,84.3,93.8,4.9,4.9,1.5,59.0,72.4,2.9,72.46,65.72,SE,Hà Nội,Female
6695,19,18.4,71.8,77.7,9.0,7.6,3.4,47.8,68.1,3.13,78.24,57.98,DS,Đà Nẵng,Male
6696,26,27.7,87.6,59.5,7.7,5.5,2.6,54.1,80.6,3.29,82.24,67.36,SE,Hà Nội,Female
6697,19,27.3,93.3,97.5,0.1,8.3,3.2,69.5,87.4,3.54,88.52,78.45,IT,Hà Nội,Female
6698,30,28.2,84.7,60.3,2.7,7.9,1.2,60.3,93.9,3.68,92.05,77.12,CE,Đà Nẵng,Female
6699,29,29.8,99.7,71.0,11.4,6.9,2.1,58.5,94.6,4.0,100.0,76.56,CE,Hà Nội,Female
6700,22,17.4,92.8,77.0,8.9,8.5,2.7,45.5,75.3,3.22,80.49,60.41,CS,TP.HCM,Female
6701,29,15.3,74.5,95.1,4.5,8.1,2.6,39.0,69.6,2.69,67.2,54.29,AI,Cần Thơ,Male
6702,21,28.2,79.5,72.1,2.3,7.2,2.4,61.3,90.1,3.46,86.46,75.66,DS,TP.HCM,Female
6703,30,20.0,87.3,66.1,2.9,6.1,5.6,58.8,77.3,2.93,73.21,68.05,IT,Huế,Male
6704,24,,68.3,82.4,7.3,7.5,3.4,44.6,54.0,2.07,51.66,49.27,SE,Hà Nội,Female
6705,25,,88.4,76.8,10.9,7.5,3.6,61.3,99.6,3.83,95.73,80.48,AI,Đà Nẵng,Male
6706,22,,67.4,73.0,10.8,7.6,2.9,66.6,100.0,4.0,100.0,83.32,CS,Cần Thơ,Male
6707,27,37.5,95.2,83.2,2.1,7.1,3.3,56.7,100.0,4.0,100.0,78.37,DS,Đà Nẵng,Male
6708,22,26.5,94.1,61.9,5.3,7.4,2.8,59.6,78.3,2.97,74.35,68.93,SE,Hà Nội,Male
6709,19,30.0,90.0,54.2,,7.4,5.2,61.1,76.7,2.93,73.2,68.93,AI,Cần Thơ,Male
6710,25,36.0,78.2,100.0,6.3,8.6,2.4,66.8,93.1,3.6,90.12,79.98,AI,Hà Nội,Male
6711,19,19.9,86.7,81.6,,5.5,3.7,56.5,67.0,2.75,68.69,61.77,CS,Hà Nội,Female
6712,27,33.9,,82.6,4.6,5.8,5.6,59.3,83.0,3.12,77.95,71.17,SE,Hà Nội,Male
6713,29,27.2,74.7,68.3,3.8,7.1,3.5,70.5,70.5,2.52,63.06,70.5,SE,Huế,Female
6714,23,32.3,81.6,93.5,7.3,6.1,2.1,53.3,92.6,3.66,91.38,72.97,IT,Cần Thơ,Female
6715,25,26.5,92.0,72.0,4.7,7.3,1.4,55.1,79.1,3.18,79.46,67.09,SE,Huế,Female
6716,23,35.4,85.4,38.2,5.1,5.7,1.8,70.8,93.0,3.69,92.31,81.88,CS,TP.HCM,Male
6717,21,26.8,99.5,71.5,7.3,5.9,3.1,55.3,85.2,3.39,84.64,70.22,CE,Huế,Male
6718,30,13.1,92.7,75.8,10.1,9.5,5.2,49.6,65.4,2.78,69.56,57.48,CE,TP.HCM,Female
6719,21,36.6,91.6,77.4,11.3,6.7,3.4,62.2,99.5,4.0,100.0,80.86,IT,Cần Thơ,Male
6720,23,,,77.0,7.1,5.6,1.9,45.5,56.2,2.24,55.94,50.85,CE,Đà Nẵng,Male
6721,30,35.0,82.1,70.3,5.8,6.9,2.0,53.9,100.0,4.0,100.0,76.94,CE,Cần Thơ,Male
6722,21,24.3,74.4,68.9,9.3,8.2,2.3,60.1,84.6,3.75,93.77,72.33,CE,TP.HCM,Male
6723,25,34.4,83.2,75.5,8.9,8.4,0.5,69.2,100.0,3.95,98.74,84.58,SE,Cần Thơ,Female
6724,26,34.1,78.1,55.3,8.2,5.2,1.8,68.1,94.1,3.68,91.99,81.1,AI,Cần Thơ,Male
6725,18,28.4,81.2,50.6,2.1,6.1,1.7,55.3,95.8,3.56,89.1,75.57,CS,Huế,Male
6726,30,29.1,95.6,81.5,9.0,7.3,6.7,63.6,98.0,4.0,100.0,80.83,DS,Hà Nội,Male
6727,21,28.4,89.8,81.7,6.9,7.0,3.9,74.7,98.4,3.65,91.18,86.55,DS,Hà Nội,Male
6728,21,8.9,,93.2,3.8,5.1,0.9,48.1,75.3,2.88,72.09,61.68,CS,Hà Nội,Female
6729,19,25.9,69.0,76.2,,5.3,0.1,46.1,64.3,2.37,59.22,55.21,CS,Huế,Male
6730,23,16.1,85.6,62.1,,5.7,0.5,43.5,72.1,2.63,65.72,57.81,DS,Huế,Female
6731,20,26.4,94.7,50.9,0.0,4.9,4.6,52.2,81.6,3.56,89.12,66.89,DS,TP.HCM,Male
6732,24,15.9,100.0,66.6,5.7,6.4,0.5,61.8,76.2,3.08,76.89,69.0,DS,TP.HCM,Female
6733,30,15.5,69.5,86.3,4.4,8.4,4.9,50.0,72.9,2.6,64.9,61.44,IT,Hà Nội,Female
6734,28,37.8,81.5,100.0,4.1,6.2,2.9,53.8,100.0,4.0,100.0,76.9,CS,Hà Nội,Male
6735,28,33.6,95.3,80.8,4.9,8.3,2.1,74.2,100.0,4.0,100.0,87.12,CE,Huế,Male
6736,22,25.0,83.1,61.8,2.3,7.0,0.8,60.4,86.4,3.55,88.74,73.41,IT,Cần Thơ,Female
6737,21,26.5,75.9,66.8,8.6,6.8,4.4,57.6,81.0,3.47,86.67,69.28,SE,Huế,Male
6738,22,23.0,69.5,67.3,0.7,5.0,3.3,64.1,90.7,3.74,93.54,77.4,IT,Đà Nẵng,Female
6739,25,29.6,75.5,73.9,6.4,8.4,3.9,56.8,78.9,3.31,82.8,67.82,AI,Hà Nội,Male
6740,20,19.6,68.1,96.8,3.9,7.1,2.1,60.1,89.0,3.54,88.51,74.55,CS,Huế,Male
6741,24,32.9,85.6,98.0,11.0,5.1,3.5,46.0,86.2,3.75,93.71,66.08,SE,TP.HCM,Female
6742,23,23.0,94.0,77.4,6.1,7.5,4.7,50.8,82.0,3.44,86.05,66.4,DS,Huế,Female
6743,29,21.6,72.4,82.7,0.7,6.3,3.4,58.0,73.5,2.99,74.85,65.74,AI,Đà Nẵng,Male
6744,18,25.2,87.6,68.0,7.4,7.1,0.9,69.6,91.8,3.5,87.58,80.71,CE,Đà Nẵng,Male
6745,30,20.3,93.5,54.4,3.3,7.3,3.3,45.1,70.1,3.01,75.37,57.59,CE,Hà Nội,Female
6746,24,27.6,85.0,100.0,8.5,8.5,3.6,55.3,83.9,3.6,89.91,69.64,SE,Hà Nội,Male
6747,30,20.7,68.9,45.2,7.5,5.6,5.0,52.1,74.0,3.39,84.74,63.06,SE,Đà Nẵng,Female
6748,24,28.7,88.9,52.5,9.7,7.7,3.4,52.8,87.6,3.49,87.3,70.2,AI,TP.HCM,Male
6749,29,34.7,84.5,100.0,6.5,8.6,4.2,61.7,77.1,3.16,79.1,69.41,CS,Cần Thơ,Male
6750,18,19.2,83.4,80.2,8.0,10.0,3.4,63.8,100.0,4.0,100.0,81.91,SE,TP.HCM,Female
6751,26,24.0,79.5,63.1,6.1,8.3,0.5,47.2,91.6,3.27,81.85,69.37,IT,Hà Nội,Male
6752,23,28.7,85.9,90.2,4.5,7.4,3.7,57.6,79.9,3.37,84.23,68.75,IT,Hà Nội,Female
6753,29,21.5,,91.6,8.7,7.3,2.7,56.7,77.6,3.2,80.0,67.15,IT,Huế,Male
6754,19,28.7,100.0,60.0,2.9,8.9,5.5,65.0,94.6,3.7,92.39,79.8,CS,Cần Thơ,Male
6755,22,29.4,86.1,72.0,5.9,6.7,0.3,53.5,94.8,3.63,90.78,74.18,DS,Cần Thơ,Male
6756,30,33.7,100.0,93.1,4.6,8.0,0.8,63.9,100.0,3.77,94.31,81.96,SE,TP.HCM,Female
6757,28,20.2,88.6,67.7,8.1,9.6,3.6,51.2,69.4,2.9,72.55,60.3,IT,TP.HCM,Female
6758,21,17.5,84.0,84.2,3.6,6.9,4.8,53.0,92.9,3.58,89.51,72.94,CE,Huế,Female
6759,24,22.5,86.5,100.0,5.0,4.6,2.3,46.1,75.3,3.12,77.91,60.67,CS,Hà Nội,Female
6760,25,,72.8,44.1,6.1,6.0,2.3,58.4,87.9,3.5,87.55,73.16,DS,TP.HCM,Female
6761,28,29.5,88.1,74.9,9.7,7.4,2.8,62.3,88.1,3.58,89.54,75.2,SE,Huế,Female
6762,28,15.7,65.1,83.9,4.7,6.0,1.8,54.5,76.5,3.33,83.15,65.54,DS,Đà Nẵng,Female
6763,18,43.7,76.4,53.1,5.0,6.6,4.0,64.9,100.0,4.0,100.0,82.46,IT,Đà Nẵng,Male
6764,22,35.4,86.1,72.1,2.6,6.6,1.8,55.3,89.5,3.67,91.66,72.38,DS,Huế,Female
6765,20,25.1,96.9,95.7,3.5,7.7,3.6,51.2,90.8,3.53,88.15,71.01,CE,Đà Nẵng,Female
6766,18,31.9,99.3,69.4,7.0,5.9,0.5,69.1,100.0,4.0,100.0,84.55,CS,Đà Nẵng,Male
6767,29,11.9,82.6,57.7,6.1,6.3,5.1,43.0,70.9,2.83,70.83,56.98,CE,Đà Nẵng,Female
6768,20,45.2,86.6,97.0,6.1,8.7,0.0,59.7,100.0,3.74,93.51,79.86,IT,Hà Nội,Male
6769,23,20.3,94.8,86.7,10.4,6.4,0.9,55.8,82.1,3.25,81.36,68.96,SE,Huế,Female
6770,24,24.0,71.7,79.0,1.8,7.9,5.9,51.4,83.2,3.57,89.32,67.29,CE,Cần Thơ,Male
6771,25,10.2,89.0,78.5,11.8,7.0,2.7,43.8,50.0,1.82,45.55,46.86,CE,Hà Nội,Male
6772,30,28.9,76.7,95.4,8.9,7.0,1.5,45.3,73.2,3.0,75.0,59.3,AI,TP.HCM,Male
6773,28,16.1,83.3,84.4,5.2,7.9,0.6,38.3,68.2,2.71,67.7,53.25,SE,Đà Nẵng,Male
6774,21,25.8,80.4,89.7,7.0,4.8,1.8,52.3,84.3,3.38,84.43,68.32,CE,Đà Nẵng,Male
6775,20,20.6,89.4,69.6,4.3,7.5,2.9,46.9,76.6,3.03,75.66,61.79,SE,Hà Nội,Male
6776,22,16.4,90.5,51.2,6.8,7.7,3.2,46.6,79.2,3.22,80.6,62.9,SE,Đà Nẵng,Male
6777,26,18.6,93.9,89.3,11.4,8.0,3.0,59.3,80.6,3.02,75.53,69.93,CS,TP.HCM,Female
6778,30,26.8,88.5,96.5,4.4,6.5,0.0,50.4,94.4,3.89,97.17,72.38,CE,TP.HCM,Female
6779,23,14.7,86.7,76.6,5.4,7.0,2.7,42.3,70.9,2.75,68.74,56.6,IT,Đà Nẵng,Male
6780,26,19.0,100.0,93.3,4.1,4.1,3.0,50.3,71.2,2.88,72.1,60.75,SE,Cần Thơ,Female
6781,23,30.3,69.8,75.0,4.5,6.2,3.0,51.0,85.0,3.45,86.23,68.0,CS,Huế,Female
6782,19,45.8,100.0,78.6,5.0,7.2,2.5,72.7,100.0,4.0,100.0,86.37,CS,Đà Nẵng,Male
6783,30,28.8,82.1,100.0,3.3,8.8,0.7,66.6,87.4,3.45,86.28,77.03,IT,Hà Nội,Female
6784,22,17.7,90.7,75.6,5.3,9.2,1.1,49.7,64.0,2.31,57.79,56.87,CS,Huế,Female
6785,29,22.1,81.7,74.7,6.1,6.6,4.3,55.7,70.4,2.71,67.63,63.05,CE,Huế,Female
6786,28,25.3,78.0,52.0,5.0,8.0,1.3,38.2,69.3,2.7,67.5,53.75,IT,TP.HCM,Male
6787,26,22.2,89.8,90.4,0.3,6.8,1.4,55.7,91.7,3.32,83.1,73.73,CE,Đà Nẵng,Female
6788,25,32.2,95.4,69.4,5.6,5.1,2.1,74.6,100.0,3.89,97.33,87.28,CS,Hà Nội,Female
6789,24,26.7,89.7,82.2,,7.7,0.7,59.3,99.6,4.0,100.0,79.43,CE,Hà Nội,Female
6790,18,32.3,,75.3,10.7,9.2,3.5,62.1,85.0,3.19,79.83,73.54,IT,Huế,Female
6791,21,22.5,,73.3,6.1,6.5,0.6,59.0,82.5,3.45,86.32,70.76,DS,Huế,Female
6792,29,35.6,97.0,78.2,8.3,5.9,4.1,78.0,100.0,3.89,97.26,89.01,SE,Hà Nội,Male
6793,24,23.7,94.3,79.4,4.9,7.1,0.5,67.1,88.7,3.43,85.76,77.87,IT,Đà Nẵng,Male
6794,28,17.2,81.5,97.6,9.2,6.9,2.1,42.5,71.7,2.83,70.73,57.08,IT,Đà Nẵng,Male
6795,24,42.4,78.7,100.0,3.6,10.0,3.0,77.6,100.0,4.0,100.0,88.82,DS,Đà Nẵng,Female
6796,23,10.4,,89.8,7.3,8.2,3.7,55.5,77.2,3.0,75.04,66.34,CE,Huế,Female
6797,25,19.1,95.8,99.1,8.1,7.2,2.2,40.9,57.8,2.21,55.22,49.35,CE,Cần Thơ,Female
6798,28,20.0,75.1,92.8,7.7,3.5,1.4,51.4,90.8,3.91,97.76,71.15,SE,Cần Thơ,Female
6799,30,45.1,,87.4,11.4,6.8,4.6,73.9,100.0,4.0,100.0,86.94,AI,Đà Nẵng,Male
6800,23,39.5,90.4,100.0,4.5,9.2,2.8,47.1,99.3,3.69,92.34,73.25,CE,Huế,Male
6801,27,37.0,88.2,60.4,9.5,7.1,2.2,60.8,100.0,3.58,89.46,80.42,IT,Huế,Female
6802,20,22.4,77.3,69.7,8.9,8.0,0.0,48.0,82.1,3.57,89.33,65.05,SE,Huế,Male
6803,21,,,67.7,6.1,7.5,2.8,64.6,100.0,4.0,100.0,82.29,CS,Huế,Female
6804,20,27.9,99.4,75.5,10.6,6.4,2.5,68.7,100.0,4.0,100.0,84.35,SE,Cần Thơ,Female
6805,18,32.8,88.6,90.3,5.6,9.0,0.5,62.5,100.0,4.0,100.0,81.24,IT,Cần Thơ,Male
6806,27,26.4,,63.3,6.1,7.2,1.3,58.7,89.6,3.58,89.52,74.13,DS,Đà Nẵng,Male
6807,22,24.6,72.1,87.5,6.0,6.2,2.6,54.9,70.0,2.82,70.45,62.45,AI,Huế,Female
6808,18,23.0,81.4,71.2,2.8,7.0,3.2,73.0,82.2,3.33,83.3,77.6,CS,Cần Thơ,Female
6809,18,23.3,92.3,74.8,7.9,8.7,1.0,63.8,80.8,3.44,86.01,72.31,DS,TP.HCM,Female
6810,19,29.9,91.0,83.0,7.5,5.2,1.0,60.9,75.2,3.2,79.98,68.08,IT,Hà Nội,Female
6811,30,27.9,96.3,100.0,5.7,7.3,2.7,58.4,84.7,3.43,85.66,71.55,DS,TP.HCM,Male
6812,21,24.7,70.1,69.3,10.4,7.1,1.2,48.9,69.1,2.81,70.22,59.0,CE,TP.HCM,Male
6813,23,37.1,87.2,78.8,4.9,5.2,2.2,58.6,92.3,3.86,96.49,75.44,CS,TP.HCM,Male
6814,25,1.3,99.3,63.8,1.7,7.9,5.2,31.9,57.7,2.43,60.63,44.78,CE,TP.HCM,Male
6815,30,29.1,,69.2,10.8,7.3,2.4,68.9,92.2,3.67,91.76,80.56,CE,TP.HCM,Male
6816,20,30.7,88.6,63.7,8.5,8.1,4.0,54.6,97.8,3.35,83.77,76.21,SE,Cần Thơ,Female
6817,18,34.2,100.0,83.7,7.6,8.4,0.6,70.4,93.0,3.86,96.51,81.75,DS,Đà Nẵng,Female
6818,20,24.5,91.1,86.4,5.2,6.9,1.3,53.2,79.9,3.42,85.5,66.59,CS,Hà Nội,Male
6819,29,26.7,95.4,90.3,6.9,6.3,1.3,53.7,85.9,3.38,84.6,69.79,CE,Cần Thơ,Female
6820,20,32.9,85.4,68.7,2.8,5.3,0.8,60.0,100.0,3.78,94.45,80.0,DS,Đà Nẵng,Female
6821,22,36.9,77.2,87.6,5.4,6.2,0.0,77.7,100.0,4.0,100.0,88.86,CE,TP.HCM,Male
6822,28,22.6,76.2,81.7,3.7,7.0,2.8,76.2,89.7,3.78,94.45,82.93,IT,TP.HCM,Male
6823,29,,86.8,79.1,6.7,5.8,3.1,55.6,78.4,2.97,74.16,67.03,AI,Cần Thơ,Female
6824,29,38.4,82.9,61.4,8.3,7.7,1.1,62.8,100.0,4.0,100.0,81.41,AI,Cần Thơ,Female
6825,21,8.0,67.3,82.3,3.4,5.9,1.4,48.3,57.4,2.21,55.14,52.84,AI,Đà Nẵng,Male
6826,30,,74.7,82.8,7.8,4.9,2.6,52.0,59.8,2.46,61.54,55.9,CS,TP.HCM,Male
6827,21,36.7,81.8,81.5,6.5,6.3,2.5,59.9,100.0,4.0,100.0,79.96,AI,Hà Nội,Female
6828,26,33.7,92.3,86.0,7.7,7.2,4.0,67.8,100.0,4.0,100.0,83.91,CS,Cần Thơ,Male
6829,24,29.2,84.8,90.4,5.4,5.5,4.2,65.4,89.7,3.46,86.57,77.53,IT,Đà Nẵng,Male
6830,21,21.4,84.3,63.5,7.8,5.9,1.5,51.9,76.4,2.95,73.69,64.14,CS,Hà Nội,Female
6831,20,17.9,75.1,76.7,4.3,6.2,2.4,48.1,62.3,2.89,72.15,55.19,AI,Hà Nội,Male
6832,23,20.3,85.2,87.7,1.8,6.4,1.0,65.8,93.2,3.98,99.57,79.51,CE,Hà Nội,Male
6833,20,37.4,98.2,76.0,2.4,7.4,4.8,61.6,100.0,3.91,97.82,80.81,AI,Cần Thơ,Female
6834,23,20.0,86.6,94.4,4.7,7.8,2.9,48.9,68.2,2.71,67.64,58.54,CE,Đà Nẵng,Female
6835,28,25.8,69.9,81.4,2.0,6.4,4.0,51.4,79.1,3.1,77.41,65.25,AI,TP.HCM,Male
6836,30,19.0,72.5,50.7,9.9,5.8,2.0,62.8,71.5,2.9,72.43,67.17,DS,TP.HCM,Female
6837,28,31.7,90.9,92.6,5.8,7.2,4.0,47.6,79.8,3.35,83.77,63.72,AI,Đà Nẵng,Male
6838,30,20.7,82.8,78.2,8.3,7.6,3.6,59.1,92.6,3.81,95.18,75.84,AI,Cần Thơ,Male
6839,30,24.2,84.3,53.5,8.0,8.9,4.4,55.6,80.0,3.34,83.51,67.79,CS,Cần Thơ,Male
6840,29,11.5,78.9,76.2,6.0,8.4,0.5,59.1,63.1,2.38,59.59,61.09,SE,Hà Nội,Female
6841,26,12.1,90.0,61.0,14.8,5.5,2.6,50.2,60.1,2.43,60.7,55.17,DS,Đà Nẵng,Male
6842,23,25.1,82.0,91.3,13.3,6.8,4.1,40.0,75.0,3.17,79.22,57.47,SE,Cần Thơ,Male
6843,29,14.4,83.1,79.5,9.5,7.5,1.1,60.4,57.6,2.61,65.22,58.99,CS,Hà Nội,Female
6844,21,41.8,76.5,66.1,3.7,6.0,3.3,66.1,100.0,3.57,89.28,83.04,AI,Huế,Male
6845,22,,94.2,92.2,9.6,6.6,3.4,30.2,68.4,2.83,70.71,49.3,AI,TP.HCM,Female
6846,30,18.6,82.8,86.9,1.6,7.8,3.6,48.3,81.0,3.48,87.07,64.65,SE,TP.HCM,Female
6847,23,25.1,91.1,76.5,9.5,7.3,3.0,57.8,91.0,3.24,80.99,74.41,AI,Huế,Male
6848,28,22.1,73.1,61.3,0.0,7.0,3.4,44.7,92.3,3.96,99.11,68.46,CE,Huế,Male
6849,20,16.2,,67.4,5.2,6.2,3.1,40.6,75.1,3.45,86.19,57.89,AI,TP.HCM,Male
6850,25,17.3,,67.1,9.0,5.3,4.3,54.9,71.8,2.91,72.71,63.34,DS,Cần Thơ,Female
6851,21,17.1,65.9,91.2,7.0,6.6,1.4,38.4,70.1,2.91,72.86,54.26,AI,TP.HCM,Male
6852,25,22.7,77.0,54.8,2.3,6.9,3.0,45.9,76.6,2.87,71.75,61.24,AI,Cần Thơ,Female
6853,27,40.6,89.8,79.3,6.4,5.2,4.3,79.1,100.0,4.0,100.0,89.55,SE,TP.HCM,Male
6854,27,,71.8,76.2,,7.1,1.3,52.5,82.7,3.36,84.11,67.6,CS,Hà Nội,Female
6855,20,34.5,83.7,95.5,6.5,7.5,1.5,54.3,91.1,3.13,78.32,72.69,AI,Cần Thơ,Male
6856,27,29.1,89.3,83.5,5.0,6.2,3.3,53.5,100.0,4.0,100.0,76.73,DS,Hà Nội,Male
6857,24,33.9,83.2,88.0,8.1,7.5,4.6,65.8,84.2,3.19,79.64,74.99,CS,Hà Nội,Female
6858,28,2.6,90.4,72.1,8.9,7.3,2.3,43.7,63.3,2.43,60.76,53.48,CE,Hà Nội,Male
6859,30,22.6,78.1,61.5,5.6,6.6,2.6,58.6,82.0,3.34,83.41,70.29,DS,Hà Nội,Female
6860,29,,62.6,75.1,,6.5,3.0,67.0,97.3,3.9,97.43,82.16,SE,TP.HCM,Male
6861,26,20.4,94.8,91.7,5.6,6.6,1.8,57.0,80.2,3.27,81.82,68.6,CS,Huế,Male
6862,21,39.1,94.8,91.6,4.8,6.0,5.8,73.1,100.0,4.0,100.0,86.55,IT,Đà Nẵng,Male
6863,25,36.9,100.0,73.5,9.4,7.4,1.1,64.1,100.0,4.0,100.0,82.04,DS,Hà Nội,Female
6864,20,21.2,62.9,67.1,9.3,6.0,2.6,42.0,62.1,2.21,55.33,52.04,IT,TP.HCM,Female
6865,24,21.0,92.5,64.1,4.4,6.1,2.7,64.8,94.9,3.9,97.58,79.85,DS,Đà Nẵng,Female
6866,20,16.9,65.3,78.0,4.1,7.6,0.0,54.1,72.2,2.92,73.04,63.13,CS,TP.HCM,Male
6867,29,20.0,100.0,82.0,10.4,6.7,1.2,52.9,78.1,3.08,76.93,65.46,DS,Hà Nội,Female
6868,24,15.1,89.9,100.0,5.7,7.1,0.5,44.9,57.9,2.06,51.58,51.36,SE,TP.HCM,Female
6869,28,28.4,75.5,81.8,6.0,4.9,3.6,74.8,98.9,4.0,100.0,86.85,CE,Đà Nẵng,Female
6870,27,13.4,92.8,89.2,5.4,6.4,0.0,42.2,63.6,2.35,58.83,52.87,DS,Huế,Male
6871,27,29.8,79.5,68.3,9.3,9.0,3.9,61.0,94.1,3.43,85.66,77.54,AI,Hà Nội,Male
6872,28,30.0,88.0,80.6,11.4,4.9,0.7,55.7,100.0,3.96,99.03,77.85,DS,Hà Nội,Female
6873,28,11.7,87.1,82.1,6.2,9.1,3.9,43.8,58.8,2.47,61.79,51.29,CS,Hà Nội,Male
6874,23,37.4,100.0,77.9,12.0,7.3,0.4,62.4,100.0,3.86,96.39,81.21,CE,TP.HCM,Female
6875,19,29.1,100.0,79.7,4.6,6.4,3.1,45.6,80.1,2.83,70.85,62.86,CS,Cần Thơ,Female
6876,28,31.0,79.0,81.9,5.3,6.8,3.9,63.0,100.0,3.99,99.87,81.51,SE,Hà Nội,Male
6877,20,,95.6,87.2,7.7,8.5,3.4,58.5,96.4,4.0,100.0,77.45,SE,Hà Nội,Female
6878,23,30.0,88.5,97.5,4.0,4.3,0.7,55.8,98.9,3.81,95.24,77.32,AI,TP.HCM,Female
6879,21,34.0,70.9,46.0,7.7,8.7,4.2,80.7,100.0,3.73,93.16,90.34,AI,TP.HCM,Female
6880,23,24.2,78.0,96.7,4.7,7.3,3.3,57.0,89.0,3.24,80.96,72.98,AI,Hà Nội,Female
6881,18,41.0,100.0,54.3,2.1,8.2,0.0,72.0,100.0,3.86,96.43,86.01,CS,Cần Thơ,Female
6882,27,25.4,88.6,84.6,1.6,4.9,2.7,60.2,77.1,3.09,77.25,68.66,DS,TP.HCM,Male
6883,29,34.1,95.0,100.0,5.2,6.7,6.8,60.4,92.3,3.6,89.9,76.33,IT,TP.HCM,Male
6884,18,27.3,82.9,79.4,7.0,4.2,4.2,50.6,100.0,4.0,100.0,75.3,AI,Hà Nội,Female
6885,20,29.7,79.6,82.7,2.6,8.4,1.8,53.5,78.1,3.15,78.63,65.79,SE,Cần Thơ,Female
6886,25,11.6,85.3,75.3,6.4,5.8,3.3,42.4,72.0,3.08,77.02,57.22,SE,Đà Nẵng,Male
6887,25,28.0,82.3,90.0,6.5,5.8,1.9,62.5,89.0,3.53,88.33,75.78,AI,Đà Nẵng,Female
6888,28,19.1,70.1,85.4,5.6,4.7,4.0,47.0,66.8,2.8,69.89,56.91,CE,Hà Nội,Female
6889,21,18.2,75.0,69.9,3.7,7.5,1.3,54.6,87.5,3.51,87.7,71.02,CS,Cần Thơ,Female
6890,23,39.0,92.1,78.3,6.6,7.1,4.3,58.6,100.0,4.0,100.0,79.28,SE,Cần Thơ,Male
6891,25,23.3,81.2,63.2,5.6,6.1,3.9,49.8,86.2,3.48,87.05,68.01,IT,TP.HCM,Female
6892,24,17.0,85.3,78.2,8.5,7.3,3.5,45.2,90.5,3.41,85.35,67.82,DS,Hà Nội,Female
6893,28,22.1,87.3,73.7,2.8,6.1,5.6,26.1,67.6,2.69,67.19,46.84,CE,Đà Nẵng,Female
6894,24,14.6,88.1,82.0,6.3,4.9,4.0,45.7,73.4,2.81,70.21,59.55,SE,TP.HCM,Male
6895,30,36.5,96.5,69.4,2.8,6.6,4.0,59.0,100.0,3.83,95.83,79.52,IT,Hà Nội,Male
6896,21,19.4,74.0,76.8,5.4,9.0,4.2,54.1,71.4,2.93,73.37,62.75,DS,TP.HCM,Male
6897,26,29.2,90.7,80.1,3.3,8.2,3.6,66.0,98.6,4.0,100.0,82.33,CS,Hà Nội,Female
6898,29,35.8,92.6,81.2,3.7,7.5,3.2,55.3,100.0,3.87,96.85,77.63,IT,TP.HCM,Male
6899,27,21.0,94.9,84.1,6.0,7.3,1.5,53.1,88.6,3.68,92.11,70.88,CE,TP.HCM,Male
6900,23,29.3,70.9,77.4,4.6,6.6,1.5,48.0,83.1,3.24,80.88,65.55,AI,Cần Thơ,Female
6901,29,16.8,87.5,68.2,9.7,7.9,3.1,53.1,51.9,2.26,56.42,52.54,CE,Huế,Female
6902,28,44.6,100.0,81.2,8.9,7.7,3.4,68.3,100.0,4.0,100.0,84.14,DS,Hà Nội,Male
6903,20,32.5,84.0,77.3,8.0,6.9,2.5,58.0,100.0,4.0,100.0,78.98,CS,Cần Thơ,Male
6904,22,23.5,89.8,95.4,8.0,7.2,1.8,54.4,76.4,3.03,75.81,65.4,SE,Hà Nội,Male
6905,22,,92.8,97.3,6.3,5.1,2.3,55.2,89.3,3.43,85.83,72.22,CS,Cần Thơ,Female
6906,22,24.1,74.7,59.4,9.3,6.4,2.4,54.7,70.3,2.85,71.28,62.48,IT,Đà Nẵng,Male
6907,25,22.3,100.0,89.3,5.3,5.6,2.9,59.7,79.8,3.0,74.9,69.72,AI,Cần Thơ,Male
6908,26,40.6,90.0,92.3,11.3,5.5,2.2,74.4,100.0,3.95,98.81,87.18,AI,Đà Nẵng,Male
6909,30,15.2,90.2,59.8,3.6,7.6,4.2,48.9,84.5,3.2,80.03,66.72,SE,Đà Nẵng,Female
6910,26,26.1,,88.7,3.2,5.5,2.3,47.0,82.5,3.47,86.73,64.79,CE,TP.HCM,Female
6911,30,24.9,92.9,93.4,2.5,7.9,1.5,45.6,85.8,3.33,83.19,65.71,IT,Huế,Female
6912,23,24.1,90.1,65.8,2.9,8.2,2.4,50.8,72.2,2.88,72.06,61.53,DS,Hà Nội,Female
6913,23,24.1,100.0,76.5,,6.9,0.8,59.8,73.2,2.58,64.57,66.48,IT,Đà Nẵng,Female
6914,26,24.1,81.9,82.8,6.5,6.3,5.5,45.0,73.9,2.89,72.2,59.44,SE,Hà Nội,Male
6915,21,32.0,75.1,88.6,,8.2,3.5,68.3,95.2,3.74,93.39,81.77,SE,TP.HCM,Male
6916,23,29.9,78.2,65.2,6.1,7.7,2.5,51.2,85.7,3.24,81.06,68.45,CE,Huế,Female
6917,21,28.4,80.0,97.4,2.5,8.4,4.6,57.4,100.0,3.94,98.53,78.7,AI,TP.HCM,Male
6918,28,0.7,73.8,49.6,4.8,5.7,2.2,47.7,39.0,1.06,26.58,43.36,CE,Huế,Female
6919,18,27.4,,99.9,8.1,6.7,2.4,58.9,89.9,3.36,84.12,74.38,DS,Đà Nẵng,Female
6920,24,11.8,98.3,88.3,5.1,6.7,1.4,40.4,81.5,2.93,73.13,60.93,IT,Cần Thơ,Male
6921,27,30.2,83.0,70.7,4.0,7.3,1.1,41.3,89.5,3.73,93.29,65.37,CS,Huế,Male
6922,28,36.8,81.1,93.0,2.2,7.7,2.8,67.8,92.3,3.69,92.19,80.06,AI,TP.HCM,Male
6923,29,17.6,66.8,64.3,4.9,7.2,4.1,50.5,50.7,1.51,37.81,50.61,CS,Hà Nội,Female
6924,23,22.9,92.0,81.7,4.2,8.6,1.2,60.3,83.4,3.53,88.36,71.85,CS,Đà Nẵng,Female
6925,26,20.2,100.0,83.6,5.8,6.6,2.1,56.0,75.9,3.12,78.02,65.95,CE,Huế,Male
6926,24,34.9,78.6,83.5,7.2,5.7,2.2,58.9,91.3,3.63,90.78,75.12,CS,Đà Nẵng,Male
6927,30,25.8,83.8,67.4,5.3,6.2,3.7,51.0,100.0,4.0,100.0,75.5,IT,Đà Nẵng,Male
6928,24,38.8,89.3,72.6,6.5,6.1,1.9,67.8,98.0,3.89,97.34,82.91,CS,Huế,Female
6929,19,28.3,100.0,81.9,7.2,6.5,3.6,68.7,92.3,3.62,90.57,80.5,CS,Hà Nội,Male
6930,29,26.9,87.0,69.1,2.9,6.7,3.6,36.1,86.4,3.47,86.8,61.23,CS,Đà Nẵng,Female
6931,28,25.5,87.0,84.1,10.7,6.7,1.5,64.2,91.8,3.68,92.07,78.01,SE,Đà Nẵng,Female
6932,26,31.5,86.8,70.8,4.1,7.3,2.1,59.5,100.0,3.84,95.92,79.75,CS,TP.HCM,Male
6933,27,11.1,70.7,95.0,7.3,6.4,2.6,42.7,66.3,2.8,69.99,54.48,AI,Đà Nẵng,Male
6934,26,25.7,70.5,100.0,3.2,8.3,1.8,60.1,77.4,2.94,73.39,68.71,CS,Đà Nẵng,Male
6935,23,24.4,76.9,75.5,6.3,4.7,1.2,53.6,85.2,3.35,83.65,69.38,DS,Đà Nẵng,Female
6936,30,30.8,95.1,93.8,6.4,4.3,4.7,64.1,97.6,4.0,100.0,80.81,IT,Đà Nẵng,Female
6937,20,23.5,81.6,76.8,10.1,8.2,0.0,42.6,63.3,2.75,68.73,52.96,CS,Hà Nội,Male
6938,18,16.7,79.7,66.0,,8.1,2.8,47.4,87.7,3.7,92.39,67.53,CE,Cần Thơ,Female
6939,21,25.1,79.5,73.6,,8.5,4.5,59.5,75.4,2.68,66.92,67.45,SE,Cần Thơ,Male
6940,20,,83.6,81.3,6.7,7.8,1.3,46.9,70.6,2.78,69.62,58.71,AI,Cần Thơ,Male
6941,29,9.6,100.0,53.2,,7.0,2.5,44.7,63.9,2.32,58.11,54.31,AI,Đà Nẵng,Male
6942,18,30.8,83.5,89.4,1.5,6.7,3.9,61.9,93.5,3.53,88.24,77.67,SE,Cần Thơ,Male
6943,20,29.6,77.1,81.3,7.2,5.1,0.0,62.0,92.1,3.56,88.89,77.06,SE,Hà Nội,Male
6944,21,28.7,85.3,95.0,0.0,7.2,2.4,70.8,99.4,3.92,97.94,85.07,CE,TP.HCM,Male
6945,30,35.4,100.0,89.1,5.9,5.3,0.1,69.9,100.0,3.89,97.22,84.93,CE,Huế,Female
6946,30,19.7,80.0,81.8,8.6,10.0,3.9,61.9,87.9,2.99,74.66,74.88,CS,Đà Nẵng,Female
6947,25,13.6,73.2,74.7,,5.8,1.3,45.4,59.2,2.42,60.48,52.31,IT,Đà Nẵng,Male
6948,26,,80.0,100.0,7.8,6.9,5.2,37.6,70.1,2.79,69.64,53.83,CS,Đà Nẵng,Male
6949,20,22.2,86.3,100.0,5.3,8.8,1.1,51.4,66.8,2.92,72.97,59.1,SE,TP.HCM,Female
6950,23,18.3,91.9,74.9,7.4,6.6,3.2,46.4,77.1,3.07,76.66,61.75,IT,TP.HCM,Female
6951,27,24.4,95.1,95.6,12.3,6.6,1.2,57.1,99.9,3.62,90.5,78.5,CS,Cần Thơ,Female
6952,28,20.1,74.5,69.4,6.2,3.9,2.1,48.9,71.4,2.58,64.58,60.12,AI,Huế,Male
6953,22,10.3,75.5,71.2,8.4,5.4,2.5,46.0,75.8,2.69,67.28,60.9,DS,Hà Nội,Male
6954,23,21.5,81.8,74.2,4.9,7.7,2.5,48.3,68.0,2.67,66.65,58.17,CE,Huế,Male
6955,21,15.9,91.8,90.3,8.7,9.0,5.0,52.3,63.6,2.86,71.55,57.98,CE,Hà Nội,Male
6956,27,26.9,72.4,63.9,8.3,5.9,4.6,58.8,94.5,3.88,96.98,76.63,AI,Huế,Male
6957,23,19.8,78.9,100.0,4.5,7.2,1.4,51.9,74.4,3.0,75.11,63.16,DS,Huế,Female
6958,24,33.9,79.1,94.1,7.9,10.0,2.6,51.3,83.0,3.1,77.48,67.13,AI,Huế,Male
6959,26,37.8,94.4,89.9,8.1,7.7,0.8,74.2,100.0,4.0,100.0,87.12,AI,TP.HCM,Female
6960,27,30.4,90.3,75.6,7.8,8.2,0.4,66.0,99.5,3.92,98.05,82.76,SE,TP.HCM,Female
6961,24,12.6,94.0,92.4,5.9,6.1,1.5,47.1,78.0,3.17,79.35,62.57,SE,Huế,Male
6962,23,37.0,98.4,36.2,9.1,8.9,5.0,54.0,97.7,4.0,100.0,75.82,CE,Đà Nẵng,Male
6963,18,,81.9,86.6,3.7,6.2,0.0,67.8,92.2,3.59,89.87,79.98,SE,Huế,Female
6964,19,25.2,73.1,82.4,6.0,6.0,3.4,50.9,76.8,3.13,78.17,63.81,DS,Cần Thơ,Female
6965,18,35.6,73.2,51.7,6.3,8.8,3.2,58.5,93.4,4.0,100.0,75.97,IT,Cần Thơ,Male
6966,26,20.6,66.6,86.1,8.9,6.2,1.4,49.8,81.2,3.5,87.47,65.51,IT,Đà Nẵng,Female
6967,27,10.1,80.4,88.9,3.6,7.0,3.5,55.5,54.3,2.35,58.85,54.92,SE,Huế,Female
6968,27,18.9,81.2,52.2,6.6,9.0,3.5,52.5,72.1,3.36,84.0,62.28,CS,Đà Nẵng,Female
6969,26,38.8,92.9,62.2,4.8,5.9,2.4,67.2,100.0,4.0,100.0,83.61,DS,TP.HCM,Female
6970,24,13.1,,100.0,6.3,6.7,2.3,43.7,79.1,3.47,86.69,61.37,DS,Đà Nẵng,Male
6971,30,25.0,80.1,77.2,7.0,6.3,2.1,56.0,77.9,2.91,72.72,66.96,SE,Đà Nẵng,Male
6972,19,25.3,83.8,94.6,2.8,6.6,1.2,56.5,78.7,2.91,72.75,67.6,SE,Cần Thơ,Female
6973,23,20.9,74.6,96.9,9.2,7.0,2.7,56.4,82.4,3.04,76.09,69.4,SE,Cần Thơ,Female
6974,28,21.5,95.3,85.9,7.1,8.6,1.7,51.4,64.0,2.73,68.26,57.69,AI,Hà Nội,Female
6975,21,25.6,77.1,95.3,3.9,9.0,2.7,49.7,75.8,3.18,79.56,62.73,DS,Hà Nội,Female
6976,18,20.5,73.6,48.3,5.1,7.2,1.6,48.1,78.1,3.22,80.4,63.11,SE,TP.HCM,Female
6977,18,13.6,93.2,76.5,9.7,6.1,1.5,48.5,74.7,2.78,69.41,61.63,CE,Đà Nẵng,Female
6978,29,26.7,90.7,33.8,7.0,7.8,1.7,58.5,91.1,3.84,95.95,74.81,AI,Cần Thơ,Female
6979,22,33.6,67.8,53.8,3.6,7.0,4.4,60.3,76.9,3.02,75.46,68.61,CS,Đà Nẵng,Male
6980,29,32.0,93.6,71.8,4.0,7.0,0.4,55.6,85.1,3.36,84.05,70.34,SE,Hà Nội,Male
6981,19,18.5,77.6,70.0,7.6,5.8,5.2,49.9,82.8,3.46,86.38,66.34,DS,Đà Nẵng,Male
6982,21,15.0,81.3,80.6,7.9,5.1,3.7,53.6,70.4,2.78,69.62,62.0,DS,Đà Nẵng,Female
6983,18,22.7,86.9,79.7,6.9,7.0,0.2,64.6,85.1,3.39,84.65,74.87,CS,Cần Thơ,Female
6984,21,37.5,90.9,82.0,5.3,5.7,1.6,74.2,100.0,3.72,92.89,87.08,SE,Đà Nẵng,Male
6985,28,30.2,89.5,82.6,8.0,6.4,0.1,60.6,94.4,3.47,86.8,77.48,DS,Cần Thơ,Female
6986,23,30.6,84.5,85.0,5.2,8.8,3.5,59.5,87.9,3.72,93.0,73.67,IT,Hà Nội,Male
6987,27,32.1,80.8,65.6,3.9,6.9,4.4,70.5,100.0,4.0,100.0,85.26,DS,Huế,Female
6988,21,28.4,89.1,69.1,10.0,8.3,2.8,58.8,82.2,3.1,77.58,70.5,AI,Hà Nội,Female
6989,18,26.0,83.8,79.4,7.2,7.4,4.3,63.5,94.5,3.85,96.25,79.03,IT,Đà Nẵng,Female
6990,24,30.3,,79.7,4.0,7.7,2.8,62.5,100.0,4.0,100.0,81.25,IT,Hà Nội,Female
6991,19,20.6,90.9,63.8,6.3,6.3,4.0,36.1,78.2,2.88,72.04,57.13,CS,Huế,Male
6992,26,13.7,75.8,96.2,6.1,8.4,2.9,51.6,57.7,2.28,57.12,54.64,CS,Đà Nẵng,Female
6993,30,30.8,,90.9,5.1,7.4,2.5,67.4,100.0,4.0,100.0,83.68,IT,Đà Nẵng,Female
6994,20,34.9,85.5,67.1,6.6,6.7,3.7,61.5,93.6,3.41,85.22,77.59,AI,Đà Nẵng,Male
6995,25,16.1,98.0,76.9,3.7,7.4,2.3,43.1,69.4,2.95,73.86,56.24,SE,Cần Thơ,Female
6996,30,,99.1,100.0,8.2,6.1,4.7,75.0,100.0,4.0,100.0,87.48,IT,Đà Nẵng,Male
6997,25,38.4,81.0,82.4,6.0,6.6,2.0,64.9,100.0,4.0,100.0,82.44,CS,Đà Nẵng,Female
6998,20,25.0,75.7,85.9,,6.9,3.4,52.5,76.5,3.31,82.82,64.49,SE,Đà Nẵng,Female
6999,21,18.5,74.4,70.9,5.4,6.4,1.4,53.4,79.0,3.48,87.09,66.19,IT,Đà Nẵng,Male
7000,19,26.0,87.5,75.3,4.5,8.9,0.1,78.1,97.0,3.74,93.45,87.56,CE,Đà Nẵng,Male
7001,21,20.6,100.0,100.0,0.0,6.5,3.0,59.1,70.1,2.92,73.04,64.58,SE,Đà Nẵng,Female
7002,28,20.1,90.4,81.7,5.6,9.5,0.0,54.9,89.4,3.59,89.72,72.15,DS,Đà Nẵng,Male
7003,28,28.5,69.1,78.9,8.6,7.1,5.7,57.2,92.8,4.0,100.0,75.01,CS,TP.HCM,Male
7004,28,12.2,77.7,80.1,5.7,6.7,2.0,58.2,74.2,3.24,81.06,66.2,AI,TP.HCM,Female
7005,26,13.4,78.8,100.0,7.8,6.4,2.4,50.9,73.3,3.27,81.75,62.09,DS,Hà Nội,Female
7006,19,25.2,76.8,80.6,6.0,7.5,2.0,61.9,83.1,3.27,81.85,72.46,CE,Hà Nội,Male
7007,29,24.8,81.1,67.5,4.9,8.1,2.7,58.1,74.5,2.73,68.34,66.27,CE,Đà Nẵng,Female
7008,29,27.7,88.7,70.2,,4.0,3.0,63.1,92.9,3.54,88.41,78.02,SE,Đà Nẵng,Female
7009,30,40.0,91.8,91.7,2.8,7.0,1.2,66.7,100.0,4.0,100.0,83.34,DS,Đà Nẵng,Female
7010,20,25.8,95.9,58.6,8.3,4.6,0.0,60.0,93.4,3.49,87.29,76.71,CE,Hà Nội,Male
7011,28,29.8,90.2,86.8,7.8,8.2,0.8,55.7,100.0,4.0,100.0,77.86,IT,Cần Thơ,Female
7012,28,17.2,65.5,69.1,5.3,8.2,1.8,43.9,79.3,3.13,78.25,61.58,CE,Hà Nội,Male
7013,21,31.1,74.4,52.1,0.9,7.0,2.9,63.2,90.7,3.17,79.3,76.95,IT,Đà Nẵng,Male
7014,22,20.8,83.4,65.3,7.2,7.3,2.8,47.8,72.5,2.95,73.78,60.15,IT,Huế,Female
7015,18,25.6,86.5,80.4,3.7,5.3,3.6,58.1,82.8,3.45,86.2,70.46,DS,TP.HCM,Female
7016,24,24.1,93.6,100.0,6.4,6.3,0.0,54.4,85.4,3.66,91.38,69.87,CS,Huế,Female
7017,27,,85.4,93.7,2.1,6.3,1.2,54.3,85.8,3.32,83.09,70.07,AI,Hà Nội,Male
7018,24,14.5,85.5,75.6,6.2,6.5,1.8,50.4,75.7,2.82,70.44,63.06,SE,Cần Thơ,Male
7019,26,6.7,87.4,94.6,5.7,8.0,4.8,49.0,69.4,2.7,67.48,59.2,CS,Huế,Male
7020,21,23.3,82.4,74.6,0.0,8.5,6.6,45.0,61.6,2.22,55.54,53.27,SE,Huế,Male
7021,23,28.7,85.9,58.0,10.0,7.7,0.5,64.0,100.0,4.0,100.0,82.0,CE,TP.HCM,Male
7022,28,,96.3,80.3,5.2,6.6,4.1,50.7,82.5,3.32,83.1,66.64,DS,Hà Nội,Male
7023,19,34.9,84.2,57.4,5.4,6.1,2.6,73.9,100.0,3.76,94.01,86.97,CS,Cần Thơ,Female
7024,29,28.5,84.7,91.9,7.3,7.1,3.3,63.3,93.6,3.66,91.44,78.44,AI,Hà Nội,Female
7025,29,20.5,84.7,92.1,5.9,7.4,0.5,43.2,68.4,3.05,76.16,55.78,IT,Hà Nội,Male
7026,21,6.4,98.0,66.8,6.9,6.7,4.5,50.9,60.7,2.42,60.39,55.8,AI,Cần Thơ,Female
7027,19,23.1,73.9,82.2,3.1,6.2,0.0,48.8,70.5,2.67,66.84,59.64,AI,TP.HCM,Male
7028,27,33.2,100.0,82.0,5.6,7.7,0.5,57.7,99.4,3.87,96.81,78.56,AI,Đà Nẵng,Male
7029,22,21.9,73.2,93.1,,7.9,2.1,57.8,73.9,2.99,74.73,65.83,IT,Huế,Female
7030,24,25.2,78.5,61.3,5.4,5.4,1.6,64.7,89.7,3.95,98.83,77.23,AI,Hà Nội,Female
7031,30,28.4,92.4,89.0,9.6,6.5,2.5,63.7,83.1,3.12,77.89,73.43,DS,Cần Thơ,Female
7032,18,16.9,95.3,60.2,,7.9,1.5,49.2,79.9,3.48,87.08,64.55,AI,Đà Nẵng,Male
7033,27,30.0,71.0,91.7,5.1,8.2,2.0,59.4,78.4,3.08,76.89,68.92,AI,Hà Nội,Female
7034,27,38.1,74.1,95.9,0.7,7.1,2.2,60.3,100.0,4.0,100.0,80.16,CE,Huế,Female
7035,24,23.6,87.8,70.0,6.0,7.4,2.2,54.6,90.0,3.37,84.22,72.28,DS,Huế,Female
7036,27,16.0,100.0,98.3,,7.3,2.7,55.0,61.6,2.78,69.41,58.34,CS,Hà Nội,Female
7037,30,24.5,97.5,56.4,7.0,8.1,3.8,47.3,90.6,3.98,99.55,68.96,DS,Hà Nội,Male
7038,23,7.2,82.5,96.5,4.5,5.7,1.4,46.1,39.8,1.97,49.16,42.98,SE,Đà Nẵng,Male
7039,23,27.7,60.8,100.0,0.6,7.3,4.5,44.3,65.7,2.63,65.68,55.0,IT,Huế,Female
7040,29,28.6,85.8,85.2,2.9,5.9,2.6,49.8,94.6,3.79,94.65,72.21,DS,Cần Thơ,Female
7041,25,38.4,88.6,77.1,9.1,8.3,4.4,72.0,100.0,3.85,96.31,86.0,IT,Hà Nội,Female
7042,25,23.4,81.2,84.7,8.2,5.7,2.0,48.4,91.4,3.46,86.53,69.92,DS,Cần Thơ,Male
7043,23,28.3,76.5,70.9,5.8,7.5,1.2,50.2,89.4,3.76,93.94,69.84,AI,Đà Nẵng,Male
7044,20,18.1,86.6,100.0,6.4,5.9,2.6,49.4,71.4,2.86,71.5,60.39,AI,Hà Nội,Female
7045,22,22.1,75.6,71.2,3.4,7.9,6.3,48.5,70.0,2.89,72.35,59.23,SE,TP.HCM,Female
7046,19,12.8,100.0,99.8,,7.5,0.5,51.3,86.5,3.55,88.63,68.92,CS,TP.HCM,Male
7047,22,23.4,100.0,68.9,4.2,7.3,3.5,58.9,84.5,3.12,77.99,71.67,DS,Cần Thơ,Male
7048,26,22.6,91.6,100.0,,9.4,2.8,48.3,65.9,2.39,59.8,57.07,SE,Hà Nội,Male
7049,27,27.4,85.9,100.0,2.7,6.2,3.1,45.6,75.8,3.19,79.71,60.69,DS,Cần Thơ,Male
7050,18,20.0,78.4,85.8,5.6,8.1,0.7,50.2,76.4,3.14,78.57,63.33,IT,Huế,Female
7051,27,25.7,84.8,84.3,9.1,8.4,3.2,65.2,82.5,3.28,81.92,73.87,SE,Đà Nẵng,Male
7052,22,22.3,100.0,65.7,3.6,8.1,2.9,56.3,100.0,4.0,100.0,78.13,CS,Hà Nội,Female
7053,29,22.3,93.7,63.9,7.9,6.2,0.3,53.2,78.7,3.44,85.96,65.96,CE,TP.HCM,Female
7054,23,,87.0,84.5,3.3,6.7,2.7,70.3,86.6,3.65,91.24,78.44,DS,Cần Thơ,Female
7055,28,25.3,94.2,100.0,3.7,6.3,2.1,63.8,83.1,3.38,84.43,73.44,IT,TP.HCM,Male
7056,24,31.1,90.5,71.8,6.0,6.6,2.0,48.9,97.4,3.98,99.6,73.15,IT,Cần Thơ,Female
7057,26,24.0,89.0,100.0,8.4,6.0,2.4,54.3,81.9,3.57,89.25,68.08,CE,TP.HCM,Female
7058,23,22.2,94.8,70.8,5.3,6.6,4.1,57.5,91.2,3.56,89.1,74.35,SE,Đà Nẵng,Male
7059,22,23.6,90.2,83.4,7.5,8.8,3.2,48.2,90.5,3.67,91.67,69.35,AI,Hà Nội,Male
7060,29,19.3,93.6,83.5,8.9,6.6,0.9,51.3,82.4,3.29,82.32,66.87,SE,Huế,Female
7061,24,22.1,86.6,78.5,4.1,7.1,3.2,54.7,83.7,3.22,80.53,69.23,SE,Đà Nẵng,Male
7062,30,,82.5,49.3,2.2,6.1,2.4,66.6,96.4,3.82,95.42,81.53,IT,Huế,Male
7063,18,17.7,79.5,70.7,5.1,7.0,1.6,41.1,57.2,2.08,52.1,49.15,CS,Cần Thơ,Female
7064,28,22.8,78.3,83.0,9.2,8.0,0.6,64.8,72.3,3.11,77.63,68.58,SE,Đà Nẵng,Female
7065,22,21.9,68.9,78.6,4.0,7.6,3.7,53.8,75.7,2.94,73.57,64.76,AI,Huế,Male
7066,19,23.0,75.9,89.5,8.5,8.7,1.6,47.2,94.9,3.84,95.97,71.06,CE,Huế,Female
7067,21,22.4,75.6,91.4,5.3,5.5,3.9,59.7,75.4,3.23,80.67,67.56,IT,TP.HCM,Male
7068,24,27.2,79.9,76.4,10.4,6.1,0.9,56.8,94.6,4.0,100.0,75.7,AI,Cần Thơ,Male
7069,22,11.3,100.0,65.6,,6.5,5.5,55.9,77.4,3.11,77.67,66.65,IT,Cần Thơ,Female
7070,29,33.3,83.4,100.0,8.6,8.8,6.5,61.7,94.7,3.77,94.2,78.19,CE,TP.HCM,Male
7071,23,30.1,87.4,59.7,1.9,7.4,3.3,49.6,86.2,3.59,89.71,67.89,IT,Cần Thơ,Female
7072,19,15.1,87.7,71.1,0.0,5.3,4.4,41.4,64.7,2.67,66.75,53.07,SE,Đà Nẵng,Female
7073,20,6.8,100.0,67.3,6.2,8.3,1.8,53.7,64.9,2.37,59.15,59.28,IT,Cần Thơ,Male
7074,24,17.2,,91.2,,7.1,1.7,57.5,80.0,3.53,88.26,68.77,CS,TP.HCM,Female
7075,28,23.1,82.8,99.8,7.3,8.1,4.3,44.7,83.7,3.4,84.88,64.21,AI,Hà Nội,Female
7076,19,45.6,83.9,77.4,4.2,8.9,2.7,82.3,100.0,4.0,100.0,91.14,CE,Hà Nội,Female
7077,29,29.3,96.4,83.4,2.3,5.8,0.4,69.2,95.2,3.88,96.99,82.19,DS,TP.HCM,Male
7078,23,10.5,98.4,86.4,8.3,8.9,2.6,42.9,62.8,2.62,65.42,52.88,IT,Đà Nẵng,Male
7079,22,19.5,89.7,100.0,,6.9,0.7,52.5,87.2,3.45,86.33,69.82,SE,Huế,Male
7080,27,24.6,97.3,53.4,4.3,6.5,2.2,41.5,89.2,3.71,92.69,65.36,DS,Huế,Female
7081,18,27.0,86.8,91.2,8.1,7.2,4.1,53.0,97.6,4.0,100.0,75.3,CS,TP.HCM,Female
7082,29,14.5,83.3,85.6,12.5,5.6,4.7,46.8,61.7,2.64,65.98,54.24,CE,Hà Nội,Male
7083,28,23.9,96.8,74.4,5.5,7.0,2.9,59.8,83.4,3.06,76.6,71.61,AI,Đà Nẵng,Male
7084,27,19.3,89.9,84.9,5.6,6.7,4.5,52.1,90.9,3.39,84.77,71.46,CS,Huế,Female
7085,28,16.2,77.6,91.1,7.4,5.9,1.8,49.8,81.1,3.27,81.67,65.43,SE,Cần Thơ,Male
7086,21,27.1,95.0,88.7,5.3,6.2,5.1,52.3,79.8,3.11,77.75,66.02,DS,Cần Thơ,Male
7087,28,31.2,82.9,100.0,9.3,8.4,1.4,63.3,86.9,3.72,93.09,75.08,CE,Hà Nội,Female
7088,19,31.7,81.7,81.9,5.0,6.8,1.3,73.7,100.0,3.82,95.62,86.84,CS,Hà Nội,Female
7089,21,29.6,,80.4,5.9,5.8,1.8,64.6,100.0,4.0,100.0,82.29,IT,Đà Nẵng,Male
7090,18,21.0,84.1,77.3,2.4,7.5,1.4,53.6,72.2,2.55,63.82,62.9,DS,Hà Nội,Female
7091,19,30.7,88.9,88.3,,7.9,3.3,55.8,92.5,3.4,84.9,74.15,AI,Hà Nội,Male
7092,30,27.5,91.6,79.5,3.5,7.0,4.4,56.7,97.8,3.91,97.66,77.22,SE,Hà Nội,Male
7093,25,26.1,77.2,80.2,6.9,5.5,2.5,46.3,78.0,3.19,79.73,62.13,SE,Cần Thơ,Female
7094,23,20.1,88.8,80.3,1.8,3.9,3.0,42.6,74.3,3.1,77.52,58.43,AI,Đà Nẵng,Female
7095,19,21.0,98.5,78.0,8.4,5.9,0.4,55.0,95.9,4.0,100.0,75.47,SE,Huế,Male
7096,29,25.6,75.4,70.9,3.8,8.3,2.6,59.7,80.5,3.28,82.12,70.09,SE,Huế,Male
7097,23,44.5,89.5,86.3,10.5,8.2,5.2,65.4,100.0,3.98,99.58,82.7,AI,Huế,Male
7098,27,27.4,76.7,75.7,9.4,6.0,4.6,66.0,87.0,3.32,83.01,76.51,SE,Hà Nội,Male
7099,26,20.1,95.2,89.2,7.3,6.7,0.9,50.2,71.8,2.52,62.96,60.98,AI,TP.HCM,Male
7100,24,18.3,95.1,81.7,2.2,7.8,1.8,52.3,83.6,3.48,86.98,67.95,SE,Đà Nẵng,Male
7101,26,21.1,81.5,74.2,4.4,6.8,7.6,60.1,74.4,2.8,70.03,67.27,CS,TP.HCM,Female
7102,22,42.4,100.0,100.0,3.8,8.1,3.1,69.5,100.0,4.0,100.0,84.73,CS,Huế,Male
7103,24,21.8,96.1,78.5,4.1,6.9,4.8,60.5,100.0,4.0,100.0,80.24,CS,Cần Thơ,Male
7104,28,32.3,92.1,89.3,9.9,7.6,4.9,67.3,100.0,4.0,100.0,83.65,DS,Cần Thơ,Female
7105,24,22.0,91.5,69.5,5.6,6.6,0.8,50.2,78.9,3.14,78.54,64.54,AI,TP.HCM,Male
7106,29,27.1,94.8,49.6,4.4,6.1,3.6,54.7,86.6,3.24,81.09,70.67,CS,Hà Nội,Male
7107,29,31.3,75.0,71.5,4.1,8.4,2.8,68.9,100.0,4.0,100.0,84.46,SE,TP.HCM,Male
7108,20,20.4,86.9,47.9,4.7,5.2,5.1,63.3,95.2,3.44,86.06,79.21,AI,Hà Nội,Female
7109,24,19.9,88.8,76.4,7.3,6.3,5.4,57.9,75.7,2.99,74.85,66.8,AI,Huế,Female
7110,18,,81.0,100.0,1.9,6.9,1.3,59.3,100.0,4.0,100.0,79.67,SE,Hà Nội,Female
7111,26,32.9,89.6,66.4,6.2,8.0,7.7,69.6,95.7,3.86,96.44,82.64,CE,TP.HCM,Female
7112,27,31.3,97.3,48.4,7.1,5.9,2.8,61.0,100.0,4.0,100.0,80.5,CE,Cần Thơ,Female
7113,30,31.3,80.8,100.0,1.7,7.2,3.4,51.1,85.2,3.55,88.8,68.15,IT,Đà Nẵng,Male
7114,23,28.7,84.5,72.9,,5.3,0.0,54.4,73.2,2.79,69.72,63.79,AI,Huế,Male
7115,22,41.1,76.8,79.8,5.9,7.5,4.0,65.7,95.1,4.0,100.0,80.41,CE,Đà Nẵng,Female
7116,24,,67.1,91.8,9.6,9.2,0.0,62.2,91.3,3.91,97.64,76.74,CE,Hà Nội,Male
7117,22,29.6,92.8,87.8,9.0,4.6,2.3,55.1,86.0,3.27,81.79,70.57,DS,TP.HCM,Female
7118,27,13.4,84.7,91.3,4.5,6.1,1.7,40.5,72.1,2.56,63.92,56.33,DS,Đà Nẵng,Female
7119,22,18.4,85.5,93.5,9.5,8.0,3.2,48.0,77.1,2.64,66.06,62.55,IT,TP.HCM,Male
7120,28,15.4,75.1,53.8,5.2,10.0,2.8,46.9,61.7,2.59,64.77,54.3,CS,Hà Nội,Female
7121,27,35.2,83.1,58.8,5.2,7.7,3.4,68.9,99.0,4.0,100.0,83.94,CE,Huế,Female
7122,28,4.6,96.0,97.6,6.2,6.1,4.4,47.1,56.4,2.17,54.34,51.73,CS,Cần Thơ,Male
7123,24,21.8,85.0,68.3,8.1,6.8,1.0,37.2,71.0,2.84,70.89,54.11,AI,Huế,Male
7124,27,1.1,85.3,69.9,4.5,5.5,2.2,35.9,36.2,1.56,38.92,36.04,SE,Cần Thơ,Male
7125,24,18.3,87.1,61.1,5.0,8.0,1.2,52.8,76.1,3.11,77.65,64.44,AI,Đà Nẵng,Male
7126,30,21.1,72.6,73.9,2.9,8.3,1.1,45.2,68.1,2.8,69.93,56.62,IT,Đà Nẵng,Male
7127,28,36.1,91.2,74.8,6.9,8.7,5.4,59.9,100.0,4.0,100.0,79.95,CS,TP.HCM,Male
7128,20,28.2,72.4,65.9,8.3,6.6,0.6,61.7,91.4,3.63,90.64,76.56,DS,Huế,Female
7129,20,18.3,75.6,64.2,8.5,6.0,1.3,55.2,79.5,3.22,80.45,67.37,AI,Cần Thơ,Female
7130,27,33.5,74.5,84.8,2.6,8.8,5.8,60.0,87.0,3.36,84.12,73.47,IT,Hà Nội,Female
7131,29,25.1,83.2,67.9,5.0,8.7,2.3,59.4,80.5,3.44,86.02,69.94,CE,Cần Thơ,Male
7132,30,25.3,81.5,70.9,9.1,5.8,2.4,59.7,84.2,3.67,91.84,71.94,CE,TP.HCM,Male
7133,20,15.4,85.0,47.2,6.6,6.5,3.1,41.1,76.7,3.11,77.84,58.86,AI,TP.HCM,Male
7134,23,17.1,75.9,100.0,6.1,7.9,0.7,41.1,63.7,2.63,65.63,52.38,CS,Hà Nội,Female
7135,29,18.4,,94.1,6.0,6.7,1.1,50.1,73.0,3.2,79.89,61.55,SE,Đà Nẵng,Male
7136,23,25.4,93.3,72.6,7.4,7.0,1.6,52.8,77.8,3.03,75.81,65.3,CE,Đà Nẵng,Male
7137,30,25.6,83.3,66.5,6.7,5.2,4.1,52.2,86.9,3.54,88.47,69.56,DS,Cần Thơ,Male
7138,30,37.4,80.2,80.2,4.6,5.7,3.5,64.3,97.5,3.58,89.45,80.92,IT,Đà Nẵng,Male
7139,20,28.1,79.2,79.8,,6.9,1.6,57.3,79.0,3.19,79.72,68.15,CS,Cần Thơ,Male
7140,20,3.3,81.9,60.9,3.0,6.2,2.3,20.6,39.4,1.54,38.39,30.0,CE,Hà Nội,Female
7141,25,27.1,71.0,41.7,9.3,5.6,3.7,56.7,88.0,3.76,94.05,72.37,DS,Cần Thơ,Male
7142,25,13.4,75.4,72.1,3.8,6.6,0.0,44.5,66.3,2.62,65.45,55.39,CE,Hà Nội,Male
7143,24,17.3,93.6,56.5,7.4,5.9,3.0,53.7,72.3,2.83,70.74,63.0,CS,Hà Nội,Female
7144,27,18.5,88.0,82.6,5.6,7.0,3.6,47.3,79.2,3.49,87.21,63.22,CS,TP.HCM,Female
7145,21,19.7,100.0,82.7,4.8,8.2,1.1,50.0,89.6,3.54,88.61,69.81,AI,TP.HCM,Female
7146,21,14.0,82.0,65.4,9.4,6.6,3.5,44.9,72.2,3.01,75.37,58.51,DS,Cần Thơ,Male
7147,20,26.6,81.4,72.0,7.9,6.5,2.5,65.2,90.7,3.91,97.79,77.94,SE,Cần Thơ,Female
7148,22,13.7,80.9,100.0,5.9,8.3,5.2,44.3,78.9,3.04,76.02,61.62,CS,TP.HCM,Male
7149,20,27.9,81.8,91.6,10.4,7.9,1.7,66.5,100.0,4.0,100.0,83.25,SE,Đà Nẵng,Female
7150,30,42.9,78.4,73.2,8.4,8.0,3.4,76.3,100.0,3.85,96.29,88.13,CE,TP.HCM,Male
7151,25,14.4,87.7,100.0,,4.0,0.3,46.4,78.7,3.28,81.91,62.52,SE,TP.HCM,Female
7152,24,22.7,85.3,62.0,0.3,6.5,2.6,51.0,85.4,3.59,89.74,68.21,CS,TP.HCM,Male
7153,30,4.8,79.9,67.8,6.3,6.3,3.7,37.0,48.7,1.84,45.94,42.85,AI,TP.HCM,Female
7154,20,22.6,97.5,78.3,9.5,6.0,1.7,55.5,98.6,3.49,87.25,77.04,IT,TP.HCM,Female
7155,26,30.1,100.0,57.0,7.5,8.3,4.2,58.4,100.0,3.79,94.71,79.21,IT,Hà Nội,Male
7156,29,30.8,96.7,100.0,9.9,6.3,3.9,68.1,100.0,4.0,100.0,84.05,CS,Huế,Male
7157,30,25.6,90.6,82.7,4.5,5.3,2.7,53.0,90.8,3.42,85.44,71.86,CE,TP.HCM,Female
7158,22,32.1,92.6,68.2,5.7,7.3,2.1,69.5,100.0,3.92,97.94,84.73,AI,TP.HCM,Female
7159,26,45.4,100.0,86.7,5.8,7.0,0.0,67.0,100.0,4.0,100.0,83.52,IT,Hà Nội,Male
7160,24,38.7,92.6,82.2,6.6,5.9,1.5,55.4,100.0,3.94,98.58,77.7,CS,Cần Thơ,Female
7161,24,20.8,79.1,75.4,7.9,8.2,4.2,39.0,60.7,2.44,61.09,49.85,DS,Cần Thơ,Female
7162,23,13.4,88.9,61.9,10.1,7.6,2.1,44.3,65.9,2.5,62.58,55.12,CS,Đà Nẵng,Female
7163,19,21.8,91.3,58.5,10.6,7.6,3.2,48.9,59.9,2.77,69.27,54.41,CS,Đà Nẵng,Female
7164,26,17.4,75.1,100.0,10.2,7.6,1.8,42.9,71.5,2.72,67.91,57.22,SE,Huế,Female
7165,23,28.6,82.2,59.7,7.7,8.3,0.4,66.2,100.0,3.99,99.76,83.08,SE,Hà Nội,Female
7166,25,15.6,96.0,100.0,5.1,6.8,3.6,45.6,86.2,3.56,88.95,65.91,AI,Hà Nội,Female
7167,18,24.4,,67.3,6.6,5.5,0.7,38.6,70.4,2.61,65.18,54.5,IT,TP.HCM,Male
7168,22,31.7,,91.9,7.6,6.8,2.1,63.9,93.4,3.74,93.47,78.64,AI,Huế,Male
7169,29,24.2,83.2,87.0,6.3,5.0,3.0,65.7,86.8,3.43,85.77,76.23,SE,Hà Nội,Female
7170,18,17.4,88.5,90.0,3.7,5.7,1.5,54.7,91.6,3.82,95.51,73.19,CS,Huế,Male
7171,27,34.4,71.4,91.0,4.8,8.9,4.9,56.5,93.1,3.73,93.25,74.77,SE,Đà Nẵng,Male
7172,28,10.0,83.7,55.8,8.2,5.7,5.5,46.3,77.8,3.0,74.89,62.07,CS,Đà Nẵng,Male
7173,25,22.4,96.5,69.9,5.4,5.6,1.3,50.2,93.2,3.79,94.73,71.74,AI,TP.HCM,Male
7174,25,24.7,85.7,59.5,6.1,7.8,1.3,49.1,88.1,3.75,93.71,68.58,AI,TP.HCM,Male
7175,18,25.1,94.4,82.8,5.8,8.0,1.8,56.5,83.6,3.28,82.07,70.04,AI,Cần Thơ,Female
7176,26,26.4,79.1,60.1,3.8,5.0,4.2,56.3,75.4,3.03,75.69,65.82,AI,Hà Nội,Male
7177,19,29.9,76.9,50.3,5.6,7.3,3.2,57.4,88.7,3.53,88.26,73.04,AI,Hà Nội,Female
7178,29,24.7,93.5,76.4,4.9,6.3,3.6,70.1,93.0,3.8,94.95,81.53,CS,Cần Thơ,Female
7179,26,22.1,88.7,46.9,4.3,7.4,4.5,55.2,72.3,2.74,68.49,63.73,CE,Hà Nội,Female
7180,18,21.7,73.1,83.9,,6.6,1.1,59.5,88.0,3.89,97.29,73.72,CE,Hà Nội,Female
7181,29,20.1,77.0,61.1,5.7,5.4,3.3,68.4,83.1,3.6,89.89,75.71,CS,TP.HCM,Male
7182,27,31.3,100.0,67.4,,6.4,2.6,59.9,100.0,3.93,98.3,79.96,AI,Huế,Female
7183,26,19.8,75.8,45.8,8.8,7.8,3.1,52.3,88.1,3.95,98.7,70.24,AI,Đà Nẵng,Male
7184,21,31.8,94.3,100.0,,9.3,4.2,69.1,93.4,3.25,81.27,81.27,CS,Đà Nẵng,Female
7185,26,25.2,80.2,58.1,10.0,7.5,2.3,56.8,67.1,2.86,71.45,61.96,CS,Đà Nẵng,Male
7186,24,20.8,85.0,74.5,6.7,6.5,1.5,51.3,73.8,3.69,92.27,62.54,AI,Hà Nội,Male
7187,28,29.9,87.9,53.1,3.2,5.6,0.9,78.2,100.0,3.95,98.77,89.11,CE,Cần Thơ,Male
7188,23,,64.0,67.5,5.0,6.8,5.1,58.0,72.0,3.06,76.45,64.99,IT,Cần Thơ,Female
7189,22,30.1,70.4,100.0,1.3,6.5,2.4,42.4,78.9,3.34,83.38,60.65,DS,Đà Nẵng,Female
7190,28,26.7,85.9,84.5,1.9,7.4,0.4,68.1,88.1,3.48,87.0,78.09,IT,TP.HCM,Male
7191,26,20.2,77.8,69.1,10.3,6.9,4.6,63.8,79.7,3.3,82.52,71.76,CE,Cần Thơ,Female
7192,19,29.2,95.0,79.5,4.3,7.6,0.0,70.1,94.1,4.0,100.0,82.13,IT,TP.HCM,Male
7193,30,29.4,68.9,71.6,7.3,6.6,0.2,63.0,84.2,3.2,79.92,73.6,CE,Hà Nội,Male
7194,28,34.3,90.7,78.6,5.7,9.1,2.0,75.9,100.0,4.0,100.0,87.96,SE,Hà Nội,Female
7195,29,32.7,,91.2,6.0,7.7,1.7,66.9,100.0,4.0,100.0,83.43,DS,Huế,Female
7196,19,28.9,81.5,75.0,6.9,6.2,3.0,63.3,83.9,3.22,80.59,73.6,AI,Hà Nội,Male
7197,28,16.0,74.4,83.3,0.8,8.2,0.0,49.1,65.3,2.64,65.9,57.2,AI,Hà Nội,Male
7198,29,44.6,100.0,83.5,9.3,5.6,3.0,65.4,100.0,4.0,100.0,82.7,IT,TP.HCM,Male
7199,26,13.8,71.6,75.1,5.8,6.0,4.4,35.8,72.3,2.76,68.96,54.06,CE,Cần Thơ,Male
7200,29,32.6,83.8,69.0,,6.0,1.0,67.8,100.0,4.0,100.0,83.9,SE,Cần Thơ,Female
7201,20,28.5,67.7,72.1,7.2,8.6,1.9,62.2,83.8,3.42,85.38,73.0,IT,Đà Nẵng,Female
7202,25,15.6,100.0,90.5,,6.8,1.3,51.4,73.3,2.8,69.96,62.35,CS,TP.HCM,Female
7203,28,24.0,89.0,91.7,6.5,6.2,3.0,49.9,94.7,3.57,89.18,72.31,IT,TP.HCM,Male
7204,26,24.4,86.4,62.9,5.6,7.2,0.9,47.8,81.9,3.23,80.71,64.82,IT,Huế,Female
7205,25,35.4,99.7,76.1,,7.7,0.7,63.8,100.0,3.95,98.63,81.91,CE,Hà Nội,Female
7206,21,19.3,86.5,68.7,5.5,8.9,2.3,57.7,62.3,2.58,64.46,59.99,CS,Cần Thơ,Female
7207,29,22.9,87.2,92.0,3.4,5.2,3.0,72.0,95.6,3.6,89.88,83.84,CS,Đà Nẵng,Male
7208,18,6.3,86.3,72.9,6.9,8.5,2.7,42.5,59.0,2.24,55.96,50.73,IT,Huế,Male
7209,21,38.9,90.6,100.0,5.3,4.5,1.8,69.9,100.0,4.0,100.0,84.96,SE,Huế,Male
7210,26,16.4,80.1,83.3,,8.1,3.5,57.8,75.0,2.7,67.45,66.39,CS,Hà Nội,Female
7211,19,27.6,82.9,97.7,6.5,8.4,2.8,57.7,95.0,3.68,92.12,76.31,DS,Cần Thơ,Female
7212,20,24.2,93.1,64.8,4.7,8.5,0.7,59.9,70.4,2.58,64.49,65.14,CS,Đà Nẵng,Female
7213,27,24.2,87.8,80.2,6.9,7.7,0.0,62.5,78.4,3.19,79.63,70.44,AI,TP.HCM,Male
7214,25,31.5,83.9,89.2,3.9,5.7,3.3,69.5,100.0,4.0,100.0,84.73,CE,Hà Nội,Female
7215,23,38.4,71.0,64.5,3.0,7.9,2.1,64.8,89.0,4.0,100.0,76.91,CS,Đà Nẵng,Female
7216,25,27.0,100.0,80.3,9.0,5.7,0.8,56.7,86.0,3.64,91.03,71.33,CS,Hà Nội,Female
7217,24,30.2,78.4,95.8,8.1,5.9,4.9,61.0,99.7,3.75,93.75,80.33,DS,TP.HCM,Male
7218,30,27.6,94.9,75.1,6.0,6.5,4.9,47.2,86.7,3.58,89.59,66.95,SE,TP.HCM,Male
7219,30,33.1,86.8,67.2,7.1,6.6,4.4,65.1,97.7,3.89,97.23,81.37,CE,Đà Nẵng,Male
7220,22,21.3,72.1,100.0,8.0,7.3,2.8,58.3,90.2,3.52,87.99,74.26,IT,Hà Nội,Male
7221,26,33.6,,62.4,6.0,6.2,0.0,77.6,100.0,4.0,100.0,88.78,DS,TP.HCM,Male
7222,21,33.9,87.5,82.3,3.0,7.4,4.3,70.5,96.2,4.0,100.0,83.32,DS,Huế,Female
7223,23,33.7,98.4,69.4,6.7,5.4,1.1,45.8,100.0,4.0,100.0,72.88,DS,TP.HCM,Female
7224,19,19.7,83.2,65.9,8.5,7.0,1.7,62.7,82.5,3.03,75.76,72.6,SE,Đà Nẵng,Male
7225,19,23.7,92.0,91.1,7.5,6.7,3.8,67.5,97.7,3.92,97.94,82.63,IT,Cần Thơ,Male
7226,19,26.9,67.4,76.9,6.1,8.2,5.5,48.4,72.4,2.7,67.38,60.37,CS,TP.HCM,Female
7227,27,14.0,80.0,86.1,7.4,8.3,4.8,44.5,67.4,2.73,68.2,55.96,AI,Huế,Male
7228,24,37.8,72.3,46.2,5.4,6.8,2.8,75.0,100.0,3.91,97.8,87.48,CE,Cần Thơ,Male
7229,30,24.9,81.3,87.5,8.6,4.6,3.6,56.3,80.1,3.37,84.17,68.17,DS,Cần Thơ,Female
7230,19,27.3,89.7,69.2,9.4,5.2,0.8,54.5,78.2,3.07,76.84,66.36,IT,Đà Nẵng,Female
7231,29,,,51.8,2.8,8.3,0.1,46.5,71.3,2.71,67.82,58.91,SE,Huế,Male
7232,30,,93.6,100.0,8.8,6.8,4.1,69.6,76.2,3.06,76.51,72.9,SE,TP.HCM,Male
7233,19,,76.4,89.0,11.6,9.1,3.0,57.5,87.2,3.49,87.14,72.37,IT,TP.HCM,Female
7234,26,26.8,93.9,83.4,7.3,8.1,0.3,57.1,94.8,3.76,94.05,75.95,DS,Huế,Male
7235,24,30.4,98.1,98.7,8.5,7.3,2.4,73.2,100.0,3.91,97.77,86.61,AI,TP.HCM,Male
7236,28,26.3,95.1,83.7,4.4,7.2,3.4,58.3,88.3,3.04,76.0,73.31,CE,Hà Nội,Male
7237,20,27.8,81.6,68.0,,5.6,3.9,67.1,83.6,3.73,93.3,75.37,CE,Đà Nẵng,Male
7238,20,22.3,63.7,77.4,5.5,6.2,3.4,55.6,76.7,2.8,69.95,66.16,SE,Đà Nẵng,Female
7239,24,29.0,90.8,69.8,5.0,7.5,2.0,57.8,100.0,4.0,100.0,78.91,CS,TP.HCM,Female
7240,22,36.9,83.7,72.5,2.7,6.6,1.2,68.9,96.0,3.92,97.9,82.48,SE,Đà Nẵng,Female
7241,27,30.6,75.2,61.1,5.6,7.6,2.7,63.3,94.4,4.0,100.0,78.86,AI,Đà Nẵng,Male
7242,23,31.5,,65.4,8.1,8.2,3.7,66.5,90.3,4.0,100.0,78.43,IT,Huế,Male
7243,30,27.4,99.3,93.4,2.8,6.8,3.9,72.6,97.7,3.99,99.78,85.18,IT,Hà Nội,Male
7244,29,13.0,73.6,85.0,6.4,6.5,4.9,62.4,68.6,2.54,63.48,65.48,DS,Huế,Female
7245,25,,89.7,72.5,6.4,5.9,2.6,54.0,79.7,2.99,74.68,66.83,SE,Huế,Female
7246,26,28.6,87.2,64.6,5.2,8.0,0.8,45.2,84.3,3.25,81.15,64.75,CS,Huế,Male
7247,18,24.9,81.4,73.9,7.2,7.9,4.1,62.5,81.6,3.26,81.41,72.02,DS,TP.HCM,Male
7248,20,28.5,,54.7,7.0,9.6,2.6,58.2,78.7,3.05,76.34,68.41,IT,TP.HCM,Female
7249,28,38.4,100.0,81.9,5.1,7.2,0.6,56.1,100.0,3.81,95.15,78.06,AI,Huế,Female
7250,24,30.8,82.0,94.2,8.7,6.9,3.4,65.6,98.6,3.96,99.04,82.09,AI,Huế,Female
7251,23,35.1,82.6,100.0,7.4,7.6,4.6,67.0,99.3,3.8,95.05,83.12,CS,Hà Nội,Female
7252,24,25.8,91.2,63.5,9.9,6.7,3.1,52.0,85.0,3.68,91.89,68.47,DS,Cần Thơ,Male
7253,25,18.5,94.2,93.6,5.8,5.9,4.6,44.1,86.8,3.31,82.64,65.47,CS,Huế,Female
7254,23,24.5,83.7,69.4,5.2,7.1,1.8,66.4,100.0,3.86,96.58,83.21,CS,Hà Nội,Female
7255,20,18.6,81.9,63.1,5.5,7.5,1.4,55.0,85.2,3.43,85.72,70.08,SE,TP.HCM,Male
7256,19,,62.8,63.1,8.9,7.6,3.8,56.6,94.2,3.51,87.71,75.42,AI,Hà Nội,Female
7257,29,31.3,77.2,82.1,5.6,7.5,2.0,65.0,93.8,3.68,91.97,79.43,SE,Hà Nội,Female
7258,24,29.2,73.6,66.0,5.8,8.3,4.3,54.8,76.3,2.75,68.83,65.55,CS,Cần Thơ,Male
7259,29,34.9,91.8,70.9,10.9,7.6,2.8,69.0,87.5,3.49,87.17,78.25,SE,Cần Thơ,Female
7260,29,8.8,82.6,73.4,2.6,7.3,4.3,46.4,72.7,2.74,68.57,59.54,CE,Huế,Male
7261,29,29.7,82.2,68.9,6.9,5.5,3.4,40.4,83.4,3.24,80.88,61.86,CE,Cần Thơ,Male
7262,28,14.5,84.9,67.8,5.8,7.3,1.1,49.4,98.0,3.95,98.7,73.72,CS,Đà Nẵng,Female
7263,18,,76.3,43.6,5.4,6.8,0.0,53.9,77.2,3.01,75.21,65.56,CS,TP.HCM,Male
7264,20,22.5,100.0,81.3,3.6,5.7,3.7,51.3,87.6,3.65,91.27,69.46,CE,Đà Nẵng,Male
7265,29,30.3,98.0,81.0,4.3,7.6,3.3,52.9,100.0,3.8,95.05,76.47,DS,TP.HCM,Female
7266,28,26.8,100.0,68.0,5.0,7.6,1.0,58.5,87.4,3.4,85.03,72.94,DS,Cần Thơ,Male
7267,21,35.8,91.8,85.4,7.2,7.5,3.7,63.0,98.8,3.89,97.18,80.88,CS,TP.HCM,Male
7268,30,20.2,84.7,100.0,8.1,7.7,4.6,57.7,77.8,3.27,81.82,67.75,CE,Huế,Female
7269,18,30.7,100.0,80.4,1.6,7.1,1.4,61.9,94.8,4.0,100.0,78.37,AI,Hà Nội,Male
7270,22,26.3,78.2,100.0,3.0,6.7,0.0,57.1,88.4,3.34,83.56,72.77,AI,TP.HCM,Female
7271,27,11.9,76.3,100.0,7.4,9.1,4.0,47.8,64.4,2.49,62.36,56.11,SE,Cần Thơ,Male
7272,20,17.7,79.0,100.0,7.6,7.2,4.4,46.6,54.1,1.78,44.47,50.37,CE,Đà Nẵng,Female
7273,19,23.8,90.2,62.2,2.3,3.9,1.4,48.9,83.3,3.33,83.27,66.09,IT,Đà Nẵng,Female
7274,20,33.9,77.4,62.3,8.2,4.1,3.7,78.6,100.0,4.0,100.0,89.32,AI,Cần Thơ,Male
7275,25,28.7,83.4,73.3,6.0,8.4,3.0,58.5,88.8,3.83,95.86,73.62,SE,Cần Thơ,Male
7276,23,15.7,69.0,81.9,7.9,4.8,2.3,45.5,78.6,3.11,77.73,62.06,DS,TP.HCM,Male
7277,30,23.9,89.8,100.0,3.9,6.3,3.4,67.0,91.8,3.65,91.17,79.38,CS,Huế,Female
7278,24,41.1,69.8,89.4,2.5,5.5,1.7,80.5,100.0,3.91,97.77,90.24,IT,TP.HCM,Male
7279,29,25.9,75.7,62.0,5.2,6.6,0.8,66.6,94.8,3.9,97.49,80.73,DS,Hà Nội,Female
7280,23,22.4,97.2,70.8,5.3,7.5,3.1,53.4,100.0,4.0,100.0,76.72,CS,Cần Thơ,Male
7281,23,28.9,96.8,79.4,5.2,6.2,2.9,63.8,94.4,3.86,96.53,79.1,IT,Cần Thơ,Male
7282,29,31.1,88.7,57.7,5.0,6.0,0.0,66.0,100.0,4.0,100.0,83.01,AI,Huế,Male
7283,20,21.4,87.8,80.2,10.2,7.9,0.7,71.0,100.0,3.7,92.56,85.48,DS,TP.HCM,Male
7284,29,29.0,79.7,62.2,1.8,10.0,1.5,61.9,88.3,2.98,74.6,75.08,CE,TP.HCM,Female
7285,30,22.4,77.3,55.2,3.9,7.6,3.3,56.9,70.2,2.95,73.72,63.51,CS,Hà Nội,Female
7286,25,30.8,81.4,65.8,5.0,5.9,0.2,52.7,92.8,3.7,92.52,72.71,DS,Hà Nội,Female
7287,29,26.4,69.9,86.2,6.1,8.0,2.0,45.8,88.5,3.42,85.59,67.15,IT,TP.HCM,Male
7288,24,28.9,87.5,86.1,7.8,9.1,5.4,69.9,92.1,3.89,97.13,81.0,DS,Hà Nội,Male
7289,24,18.9,85.5,81.4,8.2,8.3,2.6,54.6,86.3,3.49,87.15,70.45,IT,Đà Nẵng,Male
7290,23,18.4,75.7,94.9,8.7,5.1,2.7,53.5,66.7,2.59,64.67,60.11,CE,Huế,Female
7291,22,32.6,100.0,93.3,7.2,7.6,2.4,72.5,100.0,4.0,100.0,86.24,DS,Đà Nẵng,Female
7292,27,24.4,91.1,83.1,,6.4,4.0,63.3,87.5,3.65,91.28,75.42,CE,TP.HCM,Female
7293,25,27.3,91.9,81.0,1.8,7.1,2.6,64.7,91.6,3.79,94.82,78.11,IT,Huế,Female
7294,22,22.5,80.1,81.9,8.9,6.6,2.2,58.7,74.8,2.74,68.43,66.75,DS,Huế,Female
7295,26,32.2,85.0,77.8,8.7,7.9,2.7,62.9,92.6,3.54,88.46,77.75,DS,Huế,Female
7296,26,20.1,91.3,47.4,7.6,6.6,4.5,55.4,64.6,2.64,66.06,59.98,DS,Cần Thơ,Female
7297,18,,86.5,97.0,3.9,8.7,3.1,62.8,92.0,3.77,94.35,77.39,IT,TP.HCM,Male
7298,23,31.3,100.0,86.0,5.2,7.0,2.6,56.4,96.5,4.0,100.0,76.46,IT,Đà Nẵng,Male
7299,24,34.4,83.0,61.8,5.0,6.7,4.3,55.4,100.0,3.88,97.12,77.68,IT,Huế,Female
7300,20,20.8,80.0,100.0,3.4,7.7,1.7,53.2,76.9,3.08,76.92,65.07,CS,TP.HCM,Female
7301,24,40.7,91.3,71.2,6.6,7.4,0.0,70.3,95.9,4.0,100.0,83.11,DS,TP.HCM,Male
7302,28,27.5,72.4,78.4,11.4,7.7,3.2,61.9,88.3,3.51,87.63,75.12,IT,Huế,Female
7303,28,16.7,94.2,95.4,,6.8,3.2,50.0,70.3,2.85,71.16,60.15,CE,Cần Thơ,Male
7304,24,28.0,72.0,83.3,9.2,8.6,1.6,50.9,90.8,3.62,90.58,70.86,AI,Hà Nội,Male
7305,30,,91.4,100.0,3.8,8.2,2.1,59.7,83.1,3.44,85.94,71.38,AI,Cần Thơ,Male
7306,28,28.5,78.5,74.7,2.2,7.0,4.4,68.2,100.0,4.0,100.0,84.12,CS,Hà Nội,Male
7307,19,24.7,89.8,100.0,8.5,8.0,3.2,59.7,79.8,2.87,71.79,69.76,DS,Hà Nội,Male
7308,24,25.6,94.1,68.3,5.5,6.7,4.7,47.4,85.9,3.56,89.12,66.65,DS,Huế,Female
7309,18,17.7,86.5,99.8,9.2,7.7,2.9,53.3,80.7,3.56,89.07,67.01,SE,TP.HCM,Male
7310,22,32.9,73.0,46.0,9.7,8.0,2.3,46.2,83.3,3.05,76.32,64.7,AI,TP.HCM,Female
7311,26,15.8,,63.5,5.3,7.3,3.6,47.9,57.6,2.37,59.27,52.74,CE,Hà Nội,Male
7312,24,16.1,77.7,84.5,9.4,6.0,3.1,33.7,62.0,2.6,64.9,47.85,CE,Hà Nội,Male
7313,24,27.9,66.0,74.0,3.8,5.6,3.2,52.6,66.1,2.38,59.5,59.37,AI,Đà Nẵng,Male
7314,28,37.8,96.3,78.9,3.8,7.4,2.2,71.6,100.0,3.85,96.19,85.82,CE,Hà Nội,Male
7315,30,22.2,86.1,80.6,,6.1,1.6,52.4,79.3,3.03,75.87,65.84,DS,TP.HCM,Male
7316,29,30.6,73.6,62.1,2.1,8.3,1.7,67.6,100.0,4.0,100.0,83.81,IT,Huế,Female
7317,19,33.6,99.6,63.3,6.0,5.2,3.3,66.8,100.0,3.73,93.18,83.38,SE,Huế,Male
7318,25,31.5,78.0,83.5,9.1,8.6,3.5,51.9,84.6,3.24,81.12,68.23,IT,Hà Nội,Female
7319,20,22.5,87.5,70.0,,7.1,0.0,61.8,82.0,3.35,83.81,71.88,IT,Đà Nẵng,Female
7320,25,16.3,76.7,100.0,4.9,6.0,1.4,53.9,67.6,2.88,71.96,60.77,DS,TP.HCM,Male
7321,20,7.3,64.8,77.1,8.5,6.5,0.1,49.8,64.8,2.6,64.91,57.27,CS,TP.HCM,Female
7322,27,22.9,71.4,90.8,3.2,6.8,1.8,58.2,67.5,2.49,62.21,62.84,CE,TP.HCM,Male
7323,24,34.4,80.5,86.6,4.3,7.6,1.6,66.4,91.3,3.6,89.97,78.88,DS,Đà Nẵng,Female
7324,19,,94.0,71.0,6.6,5.5,2.7,43.7,60.5,2.46,61.55,52.09,IT,Đà Nẵng,Male
7325,21,30.6,88.5,50.3,6.9,5.8,2.8,67.3,100.0,4.0,100.0,83.66,CE,Hà Nội,Male
7326,28,17.4,86.4,97.8,3.4,6.6,5.7,49.9,85.4,3.5,87.55,67.67,DS,Đà Nẵng,Male
7327,23,25.8,64.9,65.3,10.7,7.0,3.1,60.2,85.6,3.84,96.07,72.91,DS,Huế,Female
7328,28,,97.7,73.9,1.3,7.9,3.5,79.4,100.0,4.0,100.0,89.69,CE,TP.HCM,Female
7329,26,19.7,87.2,77.7,6.1,7.3,0.4,61.9,78.3,3.38,84.4,70.13,CS,TP.HCM,Male
7330,22,26.4,83.8,79.2,6.5,6.5,2.0,59.5,91.2,3.52,87.98,75.36,SE,TP.HCM,Male
7331,30,21.7,96.3,94.4,1.6,7.3,0.9,56.3,79.0,3.31,82.78,67.62,CE,Đà Nẵng,Female
7332,26,30.6,97.5,80.1,9.3,7.2,3.4,59.5,91.1,3.68,92.01,75.29,SE,Cần Thơ,Male
7333,22,26.9,96.5,78.1,4.1,6.7,2.6,42.2,84.3,3.86,96.59,63.29,IT,Đà Nẵng,Female
7334,27,25.5,82.5,95.3,6.2,7.1,2.0,56.8,85.2,3.34,83.49,71.02,SE,Hà Nội,Male
7335,25,37.5,,89.0,6.8,4.4,3.9,60.5,100.0,4.0,100.0,80.25,IT,Đà Nẵng,Male
7336,30,30.3,94.9,69.0,2.4,8.1,2.1,64.4,100.0,4.0,100.0,82.19,AI,Huế,Male
7337,30,19.5,71.3,62.8,3.3,7.7,4.5,46.4,71.0,2.72,68.11,58.71,CS,Huế,Female
7338,18,24.3,100.0,67.6,9.9,8.8,4.5,59.9,100.0,4.0,100.0,79.95,CE,TP.HCM,Male
7339,24,24.4,85.3,79.3,5.8,6.0,1.5,65.4,100.0,3.71,92.84,82.72,SE,Huế,Male
7340,21,25.6,74.4,61.3,0.0,7.7,4.2,56.6,82.1,3.64,91.12,69.31,CE,Cần Thơ,Female
7341,22,45.2,72.7,81.4,,4.7,2.7,61.7,100.0,3.57,89.26,80.83,IT,Hà Nội,Female
7342,23,28.0,72.2,78.1,5.9,4.9,1.9,50.6,72.2,2.56,64.12,61.38,CS,Hà Nội,Male
7343,22,8.7,86.4,41.9,6.5,6.7,3.1,49.7,65.8,2.6,65.0,57.72,IT,TP.HCM,Male
7344,29,,84.9,58.9,1.0,6.3,0.1,58.9,76.3,2.86,71.59,67.59,CS,TP.HCM,Male
7345,18,9.5,72.6,36.7,5.9,8.3,1.7,36.5,41.3,1.45,36.31,38.9,DS,Hà Nội,Male
7346,29,,81.4,74.8,3.9,8.4,3.1,53.8,87.5,3.43,85.81,70.64,CE,TP.HCM,Female
7347,26,9.1,71.3,96.1,6.6,8.5,2.1,49.3,61.4,2.65,66.15,55.34,AI,Đà Nẵng,Female
7348,19,18.0,90.9,51.6,7.3,7.7,4.1,65.1,74.9,3.2,79.92,70.0,CE,Cần Thơ,Male
7349,26,12.8,84.5,60.2,7.0,7.8,1.9,48.6,53.7,2.24,56.0,51.16,CE,Đà Nẵng,Female
7350,27,28.1,81.2,77.5,9.5,5.5,2.7,56.7,82.3,3.39,84.76,69.51,AI,Huế,Female
7351,19,25.0,72.1,64.0,11.5,8.7,2.3,51.8,73.8,2.96,73.97,62.78,SE,Huế,Male
7352,26,27.4,82.0,64.0,3.2,8.5,0.2,58.9,87.4,3.7,92.58,73.17,CS,Đà Nẵng,Female
7353,23,24.2,80.9,88.1,5.0,5.3,3.1,65.7,72.2,2.91,72.85,68.95,CS,Huế,Female
7354,28,13.8,88.2,72.6,7.9,7.6,3.0,49.7,74.1,2.81,70.18,61.9,CE,Cần Thơ,Female
7355,26,,86.7,57.7,5.7,6.3,0.0,63.6,98.6,3.89,97.22,81.08,IT,TP.HCM,Male
7356,30,,92.9,48.7,0.0,9.2,0.0,58.6,95.3,3.86,96.5,76.93,DS,Hà Nội,Female
7357,23,28.3,80.2,100.0,5.5,5.8,1.8,70.2,79.1,3.34,83.4,74.65,SE,Đà Nẵng,Male
7358,23,21.6,66.4,96.9,9.1,7.1,4.3,61.2,85.0,3.46,86.6,73.07,IT,Huế,Male
7359,30,13.6,94.9,73.2,2.5,7.2,6.6,47.2,69.1,2.52,62.98,58.16,IT,Huế,Male
7360,28,17.7,75.6,81.3,6.6,6.9,0.0,48.9,76.9,3.24,81.09,62.86,DS,Đà Nẵng,Male
7361,19,28.6,73.9,72.7,1.2,9.6,4.9,66.4,89.6,3.51,87.79,78.02,SE,Huế,Female
7362,25,33.6,84.6,87.7,8.2,9.0,4.2,85.0,100.0,4.0,100.0,92.48,DS,Đà Nẵng,Male
7363,20,27.1,88.0,67.2,6.6,5.0,1.6,45.9,92.3,3.38,84.47,69.11,DS,Huế,Male
7364,24,31.4,79.7,71.9,4.6,7.6,5.3,56.7,96.2,3.97,99.13,76.46,IT,Hà Nội,Male
7365,22,30.7,79.6,86.8,5.0,7.0,3.2,57.0,92.5,3.89,97.37,74.75,DS,TP.HCM,Female
7366,20,29.1,,100.0,2.3,8.0,2.2,66.8,96.0,3.74,93.41,81.36,IT,Cần Thơ,Male
7367,18,19.7,99.2,91.1,8.5,7.3,0.0,57.3,80.9,3.32,82.93,69.12,IT,Huế,Female
7368,25,,85.0,98.5,4.0,6.0,2.7,53.7,89.6,3.63,90.64,71.67,DS,Hà Nội,Female
7369,20,18.2,75.3,75.3,7.3,5.8,2.6,39.3,80.0,3.06,76.49,59.68,AI,Đà Nẵng,Male
7370,19,25.1,75.4,70.7,3.6,6.5,5.9,62.8,91.8,3.86,96.58,77.28,CS,Huế,Male
7371,18,27.6,82.5,50.9,11.5,6.9,1.1,56.6,72.5,2.86,71.44,64.55,CE,Cần Thơ,Male
7372,21,38.4,,81.1,9.9,7.2,1.2,58.2,100.0,3.92,98.05,79.12,DS,Cần Thơ,Male
7373,30,14.5,89.8,85.7,11.2,6.3,1.7,44.3,74.4,3.1,77.38,59.31,CS,Huế,Female
7374,25,28.9,86.2,75.5,11.5,9.0,6.5,56.4,97.3,3.93,98.3,76.83,IT,Đà Nẵng,Male
7375,30,36.8,76.6,68.3,,7.6,0.8,61.9,100.0,4.0,100.0,80.94,CS,Huế,Male
7376,20,31.1,80.8,98.7,3.8,8.0,4.5,52.6,92.1,3.71,92.85,72.32,AI,Đà Nẵng,Female
7377,18,31.7,,89.5,11.1,6.8,0.2,54.9,84.5,3.46,86.6,69.69,AI,Đà Nẵng,Male
7378,21,29.7,73.5,99.7,5.6,5.8,3.1,76.1,93.3,3.72,92.98,84.7,CS,Huế,Male
7379,26,35.4,80.3,65.7,8.1,8.1,2.6,66.1,92.3,3.56,89.0,79.19,IT,Đà Nẵng,Male
7380,30,16.3,91.0,69.4,4.4,5.8,1.5,47.8,64.6,2.44,61.0,56.18,CE,TP.HCM,Male
7381,18,13.9,93.8,98.0,4.5,4.6,3.6,52.3,84.5,3.25,81.13,68.4,CE,Đà Nẵng,Female
7382,29,24.9,83.1,79.3,8.1,7.7,1.3,57.4,81.2,3.15,78.65,69.3,SE,Hà Nội,Female
7383,28,7.7,80.9,71.5,1.1,6.1,0.1,36.1,73.1,3.54,88.46,54.6,CE,Đà Nẵng,Male
7384,19,34.8,71.8,72.5,8.0,6.6,2.0,47.5,85.2,3.52,87.94,66.36,CS,TP.HCM,Male
7385,26,34.8,90.3,79.8,7.3,7.8,1.1,60.6,93.5,3.6,89.96,77.08,DS,TP.HCM,Female
7386,19,21.5,98.2,95.0,4.7,5.9,2.9,54.5,88.9,3.76,93.98,71.7,AI,Cần Thơ,Female
7387,30,22.0,100.0,77.6,6.1,5.1,2.1,55.7,85.3,3.79,94.67,70.49,DS,TP.HCM,Female
7388,20,24.4,88.9,91.9,6.5,8.5,4.8,42.9,81.5,3.15,78.87,62.18,IT,Huế,Male
7389,24,25.4,84.5,87.0,6.6,6.9,2.0,75.3,88.5,3.45,86.23,81.93,CE,Huế,Female
7390,20,26.0,75.8,66.8,7.7,8.5,2.9,73.9,85.7,3.07,76.74,79.82,SE,Đà Nẵng,Male
7391,26,29.5,66.2,66.8,4.0,7.8,0.8,60.4,82.3,3.24,80.88,71.32,IT,TP.HCM,Female
7392,23,23.6,86.8,73.2,12.7,7.8,1.9,55.9,75.5,3.18,79.5,65.7,SE,Huế,Male
7393,20,32.5,100.0,59.9,,7.2,1.1,60.2,100.0,3.93,98.32,80.09,AI,TP.HCM,Female
7394,26,28.6,97.7,72.3,5.7,7.2,4.3,65.4,97.3,3.68,92.09,81.34,DS,TP.HCM,Male
7395,18,20.1,96.2,100.0,,8.4,1.4,53.7,83.3,3.03,75.85,68.47,AI,Cần Thơ,Female
7396,27,35.7,87.5,79.5,1.4,8.0,1.5,74.3,100.0,4.0,100.0,87.14,CE,Huế,Female
7397,20,14.1,88.6,68.5,10.8,6.3,2.9,55.7,76.4,2.93,73.28,66.07,IT,Đà Nẵng,Female
7398,18,24.3,60.8,100.0,6.2,7.6,1.4,45.9,91.0,4.0,100.0,68.45,CS,Huế,Female
7399,19,32.7,92.6,66.0,4.7,6.3,4.6,58.3,99.1,3.98,99.41,78.71,SE,Cần Thơ,Female
7400,29,19.2,79.2,65.6,3.2,6.6,5.4,58.6,60.3,2.26,56.39,59.42,CS,Đà Nẵng,Female
7401,25,27.5,78.0,98.4,2.8,7.7,1.2,62.5,84.3,3.55,88.73,73.42,AI,Đà Nẵng,Female
7402,24,29.3,81.8,89.9,5.1,6.2,3.8,50.9,78.6,3.55,88.8,64.76,SE,TP.HCM,Male
7403,19,18.1,81.4,78.0,6.7,7.2,1.2,47.4,76.7,3.43,85.71,62.02,IT,Huế,Male
7404,19,24.4,77.8,92.5,7.6,7.5,2.0,53.8,77.8,2.93,73.25,65.84,IT,Hà Nội,Male
7405,26,,85.1,84.5,,6.6,3.5,55.3,86.7,3.22,80.41,71.02,DS,Hà Nội,Female
7406,30,20.6,79.4,62.2,4.7,7.9,2.7,51.8,70.9,2.58,64.44,61.36,IT,Hà Nội,Female
7407,30,43.4,86.0,44.0,9.3,6.5,2.7,77.2,100.0,4.0,100.0,88.6,AI,TP.HCM,Male
7408,23,18.9,70.1,71.5,12.7,8.1,4.1,50.8,66.7,2.61,65.22,58.73,DS,Hà Nội,Male
7409,22,33.0,82.9,96.3,9.7,7.2,4.1,62.8,92.4,3.56,88.95,77.59,DS,Hà Nội,Male
7410,27,21.9,74.0,73.6,5.1,7.2,2.6,46.8,76.0,3.21,80.14,61.42,AI,Đà Nẵng,Male
7411,23,16.3,78.6,86.9,7.3,5.9,1.5,50.3,74.8,2.81,70.37,62.52,AI,Đà Nẵng,Male
7412,26,25.8,86.4,82.8,7.4,6.7,2.5,57.1,97.9,4.0,100.0,77.49,IT,Hà Nội,Female
7413,28,30.2,69.0,54.6,10.0,7.2,1.0,54.4,94.4,3.58,89.39,74.4,IT,TP.HCM,Male
7414,24,32.4,76.8,73.9,5.2,8.2,3.7,52.2,95.9,3.77,94.2,74.05,SE,Cần Thơ,Female
7415,27,37.5,90.7,85.4,3.6,6.6,2.2,76.3,100.0,4.0,100.0,88.15,DS,TP.HCM,Female
7416,27,48.6,70.9,68.2,8.8,8.2,0.8,85.4,100.0,4.0,100.0,92.7,IT,Cần Thơ,Male
7417,26,27.0,100.0,74.6,7.0,6.1,4.5,62.1,98.2,3.72,93.0,80.12,DS,Đà Nẵng,Female
7418,21,19.7,97.0,85.9,3.2,7.4,2.5,65.1,95.6,4.0,100.0,80.35,DS,Hà Nội,Male
7419,19,28.6,80.1,81.1,7.8,6.4,1.4,60.2,98.7,4.0,100.0,79.46,CS,Huế,Male
7420,29,22.9,77.1,95.7,10.6,8.9,4.2,43.3,74.5,3.27,81.68,58.9,SE,Cần Thơ,Male
7421,25,,87.0,85.8,4.3,8.6,4.4,64.6,93.5,3.4,84.99,79.07,CS,Hà Nội,Male
7422,21,14.6,70.5,65.7,3.8,7.3,0.0,44.0,71.2,2.91,72.67,57.59,CE,Đà Nẵng,Male
7423,30,,65.0,72.8,6.1,6.4,4.2,71.3,85.6,3.28,82.09,78.44,SE,Hà Nội,Male
7424,26,31.8,80.4,80.3,7.7,5.2,2.7,72.7,100.0,3.88,96.97,86.36,CS,Hà Nội,Female
7425,21,11.5,83.7,100.0,,7.5,4.0,42.4,73.4,3.06,76.59,57.88,CE,Huế,Male
7426,25,19.3,85.9,72.9,8.8,7.2,2.4,55.3,76.2,2.7,67.45,65.75,CS,Cần Thơ,Female
7427,26,31.5,78.9,54.0,6.7,8.0,3.1,66.9,91.5,3.69,92.33,79.24,DS,Hà Nội,Male
7428,30,34.4,97.7,86.6,8.5,5.2,2.0,75.6,100.0,4.0,100.0,87.81,DS,Cần Thơ,Male
7429,26,14.8,70.0,68.7,4.2,7.2,4.0,54.0,59.5,2.41,60.18,56.73,CS,Cần Thơ,Female
7430,27,30.7,73.6,60.7,2.9,7.5,1.5,50.7,83.6,3.56,89.07,67.15,AI,TP.HCM,Male
7431,21,9.4,89.9,80.3,5.1,5.9,4.0,37.2,75.0,3.02,75.6,56.09,CE,Huế,Male
7432,18,24.3,73.4,94.6,2.6,7.1,2.8,60.0,73.3,2.76,69.03,66.63,CS,Đà Nẵng,Male
7433,20,33.9,73.0,71.4,7.0,6.1,3.6,58.5,92.8,4.0,100.0,75.63,SE,TP.HCM,Male
7434,26,20.6,86.2,87.4,1.0,6.0,1.0,46.0,74.7,2.95,73.75,60.35,AI,Đà Nẵng,Male
7435,21,12.9,,90.2,4.9,6.4,3.1,54.8,84.0,3.11,77.74,69.41,AI,TP.HCM,Female
7436,22,26.2,83.7,91.9,5.3,6.7,3.3,54.4,80.3,2.94,73.38,67.36,CE,Cần Thơ,Female
7437,24,20.2,78.0,69.0,3.4,8.5,5.3,64.0,68.8,2.71,67.83,66.4,CE,Hà Nội,Male
7438,22,30.0,76.4,63.2,5.2,6.6,3.5,55.7,89.1,3.74,93.47,72.39,CS,Cần Thơ,Male
7439,21,17.9,64.0,65.2,6.0,6.0,1.6,42.4,61.0,2.44,60.99,51.74,SE,Hà Nội,Male
7440,19,18.8,86.4,91.9,9.2,8.0,1.6,51.6,81.6,2.96,74.08,66.58,SE,Hà Nội,Female
7441,19,8.8,72.5,90.0,3.4,8.2,3.6,48.2,63.1,2.54,63.55,55.66,CE,TP.HCM,Male
7442,30,,,65.6,,8.0,1.7,59.5,77.9,3.33,83.37,68.69,IT,Cần Thơ,Male
7443,30,23.7,79.9,100.0,7.4,8.6,1.7,69.0,100.0,3.97,99.36,84.48,CE,Huế,Female
7444,21,15.5,82.9,63.9,5.9,7.2,1.2,50.3,66.8,2.96,74.1,58.58,CS,TP.HCM,Male
7445,27,26.6,83.5,95.0,4.8,7.2,2.7,56.1,81.9,3.11,77.68,68.99,IT,Đà Nẵng,Male
7446,30,33.2,86.9,100.0,3.2,6.2,2.8,74.3,100.0,4.0,100.0,87.14,SE,Huế,Male
7447,27,23.3,77.7,81.6,10.7,8.7,2.0,58.6,94.8,3.89,97.23,76.7,CS,TP.HCM,Male
7448,30,27.1,,68.5,6.2,6.9,5.0,56.9,80.0,3.31,82.68,68.45,DS,Đà Nẵng,Female
7449,26,27.2,66.5,68.8,5.2,6.6,3.4,57.2,78.0,3.21,80.25,67.59,DS,Đà Nẵng,Male
7450,25,15.4,82.7,76.1,11.3,6.5,5.1,50.6,78.1,3.06,76.42,64.32,IT,Huế,Male
7451,20,41.5,93.4,96.2,6.6,7.8,2.7,68.6,100.0,4.0,100.0,84.28,CS,Huế,Male
7452,26,21.2,89.8,62.0,12.4,7.1,1.4,55.8,83.4,3.25,81.29,69.59,AI,TP.HCM,Female
7453,22,30.2,75.3,52.4,,7.2,1.0,49.3,82.0,3.33,83.34,65.64,DS,Hà Nội,Female
7454,28,31.2,76.9,85.4,5.4,6.6,2.3,57.2,93.5,3.8,94.96,75.37,CS,Hà Nội,Female
7455,20,23.9,74.9,88.7,2.6,6.8,3.6,57.4,70.6,2.78,69.47,64.01,DS,Cần Thơ,Male
7456,22,29.9,91.0,100.0,5.7,6.8,2.1,57.1,94.9,3.77,94.17,75.98,CS,Đà Nẵng,Male
7457,30,27.0,,59.3,5.7,8.7,3.8,50.2,85.8,3.14,78.62,67.97,CS,TP.HCM,Male
7458,27,13.7,87.6,78.0,4.9,4.8,4.6,48.1,74.6,2.99,74.85,61.33,IT,TP.HCM,Female
7459,30,22.3,87.6,97.4,6.1,7.5,1.3,51.4,76.8,3.19,79.78,64.09,SE,Đà Nẵng,Male
7460,21,20.1,100.0,81.8,5.0,8.3,0.9,45.2,91.5,3.71,92.71,68.33,SE,Đà Nẵng,Female
7461,25,21.3,88.1,77.1,5.7,4.8,3.9,44.5,59.7,2.42,60.41,52.08,CS,Cần Thơ,Female
7462,30,,76.9,91.8,4.1,6.9,2.9,50.5,63.1,2.24,55.94,56.82,CS,Đà Nẵng,Male
7463,29,34.0,70.4,71.0,9.6,8.2,3.0,61.7,100.0,4.0,100.0,80.87,DS,Huế,Male
7464,22,37.8,82.2,92.8,3.2,6.1,3.5,68.1,100.0,3.75,93.85,84.03,CS,Hà Nội,Male
7465,27,32.8,83.8,61.2,6.5,7.3,0.2,59.9,100.0,3.85,96.24,79.97,CS,Cần Thơ,Male
7466,29,35.2,62.9,57.2,3.0,5.9,3.2,49.5,87.9,3.29,82.13,68.68,SE,Hà Nội,Female
7467,25,22.2,77.9,75.9,3.9,7.0,2.8,46.8,89.6,3.38,84.47,68.21,DS,TP.HCM,Female
7468,26,19.9,88.0,41.6,4.2,8.5,3.2,50.7,76.1,3.07,76.8,63.4,AI,Đà Nẵng,Female
7469,21,,79.7,81.3,5.7,9.0,1.1,54.3,77.7,2.84,70.97,66.02,DS,Đà Nẵng,Male
7470,24,30.2,94.7,54.0,,7.3,2.6,48.7,97.3,3.64,91.1,72.98,SE,Hà Nội,Female
7471,19,26.8,,84.2,3.2,5.5,1.8,38.2,87.3,3.81,95.24,62.76,IT,Cần Thơ,Female
7472,23,24.4,91.8,82.8,5.0,6.6,4.1,67.9,75.5,3.39,84.87,71.73,CS,Huế,Male
7473,25,35.4,94.1,79.0,3.5,4.8,2.4,70.1,100.0,4.0,100.0,85.06,DS,TP.HCM,Male
7474,29,28.2,94.6,86.5,3.4,6.6,1.6,53.8,83.6,3.29,82.15,68.72,DS,Hà Nội,Female
7475,24,18.3,69.3,83.1,8.8,8.2,1.0,47.4,69.1,2.99,74.82,58.24,DS,Huế,Male
7476,24,19.6,88.1,75.6,2.5,5.4,3.8,49.7,72.4,3.0,75.09,61.07,DS,Hà Nội,Male
7477,25,30.5,78.3,100.0,6.2,6.8,4.0,61.8,72.6,2.51,62.84,67.17,CS,Đà Nẵng,Male
7478,24,33.3,70.9,85.9,10.2,6.0,5.4,56.8,97.5,4.0,100.0,77.18,CS,Cần Thơ,Male
7479,22,29.4,80.9,91.6,9.0,9.2,2.0,50.6,75.7,2.78,69.48,63.16,CS,TP.HCM,Female
7480,24,40.2,76.0,96.1,7.1,7.5,1.0,70.2,100.0,3.9,97.43,85.1,SE,Huế,Male
7481,30,38.1,94.2,90.0,6.0,8.0,2.3,81.3,100.0,4.0,100.0,90.65,CS,Cần Thơ,Female
7482,27,28.5,90.1,100.0,7.8,7.4,1.5,63.9,87.2,3.55,88.65,75.53,AI,Đà Nẵng,Male
7483,20,18.3,73.5,82.5,6.9,7.9,1.6,50.3,76.9,3.15,78.84,63.62,SE,Đà Nẵng,Male
7484,22,14.5,77.8,79.9,9.6,8.3,3.2,45.9,63.8,2.79,69.78,54.87,CE,Cần Thơ,Male
7485,24,21.9,81.2,70.3,5.7,7.0,4.1,47.7,70.6,2.88,71.91,59.12,CE,Cần Thơ,Female
7486,26,31.0,84.3,76.2,8.5,6.4,3.1,57.9,80.0,3.23,80.76,68.91,CS,Hà Nội,Male
7487,19,39.6,95.1,69.0,5.2,5.9,2.7,71.9,100.0,4.0,100.0,85.96,DS,Cần Thơ,Male
7488,21,28.3,91.9,90.2,10.7,9.1,3.7,68.9,98.6,3.93,98.19,83.77,IT,Huế,Female
7489,29,34.3,85.5,66.3,5.6,8.0,2.2,72.8,85.9,3.41,85.36,79.38,AI,TP.HCM,Female
7490,24,23.0,82.4,81.1,2.0,4.3,4.7,55.9,94.4,3.87,96.69,75.18,CE,Hà Nội,Male
7491,18,30.0,,88.4,6.2,6.7,7.0,59.0,83.4,3.74,93.44,71.21,CE,Huế,Female
7492,30,31.6,97.9,82.3,7.9,7.5,1.6,63.8,92.2,3.55,88.78,78.0,SE,Cần Thơ,Male
7493,19,9.2,80.5,66.6,10.1,9.0,4.3,48.2,67.0,2.34,58.42,57.62,CE,Đà Nẵng,Male
7494,26,21.7,100.0,90.5,3.5,5.7,4.3,56.6,81.9,3.27,81.82,69.25,AI,Cần Thơ,Female
7495,30,32.6,87.0,78.7,1.6,7.5,3.3,63.0,100.0,4.0,100.0,81.49,SE,Huế,Male
7496,27,27.2,100.0,36.9,7.2,6.5,4.4,53.9,81.7,3.38,84.59,67.8,SE,TP.HCM,Female
7497,24,15.4,91.1,65.2,7.2,5.6,3.0,43.6,62.9,2.41,60.33,53.25,DS,TP.HCM,Male
7498,29,5.6,70.7,100.0,2.5,8.6,3.5,34.6,54.9,2.2,54.91,44.73,AI,Cần Thơ,Female
7499,27,22.1,78.9,100.0,5.2,5.8,2.6,55.2,88.8,3.36,83.89,72.0,DS,Cần Thơ,Female
7500,24,24.4,83.3,87.9,5.3,8.2,2.7,53.5,84.0,3.0,75.11,68.77,CS,TP.HCM,Male
7501,23,17.9,76.3,91.8,8.1,5.1,3.5,69.3,81.1,3.19,79.69,75.18,DS,Đà Nẵng,Female
7502,20,26.1,81.2,68.3,,6.4,3.1,59.7,79.4,2.98,74.42,69.55,IT,Huế,Female
7503,27,29.1,71.3,76.1,4.9,7.7,0.9,69.3,86.7,3.4,85.09,77.96,DS,Đà Nẵng,Female
7504,20,30.4,85.1,98.5,6.3,7.9,3.3,71.7,91.3,3.36,83.91,81.51,CE,TP.HCM,Male
7505,19,6.2,87.4,86.4,2.6,7.5,2.1,45.9,71.1,3.19,79.68,58.49,AI,Huế,Female
7506,28,14.5,75.0,81.0,10.8,8.2,1.7,46.8,77.8,3.3,82.51,62.29,AI,Hà Nội,Male
7507,23,22.6,,77.2,8.3,6.7,4.0,50.2,87.9,3.41,85.2,69.02,DS,Huế,Male
7508,21,,85.6,97.6,,8.7,1.1,55.5,100.0,4.0,100.0,77.76,AI,Đà Nẵng,Female
7509,22,28.9,76.8,96.8,3.2,7.4,2.1,64.5,95.0,4.0,100.0,79.75,IT,Đà Nẵng,Female
7510,20,,68.7,89.7,3.4,7.9,0.9,58.9,95.0,3.86,96.56,76.96,CS,Huế,Male
7511,23,21.9,85.6,81.0,7.5,7.4,1.9,49.5,77.3,3.02,75.54,63.37,CS,Cần Thơ,Female
7512,28,22.4,82.4,74.6,3.5,7.6,6.1,52.6,77.3,3.19,79.64,64.94,AI,Huế,Female
7513,29,19.2,92.8,90.4,5.4,5.8,1.4,55.8,79.6,3.13,78.28,67.68,AI,TP.HCM,Male
7514,20,31.1,83.6,63.5,1.8,5.9,2.3,61.1,85.6,3.39,84.87,73.33,CS,Huế,Male
7515,25,17.6,73.1,66.6,7.4,6.4,4.6,47.4,65.4,2.96,74.11,56.39,IT,Đà Nẵng,Female
7516,26,31.8,100.0,58.2,7.4,7.6,3.2,63.4,100.0,4.0,100.0,81.72,DS,Cần Thơ,Male
7517,21,26.7,89.4,98.5,5.5,6.3,2.3,40.3,76.8,3.06,76.38,58.53,CS,Cần Thơ,Female
7518,26,24.6,82.5,69.2,6.5,6.6,1.5,56.0,88.2,3.33,83.27,72.12,CS,Cần Thơ,Male
7519,29,19.7,86.6,86.1,8.0,6.9,3.5,44.9,68.7,2.86,71.39,56.78,CS,Hà Nội,Female
7520,24,14.2,89.7,78.1,6.4,8.7,2.0,51.8,66.3,2.86,71.5,59.06,AI,Đà Nẵng,Male
7521,20,19.8,70.7,100.0,8.0,7.7,5.8,51.5,72.0,3.11,77.75,61.73,AI,Cần Thơ,Male
7522,24,22.4,86.6,86.6,3.1,5.2,2.1,60.4,67.8,3.22,80.58,64.06,CE,Cần Thơ,Male
7523,18,6.0,80.5,52.1,6.9,7.2,5.0,47.3,66.8,2.48,61.94,57.07,SE,Đà Nẵng,Female
7524,20,23.4,90.1,97.6,6.5,6.6,3.8,69.0,94.9,3.39,84.87,81.93,CS,Hà Nội,Male
7525,23,32.4,77.6,74.2,9.0,6.7,3.8,46.1,92.7,3.91,97.72,69.39,AI,Cần Thơ,Female
7526,21,29.5,79.0,77.0,6.1,7.0,2.3,58.1,94.7,3.55,88.67,76.36,CS,Cần Thơ,Male
7527,24,21.0,100.0,69.9,5.8,8.4,1.8,40.5,77.9,2.88,72.07,59.16,DS,Đà Nẵng,Male
7528,20,,97.3,82.9,4.6,6.0,2.1,62.3,93.3,3.85,96.13,77.83,AI,Đà Nẵng,Male
7529,18,20.6,52.0,82.7,9.7,7.2,4.1,47.0,68.9,2.82,70.47,57.94,CS,Huế,Female
7530,26,26.2,96.6,70.3,0.1,7.3,3.3,55.6,77.4,2.97,74.22,66.51,AI,Hà Nội,Female
7531,23,37.3,84.3,72.4,7.3,6.7,0.0,67.6,100.0,3.84,95.89,83.82,CE,TP.HCM,Male
7532,25,32.7,77.9,81.5,5.9,6.2,0.6,53.4,87.6,3.51,87.71,70.45,IT,TP.HCM,Male
7533,20,29.2,74.9,44.9,5.5,6.1,2.3,72.0,100.0,3.9,97.6,85.99,IT,TP.HCM,Male
7534,25,21.1,75.5,58.4,5.2,6.5,3.3,50.3,73.4,2.96,74.02,61.85,DS,TP.HCM,Female
7535,19,31.0,78.2,100.0,5.9,7.9,2.2,60.6,90.1,3.41,85.13,75.34,SE,TP.HCM,Female
7536,29,11.5,73.7,84.9,7.2,6.6,1.7,43.7,52.0,1.9,47.58,47.85,DS,Hà Nội,Female
7537,21,23.0,71.5,72.1,4.0,6.9,1.0,59.9,77.2,2.78,69.49,68.55,CE,Đà Nẵng,Female
7538,20,29.7,74.6,54.6,,5.6,3.9,49.4,66.7,2.74,68.54,58.07,CS,Đà Nẵng,Male
7539,27,30.9,88.2,79.2,6.9,6.4,2.6,67.6,100.0,3.87,96.76,83.82,IT,TP.HCM,Male
7540,18,,85.5,94.8,3.6,7.3,5.0,56.7,94.9,3.94,98.53,75.8,CE,Hà Nội,Male
7541,30,27.4,90.6,100.0,7.3,5.0,0.6,55.3,86.3,3.01,75.27,70.78,AI,Huế,Female
7542,30,23.4,84.3,100.0,6.9,8.3,3.5,61.8,88.8,3.27,81.85,75.3,CS,Huế,Female
7543,24,29.3,71.9,66.7,4.0,6.3,3.3,55.8,77.4,3.06,76.56,66.6,CE,Huế,Female
7544,28,17.4,89.9,72.6,3.0,9.1,3.8,56.1,76.0,2.9,72.58,66.05,CE,Hà Nội,Male
7545,27,18.2,75.0,57.9,4.0,7.5,3.7,54.7,64.4,2.36,59.03,59.55,CS,Cần Thơ,Male
7546,19,,91.5,67.4,6.3,4.8,1.7,55.2,74.8,2.94,73.4,65.01,CE,Huế,Male
7547,21,26.4,73.3,76.8,5.8,7.3,2.2,57.5,89.5,3.52,88.06,73.51,CE,Đà Nẵng,Female
7548,26,10.4,78.1,74.5,9.5,6.6,2.7,40.9,59.6,2.56,63.91,50.22,AI,TP.HCM,Female
7549,23,28.6,81.4,100.0,5.1,7.3,1.0,58.5,75.2,3.06,76.54,66.87,CE,Cần Thơ,Female
7550,25,31.2,91.7,60.3,3.8,8.9,4.0,65.7,90.3,3.84,95.9,77.98,DS,TP.HCM,Male
7551,19,24.4,86.8,79.3,7.6,7.8,0.0,49.1,92.9,4.0,100.0,71.03,DS,Đà Nẵng,Male
7552,24,44.0,85.2,49.0,3.5,6.7,0.8,74.1,100.0,3.87,96.83,87.04,SE,TP.HCM,Female
7553,23,19.5,100.0,85.0,4.0,5.3,0.0,57.0,89.3,3.79,94.79,73.16,SE,Hà Nội,Male
7554,30,22.1,66.6,59.9,4.1,8.0,4.1,40.4,63.3,2.71,67.71,51.88,AI,Hà Nội,Male
7555,26,21.8,74.6,96.5,0.0,7.6,2.8,47.0,76.3,3.04,76.1,61.64,CE,Đà Nẵng,Female
7556,24,24.4,74.2,75.6,7.4,8.4,1.7,49.2,82.5,3.4,85.09,65.85,SE,Huế,Male
7557,18,22.4,67.3,59.0,8.3,6.8,2.6,48.5,68.1,2.76,69.09,58.33,DS,Huế,Male
7558,25,13.7,77.8,48.5,8.3,7.4,2.9,39.8,62.4,2.49,62.16,51.13,CS,TP.HCM,Male
7559,28,20.6,91.9,65.3,10.7,6.7,0.6,61.3,87.0,3.53,88.34,74.17,AI,Đà Nẵng,Female
7560,27,24.2,79.1,83.6,9.8,7.1,2.7,63.0,80.2,3.27,81.83,71.59,DS,Đà Nẵng,Female
7561,20,34.8,81.7,86.3,5.2,5.2,4.6,57.5,92.7,3.91,97.85,75.11,DS,Hà Nội,Male
7562,19,42.6,67.8,72.5,8.8,7.4,4.8,58.5,91.6,3.46,86.38,75.04,SE,Huế,Female
7563,29,35.7,77.0,93.9,,7.5,3.8,63.2,97.4,4.0,100.0,80.29,DS,Huế,Female
7564,20,18.8,80.4,63.0,4.9,6.4,2.9,61.1,87.0,3.25,81.23,74.06,CE,Cần Thơ,Male
7565,28,19.4,91.4,36.1,4.1,7.7,3.9,69.4,76.1,3.03,75.69,72.78,CS,Hà Nội,Female
7566,23,23.7,68.3,84.2,5.3,8.0,3.6,48.0,69.0,2.81,70.35,58.51,CS,Huế,Female
7567,30,39.3,,99.4,6.8,8.7,0.8,49.5,80.5,2.72,67.97,65.0,CS,Huế,Male
7568,20,23.7,95.9,99.5,10.0,5.8,1.1,46.0,87.0,3.42,85.5,66.47,CE,TP.HCM,Male
7569,27,14.4,,60.5,7.8,7.8,3.5,34.5,50.0,2.09,52.18,42.23,IT,Huế,Female
7570,22,21.0,63.8,71.8,4.1,8.6,1.5,53.4,77.2,3.07,76.64,65.32,IT,TP.HCM,Male
7571,23,31.1,97.8,90.9,3.4,6.6,1.0,63.7,100.0,3.82,95.41,81.85,CE,Huế,Female
7572,25,30.5,92.3,70.6,,8.7,4.4,63.4,100.0,4.0,100.0,81.69,CS,TP.HCM,Male
7573,24,23.4,93.7,81.6,8.3,6.1,2.6,65.0,92.0,3.52,88.08,78.54,IT,Hà Nội,Female
7574,28,30.5,67.6,69.3,9.1,7.1,2.4,70.2,79.1,3.2,80.11,74.64,DS,TP.HCM,Male
7575,25,6.8,100.0,63.7,5.3,4.9,0.7,51.4,66.8,2.65,66.25,59.12,AI,Huế,Female
7576,20,25.8,77.3,66.6,7.2,4.8,1.8,61.5,87.2,3.47,86.78,74.34,SE,Hà Nội,Male
7577,21,31.9,79.9,94.3,8.1,5.1,2.0,49.8,92.7,3.74,93.49,71.25,IT,Đà Nẵng,Female
7578,23,18.3,78.0,80.2,2.6,8.7,1.1,46.6,76.4,2.93,73.34,61.54,CE,Huế,Male
7579,28,18.3,94.5,99.1,6.7,6.1,0.7,63.3,80.2,3.39,84.71,71.73,SE,Huế,Male
7580,24,10.1,83.2,87.8,8.3,6.1,5.1,40.9,60.0,2.24,55.93,50.45,IT,Cần Thơ,Female
7581,26,37.7,89.8,100.0,7.3,7.5,4.6,75.1,100.0,4.0,100.0,87.53,CE,Cần Thơ,Male
7582,30,19.2,85.8,92.3,5.8,6.1,2.3,53.2,67.3,2.62,65.49,60.28,SE,Hà Nội,Male
7583,18,26.9,,91.4,12.5,8.4,0.5,63.7,82.4,2.9,72.48,73.05,CE,Đà Nẵng,Female
7584,30,29.8,75.5,78.2,10.8,9.2,0.0,52.2,85.8,3.27,81.86,68.96,DS,TP.HCM,Female
7585,25,37.1,100.0,100.0,6.0,4.3,1.8,73.5,100.0,4.0,100.0,86.77,SE,Cần Thơ,Female
7586,25,23.8,70.4,81.7,5.5,7.6,0.0,48.6,65.0,2.83,70.78,56.79,IT,Đà Nẵng,Male
7587,23,20.7,89.1,50.4,7.8,4.5,1.8,55.6,69.0,2.37,59.26,62.32,SE,Đà Nẵng,Female
7588,21,26.4,88.8,84.0,5.9,5.4,0.0,57.9,94.4,3.63,90.67,76.13,DS,Hà Nội,Female
7589,20,35.3,96.5,65.3,9.2,7.6,2.4,74.9,100.0,3.61,90.29,87.44,SE,TP.HCM,Male
7590,28,23.6,98.9,95.3,,5.9,2.8,63.8,91.5,3.68,92.03,77.67,AI,Hà Nội,Male
7591,20,17.4,83.6,90.9,5.4,7.3,2.2,37.3,65.8,2.5,62.44,51.58,IT,Đà Nẵng,Female
7592,23,12.7,90.3,77.1,7.7,7.0,5.8,42.0,61.4,2.53,63.21,51.71,IT,TP.HCM,Female
7593,30,15.2,100.0,66.7,8.5,5.0,2.2,46.7,58.6,2.48,62.0,52.64,DS,Huế,Female
7594,25,31.9,84.3,82.2,2.3,7.8,5.1,66.8,100.0,4.0,100.0,83.39,IT,Cần Thơ,Male
7595,24,22.4,74.3,70.4,3.6,7.4,2.9,49.3,72.5,3.25,81.17,60.9,CS,TP.HCM,Male
7596,28,20.1,81.2,91.8,1.8,7.0,5.5,44.1,77.5,3.48,87.08,60.78,AI,Cần Thơ,Female
7597,18,19.3,72.0,88.3,3.8,6.2,0.0,40.0,61.3,2.64,65.94,50.65,IT,Huế,Female
7598,28,25.7,88.7,100.0,2.8,7.5,0.9,63.0,100.0,3.97,99.26,81.51,CE,Hà Nội,Female
7599,23,23.1,95.6,73.3,7.3,5.4,2.1,41.1,81.4,2.89,72.31,61.26,AI,Hà Nội,Female
7600,24,22.8,83.8,75.4,6.6,5.8,4.9,62.6,82.8,3.15,78.86,72.71,AI,Đà Nẵng,Female
7601,29,35.8,68.8,77.7,5.6,7.4,2.1,52.5,82.2,3.02,75.43,67.37,DS,Hà Nội,Female
7602,24,37.3,95.2,78.3,6.1,8.2,1.5,63.9,100.0,4.0,100.0,81.95,CS,TP.HCM,Male
7603,26,12.1,67.2,95.4,9.0,6.4,3.4,35.4,61.6,2.88,72.0,48.49,SE,Cần Thơ,Female
7604,28,27.6,69.5,75.9,,7.5,3.9,49.3,61.9,2.3,57.39,55.56,DS,TP.HCM,Female
7605,28,18.8,83.2,100.0,1.2,7.2,1.3,49.9,74.1,2.67,66.69,62.0,SE,Cần Thơ,Male
7606,27,23.0,87.5,88.7,7.8,7.5,1.5,54.4,81.9,3.07,76.78,68.14,DS,Huế,Female
7607,22,27.5,89.2,72.7,5.0,6.2,5.0,47.4,88.0,3.87,96.86,67.72,IT,Cần Thơ,Male
7608,18,23.3,84.3,68.9,3.5,6.8,4.4,52.1,67.0,2.93,73.34,59.56,DS,Đà Nẵng,Female
7609,19,26.8,100.0,95.6,7.4,7.0,4.8,60.9,98.9,4.0,100.0,79.88,AI,Hà Nội,Female
7610,21,30.4,85.7,80.4,1.1,8.8,3.9,64.1,99.5,3.71,92.77,81.82,CS,TP.HCM,Male
7611,22,27.4,95.3,80.1,3.9,5.7,1.2,44.5,92.3,3.88,96.95,68.42,IT,TP.HCM,Male
7612,26,19.8,92.9,71.0,0.0,5.3,2.5,50.2,73.7,2.96,74.0,61.97,SE,Hà Nội,Male
7613,28,20.0,72.1,79.1,6.6,10.0,0.9,35.4,76.4,3.23,80.73,55.91,DS,Huế,Male
7614,18,13.5,83.3,70.4,9.9,7.4,4.0,43.8,59.6,2.17,54.33,51.72,DS,Cần Thơ,Female
7615,20,18.2,100.0,100.0,4.6,7.7,1.7,50.4,62.7,2.5,62.61,56.56,IT,TP.HCM,Female
7616,22,40.7,80.0,90.8,,7.8,0.0,72.2,100.0,3.88,97.06,86.12,SE,Đà Nẵng,Male
7617,20,18.7,78.3,77.4,10.5,7.9,2.7,58.0,75.9,3.18,79.38,66.98,AI,TP.HCM,Male
7618,21,15.5,86.7,77.2,7.6,8.1,4.2,41.9,78.3,3.57,89.3,60.11,SE,Hà Nội,Male
7619,20,27.6,80.3,81.4,12.0,7.9,0.4,59.9,80.0,2.94,73.46,69.95,CE,Đà Nẵng,Male
7620,21,24.1,,79.9,6.4,8.4,2.3,59.6,80.0,3.16,78.96,69.79,AI,Huế,Male
7621,30,23.4,80.2,65.6,6.6,7.2,1.7,49.0,75.4,3.23,80.63,62.22,IT,TP.HCM,Female
7622,30,36.3,99.3,51.5,9.6,8.3,4.0,72.9,100.0,3.92,97.95,86.45,CE,Cần Thơ,Female
7623,18,29.4,83.6,68.0,5.6,9.3,0.0,60.6,83.0,3.16,78.88,71.8,IT,Đà Nẵng,Female
7624,29,20.8,71.7,78.1,6.6,7.2,4.2,49.3,83.0,3.34,83.47,66.13,CS,TP.HCM,Female
7625,25,21.6,69.9,68.9,0.0,7.6,1.4,52.7,69.5,2.7,67.5,61.13,DS,Cần Thơ,Female
7626,21,21.0,100.0,92.3,10.3,6.3,2.3,43.9,76.4,3.41,85.17,60.15,DS,Đà Nẵng,Male
7627,24,32.0,82.8,76.6,7.0,6.8,3.8,62.5,94.2,3.83,95.81,78.34,CS,Cần Thơ,Female
7628,19,22.5,89.3,100.0,,7.4,4.7,49.0,71.6,2.97,74.14,60.3,DS,Đà Nẵng,Female
7629,19,10.7,77.3,71.6,8.3,6.5,2.6,44.8,65.2,2.43,60.86,54.99,AI,Cần Thơ,Male
7630,23,24.6,,82.1,3.0,7.1,1.4,53.6,86.7,3.49,87.36,70.16,CE,Cần Thơ,Male
7631,19,12.7,99.6,75.7,,7.4,1.7,51.6,69.0,2.75,68.71,60.33,DS,TP.HCM,Male
7632,23,42.5,78.5,86.6,7.4,8.8,4.2,77.6,100.0,4.0,100.0,88.78,CS,Đà Nẵng,Male
7633,28,,89.6,96.0,6.1,6.0,1.2,52.3,79.0,3.29,82.29,65.66,CE,Huế,Female
7634,19,23.7,70.9,89.1,7.1,7.5,3.0,60.9,85.4,3.3,82.59,73.16,IT,Cần Thơ,Female
7635,21,27.1,100.0,49.5,6.6,6.3,2.5,52.6,98.9,3.98,99.52,75.75,CS,TP.HCM,Male
7636,24,22.7,87.7,87.5,7.6,7.9,3.6,65.9,89.9,3.79,94.75,77.9,CE,TP.HCM,Male
7637,25,22.7,80.9,64.8,2.7,8.0,2.6,46.5,80.9,3.11,77.84,63.74,CE,Đà Nẵng,Male
7638,20,28.4,82.0,75.4,9.2,9.0,1.8,49.2,76.1,3.43,85.64,62.65,IT,TP.HCM,Female
7639,30,37.2,79.9,90.3,4.8,6.5,1.7,62.8,87.2,3.26,81.38,75.04,CE,Hà Nội,Female
7640,26,31.1,80.4,63.2,6.1,7.2,1.7,57.1,86.3,3.4,84.99,71.68,DS,Cần Thơ,Male
7641,19,36.8,60.5,97.3,4.5,8.0,0.4,49.8,91.1,3.46,86.6,70.46,IT,Đà Nẵng,Female
7642,25,16.6,84.0,74.7,5.3,7.8,3.3,41.6,72.5,3.0,75.03,57.05,DS,Hà Nội,Male
7643,25,27.5,,100.0,6.6,4.0,2.8,31.2,56.8,2.28,56.88,44.03,AI,Cần Thơ,Male
7644,30,26.2,89.9,81.0,7.8,6.2,0.3,48.0,86.0,3.17,79.28,67.02,SE,Đà Nẵng,Male
7645,21,,79.8,100.0,8.3,7.7,1.9,52.9,94.1,4.0,100.0,73.49,AI,Đà Nẵng,Male
7646,18,,77.3,98.0,7.1,6.7,2.1,74.8,100.0,3.88,97.08,87.39,AI,Huế,Male
7647,30,23.2,84.9,70.8,4.5,8.0,1.6,60.5,96.3,3.46,86.41,78.4,IT,TP.HCM,Female
7648,18,,68.9,60.5,6.9,8.3,2.3,54.1,71.4,2.9,72.54,62.72,DS,Đà Nẵng,Female
7649,19,29.3,86.4,81.7,6.6,6.7,2.3,76.2,93.3,3.76,93.88,84.71,IT,TP.HCM,Male
7650,29,10.8,66.4,71.3,6.1,7.7,3.8,29.6,56.4,2.13,53.24,42.99,DS,Hà Nội,Male
7651,26,23.1,96.2,100.0,7.3,8.7,2.5,56.3,92.5,3.53,88.31,74.38,IT,TP.HCM,Female
7652,30,23.9,91.8,76.3,2.8,8.2,3.4,72.0,100.0,4.0,99.89,85.99,CS,Huế,Female
7653,19,17.6,75.7,75.5,0.9,6.1,0.4,45.8,75.1,2.79,69.83,60.44,AI,Hà Nội,Male
7654,19,33.5,91.6,59.1,9.0,6.8,0.9,57.6,87.3,3.66,91.54,72.44,DS,Huế,Female
7655,23,16.5,86.1,86.3,5.7,7.0,0.4,56.4,65.3,2.77,69.15,60.86,SE,Huế,Male
7656,24,23.9,74.9,62.4,7.0,5.9,1.9,50.0,89.9,3.61,90.23,69.94,CS,Hà Nội,Female
7657,30,27.3,64.8,86.6,3.8,8.3,2.6,64.7,83.3,3.1,77.5,73.98,CS,Huế,Male
7658,24,35.8,88.2,88.7,9.2,6.2,5.0,71.3,95.1,3.58,89.52,83.24,SE,Cần Thơ,Male
7659,30,24.9,77.1,68.8,6.9,6.9,1.3,53.8,72.6,2.98,74.41,63.22,CE,TP.HCM,Female
7660,26,32.5,95.9,94.3,5.6,8.3,3.8,71.1,97.5,3.98,99.6,84.3,IT,Hà Nội,Male
7661,23,30.6,85.1,75.9,6.7,6.5,1.3,59.0,100.0,4.0,100.0,79.48,CE,Huế,Male
7662,25,26.0,78.0,57.9,1.6,6.6,2.5,57.2,82.2,3.39,84.8,69.67,IT,Hà Nội,Female
7663,28,16.3,100.0,100.0,6.9,7.4,2.3,56.6,85.7,3.53,88.3,71.13,IT,Huế,Male
7664,23,13.5,90.8,66.1,9.7,6.5,1.1,45.8,72.9,2.92,73.01,59.37,IT,TP.HCM,Female
7665,19,25.9,48.4,87.6,6.8,8.8,1.2,63.0,77.3,3.11,77.73,70.16,DS,Đà Nẵng,Male
7666,18,20.7,80.1,86.4,6.5,5.9,4.9,53.0,60.7,2.1,52.58,56.88,CS,TP.HCM,Female
7667,22,32.4,71.2,85.8,5.2,4.2,1.7,62.1,98.0,3.93,98.13,80.04,SE,Huế,Male
7668,26,31.0,77.0,85.6,8.7,8.0,4.0,49.9,80.0,3.17,79.2,64.94,SE,Huế,Female
7669,25,23.5,83.6,65.4,9.1,6.6,3.5,50.3,66.8,2.51,62.72,58.56,DS,Huế,Male
7670,30,15.7,88.5,100.0,4.9,6.0,1.6,51.3,59.1,2.48,62.09,55.23,CE,Hà Nội,Male
7671,21,29.1,87.6,94.3,6.9,7.5,2.5,66.5,98.8,3.94,98.51,82.65,CE,Hà Nội,Female
7672,22,16.9,95.8,87.1,6.6,7.5,2.7,62.6,88.0,3.58,89.42,75.28,CE,Hà Nội,Male
7673,30,18.9,91.4,60.0,7.0,6.1,3.2,44.9,57.0,1.88,47.06,50.96,SE,Đà Nẵng,Male
7674,22,17.2,90.7,65.3,4.1,8.4,1.9,45.3,69.5,2.74,68.59,57.38,CS,Huế,Male
7675,23,23.9,87.0,89.9,8.9,8.0,0.2,46.7,83.9,3.49,87.14,65.34,IT,Cần Thơ,Female
7676,20,34.4,97.9,49.9,7.4,9.4,1.4,69.2,100.0,3.92,98.1,84.58,CE,Hà Nội,Male
7677,22,25.0,81.8,85.1,9.0,6.4,4.2,66.6,83.3,3.3,82.38,74.93,DS,Hà Nội,Female
7678,19,21.5,82.1,60.0,3.2,7.2,2.5,52.2,77.7,3.16,78.89,64.96,IT,Huế,Male
7679,27,12.8,65.9,67.0,3.4,7.3,1.9,44.9,68.8,2.75,68.8,56.88,AI,Đà Nẵng,Female
7680,18,29.4,,58.8,11.1,6.6,0.3,62.4,99.4,4.0,100.0,80.89,CS,Cần Thơ,Male
7681,28,18.8,84.2,83.7,8.9,7.5,4.4,48.2,79.0,3.27,81.73,63.61,IT,Hà Nội,Female
7682,18,25.9,100.0,96.7,4.0,7.6,2.2,50.3,84.5,3.47,86.83,67.4,DS,TP.HCM,Female
7683,27,22.2,80.9,85.2,8.2,7.6,4.1,61.7,71.9,2.94,73.55,66.82,CS,Cần Thơ,Female
7684,24,31.7,,86.9,4.8,6.6,3.5,62.8,96.7,4.0,100.0,79.74,CS,Cần Thơ,Male
7685,19,23.7,,82.5,1.8,6.7,3.7,52.3,89.5,3.67,91.63,70.86,IT,Cần Thơ,Male
7686,21,24.5,74.0,90.2,0.7,6.3,5.0,77.0,83.1,3.11,77.63,80.05,AI,Cần Thơ,Female
7687,22,28.9,88.6,87.0,5.9,6.1,2.7,59.9,93.4,3.94,98.57,76.66,CS,Cần Thơ,Male
7688,24,41.9,85.3,39.3,9.9,6.9,2.3,56.4,100.0,3.85,96.14,78.18,CS,Huế,Male
7689,19,32.1,82.0,93.6,9.8,8.8,4.8,66.3,81.7,3.38,84.53,73.98,SE,Cần Thơ,Male
7690,23,24.3,96.7,92.0,9.2,9.4,3.8,43.9,80.9,3.01,75.13,62.42,DS,Cần Thơ,Male
7691,18,25.0,76.0,74.6,8.1,8.6,1.4,58.7,84.7,3.06,76.43,71.7,IT,TP.HCM,Female
7692,24,20.8,87.7,50.4,6.8,6.4,4.1,57.1,77.1,3.03,75.72,67.08,AI,Đà Nẵng,Male
7693,26,17.4,99.5,83.6,8.9,7.5,4.8,63.3,91.6,4.0,99.97,77.49,IT,Đà Nẵng,Female
7694,22,20.6,77.9,84.9,1.0,4.5,0.0,44.6,63.9,2.36,58.89,54.25,SE,Hà Nội,Female
7695,22,18.8,82.0,73.4,8.5,6.8,0.6,49.2,92.0,3.46,86.57,70.62,CS,Hà Nội,Female
7696,21,30.2,100.0,82.8,3.2,6.5,1.3,62.2,97.7,3.77,94.14,79.92,CS,Huế,Female
7697,20,16.4,,96.1,3.7,9.2,3.6,57.3,75.3,2.62,65.62,66.29,CE,Cần Thơ,Male
7698,26,35.7,79.9,100.0,7.7,7.3,3.7,67.0,100.0,4.0,100.0,83.5,SE,Đà Nẵng,Female
7699,22,31.0,93.0,82.2,8.3,7.1,3.3,66.1,85.5,3.8,94.89,75.81,IT,Hà Nội,Female
7700,25,25.2,79.3,85.0,,6.9,3.8,64.9,100.0,3.97,99.14,82.46,CE,Đà Nẵng,Female
7701,26,,69.4,67.6,7.6,6.7,0.8,52.5,73.6,2.79,69.79,63.04,CE,Đà Nẵng,Male
7702,22,20.5,98.7,72.5,7.4,7.6,0.7,66.2,95.6,3.73,93.18,80.88,CS,Đà Nẵng,Female
7703,27,27.2,74.0,78.0,5.2,6.2,4.4,55.8,83.1,3.12,78.02,69.45,CS,Hà Nội,Female
7704,26,33.7,100.0,97.7,6.4,7.7,2.7,72.0,96.9,3.9,97.43,84.46,CE,Cần Thơ,Male
7705,19,19.4,80.1,92.3,11.2,8.7,4.3,47.8,81.3,3.43,85.76,64.58,AI,Hà Nội,Male
7706,26,12.7,100.0,100.0,5.3,7.1,1.5,54.0,79.4,3.52,87.95,66.71,SE,Đà Nẵng,Male
7707,28,30.6,71.3,57.6,5.4,6.6,0.9,67.4,100.0,3.84,96.11,83.68,DS,Cần Thơ,Female
7708,21,27.6,95.3,60.1,6.4,6.9,0.6,51.9,92.6,3.52,88.12,72.23,CS,Đà Nẵng,Female
7709,23,16.0,90.0,96.5,5.5,8.4,3.7,57.6,71.5,2.98,74.5,64.56,AI,Đà Nẵng,Female
7710,23,19.1,93.4,100.0,8.0,7.2,4.2,54.7,64.8,2.54,63.51,59.77,DS,TP.HCM,Male
7711,23,18.1,94.7,80.5,9.7,6.3,3.3,68.1,78.6,3.13,78.31,73.36,DS,Hà Nội,Female
7712,19,19.2,80.0,13.0,5.4,8.0,1.8,49.4,76.4,3.0,75.0,62.92,CS,Cần Thơ,Male
7713,24,22.4,71.9,68.8,3.9,6.1,3.5,54.8,74.1,3.02,75.49,64.46,DS,Huế,Male
7714,30,22.9,84.5,85.0,10.9,6.7,3.4,53.7,87.0,3.58,89.62,70.35,DS,Đà Nẵng,Female
7715,23,19.8,87.2,66.5,6.3,7.3,0.0,57.9,84.0,3.36,83.96,70.95,IT,Cần Thơ,Female
7716,28,18.9,80.3,82.8,1.7,6.0,2.0,34.9,58.3,2.19,54.7,46.58,CS,Đà Nẵng,Male
7717,18,23.2,87.8,100.0,10.7,4.9,2.9,45.0,75.7,3.23,80.85,60.31,CS,TP.HCM,Male
7718,19,26.3,88.3,100.0,8.8,7.5,4.2,63.0,82.5,3.27,81.72,72.76,IT,TP.HCM,Female
7719,24,22.5,75.9,92.1,10.0,4.4,2.4,53.4,80.9,3.52,88.02,67.17,SE,Cần Thơ,Male
7720,18,34.3,88.9,79.0,9.6,5.9,2.7,49.0,96.6,3.66,91.39,72.82,SE,Huế,Male
7721,18,29.1,82.3,72.6,12.6,7.9,2.4,54.4,82.9,3.22,80.42,68.64,CE,Hà Nội,Male
7722,18,12.3,78.0,91.4,3.4,7.5,2.9,43.0,50.1,1.73,43.13,46.53,AI,Hà Nội,Female
7723,25,29.2,92.9,80.4,,6.8,0.4,57.2,100.0,4.0,100.0,78.59,CS,Hà Nội,Female
7724,21,29.8,77.2,80.9,4.8,5.9,1.6,66.0,94.5,3.86,96.56,80.22,DS,TP.HCM,Female
7725,21,21.5,80.4,56.7,4.7,6.5,0.0,62.6,85.4,3.53,88.2,74.02,CE,Huế,Male
7726,30,13.0,85.7,69.3,6.3,7.7,1.8,30.9,46.9,1.8,45.03,38.85,CS,Huế,Female
7727,19,25.1,98.7,91.3,4.8,6.8,3.2,57.7,95.1,3.96,98.97,76.41,DS,TP.HCM,Female
7728,28,24.9,86.9,63.5,3.0,5.5,1.3,57.6,94.7,3.9,97.44,76.13,CS,Hà Nội,Female
7729,28,16.0,90.3,84.0,3.8,5.9,2.1,39.5,72.6,2.79,69.85,56.01,CE,Huế,Male
7730,28,13.4,82.0,86.2,5.3,6.5,3.1,56.7,72.2,3.27,81.76,64.46,SE,Huế,Male
7731,18,24.3,84.2,87.1,8.9,7.4,6.6,58.6,84.6,3.39,84.73,71.6,AI,TP.HCM,Female
7732,29,23.1,84.5,88.4,4.6,7.1,2.4,61.4,77.5,3.14,78.53,69.48,SE,Hà Nội,Male
7733,27,21.7,87.9,89.4,8.0,5.5,3.6,51.1,74.0,3.14,78.41,62.55,CE,Hà Nội,Male
7734,26,24.3,82.0,70.6,2.7,8.6,2.2,49.7,78.8,3.0,74.98,64.24,DS,TP.HCM,Male
7735,24,16.2,98.4,58.0,0.0,6.1,3.0,47.6,84.3,3.37,84.19,65.94,CE,Huế,Male
7736,21,21.5,81.3,66.9,5.7,7.5,2.5,52.5,80.5,3.08,77.03,66.48,AI,Huế,Female
7737,29,29.3,67.9,90.9,4.5,5.9,1.9,53.9,77.7,2.86,71.56,65.8,CS,Cần Thơ,Male
7738,23,22.2,100.0,62.0,3.8,10.0,2.2,63.4,84.0,3.47,86.66,73.7,SE,Huế,Female
7739,19,11.6,81.7,64.4,3.5,8.6,4.4,66.0,55.1,1.68,42.03,60.53,DS,TP.HCM,Male
7740,24,21.2,,64.3,4.2,6.1,2.9,60.0,89.5,3.27,81.82,74.75,DS,Huế,Male
7741,19,16.4,99.0,52.3,3.5,7.1,0.7,37.6,70.9,2.99,74.7,54.26,SE,Hà Nội,Female
7742,27,27.1,94.5,62.8,3.8,5.8,1.9,60.7,93.4,3.43,85.81,77.04,SE,Hà Nội,Male
7743,25,27.6,83.0,95.0,2.6,6.6,1.2,49.2,100.0,3.88,96.98,74.6,DS,Hà Nội,Male
7744,25,11.7,87.9,69.2,,7.5,3.9,43.9,62.1,2.54,63.38,53.0,CS,Đà Nẵng,Female
7745,18,31.1,72.3,53.8,0.5,8.0,1.4,58.9,90.7,3.73,93.24,74.79,SE,Đà Nẵng,Female
7746,30,16.1,100.0,72.3,12.2,5.5,3.8,50.1,71.6,2.97,74.13,60.86,DS,TP.HCM,Male
7747,25,37.5,76.5,87.7,5.8,6.1,4.0,56.8,94.4,3.91,97.75,75.59,SE,Huế,Male
7748,19,24.6,82.5,52.5,,8.1,2.7,59.7,77.1,2.87,71.79,68.42,CE,Hà Nội,Female
7749,23,15.0,86.0,94.3,5.6,8.6,3.3,34.2,56.2,2.35,58.77,45.22,CS,Hà Nội,Male
7750,30,15.9,83.9,58.4,5.6,6.1,1.7,52.4,58.6,2.25,56.26,55.5,AI,Đà Nẵng,Female
7751,18,27.8,78.4,74.1,6.8,8.1,3.8,50.8,74.6,2.45,61.24,62.73,AI,Cần Thơ,Male
7752,22,21.9,98.9,73.9,7.6,5.5,0.6,58.3,88.7,3.88,96.96,73.54,IT,Đà Nẵng,Male
7753,28,24.2,94.5,71.6,2.9,6.6,1.8,47.3,80.9,3.14,78.62,64.06,SE,TP.HCM,Male
7754,24,37.9,88.2,79.0,5.1,5.6,2.0,68.4,100.0,4.0,100.0,84.2,CS,Đà Nẵng,Male
7755,30,19.4,81.0,91.7,6.8,6.5,4.0,62.0,75.7,2.87,71.64,68.85,IT,TP.HCM,Male
7756,27,25.5,95.6,79.4,,9.3,5.1,54.0,88.0,3.63,90.65,71.02,SE,Hà Nội,Female
7757,18,36.4,80.4,70.9,9.2,6.9,1.8,59.7,98.2,3.84,96.09,78.94,DS,Cần Thơ,Male
7758,19,27.2,100.0,86.9,8.7,6.7,2.4,63.6,94.9,3.64,91.06,79.24,DS,TP.HCM,Female
7759,24,12.1,86.1,83.1,0.7,6.3,0.7,48.6,65.8,3.14,78.42,57.21,AI,Đà Nẵng,Female
7760,23,29.0,97.3,70.0,3.8,6.6,2.4,51.0,96.7,3.3,82.55,73.84,SE,Hà Nội,Male
7761,20,15.7,83.9,80.6,,6.0,4.2,57.7,58.2,2.22,55.54,57.92,SE,Huế,Male
7762,27,36.3,85.7,68.7,8.1,7.2,0.0,71.1,97.9,3.96,98.89,84.52,CS,Huế,Female
7763,19,18.4,97.3,67.0,9.8,7.0,2.5,63.0,77.5,2.86,71.5,70.26,IT,Huế,Male
7764,27,48.8,100.0,92.1,4.4,6.5,3.6,80.7,100.0,3.85,96.21,90.33,IT,TP.HCM,Female
7765,21,36.7,100.0,86.7,11.8,6.3,2.6,81.7,100.0,4.0,100.0,90.86,IT,Hà Nội,Male
7766,20,18.6,93.8,91.6,5.9,7.2,2.2,39.0,65.8,2.12,53.04,52.38,AI,Cần Thơ,Female
7767,24,25.2,90.9,89.5,5.4,6.1,3.8,68.9,92.8,4.0,100.0,80.85,SE,Cần Thơ,Male
7768,25,31.0,79.9,66.7,7.4,6.7,1.3,57.3,97.1,3.92,97.96,77.2,CE,Hà Nội,Male
7769,19,31.3,88.0,95.0,6.8,6.5,1.3,57.6,99.3,4.0,100.0,78.44,CS,Huế,Male
7770,27,28.5,75.9,75.5,6.6,4.4,0.0,52.4,92.6,3.7,92.41,72.49,DS,Huế,Female
7771,24,,88.8,93.9,11.0,8.0,3.0,68.4,100.0,3.88,97.02,84.2,IT,Huế,Male
7772,25,24.0,89.4,78.1,6.6,4.8,2.8,62.4,89.6,3.52,88.05,76.01,DS,Hà Nội,Male
7773,23,22.1,,84.7,3.5,4.9,1.6,47.9,70.5,2.84,70.98,59.16,IT,Cần Thơ,Male
7774,23,22.2,85.4,85.1,3.9,8.1,1.2,56.5,79.7,3.08,76.92,68.12,CE,TP.HCM,Male
7775,27,31.9,89.1,92.2,9.7,5.7,2.4,83.0,96.5,3.78,94.54,89.74,IT,Huế,Male
7776,18,27.9,84.2,55.5,7.7,4.5,2.6,53.5,92.1,3.77,94.17,72.84,AI,Đà Nẵng,Male
7777,21,27.3,88.6,56.4,2.1,8.6,0.7,55.8,74.4,2.69,67.23,65.1,AI,Huế,Male
7778,18,31.4,71.6,90.1,2.0,6.2,0.0,69.9,83.5,3.45,86.27,76.69,CS,Huế,Female
7779,21,8.6,77.2,85.3,6.1,8.5,0.0,31.2,70.0,3.27,81.81,50.63,DS,Cần Thơ,Female
7780,19,27.5,95.3,68.4,7.5,5.9,0.3,61.8,92.5,4.0,100.0,77.13,CS,Huế,Female
7781,28,26.7,85.0,85.5,,5.0,0.7,39.7,81.7,3.33,83.19,60.71,DS,Hà Nội,Male
7782,30,38.4,88.4,58.9,1.8,6.6,2.4,56.7,91.0,3.39,84.72,73.82,DS,Đà Nẵng,Male
7783,22,,79.5,100.0,,5.6,2.6,37.6,66.0,2.92,72.95,51.81,SE,Cần Thơ,Male
7784,27,37.5,85.2,99.7,10.1,7.5,2.2,59.3,100.0,3.96,99.05,79.65,CE,Huế,Female
7785,26,25.6,62.0,89.3,7.2,7.8,3.0,44.1,85.1,3.69,92.22,64.63,CE,Hà Nội,Female
7786,28,28.9,,81.1,8.5,8.1,3.1,62.2,81.7,3.11,77.84,71.94,AI,TP.HCM,Male
7787,29,38.4,100.0,70.7,8.9,6.6,3.0,79.3,100.0,3.88,97.06,89.65,AI,Huế,Male
7788,27,29.5,74.3,60.3,4.4,8.7,2.6,73.6,93.5,3.83,95.86,83.51,DS,Huế,Female
7789,20,28.2,75.6,78.3,5.1,5.9,0.9,49.8,63.1,2.39,59.69,56.45,SE,Hà Nội,Female
7790,25,,89.4,67.1,5.6,7.2,0.5,64.1,79.6,3.56,89.0,71.85,DS,Cần Thơ,Male
7791,20,21.1,99.7,68.0,7.0,6.8,1.7,64.9,73.6,3.06,76.39,69.22,SE,Hà Nội,Female
7792,23,24.8,85.0,58.7,8.7,9.4,4.2,57.2,89.2,3.92,98.06,73.21,CE,TP.HCM,Female
7793,21,19.3,72.7,83.7,10.7,8.4,6.0,55.7,72.0,2.65,66.31,63.83,SE,Đà Nẵng,Female
7794,25,24.6,82.9,74.3,8.0,7.0,3.3,59.4,79.5,3.01,75.16,69.45,CE,Huế,Female
7795,28,6.3,74.7,88.0,8.1,7.2,3.0,44.4,55.4,2.76,69.06,49.91,SE,TP.HCM,Male
7796,23,28.4,78.3,86.9,10.8,8.8,4.1,52.5,98.6,3.62,90.57,75.58,DS,Huế,Female
7797,25,24.0,82.0,83.4,5.5,6.1,4.8,40.4,73.4,3.21,80.17,56.87,CS,Hà Nội,Female
7798,18,22.3,75.7,100.0,9.0,4.6,1.1,50.5,79.7,3.23,80.74,65.11,CE,Hà Nội,Female
7799,23,26.8,77.2,92.4,7.4,5.8,6.9,50.9,85.9,3.35,83.82,68.42,AI,Hà Nội,Male
7800,18,13.5,,61.1,7.5,6.5,4.9,45.9,57.8,2.51,62.78,51.86,CE,Đà Nẵng,Male
7801,18,40.4,87.2,86.9,5.5,8.6,0.5,75.6,100.0,4.0,100.0,87.8,CS,Đà Nẵng,Female
7802,25,24.2,70.8,79.2,2.5,8.2,1.0,64.5,90.7,3.64,91.05,77.6,CE,TP.HCM,Female
7803,24,23.8,89.0,59.9,6.9,6.9,6.7,57.3,91.8,3.73,93.25,74.59,CS,Cần Thơ,Female
7804,20,17.3,81.2,58.7,6.9,7.6,4.1,41.3,67.5,2.73,68.31,54.36,SE,TP.HCM,Female
7805,23,25.2,92.2,86.8,4.6,6.1,1.6,54.8,94.3,3.76,93.94,74.56,DS,Huế,Female
7806,26,36.1,92.8,90.5,5.8,9.5,2.6,60.2,100.0,3.67,91.67,80.1,SE,TP.HCM,Male
7807,24,33.3,79.6,64.3,3.8,8.5,3.6,62.8,95.1,3.63,90.72,78.95,DS,Đà Nẵng,Female
7808,29,31.8,91.1,94.6,3.8,7.1,3.8,59.0,100.0,4.0,100.0,79.52,AI,TP.HCM,Female
7809,20,29.4,76.6,84.3,4.8,6.9,4.6,65.3,100.0,3.9,97.38,82.65,CE,Hà Nội,Female
7810,30,22.1,98.2,97.9,2.7,7.8,2.9,50.0,90.3,3.41,85.18,70.15,IT,Cần Thơ,Male
7811,23,13.4,77.0,96.3,4.5,6.9,2.9,63.0,71.6,2.79,69.79,67.27,AI,Hà Nội,Male
7812,28,23.4,88.5,77.6,7.8,4.8,2.0,44.8,75.7,2.98,74.47,60.24,SE,Huế,Male
7813,21,23.1,83.1,100.0,9.6,8.8,1.1,57.1,87.1,3.2,79.93,72.09,AI,Hà Nội,Male
7814,30,33.4,74.8,63.1,11.2,8.4,1.0,49.2,89.8,3.56,88.95,69.48,SE,Đà Nẵng,Male
7815,20,27.5,94.0,100.0,5.0,7.4,2.3,67.6,100.0,4.0,100.0,83.78,CE,Huế,Female
7816,26,,78.9,66.8,9.0,6.5,3.0,65.6,93.1,3.58,89.49,79.34,DS,Hà Nội,Female
7817,27,34.6,68.0,79.3,6.8,7.0,0.3,62.7,100.0,4.0,100.0,81.34,IT,Hà Nội,Female
7818,19,21.3,56.2,71.5,5.4,3.8,5.6,42.7,54.6,2.74,68.52,48.65,SE,TP.HCM,Female
7819,18,10.6,76.2,74.3,7.0,5.7,1.5,52.6,63.8,2.49,62.21,58.16,SE,Cần Thơ,Male
7820,19,36.1,98.8,100.0,8.8,9.1,1.2,71.7,100.0,3.75,93.85,85.85,CE,Hà Nội,Male
7821,24,35.9,97.6,73.1,4.8,7.6,2.5,62.5,100.0,4.0,100.0,81.23,AI,Cần Thơ,Female
7822,27,,77.8,92.8,4.7,4.7,0.0,47.1,71.2,3.04,76.02,59.14,CE,Huế,Male
7823,18,37.1,81.3,76.5,5.0,6.0,3.0,58.3,100.0,4.0,100.0,79.16,CS,Cần Thơ,Female
7824,23,28.1,80.4,94.0,4.4,4.7,1.0,50.8,80.5,3.29,82.21,65.64,CS,Hà Nội,Male
7825,24,26.3,71.7,71.8,9.0,6.1,0.0,50.8,69.5,2.66,66.6,60.19,SE,Hà Nội,Female
7826,26,37.9,75.5,83.8,4.1,6.8,2.7,62.7,89.6,3.61,90.33,76.13,CE,Đà Nẵng,Female
7827,25,35.8,94.8,89.4,4.5,8.9,2.7,66.1,100.0,3.89,97.14,83.03,CS,TP.HCM,Male
7828,23,30.2,90.0,69.2,6.8,7.9,5.4,60.8,100.0,4.0,100.0,80.42,AI,Cần Thơ,Female
7829,20,28.8,87.7,100.0,6.6,6.6,2.8,53.3,85.9,3.64,90.95,69.6,CS,Cần Thơ,Female
7830,25,29.9,71.6,90.2,5.0,6.7,2.8,63.9,100.0,3.68,92.09,81.94,IT,TP.HCM,Female
7831,24,21.8,86.0,76.6,10.2,6.0,2.6,62.4,73.8,2.86,71.59,68.12,CE,Cần Thơ,Female
7832,20,24.6,62.0,69.5,4.4,8.3,0.0,59.6,65.4,2.78,69.62,62.5,SE,TP.HCM,Male
7833,26,17.8,93.4,81.4,5.6,8.5,2.6,57.6,81.7,3.02,75.61,69.69,CE,Huế,Male
7834,29,22.3,87.6,61.8,1.2,5.4,2.4,36.1,70.0,2.81,70.16,53.08,AI,Huế,Female
7835,19,22.1,71.5,100.0,5.2,4.9,2.3,44.8,67.0,2.33,58.16,55.87,SE,Cần Thơ,Female
7836,20,19.9,100.0,86.5,2.7,6.6,1.2,43.8,79.2,3.09,77.2,61.5,CE,Đà Nẵng,Female
7837,19,26.1,67.0,78.7,3.7,6.8,3.3,41.3,64.5,2.57,64.32,52.91,CE,Hà Nội,Male
7838,30,22.4,,95.7,1.1,7.3,1.0,63.9,91.4,3.42,85.5,77.65,DS,Cần Thơ,Male
7839,18,29.0,90.6,69.2,,5.0,3.6,73.1,98.8,3.98,99.45,85.93,AI,Huế,Female
7840,21,12.0,72.6,62.7,5.8,6.1,3.1,45.0,59.2,2.47,61.83,52.08,CS,Cần Thơ,Male
7841,22,24.1,84.6,78.0,5.4,6.9,4.6,59.3,85.9,3.25,81.29,72.61,SE,TP.HCM,Male
7842,30,26.1,68.6,81.9,,6.1,1.8,52.1,94.9,3.94,98.47,73.5,AI,TP.HCM,Male
7843,23,,56.5,88.0,5.2,8.0,4.5,59.1,72.1,3.09,77.2,65.6,DS,Huế,Male
7844,22,23.6,74.3,57.9,4.7,9.2,2.8,56.0,75.9,3.0,74.9,65.93,AI,Hà Nội,Female
7845,18,12.3,78.8,73.2,5.9,6.4,2.4,42.2,68.7,2.39,59.81,55.44,AI,TP.HCM,Female
7846,20,27.9,91.4,33.7,5.7,8.1,1.2,63.8,87.9,3.39,84.72,75.87,DS,Huế,Female
7847,18,30.2,85.7,62.3,6.7,6.6,3.1,59.1,95.5,3.87,96.86,77.3,IT,Đà Nẵng,Male
7848,28,28.9,85.9,90.7,5.5,5.9,1.8,61.1,98.1,3.69,92.31,79.58,IT,Huế,Female
7849,22,33.3,74.9,94.4,4.9,6.1,2.5,66.4,100.0,3.97,99.2,83.21,IT,Huế,Male
7850,22,26.6,79.7,62.9,7.9,7.9,3.7,85.1,93.6,3.57,89.28,89.34,CS,Hà Nội,Female
7851,29,28.8,75.7,75.1,7.5,6.2,2.5,71.4,81.7,3.26,81.59,76.52,SE,Hà Nội,Female
7852,28,26.2,72.8,80.4,5.9,6.5,3.0,56.7,80.4,3.17,79.32,68.58,CE,Hà Nội,Male
7853,30,30.5,79.1,96.2,9.0,5.6,4.8,52.7,88.3,3.52,88.1,70.51,CS,Đà Nẵng,Male
7854,23,,85.7,100.0,6.2,7.8,3.3,30.2,55.5,2.32,57.92,42.87,CS,TP.HCM,Female
7855,25,17.9,79.3,82.3,5.6,7.5,1.5,59.9,78.0,3.06,76.62,68.95,DS,Huế,Male
7856,27,37.7,81.8,76.1,5.8,8.7,1.9,73.9,100.0,4.0,100.0,86.97,CE,Hà Nội,Female
7857,29,5.3,91.9,58.3,6.4,7.7,2.7,38.1,53.3,2.41,60.32,45.68,CS,TP.HCM,Female
7858,18,23.9,80.0,81.6,3.7,7.5,5.7,54.3,73.8,3.04,76.01,64.02,SE,TP.HCM,Female
7859,21,34.4,71.7,100.0,1.3,7.7,0.5,63.1,100.0,4.0,100.0,81.55,AI,Đà Nẵng,Female
7860,27,24.3,90.6,99.4,6.7,6.7,2.8,61.2,77.6,2.99,74.85,69.43,DS,Cần Thơ,Male
7861,28,21.8,87.7,82.6,8.1,7.1,4.5,66.9,85.7,3.5,87.58,76.3,IT,Đà Nẵng,Female
7862,18,26.0,88.3,84.6,3.5,8.1,3.4,48.0,79.1,3.27,81.81,63.55,CS,TP.HCM,Female
7863,26,22.2,91.3,69.7,8.7,6.0,2.3,60.4,72.0,2.99,74.8,66.19,DS,Đà Nẵng,Male
7864,28,25.2,89.6,74.6,1.9,9.0,0.0,59.0,87.1,3.69,92.34,73.06,CE,Hà Nội,Female
7865,24,19.5,85.3,82.2,4.6,7.8,4.8,48.6,70.1,2.88,72.09,59.34,CS,Hà Nội,Female
7866,24,33.9,100.0,82.3,10.3,9.4,1.8,71.5,100.0,4.0,100.0,85.73,SE,Đà Nẵng,Female
7867,29,36.4,72.2,95.2,6.9,5.6,1.1,62.3,97.9,4.0,100.0,80.07,IT,TP.HCM,Male
7868,22,23.9,79.1,94.4,5.2,5.6,2.9,54.2,82.3,3.31,82.79,68.26,AI,Hà Nội,Male
7869,24,13.9,94.7,87.8,6.6,7.4,4.6,52.0,65.5,2.5,62.51,58.75,CE,Huế,Female
7870,29,20.8,86.4,65.0,9.0,7.1,3.1,50.1,73.4,3.05,76.27,61.78,AI,Huế,Male
7871,19,23.5,92.6,65.6,2.4,6.5,2.0,61.4,89.7,3.72,92.96,75.55,IT,Đà Nẵng,Male
7872,30,29.0,86.7,66.7,9.3,5.5,2.9,56.8,82.7,3.23,80.85,69.76,AI,Hà Nội,Male
7873,21,16.9,98.7,83.5,4.8,6.7,2.7,65.2,83.2,3.25,81.35,74.2,IT,TP.HCM,Female
7874,24,18.8,74.9,49.6,7.8,7.3,1.8,52.1,76.3,3.08,76.96,64.19,SE,TP.HCM,Male
7875,20,29.1,98.4,79.9,4.5,5.4,2.6,56.6,99.4,4.0,100.0,77.95,SE,TP.HCM,Female
7876,19,32.5,96.7,100.0,10.2,6.5,1.3,66.2,96.6,3.76,94.08,81.38,AI,Hà Nội,Female
7877,27,20.0,72.9,90.0,5.9,7.5,1.0,58.4,73.8,2.67,66.87,66.09,DS,Huế,Male
7878,19,14.3,91.3,74.7,2.7,7.9,3.3,37.6,68.8,2.46,61.44,53.21,CS,Cần Thơ,Male
7879,30,,84.6,69.5,7.2,6.7,1.9,85.6,100.0,3.74,93.51,92.82,AI,TP.HCM,Female
7880,18,31.3,78.9,92.1,9.3,6.0,2.5,62.8,81.4,3.02,75.48,72.12,CE,Huế,Male
7881,22,22.9,66.1,84.6,9.0,7.1,1.3,51.8,78.1,3.02,75.51,64.99,AI,TP.HCM,Male
7882,29,32.0,74.9,76.3,6.2,6.8,1.6,55.1,87.0,3.38,84.45,71.05,CS,Cần Thơ,Female
7883,23,24.0,92.1,71.2,8.0,5.2,1.8,59.4,91.6,3.76,94.03,75.48,SE,Đà Nẵng,Female
7884,23,31.9,93.1,81.1,4.9,6.5,1.6,56.3,90.5,3.87,96.83,73.41,CE,Đà Nẵng,Female
7885,26,26.3,82.9,75.5,7.5,6.3,1.9,42.2,80.8,3.41,85.22,61.51,CE,Đà Nẵng,Female
7886,21,25.7,93.2,91.8,,7.0,2.8,52.9,72.2,2.74,68.6,62.54,AI,Hà Nội,Female
7887,18,24.1,94.5,98.6,0.0,6.1,4.6,55.2,90.4,3.5,87.42,72.8,IT,Đà Nẵng,Male
7888,23,13.4,86.5,59.5,3.5,6.3,3.6,52.6,66.4,3.15,78.8,59.52,CS,TP.HCM,Female
7889,22,40.5,77.8,61.6,6.5,6.8,2.0,65.4,100.0,3.7,92.43,82.7,CS,Cần Thơ,Male
7890,27,17.5,89.4,100.0,6.4,7.8,1.6,42.9,71.5,3.04,76.09,57.22,DS,Cần Thơ,Female
7891,23,14.1,,82.5,5.9,7.1,0.0,44.1,67.4,2.52,63.08,55.73,SE,Hà Nội,Male
7892,20,23.3,91.7,63.0,6.2,10.0,1.5,56.4,85.8,3.59,89.68,71.08,SE,Cần Thơ,Female
7893,19,17.3,93.7,94.7,9.0,5.5,0.9,56.9,79.7,3.43,85.66,68.3,AI,Đà Nẵng,Female
7894,23,24.6,71.4,85.1,6.9,8.1,2.6,60.2,83.5,3.38,84.51,71.89,CE,Hà Nội,Male
7895,30,30.5,79.9,100.0,0.2,6.9,5.0,49.6,75.8,3.25,81.19,62.73,CS,Đà Nẵng,Female
7896,18,33.0,66.0,76.5,10.9,5.3,1.9,60.0,95.7,4.0,100.0,77.84,IT,Hà Nội,Female
7897,24,31.5,,96.6,1.2,6.5,0.3,68.3,98.6,3.68,91.9,83.48,SE,Đà Nẵng,Female
7898,24,22.6,82.9,58.3,8.4,5.2,2.2,47.8,80.9,3.45,86.22,64.33,IT,TP.HCM,Male
7899,27,25.4,89.3,100.0,2.1,7.1,1.8,70.9,91.5,3.9,97.39,81.23,DS,Đà Nẵng,Male
7900,30,28.3,70.2,94.2,9.6,6.6,4.4,53.0,73.5,2.65,66.37,63.28,DS,Cần Thơ,Male
7901,24,10.9,99.0,100.0,5.3,6.2,0.0,55.7,94.3,3.84,96.11,74.99,IT,Huế,Female
7902,29,29.6,,96.7,7.0,5.7,1.0,63.3,90.5,3.59,89.72,76.89,IT,Hà Nội,Male
7903,28,13.3,92.7,78.5,1.0,8.2,3.6,43.8,56.3,2.38,59.55,50.02,AI,Hà Nội,Male
7904,27,41.3,86.2,62.4,7.8,6.8,0.1,69.0,100.0,4.0,100.0,84.52,CS,Hà Nội,Male
7905,18,21.8,83.1,71.0,7.0,7.3,3.4,64.0,80.3,3.38,84.62,72.18,CS,Huế,Male
7906,21,23.5,82.3,53.6,7.5,7.2,1.5,51.0,79.2,2.99,74.85,65.08,DS,Đà Nẵng,Male
7907,30,18.8,78.6,66.2,8.4,7.1,4.0,52.3,60.9,2.87,71.79,56.58,SE,Hà Nội,Male
7908,24,20.0,98.0,86.4,,6.6,2.4,43.4,78.2,3.17,79.29,60.79,SE,Hà Nội,Female
7909,28,43.2,,79.3,5.5,8.8,2.3,72.9,100.0,4.0,100.0,86.43,AI,Đà Nẵng,Female
7910,26,32.5,72.3,76.6,4.0,9.7,3.4,57.2,100.0,4.0,100.0,78.6,CE,Huế,Female
7911,22,12.6,81.2,68.1,4.9,8.7,2.5,50.6,66.8,2.94,73.49,58.69,SE,Cần Thơ,Male
7912,30,37.0,86.3,53.4,9.0,7.0,0.6,59.4,100.0,4.0,100.0,79.69,CE,Cần Thơ,Female
7913,19,34.5,94.0,82.7,3.9,6.9,1.7,67.4,100.0,4.0,100.0,83.7,DS,TP.HCM,Male
7914,24,22.8,79.0,85.7,1.4,8.3,0.1,51.3,82.8,3.11,77.85,67.03,DS,Hà Nội,Male
7915,27,27.5,79.6,65.1,3.5,6.1,1.2,37.7,80.1,3.41,85.3,58.94,CE,Hà Nội,Female
7916,18,24.9,85.2,72.0,7.5,9.1,0.0,57.1,94.6,3.64,90.98,75.83,CS,Huế,Female
7917,24,40.8,93.7,100.0,5.2,7.9,6.0,79.1,100.0,3.97,99.19,89.55,AI,TP.HCM,Female
7918,23,,71.3,97.4,7.5,6.7,2.5,41.4,73.7,2.73,68.36,57.58,CE,Hà Nội,Male
7919,24,26.2,90.1,57.7,1.0,7.3,3.3,53.3,82.8,3.18,79.56,68.05,DS,Huế,Male
7920,30,21.6,80.4,78.7,0.0,7.8,1.2,63.2,83.5,3.28,82.0,73.32,CS,Huế,Female
7921,27,13.5,81.8,100.0,6.7,6.5,3.3,51.6,59.4,2.5,62.46,55.49,AI,Đà Nẵng,Female
7922,20,42.5,100.0,76.8,8.5,8.2,3.7,69.4,100.0,4.0,100.0,84.72,CE,Cần Thơ,Male
7923,20,15.5,83.0,76.0,,8.5,3.9,51.3,70.8,2.76,68.91,61.05,AI,TP.HCM,Female
7924,24,26.8,92.5,96.4,7.3,6.7,2.4,54.3,96.8,3.99,99.75,75.51,IT,Cần Thơ,Male
7925,30,11.1,92.2,94.8,9.0,6.4,4.0,65.7,73.3,3.03,75.7,69.47,SE,Hà Nội,Male
7926,19,21.8,73.2,94.0,6.0,6.9,1.6,59.0,92.6,3.64,90.91,75.79,SE,Hà Nội,Male
7927,18,28.4,66.5,76.1,8.3,5.6,3.1,69.1,91.1,3.57,89.14,80.08,CS,Cần Thơ,Male
7928,26,18.4,93.2,89.9,6.5,5.0,2.6,53.5,77.5,3.03,75.78,65.47,CE,TP.HCM,Female
7929,26,29.7,,100.0,5.3,6.5,0.7,48.8,96.1,4.0,100.0,72.46,CE,Cần Thơ,Male
7930,24,22.8,68.4,79.3,8.1,5.8,0.0,56.2,88.6,3.42,85.42,72.37,SE,Hà Nội,Female
7931,24,34.3,95.3,73.9,10.8,9.1,2.1,74.4,94.5,4.0,100.0,84.48,SE,Cần Thơ,Female
7932,20,35.9,74.8,98.5,4.6,6.5,2.1,72.9,100.0,3.85,96.25,86.43,DS,Huế,Female
7933,27,20.3,77.3,100.0,5.8,7.5,2.1,39.2,74.7,2.9,72.53,56.91,CS,Đà Nẵng,Male
7934,19,25.6,100.0,100.0,3.5,6.2,4.1,60.8,97.0,3.98,99.44,78.92,CS,Huế,Female
7935,28,26.5,68.4,74.4,6.4,9.1,4.6,43.1,80.4,3.35,83.8,61.76,SE,TP.HCM,Female
7936,24,30.0,72.4,75.9,5.6,6.8,3.5,53.9,83.9,3.42,85.6,68.91,SE,Đà Nẵng,Female
7937,26,25.1,80.4,64.6,8.9,5.5,3.4,60.3,82.4,3.44,85.91,71.33,SE,Hà Nội,Male
7938,18,26.5,82.6,81.8,9.5,7.8,2.4,67.3,89.3,3.7,92.55,78.29,CE,Cần Thơ,Male
7939,30,23.1,76.1,63.9,8.0,7.3,2.8,55.4,73.5,3.07,76.64,64.43,CE,Cần Thơ,Male
7940,21,25.9,73.4,72.1,8.6,8.4,3.1,46.8,67.4,2.59,64.81,57.13,AI,Cần Thơ,Male
7941,23,35.4,100.0,90.5,4.2,6.8,2.7,71.0,100.0,3.94,98.45,85.52,CS,Cần Thơ,Female
7942,24,30.2,87.6,85.8,3.6,7.1,3.4,54.4,94.8,3.79,94.85,74.61,AI,Hà Nội,Female
7943,27,30.6,90.9,52.8,7.1,5.2,2.6,59.4,100.0,4.0,100.0,79.7,CE,Cần Thơ,Female
7944,24,30.8,83.6,100.0,6.1,8.0,1.8,61.3,88.2,3.67,91.66,74.77,SE,TP.HCM,Female
7945,27,23.8,87.9,63.7,11.0,7.1,2.9,51.0,85.0,3.42,85.5,67.98,SE,Huế,Male
7946,19,27.6,94.3,65.6,1.2,6.9,2.1,64.6,91.8,3.71,92.67,78.17,CS,Cần Thơ,Male
7947,21,16.3,75.0,61.4,7.5,6.7,4.7,54.1,69.5,2.57,64.22,61.84,CE,TP.HCM,Female
7948,22,35.2,87.6,70.1,7.5,6.7,1.9,72.2,98.2,3.88,97.02,85.23,DS,Đà Nẵng,Male
7949,29,2.7,,66.5,4.1,8.0,6.8,51.5,59.6,2.28,57.08,55.55,DS,TP.HCM,Female
7950,18,24.3,100.0,66.9,3.6,5.9,5.0,57.2,99.2,4.0,100.0,78.17,CS,Đà Nẵng,Male
7951,18,34.1,100.0,43.0,5.2,7.9,0.8,56.4,96.4,3.9,97.46,76.4,CS,Đà Nẵng,Female
7952,27,14.1,85.7,81.9,1.9,5.1,4.4,39.9,69.1,3.01,75.26,54.53,AI,Cần Thơ,Male
7953,20,28.2,96.4,83.5,9.6,4.7,2.3,73.6,93.9,4.0,100.0,83.77,CE,Huế,Female
7954,27,19.6,58.3,100.0,12.8,8.7,3.3,60.5,60.5,2.59,64.68,60.51,CE,Huế,Female
7955,20,22.0,100.0,87.3,5.1,5.8,4.9,66.6,88.2,3.34,83.5,77.38,DS,Huế,Female
7956,29,32.6,77.7,72.6,4.4,7.1,1.3,56.7,100.0,3.96,99.04,78.35,IT,Hà Nội,Female
7957,25,26.6,82.6,62.0,2.7,6.7,1.8,70.0,84.9,3.07,76.8,77.47,AI,Đà Nẵng,Female
7958,26,8.7,89.4,78.6,3.3,7.4,3.6,43.7,55.1,2.56,63.99,49.38,CE,TP.HCM,Female
7959,28,17.2,,86.7,4.5,7.1,1.9,53.0,67.6,3.16,79.01,60.27,IT,Cần Thơ,Female
7960,29,,87.0,72.4,9.0,8.3,0.0,68.8,100.0,3.81,95.34,84.42,CE,Đà Nẵng,Male
7961,18,28.6,100.0,80.9,14.0,5.3,3.9,70.9,100.0,3.92,97.95,85.45,CE,Huế,Male
7962,28,39.0,81.2,100.0,,7.8,3.1,70.5,100.0,3.89,97.18,85.24,IT,Hà Nội,Male
7963,19,38.5,74.1,74.2,3.7,6.9,2.5,75.3,100.0,3.83,95.78,87.64,CS,Đà Nẵng,Female
7964,27,22.3,100.0,51.7,3.1,5.2,2.7,56.8,93.7,3.45,86.35,75.22,DS,Huế,Female
7965,19,45.0,90.3,93.1,7.1,6.4,5.9,70.8,100.0,4.0,100.0,85.39,DS,Hà Nội,Female
7966,21,25.2,100.0,84.7,6.9,5.1,4.0,56.5,85.5,3.21,80.15,71.0,SE,Hà Nội,Female
7967,19,17.3,93.6,54.4,6.3,5.0,1.2,43.4,82.3,3.29,82.34,62.87,AI,TP.HCM,Male
7968,24,19.9,71.8,86.4,4.9,6.5,2.7,29.7,65.4,2.46,61.53,47.58,AI,Cần Thơ,Female
7969,30,6.9,91.5,65.0,9.4,8.4,4.3,51.7,57.2,1.94,48.62,54.45,CS,Hà Nội,Female
7970,26,37.9,75.2,86.6,7.9,7.4,4.2,62.9,100.0,3.88,96.89,81.46,DS,TP.HCM,Male
7971,24,37.8,85.1,100.0,7.8,8.6,0.2,71.7,100.0,3.71,92.85,85.83,CS,Cần Thơ,Female
7972,29,16.9,84.2,77.3,6.9,7.1,1.7,54.8,84.1,3.37,84.13,69.45,AI,Huế,Female
7973,23,23.2,68.8,96.2,5.5,8.9,0.8,53.9,69.7,2.91,72.73,61.8,SE,Đà Nẵng,Female
7974,27,25.8,76.9,61.6,4.2,8.7,3.5,62.9,90.1,3.72,92.98,76.51,CS,Huế,Male
7975,18,17.3,100.0,57.2,7.3,5.9,1.1,61.0,84.4,3.43,85.67,72.71,CS,Đà Nẵng,Female
7976,28,11.0,87.4,100.0,7.1,7.1,4.8,39.2,64.0,2.69,67.2,51.57,AI,Huế,Female
7977,27,23.3,83.2,84.6,7.4,6.1,4.4,66.5,88.1,3.34,83.41,77.29,DS,Hà Nội,Female
7978,26,22.4,100.0,89.6,2.1,6.8,2.1,63.3,87.8,3.45,86.25,75.56,AI,Hà Nội,Female
7979,22,21.9,81.0,97.3,6.8,9.0,0.6,47.0,81.0,3.18,79.46,64.02,SE,Cần Thơ,Female
7980,28,26.8,84.1,72.1,5.2,6.2,1.3,52.8,87.7,3.22,80.39,70.25,CE,Huế,Male
7981,22,36.4,94.9,92.4,3.8,5.6,3.2,57.2,100.0,3.84,95.92,78.62,DS,TP.HCM,Male
7982,23,22.6,81.0,90.1,,5.7,3.8,58.8,91.2,3.43,85.63,74.98,SE,Huế,Male
7983,26,26.4,77.5,60.6,6.4,6.5,2.4,55.1,72.8,2.88,72.08,63.94,AI,Huế,Male
7984,30,30.8,62.5,100.0,11.9,10.0,0.0,38.8,82.8,3.43,85.69,60.81,DS,Đà Nẵng,Female
7985,25,29.4,75.6,99.6,7.2,8.8,3.5,54.3,87.5,3.41,85.36,70.87,CE,Hà Nội,Female
7986,25,20.1,75.5,60.7,5.3,3.6,0.0,48.5,78.2,2.94,73.39,63.36,AI,TP.HCM,Male
7987,25,25.8,86.6,83.0,5.7,7.0,0.0,58.1,92.4,3.72,92.93,75.25,CE,Cần Thơ,Female
7988,18,29.4,78.9,76.5,3.1,6.2,4.0,47.3,89.0,3.47,86.86,68.16,CS,Hà Nội,Female
7989,18,16.0,100.0,100.0,9.1,8.2,0.7,52.9,75.4,2.88,71.99,64.14,CE,Hà Nội,Male
7990,25,35.1,,58.8,6.8,5.6,2.9,73.8,94.4,4.0,100.0,84.06,CS,Đà Nẵng,Female
7991,22,36.5,99.0,100.0,6.8,5.8,2.6,68.6,100.0,4.0,100.0,84.3,DS,TP.HCM,Male
7992,26,19.2,87.2,77.4,3.3,6.3,1.3,56.9,91.5,3.69,92.2,74.2,CE,Đà Nẵng,Male
7993,19,26.5,93.1,91.1,,6.2,2.8,70.6,92.9,3.61,90.33,81.73,DS,Huế,Male
7994,26,30.1,92.5,100.0,3.7,7.8,1.7,60.8,86.6,3.37,84.37,73.68,SE,TP.HCM,Male
7995,29,20.6,,77.1,4.6,6.6,2.6,48.9,76.7,2.9,72.52,62.81,AI,Hà Nội,Male
7996,25,28.9,84.9,78.3,6.3,8.2,1.9,62.0,84.7,3.25,81.17,73.35,CE,Hà Nội,Female
7997,26,26.3,82.4,72.5,4.5,6.0,1.7,50.4,85.8,3.41,85.29,68.13,SE,TP.HCM,Female
7998,21,13.3,73.7,66.7,4.0,8.0,1.5,40.8,54.5,1.69,42.15,47.66,CE,TP.HCM,Male
7999,18,,89.6,84.1,5.9,5.6,1.2,44.7,83.6,3.63,90.65,64.14,AI,Cần Thơ,Male
8000,18,16.2,100.0,78.0,8.5,7.7,3.8,69.3,84.3,3.45,86.3,76.81,IT,Đà Nẵng,Female
8001,22,32.5,58.3,72.4,8.2,6.4,1.8,64.4,86.1,3.27,81.75,75.21,SE,TP.HCM,Female
8002,19,19.6,79.7,73.2,7.8,8.1,0.8,44.6,74.9,3.29,82.13,59.75,DS,Huế,Female
8003,25,23.7,72.5,88.6,7.2,4.1,1.9,61.3,84.4,3.5,87.53,72.86,CE,Huế,Female
8004,27,36.0,85.7,68.0,4.8,6.1,1.7,58.8,94.2,3.92,98.07,76.49,CS,Hà Nội,Male
8005,28,29.0,81.7,76.3,8.8,8.4,1.9,59.5,85.2,3.34,83.49,72.36,AI,Đà Nẵng,Female
8006,22,16.4,78.9,93.5,1.7,6.8,3.6,49.6,80.6,3.33,83.18,65.07,SE,Đà Nẵng,Female
8007,22,16.9,91.9,83.7,7.1,5.0,1.6,48.1,73.0,2.59,64.64,60.55,AI,Đà Nẵng,Female
8008,19,20.2,100.0,64.3,8.1,6.2,1.9,49.1,83.6,3.41,85.21,66.35,CE,Hà Nội,Female
8009,24,28.2,100.0,79.6,5.8,7.5,3.5,70.2,87.0,3.41,85.28,78.61,SE,Cần Thơ,Male
8010,30,27.9,77.6,86.6,4.2,6.0,3.2,58.2,100.0,4.0,100.0,79.09,DS,Huế,Female
8011,25,18.3,66.8,94.8,5.9,8.4,1.5,61.3,77.9,3.04,75.96,69.59,IT,Đà Nẵng,Male
8012,27,15.7,90.6,68.7,4.1,8.3,3.9,42.5,54.0,2.05,51.26,48.29,SE,TP.HCM,Male
8013,30,27.3,,71.6,7.3,7.8,3.9,56.9,83.5,3.58,89.39,70.19,CE,Đà Nẵng,Female
8014,18,23.5,93.1,69.6,8.4,8.2,3.8,56.3,79.5,3.4,85.05,67.88,CE,Hà Nội,Female
8015,19,42.3,100.0,70.3,7.1,6.4,3.0,80.0,100.0,4.0,100.0,89.98,AI,Đà Nẵng,Female
8016,27,25.3,82.7,86.1,,8.8,2.2,50.5,100.0,4.0,100.0,75.23,SE,Huế,Female
8017,21,39.5,78.9,88.9,7.9,8.3,0.9,70.8,100.0,4.0,100.0,85.38,SE,Huế,Male
8018,22,15.6,86.2,95.8,8.2,6.8,0.4,52.2,82.6,3.25,81.36,67.4,AI,Cần Thơ,Male
8019,30,12.4,81.7,78.6,4.1,5.0,2.4,57.3,80.4,3.04,76.02,68.82,SE,Hà Nội,Male
8020,19,16.0,91.6,58.9,2.2,4.2,2.5,54.5,67.4,2.76,69.0,60.94,CS,Hà Nội,Male
8021,18,34.5,94.7,90.0,6.7,8.2,2.1,51.6,95.8,3.49,87.18,73.71,IT,Huế,Female
8022,26,39.0,95.5,82.4,8.3,5.1,2.3,61.0,100.0,4.0,100.0,80.5,DS,Cần Thơ,Female
8023,18,18.7,90.1,80.9,2.0,5.9,4.5,45.3,85.5,3.4,85.0,65.42,CE,Đà Nẵng,Female
8024,30,21.3,87.5,60.7,6.2,7.6,4.9,50.7,95.3,3.78,94.45,72.99,IT,Đà Nẵng,Male
8025,21,15.6,92.9,77.1,8.8,5.4,0.8,60.6,96.8,3.69,92.15,78.72,SE,Huế,Female
8026,19,,,62.1,5.7,9.9,2.9,40.7,60.6,2.68,67.11,50.63,SE,Hà Nội,Female
8027,28,30.7,87.1,87.2,9.8,7.3,2.6,61.4,96.8,4.0,100.0,79.11,IT,Cần Thơ,Male
8028,21,26.8,85.5,73.6,9.3,8.8,3.5,56.2,83.0,3.37,84.27,69.62,CE,Cần Thơ,Male
8029,25,25.1,87.1,72.2,5.5,8.3,5.1,60.9,87.0,3.59,89.8,73.99,CE,Cần Thơ,Male
8030,25,13.8,84.1,56.9,5.1,4.0,5.8,42.6,74.2,2.99,74.78,58.39,IT,Đà Nẵng,Female
8031,28,38.1,89.3,95.4,5.1,7.9,3.6,65.7,100.0,4.0,100.0,82.85,AI,Cần Thơ,Female
8032,29,21.0,79.3,76.1,6.3,7.0,2.6,51.2,81.0,3.17,79.25,66.12,AI,TP.HCM,Male
8033,26,29.3,96.3,81.3,3.1,6.9,2.0,60.9,88.1,3.53,88.2,74.48,DS,Hà Nội,Male
8034,30,13.4,89.7,69.0,2.6,7.0,6.2,44.2,82.9,3.43,85.68,63.59,IT,Đà Nẵng,Male
8035,28,23.5,86.5,55.2,0.3,8.3,1.3,45.6,83.4,3.05,76.35,64.47,CS,Huế,Female
8036,29,27.3,78.0,72.0,5.9,9.0,3.7,64.2,89.6,3.33,83.21,76.92,IT,Huế,Male
8037,22,27.6,93.2,74.4,,5.6,2.1,58.8,98.4,4.0,100.0,78.61,IT,Cần Thơ,Female
8038,24,26.2,87.1,84.4,1.0,7.1,0.5,66.2,86.2,3.28,81.88,76.21,IT,Cần Thơ,Female
8039,20,29.0,77.4,74.7,5.5,8.7,5.1,61.9,82.5,3.6,90.11,72.2,SE,Hà Nội,Male
8040,27,16.0,84.4,69.2,5.5,6.8,0.0,53.5,71.3,2.78,69.56,62.42,IT,TP.HCM,Male
8041,21,26.6,,57.4,5.6,7.2,0.0,67.1,85.4,3.2,79.9,76.25,IT,Huế,Female
8042,27,25.9,90.5,80.7,9.1,7.3,3.6,77.5,96.5,4.0,100.0,87.01,CE,Đà Nẵng,Male
8043,26,,89.9,68.1,3.8,9.5,2.0,68.4,77.0,3.2,80.01,72.68,SE,Đà Nẵng,Male
8044,27,25.6,85.9,99.8,1.1,7.9,3.1,63.7,84.6,3.53,88.25,74.18,DS,Đà Nẵng,Female
8045,27,14.8,95.3,82.3,4.7,9.5,2.5,52.6,59.4,2.14,53.49,56.01,SE,Hà Nội,Male
8046,29,14.5,97.4,88.4,4.3,9.1,3.4,59.9,76.0,3.13,78.23,67.94,CE,Cần Thơ,Female
8047,18,7.3,92.4,76.3,0.4,6.7,2.1,38.7,58.9,1.75,43.69,48.8,DS,TP.HCM,Female
8048,19,31.5,79.1,83.0,6.6,7.4,3.9,64.9,100.0,4.0,100.0,82.45,CS,Huế,Male
8049,22,,74.4,66.6,3.0,9.5,3.9,69.5,96.0,3.66,91.55,82.74,CS,Huế,Male
8050,20,31.7,79.6,62.3,5.8,5.6,4.8,67.9,88.3,3.82,95.43,78.09,SE,Cần Thơ,Male
8051,19,27.5,100.0,80.2,5.1,7.9,4.4,60.0,89.8,3.78,94.47,74.91,CE,TP.HCM,Male
8052,18,7.9,87.8,88.6,3.3,7.9,2.3,47.5,74.8,3.03,75.77,61.19,AI,TP.HCM,Male
8053,27,16.8,100.0,50.8,8.2,6.7,3.5,50.1,68.7,2.97,74.13,59.43,AI,Hà Nội,Female
8054,20,26.4,83.8,72.5,5.3,6.5,3.1,51.6,100.0,4.0,100.0,75.79,CE,Huế,Female
8055,18,26.1,82.4,100.0,6.1,6.7,3.1,67.8,93.0,3.71,92.71,80.38,CE,Đà Nẵng,Male
8056,29,23.2,84.3,87.2,7.5,7.8,0.5,51.8,71.0,2.91,72.74,61.4,DS,Cần Thơ,Male
8057,18,28.0,84.1,100.0,6.7,8.8,3.6,55.3,78.7,2.9,72.46,66.97,DS,Cần Thơ,Male
8058,29,25.1,77.3,70.5,6.4,7.9,3.4,52.3,87.3,3.32,82.98,69.78,CS,Cần Thơ,Male
8059,18,26.0,73.5,73.1,3.9,5.5,5.2,50.3,85.1,3.22,80.49,67.67,CS,Hà Nội,Male
8060,25,19.9,90.0,94.5,3.2,8.8,4.2,48.0,80.2,3.22,80.5,64.11,AI,TP.HCM,Female
8061,20,32.9,95.5,89.4,6.4,8.4,2.7,51.0,95.3,3.89,97.21,73.18,CS,Đà Nẵng,Female
8062,28,21.6,100.0,78.6,3.6,6.7,2.3,44.5,80.0,3.06,76.6,62.25,SE,Hà Nội,Female
8063,18,14.4,80.7,61.1,8.0,6.2,1.0,46.4,62.0,2.54,63.45,54.22,SE,Cần Thơ,Female
8064,24,18.8,81.5,97.4,5.7,5.9,5.2,54.8,78.6,3.34,83.6,66.69,CS,Hà Nội,Female
8065,27,22.2,77.3,100.0,7.6,8.3,0.9,40.7,86.6,3.5,87.47,63.62,DS,Đà Nẵng,Male
8066,20,33.0,96.3,56.4,3.5,4.7,0.0,65.5,100.0,4.0,100.0,82.76,IT,Huế,Male
8067,25,24.7,93.1,100.0,3.1,8.3,3.8,67.1,92.9,3.36,84.09,79.97,CE,Cần Thơ,Female
8068,21,23.5,76.2,73.0,,6.5,2.6,50.5,86.4,3.14,78.46,68.45,SE,TP.HCM,Male
8069,21,15.0,76.0,75.0,5.6,7.3,2.9,40.2,60.4,2.54,63.54,50.3,SE,Huế,Male
8070,22,31.3,94.5,84.0,8.3,3.0,2.8,62.2,100.0,4.0,100.0,81.1,CS,TP.HCM,Female
8071,23,19.8,88.8,61.9,2.5,4.9,0.9,57.1,87.4,3.51,87.77,72.21,AI,TP.HCM,Male
8072,24,24.2,92.6,79.4,5.3,6.2,3.1,52.8,78.7,3.17,79.32,65.79,SE,Huế,Female
8073,21,36.8,76.2,55.8,9.3,5.9,2.0,71.2,90.9,3.41,85.2,81.03,CE,Cần Thơ,Female
8074,25,29.1,66.2,87.1,2.1,7.9,1.8,60.3,83.6,3.0,75.07,71.92,DS,Đà Nẵng,Female
8075,30,12.0,76.3,100.0,11.7,7.4,4.6,58.4,74.9,3.18,79.52,66.63,AI,Hà Nội,Female
8076,23,10.8,91.9,70.4,6.5,9.3,3.7,34.3,50.4,2.23,55.85,42.33,CE,TP.HCM,Female
8077,18,24.5,100.0,77.5,4.0,7.6,0.0,47.8,88.0,3.38,84.57,67.88,IT,TP.HCM,Female
8078,18,15.3,80.7,78.2,6.9,6.2,2.8,45.4,66.9,2.25,56.3,56.16,DS,Đà Nẵng,Male
8079,26,30.2,100.0,94.8,8.8,8.5,4.1,52.6,91.2,3.62,90.55,71.91,CE,Đà Nẵng,Female
8080,27,25.3,93.3,86.1,3.9,6.4,0.6,69.8,96.0,3.7,92.62,82.9,CS,TP.HCM,Female
8081,23,26.3,71.1,93.8,4.3,6.4,1.2,57.1,69.2,2.93,73.36,63.18,CE,Hà Nội,Female
8082,27,19.3,87.1,72.4,6.6,7.0,4.0,50.1,85.8,3.24,81.01,67.95,CE,Đà Nẵng,Female
8083,25,38.9,,86.5,7.2,8.9,1.8,79.9,100.0,4.0,100.0,89.95,CE,Cần Thơ,Male
8084,30,47.7,60.7,29.5,5.5,8.3,0.0,72.1,100.0,4.0,100.0,86.06,AI,Cần Thơ,Female
8085,24,22.8,91.4,90.0,7.0,8.2,4.3,54.2,88.5,3.8,95.03,71.37,CE,Hà Nội,Female
8086,29,27.8,96.7,61.7,8.1,9.4,2.2,54.5,100.0,4.0,100.0,77.26,SE,Hà Nội,Male
8087,23,25.8,89.0,75.1,6.4,8.2,3.1,61.9,88.6,3.47,86.64,75.23,DS,TP.HCM,Male
8088,21,22.9,84.4,91.2,4.3,5.5,2.4,58.8,71.6,2.94,73.48,65.19,SE,TP.HCM,Male
8089,24,,83.3,57.0,5.9,7.6,4.2,56.4,63.7,2.55,63.77,60.04,CS,Đà Nẵng,Female
8090,26,16.3,82.7,96.3,10.4,8.9,0.9,55.7,85.0,3.09,77.36,70.33,DS,TP.HCM,Female
8091,28,15.9,73.2,78.1,6.8,5.2,3.5,58.8,67.5,2.82,70.54,63.14,CS,TP.HCM,Female
8092,27,28.2,78.1,100.0,9.1,7.0,4.5,51.7,80.8,3.22,80.59,66.25,CE,Đà Nẵng,Male
8093,27,20.8,80.8,66.5,4.7,5.7,0.5,69.5,75.8,2.61,65.17,72.67,DS,TP.HCM,Female
8094,24,4.4,86.1,52.8,,7.2,1.4,54.7,59.0,2.07,51.83,56.87,DS,Cần Thơ,Female
8095,18,28.6,79.4,79.6,8.0,8.4,5.0,71.2,100.0,3.89,97.18,85.61,SE,Hà Nội,Male
8096,27,24.7,76.3,88.8,9.7,8.6,4.1,53.4,80.4,3.39,84.83,66.93,CE,Cần Thơ,Male
8097,26,35.8,92.6,90.1,9.1,6.8,1.3,60.4,94.4,3.65,91.25,77.4,SE,Huế,Male
8098,30,28.0,88.7,63.0,3.2,7.8,0.7,60.1,99.6,4.0,100.0,79.85,SE,Cần Thơ,Female
8099,21,13.2,79.6,55.6,8.9,5.2,2.9,48.9,47.1,2.04,51.09,48.04,DS,Huế,Male
8100,20,7.2,90.1,75.3,10.2,4.9,3.0,50.3,64.0,2.53,63.14,57.18,SE,Cần Thơ,Female
8101,21,19.2,80.5,87.7,4.6,8.3,2.4,50.3,71.8,3.03,75.67,61.06,DS,TP.HCM,Male
8102,21,20.0,85.6,87.0,3.8,3.4,6.0,59.8,77.6,3.09,77.35,68.67,DS,Huế,Female
8103,30,32.5,94.8,100.0,5.9,6.2,3.5,61.0,86.1,3.29,82.37,73.55,AI,Đà Nẵng,Female
8104,27,24.9,79.0,74.4,6.4,7.8,1.2,55.9,81.9,3.23,80.83,68.91,SE,Đà Nẵng,Female
8105,28,34.1,73.3,52.3,5.1,7.3,4.1,67.0,91.8,3.52,87.93,79.39,CS,Cần Thơ,Female
8106,19,14.4,83.5,97.9,3.0,3.6,2.6,49.2,62.2,2.65,66.25,55.71,IT,Cần Thơ,Male
8107,29,32.7,71.4,82.9,9.7,7.6,1.5,55.2,85.8,3.53,88.18,70.49,SE,Cần Thơ,Male
8108,18,30.8,82.2,84.2,3.9,6.0,3.9,53.6,73.3,3.24,81.05,63.48,CE,Hà Nội,Female
8109,29,8.9,,91.5,4.7,7.1,4.7,52.0,81.2,3.23,80.87,66.57,CE,Hà Nội,Female
8110,27,35.6,60.4,99.0,6.3,6.3,2.8,64.5,64.8,2.67,66.75,64.62,DS,TP.HCM,Male
8111,29,25.7,90.3,79.7,2.3,6.2,1.0,68.3,91.2,3.71,92.76,79.74,CE,Cần Thơ,Female
8112,18,28.1,83.2,97.6,2.1,4.8,2.7,67.2,90.6,3.73,93.35,78.91,CS,Hà Nội,Female
8113,30,18.1,96.8,88.3,4.9,6.6,1.1,51.0,74.5,3.07,76.69,62.71,DS,TP.HCM,Female
8114,25,35.2,87.2,70.2,8.1,8.5,2.8,72.0,100.0,3.85,96.26,86.01,CE,Đà Nẵng,Male
8115,19,15.5,,76.5,,6.5,3.6,53.1,80.0,3.23,80.73,66.57,AI,Huế,Female
8116,29,31.7,96.9,89.3,0.9,6.5,0.0,62.4,88.8,3.56,89.01,75.61,CS,TP.HCM,Male
8117,27,31.6,83.7,69.4,9.5,6.2,3.6,81.1,87.0,3.92,98.08,84.05,CE,Huế,Male
8118,22,17.2,85.0,93.3,8.0,5.5,1.9,68.2,76.9,2.73,68.3,72.56,CS,Huế,Male
8119,29,40.9,69.3,82.4,6.5,5.8,1.7,70.9,81.8,3.43,85.82,76.38,AI,Huế,Female
8120,21,26.9,97.4,85.7,6.4,7.3,0.5,53.4,82.9,3.63,90.65,68.16,DS,Hà Nội,Male
8121,25,30.2,83.5,100.0,7.7,10.0,0.9,56.6,86.4,3.27,81.84,71.49,AI,TP.HCM,Male
8122,19,12.8,74.9,85.3,11.8,8.2,5.1,41.8,62.4,2.93,73.3,52.1,AI,TP.HCM,Female
8123,27,41.9,92.4,81.1,8.2,7.7,3.8,76.4,100.0,4.0,100.0,88.21,IT,Đà Nẵng,Female
8124,26,,,78.8,6.7,9.4,4.4,48.8,66.2,2.61,65.31,57.5,SE,TP.HCM,Male
8125,24,33.2,80.7,78.0,2.9,7.6,1.2,59.7,97.0,3.9,97.57,78.32,AI,Cần Thơ,Male
8126,30,17.0,94.1,84.7,6.4,8.3,5.2,67.4,76.6,3.1,77.62,71.97,CS,Đà Nẵng,Male
8127,24,20.0,80.6,100.0,7.9,7.3,2.4,48.9,70.2,2.86,71.54,59.55,CS,Đà Nẵng,Female
8128,18,31.3,77.8,70.8,5.7,7.5,1.3,74.1,92.4,3.46,86.58,83.24,DS,Đà Nẵng,Male
8129,29,33.2,80.8,69.7,4.7,5.3,0.9,70.8,97.8,4.0,100.0,84.33,CS,Đà Nẵng,Female
8130,19,14.8,64.9,99.3,7.4,6.6,0.9,50.7,62.2,2.15,53.72,56.46,IT,Đà Nẵng,Female
8131,21,33.7,92.2,71.5,3.5,6.3,1.4,58.3,100.0,3.92,97.99,79.14,AI,TP.HCM,Female
8132,21,33.4,83.8,83.2,8.2,6.3,1.2,74.6,100.0,3.93,98.37,87.31,DS,TP.HCM,Female
8133,28,17.5,82.3,71.1,4.9,6.2,3.9,65.3,89.1,3.58,89.48,77.19,IT,Hà Nội,Male
8134,20,37.8,82.3,54.8,0.7,8.7,6.4,67.5,100.0,3.99,99.71,83.73,SE,TP.HCM,Male
8135,24,13.3,85.1,83.0,4.9,6.6,2.1,57.1,75.0,3.06,76.45,66.08,AI,Hà Nội,Female
8136,29,20.0,91.5,96.7,5.9,6.8,2.2,54.5,89.9,3.33,83.26,72.17,CE,Hà Nội,Male
8137,25,28.8,84.5,79.1,7.4,9.7,0.0,70.6,100.0,4.0,100.0,85.29,DS,Cần Thơ,Female
8138,19,18.2,71.4,57.8,7.1,7.9,1.1,42.2,65.1,2.43,60.67,53.66,DS,Đà Nẵng,Female
8139,21,27.1,90.8,81.6,2.8,7.0,0.1,66.4,85.2,3.47,86.84,75.8,AI,Cần Thơ,Male
8140,20,26.9,90.0,68.7,6.3,8.3,3.7,39.8,77.6,3.46,86.42,58.7,CS,Đà Nẵng,Male
8141,19,23.5,87.1,40.7,,6.2,5.4,46.9,72.5,2.92,73.08,59.7,AI,Hà Nội,Male
8142,29,31.7,95.8,78.8,5.1,6.5,0.9,55.2,96.3,4.0,100.0,75.73,DS,Hà Nội,Female
8143,30,23.2,85.3,87.8,3.5,6.6,2.2,55.3,86.4,3.51,87.78,70.86,CE,TP.HCM,Female
8144,23,26.9,96.1,97.7,5.9,7.3,2.1,52.9,85.7,3.3,82.43,69.29,DS,Huế,Female
8145,30,34.2,99.1,100.0,13.8,7.6,3.5,58.9,96.9,3.92,98.07,77.9,CE,Đà Nẵng,Female
8146,21,31.3,90.8,89.8,10.6,5.9,2.7,60.8,74.0,2.55,63.79,67.39,CE,Huế,Male
8147,23,31.3,77.5,94.0,3.5,7.5,5.7,59.1,85.1,3.45,86.35,72.1,DS,Hà Nội,Male
8148,19,15.8,,60.7,6.2,7.7,1.4,40.8,93.5,3.99,99.86,67.12,DS,Đà Nẵng,Male
8149,29,29.2,97.4,100.0,5.2,6.4,3.8,51.4,99.7,3.79,94.76,75.58,CE,Hà Nội,Male
8150,21,18.0,70.0,99.0,6.4,6.8,1.6,42.6,78.0,3.34,83.43,60.29,AI,TP.HCM,Female
8151,28,14.7,81.1,74.5,8.3,5.6,0.1,55.7,76.7,2.89,72.21,66.22,DS,Hà Nội,Male
8152,23,24.4,81.6,90.2,5.7,5.2,4.6,75.3,97.5,3.87,96.83,86.42,CS,Huế,Female
8153,22,17.8,76.3,88.7,4.2,5.6,5.3,60.7,72.4,2.68,67.11,66.56,CE,Huế,Female
8154,20,31.3,93.7,100.0,8.9,7.9,3.1,59.9,89.1,3.57,89.17,74.48,DS,TP.HCM,Male
8155,25,31.5,88.8,77.7,2.9,7.6,1.6,65.1,100.0,4.0,100.0,82.54,CE,TP.HCM,Male
8156,24,9.8,77.9,68.8,6.5,9.3,0.8,44.0,52.8,1.99,49.85,48.38,SE,Hà Nội,Female
8157,20,18.4,91.1,72.7,2.3,7.0,3.3,51.4,81.0,3.21,80.22,66.18,CE,Hà Nội,Female
8158,23,,83.4,93.5,3.4,7.1,0.0,48.3,83.3,3.34,83.39,65.8,DS,Huế,Female
8159,21,21.3,76.1,51.2,7.9,7.4,3.8,54.5,84.6,3.36,83.97,69.55,CE,TP.HCM,Female
8160,28,28.6,77.9,35.0,4.3,5.7,1.9,45.1,80.3,3.44,85.99,62.67,IT,Huế,Female
8161,22,23.1,89.4,93.4,1.3,8.1,1.8,51.1,92.3,3.57,89.17,71.66,CS,TP.HCM,Female
8162,28,20.3,94.4,84.1,4.2,7.5,0.9,54.1,83.7,3.41,85.37,68.88,SE,Cần Thơ,Male
8163,22,35.4,80.1,80.3,3.9,5.9,0.3,81.5,100.0,3.92,98.07,90.73,IT,Cần Thơ,Male
8164,24,,90.4,60.4,2.8,7.4,2.4,48.3,68.9,3.08,76.91,58.56,CE,Cần Thơ,Male
8165,28,34.9,100.0,54.4,7.4,7.9,2.8,74.4,100.0,4.0,100.0,87.22,CS,TP.HCM,Male
8166,22,20.6,72.4,70.5,2.1,5.4,2.4,50.5,62.4,2.53,63.15,56.47,DS,Đà Nẵng,Male
8167,28,24.4,88.6,85.4,,8.3,4.1,67.4,87.2,3.63,90.83,77.28,DS,Cần Thơ,Male
8168,20,20.8,93.3,71.2,6.3,6.5,2.6,56.7,77.5,3.39,84.82,67.12,DS,Huế,Female
8169,27,37.3,84.0,93.5,5.1,3.3,3.6,71.8,92.3,3.9,97.42,82.05,DS,Cần Thơ,Male
8170,22,15.2,97.4,65.7,5.0,8.2,0.3,52.3,77.0,3.25,81.36,64.62,CS,Huế,Female
8171,24,25.1,100.0,72.2,4.2,8.6,1.8,63.0,87.9,3.77,94.21,75.43,AI,Hà Nội,Male
8172,22,29.2,88.4,90.5,3.0,5.7,4.7,56.6,82.3,3.29,82.32,69.44,CE,TP.HCM,Female
8173,22,12.1,82.7,74.3,4.4,5.0,4.0,60.2,70.9,3.25,81.22,65.55,CE,Hà Nội,Male
8174,26,17.6,94.8,75.1,7.6,8.6,3.0,48.8,68.9,2.93,73.13,58.86,IT,Hà Nội,Female
8175,20,23.8,93.4,70.3,4.9,6.3,1.9,49.8,92.8,3.83,95.7,71.3,DS,Cần Thơ,Male
8176,30,17.9,59.8,67.6,6.4,8.6,1.1,48.6,81.0,3.22,80.51,64.8,DS,Huế,Female
8177,23,18.5,85.0,85.3,8.8,4.8,1.7,65.7,87.2,3.19,79.74,76.41,AI,Cần Thơ,Female
8178,18,22.2,81.1,87.3,7.5,8.7,3.5,48.7,73.8,2.97,74.15,61.22,CE,TP.HCM,Female
8179,27,30.2,89.0,83.4,2.8,8.3,0.0,59.6,97.0,3.71,92.75,78.34,CS,Huế,Female
8180,22,22.3,83.1,70.8,7.1,7.6,5.2,56.1,74.9,2.91,72.71,65.5,AI,Đà Nẵng,Male
8181,25,33.6,84.1,77.0,8.6,4.6,4.4,52.9,97.4,3.92,98.09,75.17,DS,Huế,Male
8182,22,17.0,76.4,100.0,4.5,6.6,4.3,38.9,71.7,3.14,78.46,55.29,CE,Cần Thơ,Female
8183,26,15.0,,58.7,2.0,8.2,3.4,58.5,82.9,3.29,82.28,70.7,DS,Hà Nội,Male
8184,28,40.4,100.0,100.0,4.9,5.0,2.7,70.9,100.0,3.81,95.14,85.44,AI,Hà Nội,Male
8185,23,19.7,76.5,81.5,6.5,6.4,3.1,43.3,76.7,2.78,69.56,60.03,IT,Đà Nẵng,Female
8186,25,,71.0,77.3,,7.5,2.0,44.2,68.3,2.52,62.94,56.24,CS,Đà Nẵng,Female
8187,27,,85.2,94.3,4.7,5.6,5.7,41.9,64.9,3.03,75.64,53.39,SE,TP.HCM,Male
8188,25,33.6,84.7,49.0,0.9,8.6,2.3,63.0,97.6,3.79,94.78,80.28,AI,Đà Nẵng,Male
8189,30,22.3,96.7,100.0,2.8,8.3,1.8,57.7,77.5,2.74,68.56,67.58,CS,TP.HCM,Female
8190,20,23.0,72.7,100.0,6.9,7.3,2.1,37.0,74.6,3.04,76.09,55.81,CE,TP.HCM,Female
8191,24,23.7,79.6,96.3,11.0,7.5,1.4,64.7,83.2,3.21,80.21,73.98,AI,TP.HCM,Female
8192,24,33.1,63.5,48.5,5.9,6.4,3.7,59.9,78.1,3.12,77.97,68.98,CS,Huế,Female
8193,27,23.6,98.7,91.5,9.3,7.7,1.7,52.7,80.5,3.39,84.87,66.58,IT,Huế,Female
8194,29,43.8,87.5,100.0,3.4,6.3,2.3,77.6,100.0,4.0,100.0,88.79,IT,Hà Nội,Male
8195,23,26.1,80.4,100.0,4.4,6.8,4.5,48.8,77.1,3.07,76.64,62.98,CS,Cần Thơ,Male
8196,29,33.5,71.8,58.9,0.1,6.4,4.1,58.5,86.0,3.51,87.69,72.25,CS,Huế,Female
8197,24,,72.7,95.2,6.9,8.7,1.0,50.4,69.6,3.05,76.21,59.99,CS,Huế,Female
8198,19,24.7,89.1,100.0,3.8,8.4,4.3,62.5,96.4,3.7,92.49,79.42,AI,Cần Thơ,Female
8199,26,20.3,73.9,80.4,7.5,5.8,0.4,60.3,69.7,2.54,63.38,64.98,DS,Hà Nội,Female
8200,27,27.7,86.0,58.2,4.7,8.6,0.2,61.5,91.2,3.75,93.72,76.39,SE,TP.HCM,Female
8201,27,29.1,100.0,92.4,11.1,6.0,2.0,60.4,91.8,3.47,86.66,76.09,CE,Cần Thơ,Female
8202,18,20.4,81.5,95.8,10.5,9.2,2.9,43.0,75.4,2.93,73.18,59.16,AI,Hà Nội,Male
8203,18,26.3,75.4,77.9,0.2,8.9,2.2,52.6,84.0,3.36,84.0,68.3,IT,Huế,Male
8204,20,,88.8,62.1,7.5,9.6,3.2,66.2,98.9,4.0,99.96,82.58,IT,TP.HCM,Male
8205,20,41.6,72.7,94.7,4.1,7.4,1.9,62.8,100.0,3.94,98.56,81.39,CS,TP.HCM,Female
8206,18,31.8,100.0,68.5,7.6,6.7,0.0,60.5,99.4,4.0,100.0,79.91,IT,Hà Nội,Female
8207,29,39.9,99.0,86.0,2.6,6.6,2.2,61.4,96.5,3.84,96.12,78.93,CS,Huế,Male
8208,24,20.0,83.4,100.0,9.6,7.5,0.2,46.9,85.3,3.09,77.15,66.11,IT,Cần Thơ,Male
8209,21,30.6,76.0,55.1,8.6,5.8,2.5,48.4,97.2,3.94,98.38,72.8,AI,TP.HCM,Female
8210,27,35.7,80.7,93.6,2.5,4.1,0.6,66.0,92.7,3.74,93.42,79.31,CS,Đà Nẵng,Female
8211,30,17.8,82.0,76.9,5.5,6.5,3.3,51.1,61.3,2.39,59.82,56.16,DS,TP.HCM,Male
8212,19,21.1,88.8,77.3,6.4,7.0,4.5,54.9,90.5,3.57,89.29,72.68,DS,Đà Nẵng,Female
8213,27,38.9,95.4,87.7,7.8,7.7,0.0,65.8,99.1,3.87,96.67,82.46,CE,TP.HCM,Male
8214,22,17.2,74.6,68.4,6.0,7.5,0.0,44.7,79.5,3.01,75.26,62.1,SE,Hà Nội,Female
8215,23,14.3,95.1,62.4,8.0,7.2,2.0,47.7,82.0,3.58,89.55,64.88,CE,Huế,Male
8216,26,,91.2,53.2,5.8,8.4,4.2,63.4,100.0,4.0,100.0,81.7,AI,Cần Thơ,Male
8217,21,34.6,79.9,98.5,7.5,6.0,2.7,64.1,95.4,3.95,98.8,79.74,CE,Cần Thơ,Male
8218,19,28.5,74.1,74.4,2.6,6.2,1.9,71.2,83.5,3.3,82.43,77.37,AI,Hà Nội,Female
8219,22,,86.2,88.5,5.9,9.5,0.9,55.0,85.2,3.23,80.74,70.09,DS,Huế,Female
8220,20,21.5,74.4,72.7,8.9,3.2,3.6,47.8,78.0,2.51,62.8,62.9,CS,Cần Thơ,Male
8221,19,27.3,95.2,62.6,9.5,8.3,4.8,57.9,93.1,3.95,98.87,75.5,DS,Hà Nội,Male
8222,29,37.6,73.8,89.8,6.4,7.7,0.0,60.6,100.0,4.0,100.0,80.3,CE,TP.HCM,Male
8223,18,26.9,90.5,84.9,5.8,7.0,2.9,55.0,96.4,3.58,89.59,75.69,CE,Hà Nội,Male
8224,27,42.3,84.2,76.4,9.4,8.1,6.3,65.0,100.0,3.61,90.16,82.5,IT,Đà Nẵng,Male
8225,19,17.8,79.4,84.5,5.7,7.9,1.6,55.4,97.7,4.0,100.0,76.54,AI,TP.HCM,Male
8226,23,24.8,84.0,65.6,8.9,5.2,2.2,61.3,90.0,3.96,98.91,75.61,SE,Huế,Female
8227,25,22.0,95.8,95.9,5.7,5.8,2.4,62.6,90.5,3.47,86.7,76.56,CE,Huế,Female
8228,30,16.3,73.1,99.4,6.1,6.4,1.9,56.6,75.1,3.39,84.84,65.81,CE,TP.HCM,Male
8229,20,23.8,80.9,91.4,3.2,4.5,4.1,52.2,83.3,3.43,85.76,67.77,SE,Hà Nội,Male
8230,28,,77.5,74.4,2.9,7.0,5.2,46.1,84.5,2.88,72.03,65.31,AI,Đà Nẵng,Female
8231,26,29.2,84.6,80.9,8.4,7.8,0.0,74.4,100.0,4.0,100.0,87.18,CE,Huế,Male
8232,29,42.4,78.2,100.0,10.3,8.4,1.1,51.6,80.3,3.16,79.06,65.93,SE,Cần Thơ,Female
8233,26,,67.3,99.2,6.3,7.1,4.4,54.1,80.2,3.18,79.5,67.11,DS,Hà Nội,Male
8234,19,34.2,74.4,100.0,5.6,6.1,3.4,51.1,76.2,2.99,74.85,63.66,SE,Cần Thơ,Male
8235,25,25.5,100.0,68.3,8.6,7.3,3.2,62.2,100.0,4.0,100.0,81.08,IT,Huế,Female
8236,27,38.4,87.5,66.9,6.8,6.9,3.5,59.8,90.1,3.43,85.8,74.92,CS,Huế,Female
8237,28,44.2,87.1,82.0,0.0,7.9,2.6,79.7,100.0,3.77,94.16,89.85,SE,Huế,Female
8238,29,29.2,82.2,86.1,8.5,6.9,3.2,61.0,84.9,3.52,87.96,72.97,SE,Hà Nội,Female
8239,22,17.1,84.5,77.9,2.7,8.1,2.0,61.8,68.5,2.5,62.42,65.17,IT,Đà Nẵng,Male
8240,21,20.6,80.7,74.2,6.0,6.7,2.2,53.3,75.1,2.79,69.77,64.23,CE,TP.HCM,Female
8241,27,27.3,90.3,99.0,4.9,8.5,2.4,67.7,76.6,2.67,66.74,72.16,IT,Hà Nội,Male
8242,22,28.7,86.0,78.6,4.4,7.2,1.9,51.2,99.5,4.0,100.0,75.36,IT,Đà Nẵng,Female
8243,21,30.6,73.3,61.8,6.1,6.3,3.2,66.3,94.6,4.0,100.0,80.45,AI,Cần Thơ,Female
8244,25,28.7,87.5,63.5,8.2,6.6,2.9,58.6,84.3,3.1,77.59,71.46,AI,Hà Nội,Male
8245,21,25.1,60.4,83.7,6.1,7.9,0.0,54.6,82.1,3.14,78.47,68.38,CE,Đà Nẵng,Male
8246,30,19.9,89.1,100.0,9.5,5.5,2.2,60.3,84.7,3.38,84.62,72.47,CE,Huế,Male
8247,27,28.2,70.9,65.4,9.8,6.8,2.5,59.7,77.9,3.28,81.99,68.79,DS,Đà Nẵng,Female
8248,29,39.8,84.0,75.3,9.8,8.3,4.8,61.6,100.0,3.99,99.64,80.78,IT,Đà Nẵng,Male
8249,30,33.2,73.1,100.0,5.9,7.6,2.1,57.2,88.9,3.89,97.16,73.04,DS,Huế,Female
8250,23,29.3,85.0,72.7,4.8,5.6,2.6,51.8,96.7,3.72,92.96,74.24,DS,TP.HCM,Male
8251,19,33.2,90.8,86.8,5.9,7.4,2.4,68.9,96.8,3.87,96.78,82.83,IT,TP.HCM,Female
8252,22,22.0,100.0,100.0,8.8,5.4,4.5,53.9,73.7,2.95,73.84,63.79,SE,Đà Nẵng,Female
8253,23,20.9,69.6,65.7,8.7,7.2,0.7,47.8,80.6,2.87,71.84,64.19,SE,Cần Thơ,Female
8254,22,19.0,94.8,75.4,0.0,8.7,1.3,55.0,79.1,3.14,78.48,67.05,SE,Đà Nẵng,Female
8255,29,24.0,86.3,72.7,6.8,7.1,1.2,54.2,83.4,3.4,84.95,68.78,CS,Cần Thơ,Male
8256,19,21.6,80.5,57.2,0.1,5.6,2.5,62.1,84.1,3.06,76.59,73.09,AI,Huế,Male
8257,24,34.7,92.6,100.0,6.0,6.8,0.3,70.8,96.3,3.7,92.57,83.53,CE,TP.HCM,Female
8258,21,21.2,82.6,71.2,4.7,7.2,4.7,58.7,77.8,3.48,86.94,68.28,DS,Huế,Female
8259,25,18.6,92.2,66.9,3.9,8.3,3.1,49.6,72.7,2.76,68.99,61.19,DS,TP.HCM,Female
8260,24,40.5,75.1,73.3,8.1,8.3,3.4,72.0,100.0,4.0,100.0,86.0,CS,TP.HCM,Male
8261,24,21.4,78.7,93.9,4.4,5.7,5.7,56.6,88.1,3.46,86.56,72.35,IT,Hà Nội,Female
8262,26,26.2,94.4,81.7,6.0,6.6,2.0,49.7,80.3,3.09,77.17,64.99,CS,Hà Nội,Female
8263,18,28.6,99.9,68.1,3.7,7.5,3.8,59.6,87.5,3.26,81.53,73.56,IT,Hà Nội,Male
8264,27,15.9,84.6,86.1,6.2,6.3,3.4,48.3,82.4,3.37,84.22,65.38,SE,Huế,Male
8265,23,34.9,57.1,92.2,8.4,7.6,4.8,70.9,84.6,3.2,79.9,77.76,DS,Đà Nẵng,Male
8266,23,30.1,83.0,79.6,3.8,5.4,3.5,56.9,90.2,3.53,88.15,73.54,IT,Hà Nội,Male
8267,23,37.5,,76.5,7.6,7.3,1.7,69.5,100.0,4.0,100.0,84.76,CS,Cần Thơ,Female
8268,30,19.6,82.7,95.2,6.1,8.2,3.1,61.8,85.5,3.24,81.11,73.69,AI,Huế,Female
8269,29,,88.4,77.3,,7.1,1.5,50.7,73.5,3.17,79.18,62.07,IT,Huế,Female
8270,23,25.3,80.2,100.0,5.1,7.2,1.8,58.1,78.9,3.06,76.62,68.51,DS,Hà Nội,Female
8271,29,27.1,93.4,68.6,7.9,8.0,2.5,74.6,83.0,3.28,81.93,78.78,DS,TP.HCM,Female
8272,27,13.4,73.3,68.3,7.7,6.5,2.2,34.3,66.4,2.75,68.71,50.33,CE,Hà Nội,Female
8273,24,25.9,97.4,66.4,5.7,7.7,1.2,54.5,97.5,3.62,90.46,75.99,DS,Hà Nội,Male
8274,27,13.6,,76.4,6.5,7.0,0.0,52.2,83.9,3.5,87.51,68.07,AI,Đà Nẵng,Male
8275,23,27.9,75.9,80.0,7.9,5.9,2.9,60.0,86.3,3.25,81.35,73.18,AI,Đà Nẵng,Female
8276,18,8.0,75.9,60.1,7.4,8.1,3.1,43.5,56.2,2.28,57.08,49.86,SE,TP.HCM,Male
8277,20,10.2,89.1,81.5,5.2,8.7,3.0,50.1,62.6,2.27,56.71,56.33,SE,Đà Nẵng,Female
8278,19,31.5,73.1,88.5,8.9,8.4,5.4,69.1,80.5,3.29,82.32,74.79,AI,Đà Nẵng,Male
8279,23,20.6,80.1,58.0,8.2,8.1,0.2,52.9,82.0,3.0,74.99,67.43,CE,Huế,Male
8280,25,17.1,96.0,72.2,11.3,7.6,4.8,51.7,69.1,2.65,66.25,60.37,SE,Đà Nẵng,Female
8281,20,35.2,92.4,88.5,2.1,7.4,6.2,69.7,86.0,3.33,83.28,77.86,DS,Hà Nội,Male
8282,27,27.6,100.0,63.7,7.8,6.9,5.1,75.6,100.0,4.0,100.0,87.82,CS,Cần Thơ,Male
8283,25,32.0,86.7,75.3,8.9,6.2,2.0,66.5,92.3,3.98,99.46,79.37,AI,Hà Nội,Female
8284,25,23.7,78.9,96.3,8.5,4.5,3.2,62.4,85.7,3.33,83.34,74.01,SE,Đà Nẵng,Male
8285,22,46.4,85.5,100.0,5.4,5.1,1.3,60.9,100.0,3.93,98.25,80.43,CE,Hà Nội,Male
8286,25,20.2,83.5,86.6,2.6,7.0,1.5,51.3,86.4,3.31,82.75,68.83,IT,Hà Nội,Female
8287,23,39.0,83.6,77.5,9.8,5.5,5.1,57.7,87.7,3.82,95.51,72.68,AI,Hà Nội,Male
8288,22,24.5,84.8,72.5,4.8,7.5,3.5,56.2,89.9,3.54,88.51,73.06,CS,Đà Nẵng,Male
8289,26,11.8,75.7,93.7,5.3,9.1,3.6,55.9,66.5,2.75,68.86,61.2,AI,Huế,Male
8290,24,28.9,87.8,97.0,11.2,3.1,0.8,50.1,91.5,3.74,93.42,70.84,CE,Huế,Female
8291,25,27.5,70.9,62.7,2.8,5.8,0.3,69.3,85.9,3.28,81.89,77.62,SE,Cần Thơ,Male
8292,18,16.6,77.8,93.7,8.0,9.6,4.1,49.1,67.0,2.79,69.75,58.05,AI,Cần Thơ,Male
8293,28,17.6,83.8,70.9,4.1,8.0,3.1,57.5,83.9,3.61,90.13,70.71,IT,Đà Nẵng,Male
8294,19,,62.4,67.1,4.1,6.9,2.1,60.7,73.7,2.86,71.43,67.17,IT,Huế,Male
8295,25,27.8,92.7,77.7,6.4,6.4,5.1,74.7,92.5,3.89,97.32,83.62,CE,TP.HCM,Female
8296,29,5.2,64.5,94.9,7.7,7.7,3.4,43.0,49.3,2.03,50.74,46.14,IT,Cần Thơ,Male
8297,26,33.4,91.7,84.6,8.4,8.2,1.2,57.3,85.2,3.17,79.29,71.26,CE,Huế,Male
8298,21,21.0,72.1,84.2,8.7,5.5,0.0,59.2,76.3,3.36,84.04,67.74,DS,Huế,Male
8299,29,14.3,81.0,85.3,4.2,8.8,3.4,27.9,58.5,2.49,62.31,43.21,DS,Huế,Male
8300,27,32.5,,87.0,3.1,7.5,1.8,56.1,100.0,3.74,93.61,78.06,CS,Hà Nội,Female
8301,28,24.8,100.0,78.3,5.1,8.1,2.3,54.3,84.1,3.18,79.4,69.17,IT,Cần Thơ,Female
8302,27,34.7,86.2,89.5,6.9,8.2,2.2,48.2,77.6,3.36,84.05,62.9,SE,Đà Nẵng,Male
8303,26,28.5,65.2,70.1,5.5,7.4,4.6,68.8,87.3,3.29,82.35,78.03,DS,Đà Nẵng,Male
8304,21,25.0,94.5,89.8,0.0,7.5,3.8,67.9,88.1,3.25,81.36,77.98,SE,Đà Nẵng,Male
8305,27,23.8,82.7,92.9,1.4,7.6,2.4,58.6,74.2,2.65,66.36,66.41,DS,Hà Nội,Female
8306,27,28.9,85.7,90.5,5.4,6.6,2.3,66.8,96.1,3.71,92.74,81.47,SE,Huế,Female
8307,27,21.7,,91.3,8.1,7.8,2.9,57.6,86.1,3.58,89.62,71.85,CE,Huế,Female
8308,26,18.2,62.7,87.0,3.7,6.7,4.5,54.5,74.2,3.02,75.44,64.35,DS,TP.HCM,Male
8309,28,29.9,85.1,97.6,7.8,7.0,2.6,69.6,98.5,3.69,92.14,84.05,AI,Hà Nội,Male
8310,24,23.8,,45.9,2.3,8.9,1.6,44.2,83.6,3.28,82.12,63.87,DS,Cần Thơ,Female
8311,19,25.3,97.2,92.8,,7.0,0.7,65.4,95.6,3.95,98.72,80.5,SE,Cần Thơ,Male
8312,26,33.7,92.3,100.0,6.7,7.5,2.4,72.6,100.0,3.83,95.7,86.3,DS,Cần Thơ,Male
8313,21,24.1,68.7,70.7,7.2,6.8,0.7,48.9,88.3,3.5,87.38,68.61,SE,Huế,Male
8314,25,25.1,97.6,69.0,3.5,6.6,3.0,56.8,90.6,3.97,99.25,73.68,CS,Hà Nội,Female
8315,24,20.2,89.5,99.3,2.1,9.3,3.2,47.8,63.4,2.55,63.75,55.59,DS,Cần Thơ,Female
8316,30,28.4,69.5,66.1,,5.2,4.3,59.1,99.5,4.0,100.0,79.28,DS,Huế,Male
8317,24,27.8,85.6,70.0,2.2,7.1,2.2,61.6,88.1,3.37,84.18,74.86,CE,Đà Nẵng,Female
8318,25,,95.3,82.5,4.1,5.6,4.0,64.9,100.0,3.92,97.88,82.46,IT,Huế,Male
8319,18,20.4,72.9,68.0,9.5,8.5,4.9,45.5,74.7,3.24,81.04,60.1,DS,Đà Nẵng,Male
8320,22,21.3,98.8,93.1,6.4,6.9,2.6,66.1,87.8,3.53,88.13,76.97,IT,Hà Nội,Male
8321,19,31.3,69.9,68.1,,6.4,5.9,54.6,81.7,3.02,75.55,68.15,CS,TP.HCM,Female
8322,19,27.0,77.1,85.4,7.6,4.8,4.7,61.0,83.1,3.73,93.24,72.03,CS,TP.HCM,Female
8323,18,17.8,75.6,84.3,7.5,8.9,1.8,55.6,52.4,2.15,53.84,54.0,IT,Cần Thơ,Female
8324,22,35.5,,100.0,5.9,5.4,6.9,53.6,88.6,3.92,98.02,71.1,IT,Đà Nẵng,Female
8325,19,11.4,80.1,97.5,3.7,7.6,2.4,48.1,61.2,2.31,57.79,54.63,CS,Đà Nẵng,Male
8326,21,31.3,73.4,72.1,12.7,8.1,4.6,68.9,93.0,3.68,92.11,80.92,CE,Cần Thơ,Female
8327,20,14.9,89.5,61.0,5.3,9.6,3.4,49.5,76.7,3.2,80.07,63.08,CE,Hà Nội,Female
8328,20,40.1,91.6,92.6,6.8,6.3,3.0,75.5,100.0,4.0,100.0,87.77,DS,TP.HCM,Male
8329,19,12.6,91.7,70.2,7.1,6.0,4.5,43.1,72.8,3.12,77.98,57.97,DS,TP.HCM,Male
8330,30,34.2,82.3,75.0,,6.5,2.7,70.9,98.0,3.44,86.0,84.48,SE,Cần Thơ,Male
8331,23,24.3,87.5,64.1,4.9,6.3,2.4,47.9,78.6,3.0,75.06,63.23,DS,Hà Nội,Male
8332,19,22.1,78.5,90.2,9.7,4.7,2.4,53.2,78.8,3.18,79.52,65.97,SE,TP.HCM,Female
8333,25,26.5,100.0,70.3,4.2,9.0,0.8,69.1,100.0,4.0,100.0,84.56,IT,Đà Nẵng,Male
8334,25,30.1,,79.5,7.0,6.5,4.1,70.9,97.2,3.82,95.45,84.04,CE,TP.HCM,Male
8335,30,17.8,95.8,79.7,8.2,6.8,1.5,43.0,77.9,3.04,75.96,60.44,IT,Cần Thơ,Female
8336,29,18.5,92.9,82.8,5.5,7.8,2.8,51.2,83.8,3.4,84.92,67.5,AI,TP.HCM,Male
8337,22,30.2,90.2,89.9,5.8,8.7,2.5,56.7,96.5,3.69,92.21,76.61,DS,Cần Thơ,Male
8338,27,11.3,72.6,76.4,8.4,5.6,3.4,53.2,59.2,2.24,55.91,56.2,SE,Huế,Female
8339,24,20.3,91.3,68.9,5.7,7.4,2.5,53.4,76.5,3.09,77.33,64.96,CS,Hà Nội,Female
8340,21,49.3,86.1,52.1,0.8,5.5,2.1,76.0,100.0,3.99,99.8,88.01,CE,TP.HCM,Female
8341,18,17.3,97.6,81.5,,7.4,3.1,56.2,78.7,2.92,72.92,67.47,CE,Huế,Male
8342,28,34.2,93.1,77.6,3.6,7.4,3.0,55.5,90.6,3.68,91.9,73.04,IT,Cần Thơ,Male
8343,19,20.3,90.5,69.3,6.5,6.4,0.9,56.1,82.0,3.36,84.08,69.03,DS,TP.HCM,Female
8344,27,29.1,,80.9,2.7,7.3,2.3,49.5,87.7,3.78,94.62,68.59,DS,TP.HCM,Male
8345,27,30.2,84.1,92.8,4.7,7.3,4.4,56.6,97.1,3.88,96.92,76.87,AI,Huế,Female
8346,21,34.0,79.4,96.7,4.9,6.9,6.2,59.1,100.0,4.0,100.0,79.56,DS,TP.HCM,Male
8347,18,23.4,87.5,57.0,6.4,6.8,0.0,59.3,86.0,3.03,75.84,72.64,IT,Huế,Female
8348,30,40.9,80.8,74.6,3.8,5.4,3.7,61.9,100.0,3.99,99.72,80.93,CE,Huế,Female
8349,25,20.3,82.2,94.4,11.0,5.7,2.7,49.0,84.6,3.28,82.12,66.81,AI,Hà Nội,Male
8350,26,26.9,89.6,100.0,6.1,6.3,1.6,61.0,85.3,3.31,82.79,73.14,IT,Hà Nội,Male
8351,21,27.0,80.7,67.7,8.2,5.8,1.9,67.7,98.2,4.0,100.0,82.96,AI,Cần Thơ,Female
8352,27,16.0,86.2,100.0,6.0,6.3,1.1,53.2,80.0,2.84,70.91,66.64,DS,Đà Nẵng,Male
8353,20,22.7,69.8,59.7,8.5,6.9,0.5,61.0,85.8,3.09,77.35,73.39,SE,Hà Nội,Male
8354,19,26.3,76.7,97.2,0.7,7.1,3.1,40.3,63.6,2.66,66.56,51.95,CS,Hà Nội,Female
8355,22,21.5,91.6,75.8,4.2,7.7,5.2,65.7,81.5,3.3,82.43,73.57,AI,Huế,Male
8356,20,44.5,72.7,100.0,4.7,7.2,3.0,62.9,100.0,3.85,96.35,81.44,SE,Huế,Male
8357,27,18.3,97.5,73.0,4.7,7.1,2.8,48.8,89.4,3.84,95.92,69.1,SE,Huế,Male
8358,24,34.4,94.7,75.4,7.3,7.6,1.6,79.6,100.0,4.0,100.0,89.8,DS,Đà Nẵng,Female
8359,28,31.9,82.3,78.0,7.5,5.9,1.1,62.5,85.9,3.5,87.61,74.19,IT,Hà Nội,Female
8360,23,24.9,100.0,56.9,5.8,6.0,2.5,53.0,78.1,2.85,71.14,65.58,AI,TP.HCM,Female
8361,18,18.1,97.4,53.6,5.9,6.6,1.0,48.6,75.3,3.28,81.97,61.93,CS,Hà Nội,Female
8362,29,18.9,75.5,87.7,12.1,6.2,4.2,40.1,71.4,2.48,61.92,55.75,SE,Cần Thơ,Male
8363,25,20.9,92.5,94.8,6.8,4.9,1.6,54.6,96.7,3.65,91.15,75.67,CE,Đà Nẵng,Female
8364,19,10.7,85.7,89.1,0.4,7.7,1.2,43.4,61.4,2.62,65.46,52.38,DS,Cần Thơ,Female
8365,22,17.0,77.2,61.2,7.9,5.8,5.9,54.3,65.7,2.33,58.27,60.04,IT,Huế,Male
8366,26,13.1,74.3,87.2,7.4,9.2,4.4,58.9,81.4,3.53,88.33,70.17,DS,TP.HCM,Female
8367,25,35.8,94.9,65.1,8.9,7.2,0.7,56.7,100.0,4.0,100.0,78.33,SE,Đà Nẵng,Female
8368,19,29.9,79.0,86.1,7.5,5.2,1.2,63.8,77.7,3.24,80.92,70.76,DS,Đà Nẵng,Male
8369,26,31.3,84.0,97.0,3.7,7.8,2.2,49.6,84.6,3.24,80.94,67.1,CS,TP.HCM,Female
8370,22,29.7,75.8,85.5,8.2,7.0,2.3,61.9,91.2,3.39,84.75,76.57,DS,Cần Thơ,Female
8371,27,26.3,77.5,100.0,6.2,7.3,1.8,47.6,82.2,2.98,74.6,64.9,SE,Hà Nội,Male
8372,23,36.7,,77.8,8.6,6.4,4.5,55.0,100.0,4.0,100.0,77.49,CE,Cần Thơ,Female
8373,30,20.1,88.9,76.8,9.9,5.9,2.8,72.5,82.6,3.32,83.07,77.55,CE,TP.HCM,Male
8374,20,25.9,59.1,81.0,5.7,5.2,2.4,69.4,74.0,3.0,75.02,71.69,CS,Hà Nội,Female
8375,30,,85.2,59.9,,5.5,1.6,55.7,85.2,3.69,92.23,70.47,DS,Đà Nẵng,Male
8376,20,14.4,77.5,74.0,8.6,5.4,0.9,61.7,82.3,3.45,86.18,71.99,CS,TP.HCM,Female
8377,27,49.8,99.0,75.3,6.4,6.6,1.6,76.9,100.0,4.0,100.0,88.44,AI,Cần Thơ,Female
8378,25,25.2,100.0,75.7,10.9,6.9,1.2,48.6,99.7,4.0,100.0,74.15,CS,TP.HCM,Female
8379,28,26.1,81.4,84.0,8.6,5.1,0.6,61.7,92.8,3.51,87.73,77.26,CS,Đà Nẵng,Female
8380,27,35.1,,57.8,4.5,8.1,4.1,68.6,89.7,3.69,92.15,79.12,CS,Huế,Male
8381,27,32.3,86.2,62.8,6.7,7.2,3.9,67.8,100.0,4.0,100.0,83.9,DS,Đà Nẵng,Female
8382,29,25.3,82.9,97.0,8.2,9.9,1.9,43.7,89.3,3.79,94.68,66.5,DS,Đà Nẵng,Male
8383,19,26.0,100.0,49.9,10.8,6.5,4.5,51.0,99.4,4.0,100.0,75.15,IT,Huế,Female
8384,28,13.0,100.0,89.2,7.6,9.7,3.4,56.8,64.7,3.07,76.65,60.74,CS,TP.HCM,Male
8385,29,20.5,93.7,74.4,6.7,7.9,0.9,45.8,81.0,3.48,86.97,63.41,CS,Huế,Female
8386,29,29.1,79.1,82.4,9.2,4.6,0.3,66.4,83.3,2.96,74.08,74.84,AI,Đà Nẵng,Male
8387,19,28.6,91.8,100.0,5.5,5.6,3.0,57.5,88.7,3.59,89.87,73.06,SE,Hà Nội,Female
8388,30,34.8,87.7,78.0,3.5,7.4,3.2,51.9,92.5,3.95,98.83,72.18,DS,Hà Nội,Male
8389,22,24.0,87.4,89.4,7.8,4.9,0.6,46.2,83.2,3.21,80.18,64.75,CE,Cần Thơ,Male
8390,23,13.9,69.4,80.9,5.1,5.9,1.7,49.2,69.1,2.64,65.92,59.2,IT,Cần Thơ,Male
8391,29,33.5,95.6,78.4,12.8,5.1,3.8,68.2,96.8,4.0,100.0,82.5,AI,Đà Nẵng,Female
8392,19,36.5,,76.5,6.6,9.6,4.9,77.0,100.0,3.8,95.09,88.5,IT,TP.HCM,Female
8393,22,32.2,84.0,90.5,7.8,8.3,2.6,61.9,100.0,4.0,100.0,80.94,AI,Huế,Female
8394,24,23.7,79.0,69.0,4.4,6.6,2.6,53.1,81.7,3.25,81.2,67.42,DS,TP.HCM,Male
8395,27,33.4,77.1,63.0,9.2,8.8,1.8,75.1,100.0,4.0,100.0,87.53,SE,TP.HCM,Female
8396,27,52.4,88.2,81.1,5.9,8.5,4.7,71.3,100.0,3.88,97.12,85.63,CS,Huế,Male
8397,25,25.9,67.5,82.9,5.7,8.6,3.3,52.4,63.9,2.42,60.61,58.19,DS,Hà Nội,Male
8398,29,14.5,92.9,52.6,5.7,6.3,1.2,53.4,67.4,2.92,72.98,60.4,AI,Hà Nội,Male
8399,24,20.3,74.5,79.8,2.8,6.6,3.7,44.7,67.9,3.03,75.86,56.29,CE,Huế,Female
8400,25,30.0,64.4,61.6,5.4,5.7,1.4,60.5,93.5,3.7,92.57,76.99,DS,Huế,Female
8401,29,12.2,100.0,89.4,,6.9,1.1,49.2,64.9,2.68,67.05,57.01,CE,Hà Nội,Female
8402,26,26.4,76.4,52.9,2.1,6.0,1.8,64.7,86.8,3.64,91.01,75.76,IT,TP.HCM,Male
8403,22,28.0,77.8,100.0,8.6,5.7,1.2,54.6,100.0,4.0,100.0,77.28,DS,Huế,Male
8404,30,37.3,96.3,74.9,5.3,8.4,1.1,62.6,100.0,4.0,100.0,81.31,SE,Hà Nội,Male
8405,22,,100.0,67.0,6.6,7.8,0.4,81.0,100.0,4.0,100.0,90.5,AI,Huế,Female
8406,28,31.9,69.7,75.8,0.4,5.9,1.5,65.8,82.3,3.03,75.72,74.04,CE,TP.HCM,Female
8407,27,7.7,75.4,88.3,6.6,8.1,1.7,50.2,44.5,1.98,49.52,47.37,DS,Hà Nội,Female
8408,21,32.4,76.2,93.4,3.4,7.4,0.5,67.0,82.2,3.72,92.94,74.6,AI,Huế,Female
8409,30,30.6,94.3,75.9,5.1,6.6,3.3,57.1,100.0,4.0,100.0,78.54,CS,Huế,Male
8410,26,27.0,100.0,58.4,2.1,8.9,0.0,53.1,89.1,3.32,82.93,71.11,SE,Đà Nẵng,Male
8411,22,11.2,74.2,61.8,3.8,7.4,1.9,37.4,56.3,2.58,64.55,46.83,AI,Đà Nẵng,Female
8412,19,,,84.3,5.6,9.1,3.5,49.6,93.0,3.72,92.92,71.32,CS,TP.HCM,Male
8413,27,,77.9,94.8,5.3,7.7,4.2,57.4,81.0,3.36,84.03,69.23,CE,TP.HCM,Female
8414,25,8.9,88.4,96.8,8.2,7.8,1.6,44.7,67.4,2.9,72.61,56.06,SE,Huế,Male
8415,24,25.0,72.3,82.5,1.3,5.7,4.0,61.6,92.2,3.98,99.5,76.91,IT,Hà Nội,Female
8416,25,18.6,83.8,94.5,5.9,6.3,1.9,57.7,76.9,2.91,72.79,67.29,AI,TP.HCM,Male
8417,29,46.0,83.9,100.0,5.8,8.7,5.9,84.1,100.0,4.0,100.0,92.05,AI,Huế,Male
8418,20,23.6,81.8,97.9,4.9,8.4,0.3,61.0,75.2,3.07,76.63,68.11,SE,Huế,Male
8419,21,35.4,88.8,93.8,3.7,6.6,1.0,66.4,95.7,3.65,91.36,81.07,CE,TP.HCM,Female
8420,22,12.4,74.9,67.9,,5.4,2.7,35.8,57.5,2.46,61.48,46.69,CS,Hà Nội,Male
8421,23,20.8,76.2,94.4,,9.0,0.6,66.6,81.9,3.23,80.63,74.23,IT,TP.HCM,Female
8422,18,25.8,89.4,86.9,1.7,8.3,1.4,65.7,98.9,3.97,99.35,82.32,AI,TP.HCM,Female
8423,21,17.7,,89.8,3.7,5.6,3.2,56.2,90.5,3.52,88.03,73.37,DS,Huế,Female
8424,28,21.6,84.8,98.9,3.5,5.6,2.8,55.5,100.0,4.0,100.0,77.76,CE,TP.HCM,Female
8425,29,23.3,90.0,85.4,5.3,9.2,2.4,42.6,97.3,3.77,94.37,69.95,IT,Cần Thơ,Female
8426,27,23.1,,78.5,9.1,6.4,2.5,59.4,95.4,3.81,95.2,77.4,DS,TP.HCM,Female
8427,30,39.8,93.3,64.0,7.3,6.4,0.0,64.9,95.9,3.84,95.93,80.39,SE,Huế,Male
8428,22,28.0,75.5,75.6,5.6,6.2,2.7,45.0,92.1,3.58,89.44,68.58,AI,TP.HCM,Male
8429,24,28.8,77.2,83.2,6.0,7.4,1.5,54.6,100.0,3.64,90.89,77.29,CS,Đà Nẵng,Male
8430,30,29.3,78.1,84.2,5.2,5.3,1.9,60.5,90.4,3.75,93.85,75.46,AI,Huế,Female
8431,22,29.9,100.0,83.7,7.8,7.3,0.1,65.2,85.4,3.41,85.24,75.31,DS,Đà Nẵng,Female
8432,30,24.3,90.1,94.4,8.2,5.3,3.5,47.9,83.6,3.27,81.82,65.75,IT,Đà Nẵng,Female
8433,30,22.4,89.6,93.0,7.5,5.3,3.3,45.1,85.7,3.42,85.59,65.4,SE,Hà Nội,Male
8434,18,26.3,88.7,79.1,0.5,5.4,0.8,55.8,89.6,3.75,93.82,72.7,CS,TP.HCM,Female
8435,28,34.3,71.8,67.3,6.0,5.4,2.8,65.7,91.4,4.0,100.0,78.59,DS,TP.HCM,Male
8436,24,34.0,100.0,85.8,5.5,7.9,5.0,59.6,99.1,3.62,90.55,79.35,CE,TP.HCM,Female
8437,25,23.1,89.8,100.0,8.5,7.9,2.7,52.4,92.8,3.8,94.95,72.63,CS,Đà Nẵng,Male
8438,30,31.1,92.2,84.8,6.6,6.8,0.0,63.6,100.0,3.91,97.64,81.8,CE,Cần Thơ,Male
8439,24,23.4,67.3,75.6,7.4,6.2,1.6,46.5,85.9,3.72,93.05,66.21,IT,Cần Thơ,Male
8440,28,25.3,92.8,88.0,4.8,8.7,2.7,42.8,90.7,3.36,84.1,66.75,CE,Cần Thơ,Female
8441,30,21.2,81.4,88.9,8.3,7.8,5.7,55.5,76.7,3.09,77.18,66.07,SE,Hà Nội,Female
8442,21,23.5,71.8,88.8,9.1,5.6,0.7,40.3,80.1,3.17,79.3,60.2,SE,Hà Nội,Male
8443,25,35.7,75.5,100.0,1.9,7.4,2.3,65.6,100.0,3.78,94.4,82.8,SE,Đà Nẵng,Female
8444,22,25.7,72.4,85.8,2.8,7.4,0.9,53.5,82.4,3.16,79.1,67.93,AI,Huế,Male
8445,27,26.1,72.2,99.9,7.9,7.9,3.8,53.7,86.1,3.38,84.52,69.86,CE,Đà Nẵng,Male
8446,26,13.4,85.6,83.5,5.6,10.0,2.0,39.6,53.6,2.17,54.31,46.6,DS,Huế,Male
8447,29,22.5,81.1,100.0,8.6,6.0,0.0,51.6,76.2,2.57,64.27,63.9,CS,Cần Thơ,Female
8448,29,,88.3,98.1,6.6,7.7,1.9,49.0,79.7,3.13,78.3,64.34,IT,Huế,Female
8449,27,18.4,100.0,93.8,7.7,8.8,2.3,75.1,81.4,3.41,85.19,78.25,AI,Huế,Female
8450,22,25.2,,91.8,,9.1,3.1,50.4,83.1,3.59,89.72,66.75,CE,Huế,Male
8451,18,21.6,62.6,100.0,6.8,7.2,2.8,58.3,88.6,3.61,90.15,73.46,DS,TP.HCM,Male
8452,29,25.6,,96.1,6.9,5.4,3.5,52.4,85.4,3.52,88.09,68.87,SE,Đà Nẵng,Male
8453,26,26.0,96.9,67.3,4.3,4.8,2.3,60.8,100.0,3.75,93.68,80.42,CS,Hà Nội,Male
8454,29,17.4,84.1,83.7,8.5,8.0,2.6,50.7,79.5,3.11,77.8,65.09,SE,TP.HCM,Male
8455,22,21.8,100.0,76.0,1.3,7.4,2.5,55.1,99.0,3.71,92.83,77.08,AI,Cần Thơ,Male
8456,23,25.6,89.5,100.0,6.5,7.2,1.9,56.2,86.4,3.42,85.52,71.31,DS,TP.HCM,Female
8457,21,34.5,66.6,98.8,2.8,7.3,3.4,62.7,86.6,3.92,98.11,74.67,CS,Đà Nẵng,Female
8458,23,27.1,86.1,100.0,3.4,8.2,3.8,68.5,98.1,4.0,100.0,83.33,DS,Hà Nội,Male
8459,29,19.7,88.0,68.6,8.5,7.7,2.4,44.5,62.6,2.66,66.55,53.54,IT,Huế,Female
8460,25,28.2,95.8,96.5,3.3,7.5,1.8,47.3,92.9,3.78,94.49,70.08,SE,Cần Thơ,Female
8461,20,38.7,100.0,59.5,3.1,6.3,0.9,62.8,89.7,3.54,88.45,76.24,CE,Cần Thơ,Male
8462,22,32.3,94.1,56.1,7.5,8.2,3.0,64.3,91.6,3.8,94.89,77.98,IT,Huế,Female
8463,19,29.4,89.4,74.0,3.2,6.3,1.0,58.2,94.9,3.68,91.92,76.58,DS,Hà Nội,Female
8464,19,30.8,91.8,100.0,8.5,8.2,2.7,73.4,89.8,4.0,100.0,81.61,AI,Hà Nội,Male
8465,30,36.5,83.3,65.1,7.6,6.5,2.7,75.5,100.0,4.0,100.0,87.77,CS,Đà Nẵng,Male
8466,24,33.6,70.4,79.7,4.1,7.7,4.1,57.3,79.3,3.37,84.13,68.32,CS,Cần Thơ,Male
8467,27,,85.4,97.8,8.5,9.1,4.6,71.5,100.0,3.9,97.53,85.77,AI,Đà Nẵng,Male
8468,30,33.5,88.7,92.7,1.2,7.8,0.0,66.6,100.0,3.91,97.7,83.31,DS,Huế,Female
8469,27,16.3,73.0,100.0,7.2,8.7,2.2,42.7,66.3,2.51,62.64,54.54,DS,Cần Thơ,Female
8470,28,13.0,98.3,80.1,2.9,6.6,0.0,48.6,90.8,3.38,84.52,69.67,CS,Huế,Female
8471,27,26.3,95.1,73.4,4.7,7.1,4.2,57.5,87.3,3.77,94.21,72.38,DS,Huế,Female
8472,23,25.5,71.3,63.6,4.9,6.6,2.5,49.3,67.8,2.85,71.23,58.57,CS,TP.HCM,Male
8473,21,20.6,98.7,74.5,9.2,5.0,4.2,50.5,69.8,2.71,67.76,60.18,CS,Cần Thơ,Male
8474,22,31.6,81.9,63.4,4.7,8.3,2.9,64.4,93.1,3.6,90.05,78.72,IT,Hà Nội,Male
8475,18,10.1,77.2,53.1,5.8,7.7,0.5,41.2,63.2,2.82,70.49,52.17,CS,TP.HCM,Female
8476,24,20.7,95.8,100.0,4.9,7.6,1.0,52.8,100.0,4.0,100.0,76.39,CS,TP.HCM,Female
8477,25,21.1,,80.7,3.5,8.5,2.3,52.0,70.1,2.72,68.0,61.04,AI,TP.HCM,Male
8478,26,11.9,100.0,100.0,3.4,5.6,3.4,47.7,66.1,2.88,71.92,56.89,SE,Đà Nẵng,Female
8479,25,37.0,76.5,67.4,6.8,5.3,2.6,71.1,100.0,4.0,100.0,85.55,IT,Cần Thơ,Male
8480,22,14.1,67.7,73.6,5.9,8.5,2.8,39.5,61.6,2.35,58.72,50.58,DS,Đà Nẵng,Female
8481,20,20.3,82.2,68.4,7.9,6.9,2.0,54.3,73.3,2.85,71.2,63.78,CE,Hà Nội,Female
8482,27,32.3,92.9,70.4,5.4,7.3,4.2,51.8,92.5,3.65,91.36,72.13,DS,Hà Nội,Male
8483,28,30.2,75.7,93.1,5.5,5.2,2.7,55.1,78.0,3.18,79.53,66.56,DS,Cần Thơ,Female
8484,26,16.1,71.7,88.5,7.9,8.8,2.6,38.0,60.1,2.4,59.96,49.09,IT,Cần Thơ,Female
8485,23,30.5,87.3,93.1,,7.8,2.9,73.1,89.2,3.27,81.85,81.11,IT,TP.HCM,Female
8486,22,27.3,70.4,100.0,2.4,6.3,1.9,57.0,91.8,3.49,87.18,74.4,SE,Cần Thơ,Female
8487,30,43.7,,96.6,8.1,9.5,2.0,67.8,100.0,4.0,100.0,83.88,AI,Cần Thơ,Female
8488,20,28.2,81.6,64.9,4.3,5.4,3.2,45.4,82.3,3.59,89.85,63.84,SE,TP.HCM,Female
8489,23,23.9,89.9,72.1,6.2,6.6,3.7,46.3,80.8,3.28,81.88,63.58,AI,Hà Nội,Male
8490,20,18.1,71.2,81.8,4.4,8.2,3.8,55.7,74.2,3.15,78.86,64.95,CE,Cần Thơ,Male
8491,27,19.0,98.0,100.0,3.6,8.4,2.2,56.6,78.7,3.22,80.41,67.67,CE,Đà Nẵng,Male
8492,29,18.4,83.2,91.6,1.3,5.2,2.7,40.5,57.1,2.25,56.25,48.76,AI,Hà Nội,Female
8493,23,36.0,92.6,81.6,6.8,6.7,1.6,55.1,96.2,3.67,91.82,75.65,SE,Hà Nội,Female
8494,21,25.1,94.6,90.1,0.0,7.9,3.7,71.9,97.6,3.98,99.47,84.75,AI,Huế,Male
8495,19,29.5,73.4,71.0,9.2,8.8,1.1,68.3,99.1,4.0,100.0,83.72,AI,Đà Nẵng,Female
8496,25,37.1,93.8,83.9,8.6,8.7,2.8,69.1,100.0,3.75,93.67,84.56,AI,Cần Thơ,Male
8497,21,6.1,70.7,94.3,3.7,7.8,3.8,41.1,48.4,2.05,51.29,44.76,DS,Đà Nẵng,Male
8498,26,35.2,71.3,79.6,10.0,7.1,2.7,60.9,98.2,3.82,95.38,79.51,IT,TP.HCM,Male
8499,24,25.4,100.0,68.7,11.2,6.8,3.0,49.7,88.4,3.6,90.12,69.0,CE,Cần Thơ,Male
8500,29,28.5,96.1,78.8,,7.6,2.1,67.2,88.1,3.38,84.39,77.67,AI,Hà Nội,Female
8501,19,18.4,100.0,75.2,7.0,8.7,0.0,52.3,66.7,2.7,67.46,59.53,AI,Hà Nội,Female
8502,21,19.0,81.3,59.6,6.3,6.7,1.5,56.9,73.2,2.74,68.51,65.07,CS,Cần Thơ,Female
8503,22,28.9,86.0,71.4,9.8,6.7,2.6,56.6,100.0,4.0,100.0,78.28,IT,Đà Nẵng,Male
8504,20,44.1,90.3,59.1,2.5,8.4,1.5,74.3,100.0,4.0,100.0,87.16,IT,Cần Thơ,Male
8505,26,33.0,84.9,61.4,5.4,8.3,3.2,58.9,100.0,4.0,100.0,79.45,SE,Cần Thơ,Female
8506,30,35.1,77.5,62.9,8.3,6.4,0.3,63.5,96.9,3.94,98.46,80.21,CE,Cần Thơ,Male
8507,22,23.5,76.0,94.3,8.0,5.4,0.0,60.0,82.3,3.09,77.32,71.15,AI,Hà Nội,Female
8508,19,20.2,87.1,100.0,5.9,4.9,3.5,49.2,55.4,1.9,47.48,52.32,IT,Huế,Male
8509,28,,74.3,57.0,9.5,7.2,2.0,65.4,63.2,2.81,70.26,64.26,CS,Đà Nẵng,Female
8510,20,21.1,74.1,100.0,6.6,5.7,3.0,47.6,77.2,2.97,74.25,62.41,CE,Cần Thơ,Female
8511,26,,88.9,63.1,6.3,8.1,1.7,45.8,65.5,2.42,60.52,55.62,IT,Huế,Female
8512,24,19.2,84.0,91.2,7.7,4.9,3.3,62.4,62.1,2.75,68.86,62.26,AI,Đà Nẵng,Female
8513,19,20.5,94.4,83.9,5.8,8.9,4.5,65.4,86.7,3.38,84.57,76.08,SE,Đà Nẵng,Male
8514,26,23.6,80.8,89.5,6.1,6.6,4.6,58.3,90.2,3.79,94.72,74.24,SE,Cần Thơ,Female
8515,21,26.1,79.2,62.5,4.0,6.0,1.5,58.4,87.8,3.58,89.61,73.14,DS,Đà Nẵng,Male
8516,30,27.9,89.2,52.8,13.3,6.4,1.9,59.8,86.6,3.08,77.0,73.2,SE,Huế,Female
8517,26,24.9,76.9,68.0,4.8,6.0,2.8,65.4,65.8,2.76,69.03,65.6,CS,TP.HCM,Female
8518,30,20.3,78.4,86.4,7.8,8.8,5.3,59.2,81.2,3.05,76.37,70.22,SE,Cần Thơ,Female
8519,19,9.3,78.8,100.0,10.8,7.8,0.8,52.0,57.3,2.05,51.14,54.63,DS,Cần Thơ,Male
8520,29,20.4,,64.6,2.6,7.1,0.8,65.0,87.2,3.04,76.08,76.08,IT,Đà Nẵng,Male
8521,27,17.2,100.0,78.5,7.5,5.6,3.8,56.4,85.9,3.21,80.15,71.14,CE,TP.HCM,Male
8522,29,28.7,71.2,68.8,6.1,6.9,1.5,54.2,91.6,3.59,89.77,72.87,DS,Huế,Female
8523,21,32.3,98.0,79.7,10.5,6.1,3.5,66.5,100.0,4.0,100.0,83.27,IT,Hà Nội,Male
8524,22,32.5,92.4,51.0,3.7,3.8,1.6,63.7,95.7,3.86,96.43,79.67,DS,TP.HCM,Male
8525,19,31.1,100.0,100.0,4.1,6.2,3.0,61.9,100.0,4.0,100.0,80.94,CS,Đà Nẵng,Male
8526,27,23.9,100.0,80.4,5.9,7.7,1.7,54.9,79.7,2.85,71.15,67.29,CE,Huế,Female
8527,18,20.8,99.3,93.8,4.8,6.5,1.0,59.6,96.8,3.46,86.41,78.22,SE,Đà Nẵng,Female
8528,24,19.0,94.3,76.5,4.9,6.8,2.7,58.2,76.2,3.54,88.61,67.2,CS,Cần Thơ,Female
8529,27,12.9,71.9,82.9,11.1,8.2,0.7,40.3,76.2,3.04,75.91,58.23,CS,Đà Nẵng,Female
8530,18,32.9,73.1,96.9,6.3,8.0,3.2,63.0,90.4,3.72,93.11,76.74,CE,Cần Thơ,Male
8531,28,23.6,88.6,82.0,4.0,9.4,2.1,68.2,93.1,3.44,85.93,80.64,SE,Hà Nội,Male
8532,28,15.0,68.0,82.5,5.0,4.4,0.5,40.9,64.2,2.7,67.57,52.52,CS,Đà Nẵng,Male
8533,25,18.4,91.2,68.1,,6.0,2.9,62.7,67.4,2.9,72.61,65.05,AI,Huế,Female
8534,20,18.1,63.7,72.0,6.8,8.1,2.9,41.5,69.0,2.38,59.45,55.27,CS,Đà Nẵng,Female
8535,27,25.3,96.5,64.8,4.6,7.5,0.0,61.2,85.2,3.5,87.6,73.18,DS,Cần Thơ,Female
8536,23,33.5,81.8,68.9,1.9,7.1,2.4,49.1,89.4,3.67,91.72,69.22,CS,Huế,Female
8537,24,22.2,86.3,98.8,5.9,6.3,2.5,59.4,83.7,2.85,71.23,71.55,SE,Hà Nội,Male
8538,27,7.0,77.5,100.0,5.8,7.3,2.6,40.2,48.0,1.96,48.9,44.1,AI,Huế,Male
8539,18,23.5,66.0,61.3,4.4,7.2,0.0,39.4,66.6,2.53,63.31,53.0,SE,Đà Nẵng,Male
8540,23,23.8,97.3,85.9,9.2,4.8,3.0,53.9,96.0,3.93,98.32,74.95,IT,Huế,Male
8541,24,23.2,98.4,75.2,7.4,7.3,3.3,70.4,81.7,3.41,85.16,76.04,SE,Cần Thơ,Female
8542,23,20.0,81.5,100.0,6.3,6.4,1.1,56.5,83.4,3.43,85.76,69.95,CS,TP.HCM,Female
8543,21,26.7,91.6,82.0,5.1,8.0,0.4,59.6,87.6,3.44,86.08,73.63,IT,TP.HCM,Female
8544,18,25.5,81.1,79.9,10.3,7.4,1.0,60.3,94.2,3.68,92.05,77.25,SE,Hà Nội,Female
8545,28,24.8,87.9,68.8,3.1,9.3,2.7,64.4,94.2,3.81,95.29,79.29,AI,Hà Nội,Female
8546,26,28.3,92.6,57.0,4.8,7.0,0.6,71.5,91.8,3.62,90.48,81.66,IT,Huế,Male
8547,21,21.6,90.6,91.4,4.9,5.7,0.5,52.6,87.2,3.19,79.85,69.91,DS,Hà Nội,Female
8548,24,21.1,98.4,85.3,6.7,4.0,5.6,60.0,80.5,3.26,81.48,70.27,IT,Đà Nẵng,Male
8549,24,36.0,90.2,85.7,7.7,5.9,2.5,69.1,100.0,3.96,99.09,84.56,IT,Huế,Female
8550,19,29.5,85.3,71.0,2.7,7.5,2.0,60.7,92.6,3.67,91.72,76.67,CS,Cần Thơ,Male
8551,18,31.6,77.4,77.8,4.3,7.8,1.5,58.9,88.4,3.46,86.62,73.66,SE,Cần Thơ,Male
8552,25,34.8,80.2,91.9,7.1,6.3,1.9,75.2,98.5,3.9,97.51,86.84,IT,Cần Thơ,Female
8553,25,29.2,93.1,94.7,4.3,6.5,5.2,62.8,90.8,3.5,87.54,76.82,IT,Huế,Male
8554,24,32.4,70.0,62.3,5.0,7.1,3.7,50.7,83.5,3.51,87.76,67.08,IT,Đà Nẵng,Male
8555,25,,96.1,70.5,6.4,7.5,6.1,26.9,67.1,2.6,64.92,47.0,SE,Huế,Female
8556,20,26.6,82.2,59.2,3.6,8.2,3.1,64.5,84.8,3.41,85.24,74.65,AI,Đà Nẵng,Female
8557,28,23.5,,83.0,6.7,6.3,1.1,50.9,72.3,2.75,68.74,61.61,SE,Huế,Male
8558,19,38.4,74.0,93.3,7.5,6.1,2.9,63.8,100.0,3.78,94.53,81.89,AI,Cần Thơ,Male
8559,24,32.4,91.7,75.8,6.1,9.4,3.3,66.1,100.0,3.98,99.43,83.07,IT,Đà Nẵng,Female
8560,25,20.0,84.9,70.1,9.6,9.1,3.4,71.2,78.6,3.28,81.99,74.88,SE,Huế,Female
8561,18,28.0,100.0,75.0,7.8,6.4,1.8,71.1,96.4,4.0,100.0,83.75,SE,Hà Nội,Female
8562,29,26.3,,100.0,5.9,8.4,5.2,53.9,90.6,3.77,94.21,72.27,SE,TP.HCM,Female
8563,27,28.6,79.2,97.9,5.2,9.6,0.6,63.8,94.3,3.58,89.57,79.07,IT,Đà Nẵng,Male
8564,26,16.8,84.1,91.0,10.4,8.6,3.0,45.7,83.9,3.37,84.21,64.83,CE,Cần Thơ,Female
8565,30,27.9,77.5,84.8,4.3,6.1,2.1,63.3,94.2,3.75,93.8,78.78,IT,Huế,Male
8566,28,23.2,85.1,79.8,5.3,7.1,1.3,49.0,84.1,3.51,87.71,66.52,AI,Huế,Male
8567,21,27.3,88.2,66.4,5.0,4.9,2.9,60.0,86.7,3.57,89.25,73.37,AI,Đà Nẵng,Male
8568,29,19.2,89.8,64.1,7.0,5.8,4.4,54.5,70.7,2.7,67.62,62.62,SE,TP.HCM,Female
8569,21,20.3,100.0,71.5,11.6,7.0,3.1,47.4,70.7,2.9,72.45,59.03,DS,TP.HCM,Female
8570,20,34.4,72.0,65.7,6.6,7.3,2.9,57.2,91.2,3.76,94.04,74.18,CS,Cần Thơ,Female
8571,23,16.6,88.4,70.9,5.2,6.2,0.0,34.4,79.8,3.26,81.43,57.09,IT,Đà Nẵng,Male
8572,18,17.2,78.5,78.5,6.5,3.7,3.9,46.8,61.6,2.46,61.45,54.23,CS,Cần Thơ,Male
8573,23,24.6,89.3,79.6,,7.2,1.9,65.2,88.4,3.4,85.08,76.78,CS,Đà Nẵng,Male
8574,19,18.8,89.3,70.7,5.5,7.9,3.3,67.5,70.2,2.73,68.23,68.87,CS,TP.HCM,Male
8575,26,17.9,75.1,87.4,10.3,7.9,3.9,60.9,86.5,3.89,97.34,73.71,AI,Cần Thơ,Female
8576,19,25.8,76.0,77.2,7.7,6.8,2.8,52.9,75.1,2.77,69.14,63.97,IT,Đà Nẵng,Female
8577,24,13.0,90.1,83.2,9.1,6.8,0.0,48.2,88.7,3.92,98.12,68.45,DS,Cần Thơ,Male
8578,29,16.9,,68.8,8.5,7.3,4.6,50.0,76.5,3.43,85.86,63.22,CE,Hà Nội,Male
8579,18,,82.8,90.4,4.2,7.5,5.2,66.9,100.0,3.74,93.5,83.46,DS,Cần Thơ,Female
8580,29,28.7,91.6,72.0,10.8,6.9,3.7,67.6,81.0,3.12,77.92,74.29,DS,Đà Nẵng,Female
8581,24,19.0,92.3,100.0,1.6,4.2,1.4,49.0,58.0,2.26,56.44,53.48,SE,Hà Nội,Female
8582,22,28.3,79.7,76.6,6.8,8.7,4.3,69.1,88.4,3.41,85.28,78.73,IT,TP.HCM,Female
8583,25,29.5,76.5,78.6,0.9,6.4,2.1,59.7,89.0,3.44,85.98,74.34,AI,Hà Nội,Male
8584,21,33.0,,88.9,1.7,5.5,2.4,51.8,93.0,3.86,96.46,72.4,AI,TP.HCM,Male
8585,29,24.0,85.3,92.2,8.3,6.5,4.3,55.1,95.0,3.85,96.32,75.05,SE,Huế,Female
8586,27,32.8,70.8,93.8,4.3,7.1,3.5,63.8,89.3,3.68,92.09,76.58,CE,Cần Thơ,Male
8587,24,8.7,86.0,100.0,9.1,6.3,0.0,51.7,62.7,2.48,61.89,57.2,AI,Huế,Male
8588,23,16.5,97.2,89.9,0.6,6.4,2.8,57.6,77.7,3.07,76.63,67.7,IT,Cần Thơ,Male
8589,22,26.3,81.5,79.0,5.8,6.6,4.3,54.6,86.9,3.32,83.11,70.72,SE,TP.HCM,Female
8590,21,27.6,79.6,72.1,3.0,7.4,0.5,53.8,75.7,3.13,78.13,64.76,DS,TP.HCM,Male
8591,24,17.7,100.0,78.0,5.2,6.0,4.0,66.3,70.4,3.02,75.51,68.34,CS,TP.HCM,Male
8592,29,27.1,100.0,100.0,9.9,7.4,0.0,60.5,96.6,3.63,90.85,78.55,DS,Cần Thơ,Male
8593,22,20.0,77.4,59.2,10.5,5.3,2.2,43.1,61.0,2.6,64.92,52.05,CS,Hà Nội,Male
8594,22,22.8,86.4,67.7,7.3,9.4,3.3,50.7,89.4,3.63,90.76,70.02,IT,Đà Nẵng,Male
8595,18,33.2,88.3,76.7,2.0,8.3,2.1,48.4,74.1,2.73,68.28,61.25,CE,Đà Nẵng,Male
8596,19,32.3,87.0,67.5,3.0,6.7,4.3,50.0,84.1,3.07,76.85,67.05,IT,Hà Nội,Male
8597,22,17.0,,73.9,6.4,7.4,0.4,48.8,67.3,2.64,65.93,58.05,IT,TP.HCM,Female
8598,30,16.5,85.9,100.0,4.0,5.6,3.7,44.3,65.2,2.5,62.6,54.75,AI,Huế,Female
8599,20,21.7,87.4,75.5,7.6,7.7,2.6,49.2,72.0,3.09,77.19,60.61,IT,Huế,Female
8600,30,24.8,91.9,86.2,10.2,8.0,1.2,63.1,98.7,3.87,96.77,80.94,SE,Hà Nội,Female
8601,19,19.7,96.9,55.1,3.5,7.3,3.2,60.9,100.0,3.89,97.29,80.45,AI,Hà Nội,Male
8602,21,33.3,94.4,63.5,3.8,8.1,2.4,55.4,86.6,3.38,84.4,71.01,AI,Cần Thơ,Female
8603,21,27.8,90.4,94.0,3.0,7.0,4.7,73.6,90.1,3.56,88.97,81.86,AI,Cần Thơ,Male
8604,21,28.2,,100.0,5.4,6.9,3.4,57.4,82.7,3.36,84.07,70.01,AI,Huế,Female
8605,21,14.9,80.1,83.3,6.1,6.2,3.1,48.2,60.3,2.62,65.6,54.25,DS,TP.HCM,Female
8606,20,34.3,93.2,75.4,6.1,7.7,1.5,58.8,100.0,3.75,93.83,79.4,IT,TP.HCM,Female
8607,30,2.4,87.5,87.4,8.2,6.0,2.7,37.7,42.1,1.76,44.1,39.91,DS,Huế,Male
8608,29,31.7,93.3,41.0,7.0,7.5,1.6,78.0,100.0,3.73,93.31,88.98,SE,Huế,Male
8609,24,32.5,100.0,83.4,5.9,7.4,2.4,56.2,98.2,4.0,100.0,77.23,SE,Cần Thơ,Male
8610,26,21.5,73.2,64.3,6.1,8.6,4.4,54.1,82.1,2.97,74.28,68.1,DS,Huế,Female
8611,29,,96.4,91.9,6.2,7.7,2.1,61.8,100.0,4.0,100.0,80.89,SE,Cần Thơ,Male
8612,22,24.5,81.7,47.1,5.9,4.9,0.3,42.1,84.0,3.55,88.76,63.05,DS,Huế,Male
8613,21,25.5,94.4,70.6,4.3,6.2,3.2,46.8,88.3,3.38,84.41,67.55,AI,TP.HCM,Female
8614,28,27.7,84.6,79.4,3.0,6.2,3.7,63.1,88.5,3.43,85.87,75.8,AI,Hà Nội,Female
8615,19,50.5,100.0,68.6,6.4,6.1,4.9,64.9,100.0,3.62,90.52,82.47,CS,Hà Nội,Male
8616,19,,86.3,74.4,4.8,8.2,3.8,55.5,100.0,3.65,91.19,77.75,AI,TP.HCM,Female
8617,22,30.6,78.6,93.6,7.3,4.4,2.1,65.9,78.7,3.09,77.19,72.3,DS,TP.HCM,Male
8618,24,17.7,89.2,79.6,6.2,8.7,2.9,56.9,61.9,2.51,62.85,59.4,SE,TP.HCM,Female
8619,27,26.1,88.2,66.0,6.0,8.2,3.1,58.3,98.0,4.0,100.0,78.15,DS,Hà Nội,Male
8620,27,18.5,96.4,94.1,8.5,7.2,3.2,44.5,83.3,3.28,81.9,63.9,AI,Cần Thơ,Female
8621,26,31.6,89.5,83.8,2.5,7.4,0.0,53.2,100.0,3.97,99.33,76.62,CE,Đà Nẵng,Male
8622,30,26.1,100.0,84.4,10.4,7.1,1.6,49.7,87.2,3.24,80.96,68.45,CS,Cần Thơ,Female
8623,24,16.0,83.9,66.6,0.5,7.2,3.2,48.6,85.3,3.38,84.53,66.93,DS,TP.HCM,Male
8624,22,25.6,84.0,41.8,9.6,8.4,4.1,61.6,100.0,4.0,100.0,80.82,DS,Hà Nội,Female
8625,27,18.2,79.0,66.4,6.5,6.7,1.5,47.3,81.4,3.37,84.34,64.36,AI,TP.HCM,Female
8626,27,26.2,85.9,64.9,4.7,7.7,1.9,64.2,94.3,3.76,94.11,79.26,IT,Đà Nẵng,Male
8627,27,18.1,87.3,70.8,2.3,6.0,2.1,63.8,86.9,3.66,91.57,75.32,CE,Hà Nội,Male
8628,23,25.2,87.8,67.4,4.5,7.6,2.3,60.0,88.8,3.55,88.86,74.39,AI,Đà Nẵng,Male
8629,28,31.0,85.7,81.7,5.6,6.7,3.8,51.7,91.9,3.65,91.25,71.81,AI,Huế,Male
8630,29,24.6,78.9,93.2,6.5,7.5,1.4,55.9,86.2,3.61,90.24,71.08,CS,Cần Thơ,Female
8631,20,21.9,76.2,96.1,9.6,6.0,3.8,63.0,99.1,4.0,100.0,81.07,SE,Hà Nội,Male
8632,22,26.6,81.2,92.6,6.2,7.5,4.6,52.4,77.2,3.02,75.55,64.79,IT,Cần Thơ,Male
8633,25,30.6,96.4,66.5,6.8,6.9,1.9,57.5,93.2,4.0,100.0,75.33,IT,TP.HCM,Female
8634,18,16.1,98.6,80.9,6.9,8.9,1.9,60.4,81.0,3.29,82.28,70.71,SE,Huế,Male
8635,29,27.1,84.2,100.0,5.2,7.3,2.7,47.2,88.1,3.55,88.7,67.65,SE,Đà Nẵng,Male
8636,18,35.5,75.6,56.2,5.5,7.6,1.6,64.5,99.0,3.9,97.47,81.76,AI,Hà Nội,Female
8637,24,29.6,84.2,100.0,,6.5,2.4,55.2,78.9,3.24,81.11,67.03,SE,Huế,Male
8638,22,25.5,100.0,65.1,7.6,7.4,0.3,55.9,90.9,3.81,95.21,73.35,IT,Hà Nội,Female
8639,22,30.1,95.0,84.4,3.7,7.6,3.8,74.6,99.5,4.0,99.96,87.05,CS,Hà Nội,Female
8640,18,28.6,90.5,86.2,4.7,6.6,5.0,56.4,89.6,3.63,90.73,73.04,DS,Huế,Male
8641,26,31.0,94.6,82.8,6.9,6.5,1.5,63.4,100.0,3.78,94.41,81.69,CE,Huế,Female
8642,18,,100.0,100.0,3.3,6.0,0.0,54.3,81.0,3.07,76.8,67.66,CE,Cần Thơ,Female
8643,22,12.6,73.5,75.5,6.3,6.9,3.9,35.8,52.3,1.94,48.46,44.08,SE,Cần Thơ,Female
8644,27,33.0,81.1,55.4,4.6,6.2,1.9,68.2,100.0,4.0,100.0,84.11,CE,TP.HCM,Female
8645,26,13.0,79.7,85.3,7.3,7.4,1.5,43.3,53.1,1.9,47.41,48.19,SE,Huế,Male
8646,21,28.2,90.9,77.4,9.4,6.1,2.3,50.2,82.0,2.88,71.93,66.09,IT,Đà Nẵng,Male
8647,30,22.2,86.6,88.3,4.6,6.9,0.7,50.9,78.8,2.87,71.79,64.86,AI,Đà Nẵng,Male
8648,25,17.0,92.6,93.2,7.9,5.9,3.2,52.1,82.0,3.39,84.68,67.07,CS,TP.HCM,Male
8649,23,27.8,79.9,79.5,6.5,8.4,0.6,59.6,74.4,3.31,82.78,67.02,IT,Đà Nẵng,Male
8650,28,26.6,98.7,86.5,5.0,7.0,0.7,54.1,100.0,4.0,100.0,77.07,CS,TP.HCM,Male
8651,20,41.9,84.3,82.2,6.0,7.0,0.7,67.4,93.8,3.53,88.34,80.6,SE,Cần Thơ,Male
8652,21,20.0,91.9,100.0,9.2,7.7,2.7,43.3,88.5,3.37,84.21,65.92,DS,Đà Nẵng,Female
8653,19,36.5,97.0,74.4,5.6,9.1,0.0,61.6,100.0,3.87,96.85,80.81,CS,Hà Nội,Female
8654,18,27.8,96.2,69.7,9.3,7.1,5.6,50.1,88.5,3.23,80.8,69.31,DS,Đà Nẵng,Female
8655,30,19.7,88.6,93.2,5.7,5.2,1.9,52.5,60.9,2.4,59.89,56.69,IT,Đà Nẵng,Male
8656,25,31.4,93.2,66.1,2.5,8.4,0.0,56.2,100.0,4.0,100.0,78.12,CS,TP.HCM,Male
8657,18,,100.0,85.9,5.6,5.4,0.9,77.7,100.0,3.8,95.07,88.85,IT,Cần Thơ,Female
8658,30,,90.1,77.5,2.3,6.4,3.4,60.4,97.4,3.66,91.38,78.86,SE,Đà Nẵng,Male
8659,28,27.1,77.7,78.5,5.2,8.4,4.5,44.8,68.6,2.9,72.48,56.7,SE,Cần Thơ,Female
8660,18,20.2,,100.0,5.1,6.6,2.7,48.2,89.4,3.39,84.86,68.79,CE,Đà Nẵng,Female
8661,21,18.4,84.6,98.5,10.5,6.3,2.6,56.8,63.8,2.39,59.85,60.28,CE,TP.HCM,Female
8662,27,31.1,61.5,95.3,10.0,7.3,0.2,59.4,88.3,3.05,76.37,73.86,CS,Cần Thơ,Male
8663,29,23.2,89.6,88.0,6.2,7.0,4.7,44.1,66.9,2.86,71.54,55.51,DS,TP.HCM,Female
8664,27,24.4,86.2,69.6,9.0,6.2,3.3,50.3,97.4,4.0,100.0,73.87,IT,Cần Thơ,Male
8665,23,27.2,96.6,83.9,5.0,8.1,3.0,64.7,100.0,3.93,98.37,82.37,IT,TP.HCM,Male
8666,26,27.1,77.5,88.7,2.4,8.5,2.5,59.8,99.0,3.95,98.66,79.37,AI,Đà Nẵng,Female
8667,18,13.6,69.9,83.0,7.3,8.7,3.3,50.0,62.8,2.61,65.2,56.39,IT,Huế,Male
8668,24,35.3,86.7,81.4,6.9,7.7,1.3,62.4,96.9,4.0,100.0,79.63,CS,TP.HCM,Female
8669,27,26.0,88.8,74.0,3.7,6.2,3.9,51.4,84.3,3.35,83.86,67.82,CE,Đà Nẵng,Female
8670,28,23.4,85.9,84.1,3.8,5.5,3.7,45.9,77.6,2.99,74.7,61.75,AI,Cần Thơ,Female
8671,22,28.4,85.2,72.1,8.3,4.2,2.4,66.2,89.5,3.55,88.69,77.86,IT,TP.HCM,Female
8672,29,26.9,74.3,90.6,1.8,8.2,2.1,70.9,87.9,3.44,85.95,79.39,IT,Hà Nội,Female
8673,25,31.1,,49.8,7.4,7.2,0.0,63.0,100.0,4.0,100.0,81.49,CS,Huế,Female
8674,24,29.3,81.5,100.0,5.2,6.5,0.0,66.2,100.0,3.78,94.58,83.11,IT,Đà Nẵng,Male
8675,21,30.7,,60.3,7.4,4.7,3.3,56.4,84.7,3.62,90.57,70.58,CS,Hà Nội,Female
8676,21,,88.8,64.0,8.5,5.6,3.9,65.0,100.0,4.0,100.0,82.51,AI,TP.HCM,Male
8677,23,32.1,82.2,86.1,3.8,4.9,4.1,60.9,81.9,3.13,78.27,71.4,CE,Huế,Male
8678,23,23.7,100.0,88.1,3.1,8.7,0.5,60.7,100.0,3.84,96.08,80.34,CE,Đà Nẵng,Male
8679,26,16.0,,100.0,9.7,7.8,5.9,49.9,62.9,2.34,58.62,56.41,IT,Đà Nẵng,Male
8680,29,38.3,,84.4,5.9,5.4,4.0,88.2,100.0,3.9,97.62,94.09,AI,TP.HCM,Female
8681,22,23.1,83.3,79.4,6.8,9.0,1.6,60.8,89.3,3.92,98.06,75.08,SE,Cần Thơ,Female
8682,25,21.2,100.0,82.9,8.3,6.1,2.7,65.7,86.3,3.34,83.46,76.0,IT,Cần Thơ,Male
8683,22,,85.9,100.0,3.6,7.4,0.0,48.2,64.2,2.59,64.85,56.23,CE,Hà Nội,Female
8684,19,27.7,86.2,100.0,8.3,7.4,1.6,42.8,81.1,3.15,78.77,61.94,AI,Huế,Male
8685,23,26.2,83.6,77.2,7.6,6.9,3.3,60.5,91.0,3.23,80.77,75.79,DS,Đà Nẵng,Female
8686,26,12.9,87.0,88.1,,6.6,2.6,55.9,78.6,3.03,75.82,67.26,DS,TP.HCM,Female
8687,30,28.6,97.0,78.9,9.6,7.0,5.1,71.5,100.0,3.99,99.76,85.73,CS,Huế,Female
8688,20,21.0,93.5,78.6,6.2,6.7,0.3,54.3,96.7,4.0,100.0,75.48,DS,Hà Nội,Male
8689,18,46.5,85.3,100.0,7.9,7.3,2.3,61.9,100.0,3.65,91.25,80.96,AI,Đà Nẵng,Male
8690,18,20.4,100.0,66.1,6.1,7.3,0.8,53.2,85.6,3.61,90.36,69.4,CE,Hà Nội,Female
8691,30,21.5,93.7,45.0,6.4,6.4,4.8,44.3,73.8,3.0,74.9,59.05,IT,Cần Thơ,Male
8692,20,,80.6,84.8,3.2,8.3,2.9,60.2,82.4,3.28,81.91,71.33,CS,TP.HCM,Female
8693,27,35.2,71.2,98.0,5.4,6.0,2.5,65.5,100.0,3.79,94.77,82.75,CE,Cần Thơ,Male
8694,22,22.0,80.8,83.3,1.5,7.5,2.3,49.8,86.9,3.72,93.06,68.36,CS,Hà Nội,Female
8695,20,19.2,89.1,87.5,5.7,6.6,1.2,58.3,83.1,3.39,84.77,70.72,CE,Huế,Male
8696,26,30.7,91.0,91.3,,6.0,4.3,72.7,94.0,3.75,93.76,83.33,SE,Cần Thơ,Female
8697,25,14.0,98.6,81.7,7.9,6.7,2.8,56.1,77.7,3.09,77.14,66.91,CS,Cần Thơ,Female
8698,20,30.0,,88.3,6.3,6.2,2.9,73.6,99.6,4.0,100.0,86.61,SE,Huế,Female
8699,26,,80.6,88.1,5.5,7.8,3.4,59.9,100.0,3.83,95.69,79.94,CE,Hà Nội,Female
8700,30,29.5,73.2,50.6,4.6,6.9,1.2,65.4,92.2,3.97,99.28,78.8,DS,Hà Nội,Male
8701,23,30.1,71.6,81.7,3.7,8.6,5.5,47.4,89.5,4.0,100.0,68.46,DS,Đà Nẵng,Male
8702,30,32.0,78.7,56.4,8.0,5.9,4.9,75.0,100.0,3.94,98.45,87.49,DS,Huế,Female
8703,24,38.7,88.7,79.4,2.2,4.4,2.4,72.8,100.0,4.0,100.0,86.38,CS,Hà Nội,Male
8704,21,34.7,92.7,72.6,2.1,7.5,2.0,62.1,95.6,3.71,92.63,78.85,AI,Huế,Female
8705,21,28.5,75.5,95.5,8.3,9.1,3.5,49.0,96.2,3.62,90.47,72.61,SE,TP.HCM,Male
8706,29,32.2,76.9,83.7,6.5,7.6,4.2,56.7,95.7,3.71,92.71,76.16,SE,Đà Nẵng,Male
8707,30,17.9,67.2,87.1,6.1,5.9,5.1,46.6,71.4,2.94,73.46,59.0,CS,Huế,Male
8708,19,31.2,87.1,77.1,6.5,5.8,3.5,63.1,90.3,3.56,89.11,76.72,AI,Cần Thơ,Male
8709,22,17.0,77.7,95.8,11.0,9.4,2.7,49.2,54.4,2.26,56.4,51.83,CS,TP.HCM,Male
8710,25,22.1,100.0,56.0,,6.5,2.7,51.8,88.0,3.57,89.28,69.91,SE,Hà Nội,Male
8711,24,0.3,89.1,66.6,6.7,5.8,0.0,47.3,59.9,2.31,57.74,53.61,AI,Đà Nẵng,Male
8712,24,28.2,83.3,99.3,11.1,8.4,1.9,45.9,89.3,3.33,83.15,67.61,DS,Hà Nội,Male
8713,23,19.8,78.6,73.5,5.8,6.8,3.0,56.0,76.9,3.07,76.7,66.44,CE,Huế,Female
8714,20,,70.1,47.8,10.3,4.6,0.0,62.3,88.7,3.27,81.82,75.53,DS,Cần Thơ,Female
8715,22,28.1,71.3,100.0,0.7,9.5,2.8,56.7,86.4,3.47,86.66,71.54,CE,Huế,Male
8716,30,34.0,78.8,96.2,3.1,7.7,1.3,67.0,100.0,4.0,100.0,83.52,DS,Huế,Male
8717,18,16.3,78.0,90.7,4.3,5.2,4.9,43.9,71.9,2.41,60.2,57.91,IT,Đà Nẵng,Female
8718,24,33.3,75.0,81.4,7.5,8.7,2.1,55.5,80.0,3.45,86.26,67.71,IT,Cần Thơ,Male
8719,26,41.8,88.8,100.0,10.4,5.7,2.1,67.5,100.0,3.93,98.27,83.76,DS,Cần Thơ,Male
8720,18,31.1,90.1,98.9,4.5,5.7,2.3,57.9,88.6,3.64,91.07,73.23,SE,TP.HCM,Male
8721,30,,80.4,100.0,8.4,5.9,2.5,58.8,100.0,3.87,96.7,79.39,AI,Hà Nội,Female
8722,19,26.4,100.0,90.4,11.6,9.3,3.7,65.2,92.2,3.61,90.15,78.69,SE,TP.HCM,Male
8723,20,20.8,67.5,81.8,9.9,9.5,2.0,51.6,85.2,3.73,93.15,68.36,IT,Cần Thơ,Female
8724,20,31.1,85.6,74.0,5.0,6.3,2.5,61.4,95.4,3.55,88.65,78.41,AI,Huế,Female
8725,25,13.0,82.8,61.0,8.2,9.0,3.7,48.9,64.2,2.47,61.66,56.56,CE,TP.HCM,Female
8726,24,21.7,79.5,87.5,6.8,4.3,2.5,50.7,69.5,2.79,69.74,60.1,AI,Hà Nội,Male
8727,23,10.8,78.0,88.8,4.4,8.1,3.5,51.6,62.1,1.99,49.72,56.85,CS,Huế,Male
8728,27,19.4,84.9,74.8,7.1,8.6,1.8,56.5,78.9,2.97,74.27,67.73,DS,Cần Thơ,Female
8729,27,30.1,82.7,89.2,4.8,8.8,3.0,60.1,82.1,3.45,86.19,71.1,SE,Cần Thơ,Female
8730,28,29.0,81.1,75.0,6.3,7.1,4.5,50.5,90.2,3.35,83.8,70.34,AI,Đà Nẵng,Female
8731,21,25.4,72.0,93.0,2.6,7.7,3.4,64.7,77.6,3.14,78.38,71.15,CE,Cần Thơ,Female
8732,26,26.4,68.8,66.8,1.6,6.1,0.0,60.1,72.0,2.95,73.69,66.05,CE,Hà Nội,Female
8733,18,9.9,,64.2,5.3,7.0,3.3,49.0,53.6,2.24,56.09,51.29,AI,Hà Nội,Male
8734,28,22.0,81.0,76.4,6.8,6.8,0.8,66.4,81.0,3.03,75.7,73.7,CS,TP.HCM,Male
8735,19,19.5,83.0,92.4,3.2,6.7,1.1,57.3,83.4,3.37,84.18,70.36,DS,Hà Nội,Female
8736,21,19.7,83.9,62.6,7.3,8.4,3.2,52.0,89.8,3.36,83.95,70.92,DS,Huế,Female
8737,20,29.8,79.8,95.7,6.1,7.3,1.0,55.5,86.7,3.41,85.17,71.08,IT,Huế,Male
8738,18,18.1,82.9,55.4,7.6,9.0,0.8,46.9,76.0,3.21,80.28,61.43,SE,Đà Nẵng,Female
8739,22,20.2,76.5,76.3,8.4,7.3,2.5,53.7,75.3,2.84,71.01,64.46,CE,Huế,Female
8740,24,8.3,100.0,58.8,9.4,9.6,1.6,53.5,53.0,2.23,55.66,53.24,SE,TP.HCM,Male
8741,19,22.6,77.0,40.9,7.5,8.5,0.1,60.9,85.4,3.4,84.97,73.12,CS,TP.HCM,Male
8742,22,16.3,81.3,85.5,5.3,6.9,3.3,39.1,66.8,2.82,70.55,52.91,CS,Hà Nội,Male
8743,23,25.6,77.8,77.3,,7.2,4.0,62.8,72.8,2.52,63.0,67.84,CS,Cần Thơ,Male
8744,28,17.4,77.6,59.0,11.8,6.0,3.9,47.5,83.8,3.59,89.64,65.61,CE,Huế,Male
8745,24,25.8,85.2,72.3,8.5,7.2,1.2,52.8,89.5,3.22,80.52,71.15,CE,TP.HCM,Female
8746,18,,84.0,86.6,6.2,5.8,3.1,58.2,70.4,2.57,64.3,64.33,DS,Huế,Female
8747,24,38.4,80.4,74.5,5.6,8.6,1.8,71.8,100.0,4.0,100.0,85.88,AI,Huế,Male
8748,21,29.0,82.2,77.0,4.5,6.6,0.6,49.8,100.0,3.98,99.62,74.9,AI,Hà Nội,Female
8749,25,10.3,,74.0,3.0,7.4,1.4,46.0,62.7,2.42,60.48,54.35,AI,Hà Nội,Female
8750,30,,89.0,71.3,10.3,4.3,0.0,37.4,73.5,3.13,78.25,55.45,SE,TP.HCM,Male
8751,21,25.4,100.0,71.1,7.2,6.7,0.9,65.0,89.2,3.54,88.53,77.1,AI,TP.HCM,Male
8752,23,17.6,76.3,70.6,2.8,6.6,0.3,41.3,65.0,2.4,60.06,53.16,SE,Cần Thơ,Female
8753,26,1.3,88.9,68.7,5.7,8.1,2.8,40.7,66.0,2.89,72.25,53.36,IT,Hà Nội,Female
8754,22,35.8,,64.7,9.2,7.6,2.9,61.9,100.0,4.0,100.0,80.96,CE,TP.HCM,Male
8755,29,30.8,91.7,74.3,4.9,8.2,0.0,57.5,100.0,3.74,93.6,78.77,IT,Đà Nẵng,Female
8756,21,29.2,92.0,70.4,4.0,7.5,3.7,45.7,84.9,3.24,81.08,65.3,AI,Hà Nội,Male
8757,25,20.1,87.1,63.9,6.9,8.5,1.6,42.7,78.5,2.94,73.46,60.58,CE,Hà Nội,Female
8758,30,28.4,84.6,91.5,7.6,7.5,0.9,58.4,89.1,3.33,83.22,73.79,IT,TP.HCM,Female
8759,26,19.4,80.7,98.5,4.9,5.3,0.0,44.6,78.3,3.1,77.59,61.46,CE,TP.HCM,Male
8760,21,26.6,77.4,80.0,4.5,6.9,1.3,54.2,82.9,3.3,82.51,68.54,CE,Huế,Female
8761,20,17.6,84.0,81.0,7.2,7.0,2.3,44.9,86.1,3.53,88.24,65.52,CS,TP.HCM,Female
8762,25,37.1,72.2,69.6,3.2,3.1,4.0,61.6,94.0,3.87,96.83,77.81,CE,Hà Nội,Female
8763,22,12.4,79.1,96.0,4.7,5.8,2.3,37.2,65.0,2.77,69.2,51.07,IT,TP.HCM,Male
8764,19,34.9,96.1,100.0,5.7,9.5,2.0,62.0,86.9,3.68,92.04,74.46,CS,Đà Nẵng,Male
8765,27,25.3,86.0,77.5,7.8,6.7,3.4,54.9,94.1,3.86,96.54,74.49,IT,Hà Nội,Male
8766,26,21.1,93.9,72.2,4.9,6.9,2.7,55.1,73.2,3.0,74.99,64.17,AI,Đà Nẵng,Male
8767,20,26.3,99.7,85.1,7.4,4.4,0.2,46.0,82.0,3.48,86.88,64.03,AI,Cần Thơ,Female
8768,29,30.9,83.2,81.9,8.9,5.4,1.8,61.0,82.9,3.4,84.94,71.95,CS,Huế,Female
8769,19,35.9,87.1,72.5,4.7,7.6,1.6,56.7,86.4,3.27,81.66,71.55,CE,TP.HCM,Female
8770,18,27.5,82.0,87.1,14.1,6.4,2.3,47.7,91.0,3.36,84.05,69.35,IT,Đà Nẵng,Male
8771,25,17.9,76.9,94.1,9.5,5.7,1.8,59.2,69.5,2.58,64.41,64.35,CS,TP.HCM,Female
8772,28,25.4,75.5,68.2,6.7,8.6,1.3,60.9,72.9,2.98,74.5,66.9,CS,Cần Thơ,Male
8773,20,39.5,93.4,100.0,5.5,6.2,4.7,72.8,97.1,3.82,95.54,84.93,DS,Hà Nội,Male
8774,24,35.8,87.1,57.0,4.6,5.4,2.4,63.2,100.0,4.0,100.0,81.62,DS,Hà Nội,Male
8775,18,32.3,100.0,67.2,10.2,7.0,3.2,59.8,95.6,3.77,94.28,77.71,CE,Cần Thơ,Female
8776,18,31.4,94.7,83.5,6.5,6.0,2.3,73.9,100.0,3.82,95.4,86.94,CS,Huế,Female
8777,29,30.6,77.7,100.0,2.4,6.0,3.7,60.6,97.5,3.38,84.5,79.04,SE,TP.HCM,Male
8778,26,34.3,93.4,71.6,1.7,6.9,2.4,58.0,100.0,3.76,93.9,78.99,AI,Đà Nẵng,Male
8779,29,21.3,81.9,64.0,6.3,6.2,4.0,45.8,76.8,3.42,85.49,61.3,AI,Huế,Male
8780,25,14.2,97.2,88.2,6.3,5.0,0.0,52.5,85.9,3.63,90.72,69.22,CE,Hà Nội,Male
8781,29,25.6,80.1,76.3,3.7,7.7,2.6,53.6,72.5,2.75,68.75,63.03,CE,Đà Nẵng,Male
8782,30,18.5,74.5,90.0,2.2,8.0,2.9,57.8,72.4,2.79,69.75,65.1,CE,Cần Thơ,Female
8783,20,16.6,77.0,78.9,1.1,6.7,3.0,49.5,77.5,3.0,75.0,63.51,AI,Huế,Female
8784,23,19.2,77.6,67.1,4.1,7.7,0.9,42.1,85.7,3.65,91.2,63.9,CE,TP.HCM,Female
8785,28,44.9,76.6,100.0,5.1,6.6,1.4,84.1,100.0,4.0,100.0,92.05,CE,Đà Nẵng,Female
8786,20,26.1,79.3,35.7,7.7,4.7,0.9,48.8,72.2,3.08,76.97,60.48,AI,Đà Nẵng,Male
8787,30,27.9,93.6,100.0,5.7,8.1,3.2,50.8,88.7,3.35,83.63,69.74,DS,Hà Nội,Female
8788,29,15.2,100.0,94.0,,6.9,3.9,50.8,79.8,3.55,88.77,65.31,DS,Cần Thơ,Male
8789,21,10.2,71.7,68.8,7.5,7.2,0.0,46.9,60.2,2.35,58.79,53.59,CS,Hà Nội,Female
8790,18,,97.6,100.0,7.3,6.9,2.8,46.7,83.0,3.49,87.18,64.87,SE,TP.HCM,Male
8791,22,36.5,80.2,59.4,8.4,6.8,1.2,69.6,100.0,4.0,100.0,84.81,CE,Huế,Male
8792,18,27.7,88.5,95.1,2.5,7.2,5.1,55.3,80.4,2.87,71.83,67.85,CS,Cần Thơ,Male
8793,30,29.8,68.5,48.8,4.7,7.2,3.3,75.9,82.6,3.2,80.07,79.3,SE,Huế,Male
8794,18,30.9,90.2,62.8,12.0,8.5,2.0,64.2,100.0,3.99,99.8,82.11,IT,TP.HCM,Male
8795,27,20.3,64.9,62.8,1.2,7.5,2.3,41.8,64.1,2.4,59.97,52.95,SE,Đà Nẵng,Female
8796,28,36.1,88.1,68.7,5.3,8.4,4.4,60.0,100.0,3.7,92.6,80.01,SE,Cần Thơ,Male
8797,28,19.9,87.6,80.2,7.2,8.8,2.6,56.8,81.7,3.18,79.4,69.24,CE,Cần Thơ,Male
8798,24,36.2,86.9,67.6,1.3,5.1,0.0,59.1,98.1,4.0,100.0,78.62,AI,Cần Thơ,Male
8799,29,28.5,77.7,49.5,4.1,8.5,4.8,57.5,80.7,3.34,83.48,69.1,SE,Cần Thơ,Female
8800,23,10.7,,87.0,11.0,7.8,3.7,61.4,73.1,2.81,70.33,67.23,CE,Cần Thơ,Female
8801,19,19.0,88.9,80.7,6.4,7.6,1.7,57.4,76.9,3.12,78.01,67.16,SE,Cần Thơ,Female
8802,28,10.7,82.9,86.1,4.6,8.2,3.4,49.9,74.5,2.71,67.74,62.24,SE,Hà Nội,Female
8803,29,34.3,91.7,82.6,6.5,6.7,1.6,79.4,100.0,4.0,99.88,89.68,AI,Đà Nẵng,Male
8804,19,24.8,84.0,94.3,4.6,7.7,1.5,50.5,72.0,2.49,62.31,61.28,AI,Hà Nội,Female
8805,28,7.2,,78.9,10.3,5.7,2.3,43.8,73.0,2.68,67.04,58.4,CS,Đà Nẵng,Male
8806,24,28.0,83.7,95.2,3.5,5.3,3.4,56.3,86.3,3.61,90.29,71.31,CE,Huế,Female
8807,18,20.7,87.2,68.4,,7.6,3.2,48.9,94.2,3.65,91.17,71.55,DS,Đà Nẵng,Male
8808,30,,90.7,69.2,2.3,6.9,3.9,46.5,67.0,2.58,64.62,56.75,AI,Hà Nội,Female
8809,19,38.4,81.0,100.0,5.3,7.0,3.2,62.6,94.2,3.75,93.68,78.4,DS,TP.HCM,Male
8810,29,25.9,72.7,100.0,,6.0,4.7,50.4,76.6,3.37,84.23,63.47,CE,Hà Nội,Male
8811,25,22.7,87.8,88.6,9.0,7.5,5.1,52.9,80.1,2.47,61.65,66.51,AI,TP.HCM,Female
8812,23,21.8,96.9,66.7,3.5,6.5,3.0,51.0,80.5,3.03,75.77,65.74,CE,TP.HCM,Male
8813,19,12.9,88.0,65.5,7.2,6.9,2.0,50.3,65.0,3.07,76.83,57.67,CS,Huế,Male
8814,24,14.6,88.2,99.9,6.2,6.4,2.2,42.0,65.0,2.83,70.64,53.47,SE,Huế,Female
8815,21,35.3,84.6,99.1,1.3,6.0,0.0,71.8,100.0,4.0,100.0,85.89,IT,Hà Nội,Male
8816,19,21.2,92.4,79.0,4.2,6.8,2.5,60.2,82.4,3.34,83.53,71.28,CE,TP.HCM,Female
8817,29,25.2,83.1,100.0,4.1,8.4,1.6,59.7,100.0,3.94,98.61,79.85,CE,TP.HCM,Male
8818,23,8.6,80.5,86.9,10.2,6.4,1.4,40.1,67.6,2.42,60.61,53.87,AI,Hà Nội,Male
8819,28,14.5,96.1,63.4,7.4,6.8,2.4,50.6,73.7,2.86,71.46,62.15,CS,Huế,Male
8820,26,29.9,79.7,75.9,6.4,6.7,0.0,58.4,95.4,3.79,94.65,76.92,IT,Cần Thơ,Male
8821,28,28.0,93.9,80.1,0.0,6.2,2.2,60.3,88.2,3.75,93.78,74.25,CE,Huế,Female
8822,26,39.0,96.1,81.3,1.2,8.5,2.8,58.6,100.0,4.0,100.0,79.32,CE,Đà Nẵng,Female
8823,25,35.7,90.7,98.8,7.8,5.4,0.2,66.2,100.0,4.0,100.0,83.1,IT,Huế,Male
8824,20,23.2,72.5,65.7,8.0,6.9,4.5,55.7,82.9,3.18,79.49,69.29,SE,Hà Nội,Male
8825,20,28.8,85.3,60.0,4.1,6.0,3.2,70.2,90.3,3.51,87.83,80.27,SE,Đà Nẵng,Male
8826,19,22.5,83.0,89.0,6.1,7.7,4.4,46.7,81.7,2.91,72.86,64.24,CE,Cần Thơ,Male
8827,22,41.4,80.0,72.4,5.9,7.2,3.2,59.2,96.8,3.91,97.76,77.98,SE,Đà Nẵng,Male
8828,29,34.2,86.4,100.0,6.4,8.4,3.0,71.0,89.9,3.34,83.58,80.46,AI,Đà Nẵng,Male
8829,21,26.4,92.7,94.1,5.1,7.9,4.8,47.3,86.4,3.38,84.49,66.86,SE,TP.HCM,Male
8830,24,26.6,80.4,72.1,8.0,7.1,4.5,67.9,76.2,3.25,81.15,72.06,CS,Cần Thơ,Female
8831,21,36.6,83.3,98.2,8.8,7.9,5.4,73.8,99.8,4.0,100.0,86.78,SE,Cần Thơ,Male
8832,26,29.6,82.6,91.0,,8.0,2.3,64.0,95.2,3.87,96.74,79.6,AI,Hà Nội,Male
8833,29,37.5,96.6,89.5,3.0,5.9,1.3,56.2,100.0,4.0,100.0,78.11,CE,Đà Nẵng,Female
8834,29,7.5,,78.2,4.0,7.9,0.8,41.8,54.3,2.3,57.56,48.02,AI,Đà Nẵng,Male
8835,19,28.7,72.7,86.3,6.1,7.4,1.0,57.0,77.8,3.08,76.94,67.39,DS,Đà Nẵng,Female
8836,28,20.9,69.3,48.5,6.9,7.6,3.5,53.2,80.3,2.81,70.16,66.75,IT,Cần Thơ,Female
8837,23,39.1,88.6,99.8,8.0,6.5,6.6,71.7,100.0,3.91,97.77,85.87,CE,Hà Nội,Female
8838,24,,77.4,28.5,8.4,6.0,4.8,59.0,97.1,3.86,96.54,78.06,SE,TP.HCM,Female
8839,21,25.3,91.7,73.4,6.9,5.8,2.2,65.7,79.0,3.16,78.89,72.32,IT,Đà Nẵng,Male
8840,30,37.3,71.7,56.1,6.6,3.0,3.6,67.6,100.0,3.67,91.79,83.81,AI,Đà Nẵng,Female
8841,23,39.3,79.6,72.5,10.1,6.1,1.7,70.2,87.8,3.54,88.59,79.0,CS,Hà Nội,Male
8842,24,25.6,71.7,78.9,6.0,9.9,1.8,53.3,82.0,3.42,85.56,67.64,SE,Huế,Female
8843,21,44.8,89.3,62.0,7.5,8.0,0.9,74.9,100.0,3.92,98.01,87.45,IT,Hà Nội,Male
8844,25,24.7,91.5,38.4,6.8,7.4,1.0,41.2,81.8,3.35,83.86,61.48,CE,Cần Thơ,Female
8845,26,23.3,88.4,83.1,5.6,8.2,3.3,58.7,82.6,3.17,79.15,70.67,DS,Huế,Male
8846,18,31.9,74.1,100.0,5.6,6.7,4.7,72.5,86.6,3.51,87.71,79.57,AI,TP.HCM,Male
8847,24,22.2,77.5,74.7,9.3,6.5,4.1,59.1,75.5,3.39,84.74,67.31,CE,Đà Nẵng,Male
8848,26,25.7,87.3,94.4,5.8,6.7,4.7,62.3,100.0,3.91,97.79,81.17,CE,Cần Thơ,Male
8849,29,36.3,68.1,100.0,5.1,6.1,3.7,68.2,92.1,3.45,86.26,80.18,CS,Đà Nẵng,Male
8850,27,25.2,,51.5,4.2,6.2,2.4,65.3,91.5,3.8,95.05,78.4,CE,Huế,Female
8851,22,11.4,100.0,73.1,7.1,7.0,1.7,47.1,64.2,2.51,62.73,55.66,IT,TP.HCM,Female
8852,29,27.9,83.2,60.9,4.7,7.1,3.4,65.8,88.6,3.38,84.54,77.21,CS,Hà Nội,Female
8853,19,19.4,70.1,67.9,6.8,8.6,0.0,53.5,60.8,2.28,56.89,57.15,CE,Đà Nẵng,Male
8854,27,31.9,,100.0,6.4,8.2,1.6,61.3,92.4,3.74,93.47,76.84,AI,TP.HCM,Female
8855,23,30.6,78.7,83.4,4.9,5.2,1.3,69.9,91.9,3.68,91.96,80.87,CS,TP.HCM,Female
8856,29,36.8,100.0,91.8,2.5,6.6,4.4,62.4,100.0,4.0,100.0,81.21,CS,Hà Nội,Female
8857,29,32.3,100.0,79.3,3.4,5.7,0.4,59.3,92.3,3.77,94.27,75.82,DS,Cần Thơ,Male
8858,24,33.7,92.3,61.8,3.8,3.9,3.9,46.5,88.8,3.74,93.43,67.62,IT,TP.HCM,Male
8859,19,19.6,81.6,90.2,3.5,7.1,3.1,45.0,80.4,3.21,80.35,62.7,IT,Huế,Male
8860,19,31.4,97.0,98.8,7.1,7.7,3.1,59.8,96.4,3.95,98.71,78.12,IT,TP.HCM,Male
8861,27,40.7,73.7,84.8,11.3,7.1,1.8,66.2,100.0,3.98,99.61,83.12,IT,Đà Nẵng,Female
8862,29,19.5,95.8,87.3,4.7,7.5,0.3,57.3,81.6,3.62,90.54,69.49,IT,Hà Nội,Female
8863,27,39.4,94.3,61.5,5.0,6.6,3.3,75.3,100.0,4.0,100.0,87.65,AI,TP.HCM,Male
8864,18,20.6,83.5,90.6,4.5,5.8,3.8,43.0,70.3,2.52,62.9,56.65,AI,TP.HCM,Male
8865,21,,96.4,100.0,8.1,6.6,3.2,53.9,80.2,3.16,79.07,67.04,DS,TP.HCM,Female
8866,24,27.4,80.5,86.1,7.1,8.6,2.3,50.2,74.4,3.02,75.38,62.3,CE,Hà Nội,Female
8867,26,30.7,72.3,53.0,6.0,7.4,0.8,48.9,76.3,3.05,76.13,62.63,CS,Đà Nẵng,Male
8868,20,32.3,94.8,100.0,3.0,5.2,1.6,65.9,100.0,4.0,100.0,82.93,AI,Cần Thơ,Female
8869,29,17.3,84.1,65.8,3.6,7.2,3.2,51.4,77.9,3.01,75.34,64.62,CE,Đà Nẵng,Male
8870,28,28.5,91.0,85.8,6.4,8.5,1.3,63.7,96.1,3.85,96.16,79.92,DS,Đà Nẵng,Male
8871,24,19.5,100.0,94.3,6.6,7.9,1.1,59.0,80.4,3.39,84.85,69.69,CE,TP.HCM,Male
8872,24,13.1,77.8,96.2,6.0,8.5,0.3,42.9,66.5,2.38,59.46,54.71,AI,Cần Thơ,Male
8873,24,17.6,83.6,53.0,7.7,5.2,3.3,58.9,57.7,2.12,52.88,58.33,DS,Đà Nẵng,Male
8874,19,19.0,100.0,81.8,2.9,7.2,3.3,47.4,69.2,3.15,78.73,58.28,CE,Huế,Male
8875,23,29.2,91.7,80.8,6.8,6.6,4.2,52.7,94.4,3.7,92.52,73.57,CE,TP.HCM,Male
8876,19,34.2,78.0,100.0,6.6,7.7,0.0,65.4,91.8,3.84,95.96,78.57,CE,TP.HCM,Male
8877,23,13.2,75.4,86.9,3.6,6.0,4.3,47.8,63.3,2.75,68.71,55.59,IT,TP.HCM,Female
8878,30,27.8,79.7,100.0,4.5,6.0,4.2,51.7,86.8,3.21,80.34,69.29,CS,TP.HCM,Male
8879,27,,77.6,88.1,7.7,7.0,4.3,42.1,60.0,2.23,55.65,51.02,SE,Hà Nội,Female
8880,20,30.0,87.4,78.9,3.2,5.9,2.7,63.5,88.9,3.56,88.92,76.18,AI,Hà Nội,Female
8881,19,20.0,85.8,82.9,12.2,7.3,2.8,54.8,75.9,2.9,72.56,65.35,CS,Huế,Female
8882,29,16.6,87.8,100.0,7.4,4.6,2.8,42.8,72.1,2.96,74.09,57.45,SE,Hà Nội,Female
8883,23,31.4,76.6,60.5,5.9,8.4,1.1,55.2,76.2,3.15,78.86,65.72,DS,Đà Nẵng,Male
8884,19,20.3,84.3,93.6,5.4,3.7,1.2,46.0,78.1,3.16,79.12,62.07,CS,Hà Nội,Female
8885,22,22.5,64.4,70.6,8.0,8.1,2.8,35.6,67.3,2.68,67.01,51.44,CE,TP.HCM,Female
8886,19,7.2,86.5,67.4,5.0,6.3,2.1,53.6,65.6,2.74,68.47,59.61,AI,Hà Nội,Female
8887,20,32.6,96.8,95.4,5.1,5.3,3.6,65.7,94.2,4.0,100.0,79.94,AI,Huế,Female
8888,20,31.6,70.8,66.8,9.6,7.2,2.0,68.0,92.1,3.95,98.65,80.06,AI,Huế,Male
8889,23,25.0,89.8,85.7,4.8,8.1,0.3,55.0,94.0,3.82,95.39,74.51,IT,TP.HCM,Male
8890,23,12.8,78.9,72.7,6.3,8.4,0.4,39.1,68.7,2.57,64.33,53.92,AI,Đà Nẵng,Female
8891,27,34.7,93.0,44.6,4.1,8.4,1.4,58.4,100.0,3.96,99.12,79.2,AI,Huế,Male
8892,20,19.7,86.6,87.2,6.6,6.0,3.6,46.2,67.8,2.85,71.19,56.99,AI,Hà Nội,Male
8893,20,21.4,89.0,81.9,7.5,7.2,1.7,50.5,85.4,3.63,90.86,67.93,AI,Huế,Male
8894,30,43.5,85.6,51.3,10.2,4.9,2.9,58.9,100.0,4.0,100.0,79.43,AI,Đà Nẵng,Male
8895,29,19.4,98.3,69.5,3.7,7.1,0.0,51.4,63.2,2.49,62.31,57.28,CE,Đà Nẵng,Male
8896,30,30.9,88.5,52.9,2.4,7.4,2.7,57.2,100.0,4.0,100.0,78.58,DS,Đà Nẵng,Female
8897,18,29.5,77.9,91.0,5.3,6.5,2.6,65.4,97.4,4.0,99.99,81.38,AI,Huế,Female
8898,24,28.1,86.0,100.0,4.5,4.8,4.3,63.0,100.0,4.0,100.0,81.51,CE,Cần Thơ,Female
8899,30,27.3,81.3,92.7,6.0,6.3,2.7,54.8,73.8,2.8,69.98,64.26,CE,Cần Thơ,Male
8900,25,28.0,,94.8,7.3,9.3,3.6,62.6,92.0,3.77,94.35,77.31,IT,Hà Nội,Male
8901,19,27.2,80.8,72.2,,7.5,5.4,49.3,80.4,3.11,77.87,64.86,CE,Huế,Female
8902,21,24.6,78.2,88.2,4.9,6.4,2.6,45.7,87.2,3.72,93.02,66.44,CE,Cần Thơ,Male
8903,27,37.1,87.0,79.9,0.5,6.8,4.8,65.2,90.4,3.61,90.24,77.78,CE,Hà Nội,Female
8904,24,14.5,85.6,82.8,5.4,7.5,2.7,49.5,68.6,2.79,69.77,59.02,AI,TP.HCM,Male
8905,25,33.2,95.6,94.4,6.9,5.1,1.7,63.2,100.0,3.83,95.81,81.59,DS,TP.HCM,Male
8906,18,,80.9,97.6,3.6,5.2,2.3,71.0,100.0,3.91,97.86,85.49,IT,Huế,Female
8907,21,30.6,65.2,74.2,6.6,6.1,1.7,62.9,91.1,4.0,100.0,77.01,DS,Huế,Male
8908,23,33.9,81.4,58.9,6.3,6.4,1.8,70.4,99.1,4.0,100.0,84.76,SE,TP.HCM,Female
8909,20,24.3,68.7,77.2,6.6,9.2,1.6,49.4,74.1,3.0,75.0,61.71,CS,Hà Nội,Male
8910,22,10.0,89.2,76.7,8.0,7.1,2.0,48.4,65.8,2.91,72.69,57.12,SE,TP.HCM,Male
8911,27,24.4,68.3,84.3,5.8,6.4,3.6,45.7,80.6,3.52,88.12,63.15,SE,Huế,Male
8912,26,17.1,75.1,92.5,7.4,7.1,0.0,43.6,62.1,2.48,61.94,52.86,IT,Huế,Female
8913,28,19.1,81.4,51.3,1.5,4.6,2.9,54.0,74.3,2.82,70.52,64.19,CS,Hà Nội,Male
8914,30,15.1,100.0,69.9,3.6,5.9,2.7,44.6,71.7,2.84,70.98,58.18,CS,Hà Nội,Female
8915,20,21.2,74.3,65.5,5.1,6.1,4.6,46.1,56.0,2.17,54.15,51.02,CE,Đà Nẵng,Male
8916,22,20.2,85.1,98.8,3.5,5.8,2.0,56.2,64.0,2.58,64.53,60.09,SE,Huế,Female
8917,25,6.0,90.8,76.9,6.0,8.5,4.2,37.4,45.6,1.88,46.94,41.48,CE,Đà Nẵng,Male
8918,23,,99.8,72.3,,7.8,1.2,70.1,99.6,4.0,100.0,84.87,CS,Đà Nẵng,Male
8919,21,42.8,92.8,88.1,4.9,5.5,1.8,69.4,100.0,3.79,94.81,84.69,SE,Đà Nẵng,Female
8920,25,29.8,95.9,71.1,8.2,5.5,3.1,60.5,89.9,3.34,83.39,75.21,CE,Huế,Female
8921,28,23.4,93.6,79.8,6.2,5.5,3.4,58.5,73.2,2.81,70.23,65.82,CS,Huế,Female
8922,20,24.6,72.9,100.0,3.3,6.8,2.1,53.3,87.2,2.88,71.98,70.25,DS,Huế,Male
8923,20,21.6,88.6,100.0,,7.2,2.8,56.6,84.4,3.0,74.95,70.51,DS,Hà Nội,Male
8924,21,25.7,93.5,73.9,7.9,7.5,2.3,51.4,84.4,3.11,77.81,67.93,SE,Đà Nẵng,Male
8925,26,24.7,75.4,77.3,6.5,5.8,3.7,34.4,74.4,3.2,80.09,54.43,AI,Huế,Male
8926,22,18.3,79.2,70.7,9.0,6.8,2.3,40.0,60.7,2.16,53.97,50.36,SE,Đà Nẵng,Female
8927,25,38.5,77.0,51.1,,6.9,2.2,62.0,100.0,3.66,91.51,80.99,DS,Hà Nội,Male
8928,23,13.1,92.7,95.5,5.0,8.4,4.0,52.4,74.6,2.81,70.33,63.48,IT,Cần Thơ,Female
8929,20,30.7,84.3,100.0,9.6,7.9,2.8,76.9,97.8,3.99,99.84,87.37,AI,Hà Nội,Male
8930,25,24.2,81.8,73.3,9.8,5.3,3.5,51.0,77.8,3.01,75.2,64.36,CE,Huế,Male
8931,29,40.2,72.2,67.7,1.5,4.7,6.2,61.1,99.0,3.89,97.3,80.04,CS,TP.HCM,Female
8932,26,27.7,84.3,75.9,6.1,6.9,0.0,61.0,94.0,3.65,91.18,77.51,IT,Huế,Female
8933,25,22.1,79.3,81.3,4.6,6.2,1.0,55.2,66.0,2.37,59.34,60.56,IT,Cần Thơ,Male
8934,30,23.0,87.4,63.0,5.3,5.8,1.1,57.3,77.9,2.93,73.26,67.59,CS,Hà Nội,Male
8935,21,25.3,73.6,73.1,4.0,6.1,1.2,53.1,78.2,2.96,74.06,65.63,SE,Huế,Female
8936,30,15.9,86.8,95.2,3.6,7.7,4.6,35.1,63.1,2.65,66.31,49.1,DS,Đà Nẵng,Female
8937,28,18.9,80.6,81.9,8.3,5.2,0.0,52.7,70.3,2.59,64.73,61.52,AI,Huế,Male
8938,23,10.7,72.5,99.1,3.1,9.2,3.2,43.6,66.2,2.85,71.32,54.89,DS,TP.HCM,Female
8939,18,17.6,71.7,85.5,6.2,6.1,0.2,37.1,60.1,2.54,63.55,48.59,AI,Cần Thơ,Male
8940,21,25.8,73.2,63.7,2.6,7.8,2.5,59.7,74.8,2.68,67.02,67.25,DS,Hà Nội,Male
8941,25,27.4,82.9,71.4,9.2,6.2,2.9,63.5,85.8,3.51,87.73,74.63,CE,Huế,Female
8942,18,9.2,86.2,83.7,6.1,5.2,3.9,49.0,76.4,3.07,76.71,62.71,DS,Đà Nẵng,Female
8943,20,23.9,87.7,63.2,7.9,6.8,2.1,53.0,83.3,3.6,90.09,68.16,SE,Huế,Female
8944,18,29.5,88.1,61.2,6.5,5.5,2.2,62.0,89.2,3.4,85.06,75.57,SE,Huế,Male
8945,26,23.7,77.4,62.1,5.4,7.2,0.0,47.7,75.7,3.16,78.98,61.68,CS,Huế,Male
8946,19,19.9,95.6,87.7,6.2,7.0,5.9,43.9,62.4,2.65,66.34,53.13,IT,Đà Nẵng,Male
8947,26,21.7,80.6,74.5,9.8,6.2,3.0,52.6,76.7,2.72,67.98,64.66,CE,TP.HCM,Male
8948,30,20.7,89.5,97.7,3.8,7.2,3.2,42.7,77.6,3.37,84.15,60.14,SE,Đà Nẵng,Female
8949,21,19.9,83.4,66.6,0.0,8.2,4.1,51.4,79.7,3.04,76.08,65.59,AI,Đà Nẵng,Male
8950,19,26.4,88.8,43.1,4.0,6.9,2.4,57.7,86.8,3.56,89.1,72.23,AI,Huế,Male
8951,21,43.5,82.9,78.0,3.0,6.1,3.1,63.9,100.0,3.96,98.9,81.95,CE,Cần Thơ,Female
8952,29,19.1,,100.0,8.4,7.5,3.6,67.2,90.7,3.59,89.72,78.93,DS,TP.HCM,Female
8953,28,22.5,84.9,80.5,5.6,7.5,0.3,50.1,77.1,2.92,73.11,63.61,CE,Cần Thơ,Male
8954,28,24.6,93.1,59.4,8.1,6.7,3.3,59.0,79.7,3.07,76.78,69.38,IT,Huế,Male
8955,27,19.5,76.8,55.6,6.1,8.6,5.6,49.7,66.5,2.75,68.79,58.13,DS,Đà Nẵng,Female
8956,23,33.8,67.3,98.0,6.0,6.6,5.1,67.5,90.1,3.89,97.2,78.8,IT,TP.HCM,Female
8957,28,6.0,75.3,67.9,6.4,8.8,4.8,38.3,50.7,1.79,44.65,44.52,DS,Huế,Male
8958,24,20.8,,100.0,9.7,6.2,5.4,45.4,73.8,2.84,71.1,59.59,IT,Cần Thơ,Female
8959,20,31.5,83.5,89.8,6.5,8.0,0.6,64.3,97.8,3.96,99.07,81.03,SE,Hà Nội,Male
8960,20,22.6,85.9,68.5,8.8,6.7,1.7,43.6,76.9,3.12,77.96,60.26,SE,Đà Nẵng,Male
8961,29,18.4,,97.5,8.6,7.3,1.1,43.6,76.8,3.17,79.3,60.22,SE,Huế,Female
8962,27,28.5,85.7,66.1,5.6,4.6,7.7,55.4,87.5,3.73,93.35,71.48,SE,Hà Nội,Male
8963,29,32.3,74.8,58.3,5.8,9.6,2.9,56.9,86.9,3.13,78.37,71.9,CE,Đà Nẵng,Female
8964,25,26.7,76.2,67.0,,7.4,0.4,53.9,79.6,3.07,76.75,66.73,CS,Hà Nội,Male
8965,22,18.6,81.0,91.5,9.2,8.2,0.8,47.9,70.5,3.03,75.68,59.17,AI,Huế,Female
8966,21,28.6,89.5,97.1,3.6,5.3,2.7,60.8,83.3,3.3,82.38,72.06,SE,TP.HCM,Male
8967,24,21.8,90.5,74.1,4.2,7.2,0.5,49.8,79.0,2.93,73.27,64.42,SE,Đà Nẵng,Male
8968,24,31.0,90.8,52.0,5.3,6.8,5.3,65.1,99.6,3.73,93.25,82.34,CS,Huế,Female
8969,30,36.9,69.1,56.6,3.1,5.7,3.7,56.7,99.1,3.96,99.02,77.9,AI,Cần Thơ,Male
8970,26,4.2,84.9,64.0,4.5,8.5,3.0,31.3,53.1,2.04,51.06,42.23,DS,Huế,Female
8971,26,25.9,83.0,60.6,8.8,7.2,0.9,48.4,100.0,4.0,100.0,74.19,AI,Cần Thơ,Male
8972,22,,69.7,84.0,7.6,6.9,0.5,40.7,61.8,2.44,61.06,51.27,IT,Huế,Female
8973,30,44.5,85.2,100.0,4.9,7.7,3.0,78.5,100.0,3.85,96.18,89.23,DS,TP.HCM,Male
8974,29,21.3,82.5,91.9,8.0,6.0,2.7,53.1,81.9,3.52,88.12,67.49,DS,TP.HCM,Female
8975,30,31.0,90.1,63.1,11.2,7.2,0.6,58.3,100.0,3.98,99.6,79.14,IT,Cần Thơ,Male
8976,25,24.7,85.8,69.6,6.8,7.1,2.4,56.1,82.5,3.46,86.4,69.32,SE,TP.HCM,Female
8977,27,18.6,79.5,72.5,9.6,7.2,2.4,41.8,58.6,2.72,67.97,50.17,AI,TP.HCM,Male
8978,18,17.6,94.3,85.8,8.1,8.2,3.6,39.6,57.9,2.61,65.31,48.74,IT,Cần Thơ,Male
8979,26,37.7,62.8,100.0,5.3,6.5,5.7,55.3,89.9,3.67,91.8,72.6,AI,Đà Nẵng,Female
8980,25,32.6,84.4,73.0,6.5,6.4,0.0,54.3,84.8,3.54,88.45,69.54,CE,Huế,Female
8981,23,40.5,67.4,100.0,7.3,6.3,3.7,83.5,100.0,4.0,100.0,91.76,DS,TP.HCM,Female
8982,30,25.4,75.9,100.0,4.1,6.2,1.5,69.9,85.3,3.22,80.48,77.57,DS,Hà Nội,Male
8983,20,27.3,90.2,74.8,0.0,8.3,3.1,73.4,100.0,3.74,93.47,86.68,SE,Đà Nẵng,Female
8984,20,22.9,72.3,74.4,3.9,6.9,2.7,43.9,80.3,3.61,90.32,62.06,CE,TP.HCM,Male
8985,25,22.7,70.8,74.6,0.6,8.2,3.3,65.8,77.0,2.83,70.78,71.42,SE,Hà Nội,Female
8986,22,16.7,100.0,80.9,4.1,7.3,0.6,47.2,73.7,3.4,85.02,60.42,IT,Huế,Male
8987,27,25.7,71.4,74.6,1.7,6.0,4.0,67.3,92.8,3.57,89.37,80.07,AI,TP.HCM,Male
8988,28,18.7,100.0,93.3,8.2,5.2,2.6,57.3,83.7,3.17,79.15,70.48,CE,Hà Nội,Male
8989,24,28.5,83.3,56.8,3.0,5.3,4.6,51.4,88.1,3.68,92.08,69.78,SE,Hà Nội,Female
8990,22,26.4,79.8,72.0,7.4,5.9,4.9,69.1,98.6,3.62,90.53,83.85,AI,TP.HCM,Male
8991,25,27.3,90.7,84.9,7.9,8.2,2.9,71.2,88.7,4.0,100.0,79.93,CS,Huế,Male
8992,27,38.4,98.4,93.1,7.8,8.6,4.0,60.6,100.0,4.0,100.0,80.3,IT,TP.HCM,Female
8993,27,24.7,73.5,100.0,1.3,7.1,3.9,57.0,77.7,3.42,85.42,67.36,CE,TP.HCM,Female
8994,21,31.1,79.9,60.7,8.8,8.1,4.5,45.7,67.1,2.38,59.49,56.43,AI,Huế,Male
8995,19,41.4,93.5,70.2,7.1,6.3,4.4,67.1,99.8,4.0,100.0,83.45,SE,Đà Nẵng,Male
8996,20,35.5,87.9,46.0,8.0,6.2,0.8,61.9,92.5,3.94,98.4,77.16,SE,Cần Thơ,Female
8997,25,34.2,96.0,63.4,10.6,7.9,2.9,62.0,100.0,4.0,100.0,81.0,CE,TP.HCM,Male
8998,28,22.5,90.2,53.5,8.0,7.2,0.4,67.5,87.7,3.68,91.93,77.62,AI,Đà Nẵng,Male
8999,30,26.8,100.0,72.2,3.0,7.9,1.7,50.1,86.6,3.59,89.7,68.36,DS,Hà Nội,Female
9000,24,14.5,86.8,76.6,7.6,7.1,1.8,47.2,82.2,3.05,76.18,64.71,CS,Cần Thơ,Male
9001,30,29.0,87.2,87.0,2.2,6.5,3.4,65.5,87.0,3.39,84.83,76.25,IT,Đà Nẵng,Male
9002,19,27.2,,75.5,5.8,6.7,2.2,48.8,82.1,3.22,80.57,65.42,AI,Hà Nội,Male
9003,23,25.2,83.6,87.0,4.7,7.4,2.3,49.8,82.3,2.99,74.68,66.03,SE,Huế,Male
9004,26,33.2,93.5,81.7,6.0,7.3,4.0,72.3,100.0,4.0,100.0,86.15,IT,Huế,Female
9005,21,15.3,87.4,64.5,2.2,5.9,3.8,59.7,78.5,3.37,84.16,69.11,AI,Huế,Male
9006,26,38.1,92.9,54.7,2.5,6.9,2.9,64.2,100.0,4.0,100.0,82.12,SE,Hà Nội,Female
9007,19,,94.4,88.8,4.9,5.2,3.6,69.8,94.0,4.0,100.0,81.86,CE,Hà Nội,Female
9008,19,24.4,89.3,100.0,5.4,6.6,3.5,68.4,75.0,3.07,76.75,71.7,CS,Huế,Male
9009,26,23.8,,100.0,4.9,5.9,5.4,53.3,86.1,3.45,86.16,69.68,CE,Đà Nẵng,Female
9010,29,28.8,74.9,94.0,9.6,3.3,2.2,63.8,74.2,2.86,71.49,69.03,AI,Hà Nội,Male
9011,24,37.2,79.5,100.0,7.1,9.7,1.4,61.6,100.0,4.0,100.0,80.81,AI,TP.HCM,Male
9012,24,25.8,93.4,86.9,,6.1,2.8,48.2,90.7,3.09,77.26,69.48,IT,Hà Nội,Male
9013,18,26.2,99.2,84.5,5.0,5.9,1.1,59.5,100.0,4.0,100.0,79.76,IT,Hà Nội,Female
9014,30,25.1,65.6,81.7,2.5,8.9,1.9,51.9,76.5,3.14,78.42,64.16,SE,Huế,Female
9015,28,39.3,79.3,78.4,6.0,5.6,3.2,59.4,100.0,4.0,100.0,79.7,DS,Huế,Male
9016,23,22.0,85.2,89.1,10.5,5.3,1.7,51.8,68.9,2.98,74.62,60.33,CS,TP.HCM,Male
9017,30,24.8,,72.2,6.6,6.8,2.2,53.3,92.4,3.84,96.1,72.86,SE,Huế,Male
9018,24,36.7,,77.8,8.8,6.4,2.1,66.1,93.1,3.52,88.0,79.62,CE,TP.HCM,Male
9019,28,26.2,89.7,62.3,9.1,6.2,1.9,65.9,91.8,3.0,75.01,78.85,CE,TP.HCM,Female
9020,23,34.1,100.0,87.1,7.4,5.9,0.9,73.4,100.0,4.0,100.0,86.69,SE,Đà Nẵng,Female
9021,23,17.7,64.7,65.6,6.6,6.8,4.0,47.3,77.4,3.1,77.49,62.37,IT,TP.HCM,Male
9022,19,23.4,,80.5,3.5,9.0,4.6,50.9,70.9,2.77,69.21,60.9,SE,Hà Nội,Female
9023,23,36.9,89.6,87.5,,5.1,3.9,76.2,100.0,3.95,98.68,88.08,CE,Huế,Male
9024,21,19.6,92.8,88.8,5.1,8.0,3.9,52.9,62.2,2.4,59.9,57.54,CS,Hà Nội,Female
9025,26,23.8,88.2,91.6,6.8,8.8,1.9,51.6,82.1,3.28,81.98,66.83,AI,Huế,Male
9026,29,27.1,100.0,76.8,2.5,6.2,2.8,61.6,98.1,3.91,97.77,79.86,DS,Đà Nẵng,Male
9027,18,17.1,85.3,87.3,4.7,7.5,1.3,36.9,77.0,3.1,77.6,56.96,DS,Huế,Male
9028,30,21.7,98.1,72.7,,6.9,2.3,52.5,72.2,2.84,70.95,62.31,AI,TP.HCM,Female
9029,25,25.9,78.5,50.4,4.2,4.9,2.4,52.2,66.4,2.84,70.88,59.31,IT,Huế,Female
9030,22,25.4,85.6,88.0,3.7,8.5,0.4,50.9,94.3,3.92,97.96,72.64,CE,TP.HCM,Male
9031,18,35.2,72.9,84.5,4.0,7.0,2.7,65.2,97.9,3.81,95.18,81.53,SE,Đà Nẵng,Female
9032,21,37.3,94.0,95.2,5.3,6.4,1.7,75.2,93.6,3.78,94.56,84.39,DS,Hà Nội,Female
9033,18,18.2,83.8,79.6,0.0,5.2,2.9,63.9,75.7,2.8,69.89,69.79,IT,Huế,Male
9034,23,25.9,88.6,56.0,4.1,7.6,2.1,54.0,80.1,3.33,83.21,67.04,SE,Hà Nội,Male
9035,19,30.4,81.9,78.6,8.4,7.2,3.0,58.0,99.3,4.0,100.0,78.65,DS,Cần Thơ,Male
9036,22,37.1,90.9,93.3,6.8,7.7,3.5,61.4,98.7,4.0,100.0,80.04,DS,Đà Nẵng,Female
9037,24,30.7,89.0,87.1,7.1,7.7,0.6,65.4,95.0,3.79,94.64,80.24,AI,Cần Thơ,Female
9038,19,27.3,75.1,77.8,1.4,6.0,2.0,42.7,77.0,2.89,72.19,59.89,IT,Hà Nội,Female
9039,23,30.3,75.6,55.0,5.0,3.0,1.5,56.2,100.0,4.0,100.0,78.09,CS,TP.HCM,Female
9040,23,30.4,84.7,64.6,5.7,6.9,4.3,62.7,99.9,3.88,96.93,81.29,DS,Đà Nẵng,Male
9041,22,17.6,91.6,87.2,7.2,6.8,5.0,47.2,79.7,3.19,79.87,63.49,SE,Cần Thơ,Female
9042,22,26.5,100.0,55.0,8.8,7.2,2.6,56.7,92.7,3.86,96.56,74.71,IT,TP.HCM,Male
9043,20,36.7,88.0,75.2,8.4,8.8,3.1,73.1,100.0,3.84,95.99,86.57,CE,Đà Nẵng,Female
9044,27,23.3,95.1,80.6,4.5,6.9,0.3,56.3,79.4,3.2,79.9,67.86,CE,Huế,Male
9045,27,26.0,68.9,97.2,4.6,7.8,3.0,63.8,90.9,3.43,85.72,77.36,CE,Cần Thơ,Male
9046,28,23.1,100.0,89.2,9.5,7.5,2.1,69.6,89.6,3.52,87.94,79.57,DS,Cần Thơ,Male
9047,29,6.5,91.1,94.4,5.1,5.3,4.5,47.5,51.8,1.98,49.61,49.68,CE,TP.HCM,Female
9048,19,,84.5,84.5,3.3,5.5,2.2,54.4,83.0,3.56,89.08,68.66,CE,Đà Nẵng,Male
9049,24,27.4,83.4,67.3,5.5,8.4,1.3,69.9,92.9,3.76,93.94,81.39,CS,TP.HCM,Male
9050,18,20.9,73.9,70.8,9.4,5.9,0.5,32.8,78.9,3.02,75.61,55.87,CS,Huế,Female
9051,23,15.8,76.8,66.0,3.7,7.4,2.8,36.7,71.1,2.76,69.03,53.89,DS,Hà Nội,Female
9052,23,18.0,100.0,88.9,4.9,5.8,1.7,59.2,75.0,3.21,80.18,67.14,AI,Đà Nẵng,Female
9053,20,31.1,75.1,69.6,3.8,7.9,4.3,78.2,100.0,3.69,92.2,89.08,CE,Hà Nội,Male
9054,19,,74.9,74.1,8.4,7.3,3.4,71.9,84.3,3.21,80.29,78.12,DS,Huế,Male
9055,29,36.1,78.0,80.3,6.7,6.6,2.3,65.1,100.0,3.79,94.81,82.56,DS,TP.HCM,Male
9056,19,14.2,73.0,100.0,8.3,7.8,3.4,43.1,58.3,2.37,59.18,50.72,CE,Cần Thơ,Male
9057,30,31.8,85.2,89.9,9.9,7.3,5.1,65.8,84.1,3.39,84.8,74.98,SE,Đà Nẵng,Female
9058,26,19.7,95.9,68.4,2.2,6.1,0.8,62.8,75.9,3.01,75.2,69.37,SE,TP.HCM,Male
9059,28,20.3,78.9,82.3,4.1,7.0,1.5,57.7,90.4,3.6,90.03,74.04,AI,Hà Nội,Male
9060,22,21.3,71.3,100.0,4.9,7.8,5.4,52.1,77.7,2.84,71.0,64.9,SE,Huế,Male
9061,24,30.6,87.9,89.2,6.2,8.3,1.4,68.9,100.0,3.81,95.37,84.46,DS,TP.HCM,Female
9062,29,32.7,84.4,56.0,7.3,6.8,3.5,64.5,100.0,4.0,100.0,82.23,AI,Đà Nẵng,Male
9063,22,24.2,95.0,66.3,4.8,9.1,4.3,61.2,86.5,3.17,79.22,73.86,SE,Cần Thơ,Male
9064,24,24.4,80.5,65.1,4.3,6.1,2.5,62.6,96.2,3.8,94.96,79.43,SE,Hà Nội,Male
9065,30,28.7,82.4,100.0,,5.1,3.5,51.9,84.2,3.56,89.06,68.06,DS,Hà Nội,Female
9066,21,29.5,83.5,98.8,7.4,5.3,2.1,59.5,65.5,2.67,66.64,62.53,AI,Đà Nẵng,Female
9067,25,34.4,85.9,70.6,6.8,7.0,5.2,64.5,100.0,3.86,96.62,82.27,SE,Đà Nẵng,Female
9068,30,14.7,81.1,70.3,0.6,7.0,1.8,39.2,42.1,1.83,45.68,40.63,IT,Hà Nội,Male
9069,28,25.2,79.5,80.7,9.0,7.2,1.1,47.6,78.1,2.98,74.53,62.86,DS,Hà Nội,Female
9070,27,16.5,66.5,81.1,6.5,6.2,3.8,42.6,70.0,2.81,70.28,56.3,IT,TP.HCM,Female
9071,30,24.6,79.3,65.6,5.6,9.7,3.6,63.2,66.2,2.5,62.39,64.7,CS,Hà Nội,Female
9072,28,23.2,92.2,76.3,4.0,8.8,2.7,54.7,83.1,3.03,75.67,68.91,SE,TP.HCM,Male
9073,27,24.6,93.5,58.2,4.4,5.6,2.5,58.5,86.5,3.44,85.89,72.47,IT,Huế,Male
9074,24,18.6,80.3,99.1,3.8,6.9,1.8,53.3,82.7,3.55,88.75,68.0,CS,Hà Nội,Male
9075,27,13.1,98.0,53.6,1.0,7.1,1.4,54.3,79.0,3.39,84.68,66.61,DS,Huế,Female
9076,22,8.2,84.7,53.4,4.0,7.8,1.6,47.6,52.3,2.24,56.04,50.0,IT,Đà Nẵng,Female
9077,28,24.0,71.6,86.5,2.0,5.2,3.0,54.2,73.4,3.08,77.04,63.82,AI,Huế,Female
9078,23,21.6,68.5,61.4,5.8,4.9,2.2,50.4,65.2,2.76,68.99,57.79,DS,Đà Nẵng,Female
9079,22,19.6,97.2,72.5,3.1,5.5,0.3,62.5,70.8,2.79,69.77,66.62,DS,Đà Nẵng,Male
9080,24,35.6,81.3,80.9,7.8,8.8,1.9,60.2,91.8,3.42,85.61,76.0,CE,Hà Nội,Male
9081,29,18.1,72.9,90.1,1.8,6.2,2.2,59.7,86.9,3.51,87.74,73.31,AI,Hà Nội,Male
9082,19,36.3,62.4,76.7,9.0,8.0,3.3,57.3,94.2,3.96,98.91,75.77,CE,TP.HCM,Female
9083,22,38.0,81.0,100.0,8.1,7.7,2.9,63.5,100.0,4.0,100.0,81.76,DS,TP.HCM,Female
9084,27,9.4,89.0,80.0,3.3,6.8,5.1,50.7,56.1,2.29,57.29,53.41,CE,Đà Nẵng,Male
9085,20,25.7,78.0,97.9,5.8,8.0,1.0,73.7,75.3,3.08,77.01,74.53,CS,Hà Nội,Female
9086,26,,74.5,84.2,3.9,5.5,3.3,38.0,75.1,2.72,68.08,56.54,SE,TP.HCM,Male
9087,30,1.7,79.5,100.0,7.4,6.4,3.5,44.7,60.6,2.74,68.45,52.67,DS,Cần Thơ,Female
9088,23,13.4,97.4,95.9,10.5,4.3,2.9,53.2,75.7,3.01,75.17,64.49,IT,Đà Nẵng,Male
9089,30,31.2,71.1,80.7,9.0,7.1,2.1,55.7,93.4,3.31,82.83,74.51,DS,Đà Nẵng,Female
9090,27,41.2,78.6,89.4,4.3,6.0,1.5,70.3,100.0,3.97,99.32,85.17,AI,Cần Thơ,Female
9091,20,32.2,97.1,76.1,6.3,9.6,2.4,54.7,96.2,3.86,96.58,75.45,IT,Hà Nội,Male
9092,24,,89.9,75.9,9.8,7.1,0.0,53.2,82.9,3.42,85.54,68.04,AI,Hà Nội,Male
9093,21,24.8,86.8,60.4,7.3,8.0,1.1,59.9,90.0,3.59,89.68,74.95,DS,Hà Nội,Male
9094,20,38.5,78.5,67.9,8.5,7.8,1.0,58.1,97.3,3.78,94.4,77.68,CS,Cần Thơ,Female
9095,25,42.2,85.3,100.0,7.6,6.9,3.3,70.6,100.0,3.89,97.35,85.28,IT,Cần Thơ,Male
9096,30,20.3,79.6,61.9,6.2,8.2,3.4,47.2,80.3,3.21,80.34,63.76,DS,Hà Nội,Female
9097,21,9.0,76.4,70.2,5.8,7.0,0.9,39.8,55.7,2.19,54.74,47.73,DS,Cần Thơ,Male
9098,28,8.2,74.2,78.6,3.0,7.6,0.5,50.4,65.4,3.01,75.35,57.87,AI,Huế,Male
9099,18,35.6,,79.1,4.1,9.8,0.3,56.9,94.1,3.7,92.44,75.47,CE,Đà Nẵng,Male
9100,23,24.6,84.4,85.8,3.7,7.2,4.0,55.9,97.9,3.76,94.09,76.9,DS,Hà Nội,Female
9101,27,26.5,88.1,73.0,5.1,6.4,3.9,61.7,100.0,4.0,100.0,80.83,CS,Hà Nội,Male
9102,28,10.7,86.5,86.7,6.2,6.2,3.5,47.9,68.2,2.73,68.19,58.05,CE,Đà Nẵng,Female
9103,28,19.0,89.4,97.1,5.7,6.9,4.8,48.2,69.5,2.96,74.03,58.84,IT,Cần Thơ,Female
9104,18,22.6,82.5,99.0,6.5,7.1,5.2,57.1,82.9,3.3,82.44,69.98,DS,Đà Nẵng,Male
9105,22,26.7,80.2,76.0,7.7,7.1,1.0,49.3,73.1,3.07,76.68,61.2,AI,Hà Nội,Male
9106,24,21.8,76.8,89.2,5.0,5.1,1.9,49.2,79.4,3.43,85.75,64.34,CS,Cần Thơ,Female
9107,23,16.7,70.9,62.8,7.8,4.3,3.7,60.1,55.5,2.51,62.65,57.8,SE,TP.HCM,Female
9108,19,18.7,73.8,69.2,8.8,5.8,0.0,54.9,66.1,2.79,69.87,60.49,CS,Cần Thơ,Female
9109,28,,81.3,62.4,7.0,7.1,2.1,63.2,100.0,3.58,89.62,81.61,DS,Cần Thơ,Male
9110,21,27.0,69.0,79.3,4.6,7.1,3.9,58.9,93.9,3.45,86.31,76.41,DS,Hà Nội,Female
9111,28,29.9,71.2,67.1,8.4,7.5,2.0,52.1,87.4,3.56,88.91,69.73,IT,Hà Nội,Female
9112,19,17.8,95.4,57.2,7.2,7.4,3.6,54.8,76.5,2.77,69.2,65.64,DS,TP.HCM,Male
9113,28,1.4,87.2,74.2,7.5,6.4,0.0,35.7,44.3,1.55,38.83,39.99,CS,Hà Nội,Female
9114,18,,80.5,54.1,9.8,5.8,2.9,48.3,71.4,3.04,75.9,59.87,SE,Cần Thơ,Male
9115,20,,100.0,99.9,7.8,7.6,1.8,52.6,66.2,2.52,62.92,59.43,CS,TP.HCM,Female
9116,20,27.8,68.5,71.6,9.9,7.3,2.2,51.6,77.9,3.0,75.1,64.78,DS,Cần Thơ,Male
9117,29,51.3,94.8,94.8,5.6,5.7,1.1,78.7,100.0,3.92,98.02,89.37,DS,Cần Thơ,Male
9118,24,30.6,83.9,72.6,4.9,7.7,4.9,63.6,93.8,3.99,99.85,78.7,SE,Cần Thơ,Female
9119,18,46.9,92.9,62.1,8.9,8.1,2.6,72.0,100.0,4.0,100.0,86.02,SE,TP.HCM,Male
9120,26,29.6,86.1,97.6,3.5,7.9,2.7,38.7,68.1,3.19,79.8,53.4,IT,Hà Nội,Female
9121,28,20.0,66.3,81.3,10.7,8.2,5.6,43.4,78.8,3.32,83.04,61.08,SE,Đà Nẵng,Male
9122,23,27.8,86.0,100.0,9.3,6.1,1.1,50.6,98.4,4.0,100.0,74.52,AI,TP.HCM,Male
9123,21,39.2,88.4,73.0,6.2,8.0,2.7,70.5,100.0,3.86,96.48,85.23,DS,Hà Nội,Male
9124,20,39.6,63.1,73.3,9.0,6.8,1.5,58.7,100.0,3.72,92.96,79.36,IT,Cần Thơ,Female
9125,20,,100.0,95.1,7.7,9.5,1.4,51.5,77.3,3.21,80.31,64.41,CE,Đà Nẵng,Female
9126,19,27.0,88.1,95.2,2.8,8.1,3.0,64.8,89.0,3.52,88.02,76.88,CS,Cần Thơ,Male
9127,19,13.6,91.7,82.3,4.0,7.5,2.1,43.1,90.6,3.96,98.94,66.84,IT,Đà Nẵng,Female
9128,29,31.6,73.3,100.0,6.7,9.1,5.5,61.2,85.9,3.36,83.95,73.54,DS,TP.HCM,Female
9129,30,37.4,91.9,75.8,6.4,6.4,5.2,62.2,100.0,3.88,96.94,81.11,DS,TP.HCM,Female
9130,27,25.3,95.9,61.0,9.3,7.7,2.3,54.8,100.0,3.94,98.52,77.42,SE,Cần Thơ,Male
9131,22,19.7,87.5,65.0,6.8,9.7,0.2,44.1,79.0,3.15,78.82,61.59,SE,Đà Nẵng,Female
9132,26,,84.9,75.9,,8.0,2.1,54.7,86.5,3.46,86.62,70.6,AI,Huế,Female
9133,19,28.3,76.1,100.0,4.6,7.2,4.1,61.5,76.8,3.1,77.51,69.12,AI,Cần Thơ,Male
9134,19,25.6,82.8,77.2,7.9,6.7,1.2,49.4,86.8,3.74,93.53,68.11,DS,Huế,Male
9135,29,26.4,79.9,100.0,1.4,5.8,4.9,51.4,82.3,3.06,76.5,66.85,DS,TP.HCM,Female
9136,23,23.6,90.7,86.5,2.5,6.7,3.4,72.7,90.4,3.79,94.85,81.58,AI,Cần Thơ,Male
9137,30,33.0,76.5,96.3,5.1,6.0,0.7,63.1,90.4,3.76,93.92,76.77,AI,Đà Nẵng,Female
9138,27,30.9,90.6,85.8,,6.7,1.5,64.3,98.8,4.0,100.0,81.58,SE,TP.HCM,Female
9139,19,17.1,76.6,85.7,5.5,6.9,1.7,44.6,72.9,3.01,75.16,58.78,CE,Huế,Male
9140,29,16.9,82.4,91.3,7.2,8.2,1.3,57.9,75.8,2.94,73.57,66.83,IT,Hà Nội,Male
9141,21,,91.2,71.5,6.0,6.5,0.8,64.9,97.8,3.63,90.8,81.35,SE,Cần Thơ,Female
9142,23,30.9,78.0,71.7,5.6,6.3,1.6,55.3,88.9,3.63,90.77,72.09,AI,Huế,Female
9143,22,26.2,91.5,85.2,4.4,8.1,1.9,66.4,91.0,3.55,88.65,78.7,CS,Đà Nẵng,Male
9144,18,19.9,90.5,100.0,8.1,7.8,4.4,63.5,74.1,3.08,76.98,68.8,AI,Huế,Female
9145,23,27.1,82.3,56.9,2.9,6.7,3.2,42.1,78.7,3.08,77.12,60.43,CS,TP.HCM,Female
9146,18,,96.6,49.6,5.4,7.7,3.2,62.7,87.2,3.66,91.43,74.93,SE,TP.HCM,Female
9147,20,32.0,85.8,76.0,8.9,6.7,3.0,56.2,72.9,3.13,78.18,64.52,SE,Huế,Female
9148,27,27.7,96.0,95.5,4.1,6.7,1.3,70.1,100.0,4.0,100.0,85.05,SE,Cần Thơ,Male
9149,22,,100.0,80.8,2.1,8.9,4.2,50.9,91.1,3.9,97.39,70.99,CE,Hà Nội,Female
9150,27,26.9,82.6,62.5,0.7,6.8,1.8,62.1,100.0,4.0,99.93,81.04,DS,TP.HCM,Male
9151,30,35.5,91.4,81.2,7.7,6.5,2.0,52.2,89.3,3.77,94.34,70.75,DS,TP.HCM,Female
9152,22,20.4,78.6,54.0,7.8,7.0,3.1,60.5,78.5,3.07,76.64,69.49,SE,TP.HCM,Male
9153,30,28.2,74.7,89.4,5.1,4.6,6.2,57.9,88.4,3.43,85.64,73.14,CE,Đà Nẵng,Male
9154,27,24.4,83.0,75.4,2.8,6.8,1.7,65.5,87.0,3.5,87.46,76.26,IT,TP.HCM,Female
9155,23,28.4,71.4,78.8,5.6,7.3,0.1,51.6,77.3,3.36,83.88,64.48,CE,TP.HCM,Female
9156,29,19.8,75.6,86.4,8.9,9.4,2.9,52.8,62.9,2.48,61.89,57.83,DS,Huế,Female
9157,27,25.9,90.9,83.1,2.8,7.1,3.5,69.4,93.0,3.9,97.56,81.24,IT,Hà Nội,Male
9158,25,33.9,79.9,71.9,8.6,7.5,1.8,62.2,100.0,3.8,95.0,81.09,DS,Hà Nội,Male
9159,22,17.5,92.1,95.5,,7.4,1.6,55.2,78.5,2.77,69.13,66.84,AI,Hà Nội,Male
9160,28,14.4,88.0,92.0,3.2,9.7,0.6,54.2,73.2,2.83,70.79,63.72,SE,Cần Thơ,Female
9161,18,14.7,100.0,53.4,6.3,8.2,3.0,39.4,74.1,2.95,73.81,56.71,DS,Hà Nội,Female
9162,22,15.6,,76.5,8.4,5.3,5.4,46.4,77.2,3.29,82.2,61.79,AI,Đà Nẵng,Male
9163,20,29.8,96.1,63.8,9.7,8.5,5.1,70.3,100.0,3.95,98.84,85.14,IT,TP.HCM,Male
9164,21,13.8,89.0,61.0,8.5,5.9,3.0,33.3,54.4,2.5,62.45,43.84,DS,Đà Nẵng,Female
9165,30,22.6,88.1,88.0,9.9,6.2,1.9,63.6,89.8,3.69,92.36,76.71,CE,TP.HCM,Male
9166,25,29.9,96.6,73.7,,5.4,3.1,57.5,89.0,3.51,87.85,73.28,IT,Cần Thơ,Female
9167,24,28.3,91.7,77.9,4.4,9.2,2.0,75.4,92.5,3.75,93.64,83.95,CE,Huế,Female
9168,28,21.9,87.1,70.0,9.0,8.4,1.5,57.8,74.2,2.76,68.97,66.01,SE,Huế,Female
9169,22,,87.1,85.6,9.4,8.5,2.7,52.0,84.6,3.34,83.43,68.26,DS,Đà Nẵng,Female
9170,19,25.9,90.4,90.2,8.3,8.2,4.4,65.3,86.0,3.41,85.16,75.67,SE,Hà Nội,Female
9171,23,23.2,78.3,100.0,7.5,7.8,2.2,64.9,82.0,3.32,82.93,73.43,CE,TP.HCM,Male
9172,28,23.3,77.9,77.3,9.5,6.6,2.2,58.7,73.8,2.9,72.38,66.27,CS,TP.HCM,Female
9173,23,42.9,99.3,58.3,6.9,7.2,2.1,68.7,100.0,4.0,100.0,84.35,CE,Cần Thơ,Male
9174,27,31.5,100.0,72.4,5.9,6.4,3.7,74.4,100.0,3.68,91.96,87.2,SE,Hà Nội,Female
9175,27,44.8,75.7,92.7,7.8,6.0,3.8,63.0,100.0,4.0,100.0,81.51,IT,Cần Thơ,Male
9176,28,21.0,78.3,68.4,7.2,6.2,0.9,60.6,67.1,2.68,66.95,63.8,IT,Cần Thơ,Female
9177,23,24.3,96.4,57.8,,9.8,2.2,39.6,94.3,3.93,98.14,66.98,SE,Huế,Male
9178,26,14.3,90.3,68.7,5.7,6.5,4.2,50.2,59.3,2.58,64.48,54.73,DS,TP.HCM,Male
9179,28,,91.8,72.0,8.3,8.2,2.0,48.5,79.0,3.2,79.91,63.73,DS,Cần Thơ,Female
9180,25,40.2,94.0,63.8,8.1,9.5,4.6,59.0,100.0,4.0,100.0,79.48,IT,Cần Thơ,Female
9181,25,20.8,82.6,83.3,6.5,7.9,3.5,62.8,78.6,3.22,80.44,70.72,IT,Cần Thơ,Female
9182,18,40.4,88.3,78.8,4.1,6.1,5.1,52.4,100.0,4.0,100.0,76.2,CE,Cần Thơ,Male
9183,22,15.1,87.5,91.8,9.1,6.1,2.0,59.8,80.1,3.11,77.65,69.94,AI,Huế,Female
9184,24,16.6,76.4,73.3,3.0,7.1,3.6,37.4,71.8,3.11,77.81,54.58,DS,TP.HCM,Male
9185,23,22.3,88.2,88.4,3.6,9.7,3.6,62.8,89.8,3.61,90.37,76.32,AI,Đà Nẵng,Female
9186,22,24.5,97.4,72.6,6.4,8.7,4.1,52.1,83.3,3.61,90.24,67.7,IT,TP.HCM,Female
9187,25,32.4,81.7,63.1,0.0,7.6,3.0,46.9,84.8,3.17,79.18,65.82,IT,Hà Nội,Male
9188,20,28.6,86.5,71.9,9.9,6.8,4.2,56.0,100.0,3.88,97.03,78.02,AI,Huế,Female
9189,23,21.7,87.1,55.7,6.0,7.5,1.6,58.5,91.7,3.45,86.14,75.1,DS,Huế,Male
9190,22,23.9,82.2,100.0,9.8,7.2,2.4,48.5,74.1,3.18,79.52,61.31,DS,Đà Nẵng,Female
9191,25,22.4,91.8,82.1,10.5,7.2,0.3,57.6,87.8,3.63,90.79,72.68,IT,Hà Nội,Male
9192,21,17.7,78.2,68.1,5.6,5.9,2.1,55.2,77.5,2.79,69.82,66.34,CS,TP.HCM,Female
9193,25,17.9,98.3,74.3,9.4,5.9,1.2,64.4,84.4,3.21,80.2,74.39,CS,TP.HCM,Female
9194,27,33.2,91.3,43.2,3.3,7.4,3.0,64.1,100.0,3.77,94.33,82.04,IT,Huế,Female
9195,19,,75.6,100.0,7.1,5.6,4.0,52.9,63.2,2.73,68.37,58.05,CE,Cần Thơ,Male
9196,26,37.9,100.0,100.0,4.8,6.2,3.3,74.8,100.0,4.0,100.0,87.41,CS,Huế,Female
9197,30,22.3,86.7,81.6,7.7,7.0,3.7,54.0,87.6,3.41,85.22,70.78,IT,Đà Nẵng,Male
9198,26,18.8,77.8,84.8,8.2,7.4,2.6,59.4,69.4,2.36,59.09,64.41,DS,Cần Thơ,Male
9199,27,30.9,96.0,61.0,5.6,8.3,2.3,69.3,95.6,3.43,85.73,82.47,DS,Hà Nội,Male
9200,27,36.9,89.9,62.1,7.4,5.5,0.7,64.9,100.0,4.0,100.0,82.45,CE,Hà Nội,Male
9201,30,33.9,67.3,54.5,8.4,5.5,0.0,65.9,93.6,3.99,99.82,79.77,CS,Hà Nội,Female
9202,23,29.0,79.7,77.6,6.5,8.6,0.2,60.8,83.6,3.66,91.43,72.2,CE,Đà Nẵng,Female
9203,21,,87.8,95.9,12.3,9.0,1.5,67.6,100.0,3.98,99.38,83.78,CS,Huế,Female
9204,21,11.3,63.4,74.3,5.7,5.7,3.9,57.1,64.2,2.16,53.95,60.66,DS,TP.HCM,Female
9205,30,20.8,85.9,85.2,10.1,6.0,0.7,47.5,88.1,3.62,90.6,67.8,SE,TP.HCM,Male
9206,23,17.7,86.6,94.7,8.9,7.7,1.3,53.2,85.0,3.3,82.61,69.11,SE,Đà Nẵng,Male
9207,22,34.8,73.2,55.6,1.4,7.1,1.8,62.3,96.2,4.0,100.0,79.27,AI,Đà Nẵng,Male
9208,23,,87.7,100.0,9.7,7.1,4.4,60.5,96.6,4.0,100.0,78.55,AI,Đà Nẵng,Female
9209,24,31.8,85.1,97.4,,6.1,2.4,58.2,100.0,4.0,100.0,79.1,CE,Huế,Female
9210,24,29.3,73.1,87.7,6.3,7.9,2.7,53.7,87.7,3.43,85.68,70.67,CS,Đà Nẵng,Female
9211,26,18.1,94.2,93.9,6.9,6.7,3.1,52.2,71.4,3.12,78.07,61.79,CE,Hà Nội,Female
9212,25,20.3,93.4,94.6,7.2,6.7,4.6,57.8,96.4,3.71,92.84,77.11,AI,TP.HCM,Female
9213,30,35.4,82.1,84.4,9.4,5.6,2.6,60.4,100.0,3.72,93.07,80.2,SE,Huế,Female
9214,23,18.8,83.0,100.0,5.0,7.9,0.0,31.6,58.5,2.36,58.95,45.09,IT,Cần Thơ,Female
9215,29,26.0,92.3,73.2,10.0,6.6,2.7,51.2,81.2,3.47,86.64,66.19,IT,Huế,Female
9216,23,18.7,83.0,86.9,3.3,6.9,4.7,62.1,68.3,3.06,76.5,65.2,SE,Cần Thơ,Female
9217,22,22.5,65.7,99.8,1.6,8.4,3.5,63.3,70.1,2.49,62.27,66.73,IT,TP.HCM,Female
9218,18,24.6,,39.6,7.5,5.7,2.8,53.2,94.6,4.0,100.0,73.94,AI,Đà Nẵng,Male
9219,26,18.7,76.9,86.6,9.1,6.9,3.0,64.1,79.1,3.15,78.8,71.59,CS,Cần Thơ,Female
9220,26,17.3,81.1,90.9,5.6,5.1,0.0,47.7,67.1,2.85,71.19,57.42,SE,Đà Nẵng,Male
9221,26,27.3,99.6,54.4,,6.4,0.0,48.9,95.5,3.53,88.36,72.19,DS,Hà Nội,Female
9222,28,18.2,83.7,84.2,2.3,8.5,3.8,48.9,80.3,3.14,78.39,64.62,DS,Cần Thơ,Male
9223,25,18.5,85.0,68.1,7.1,5.2,4.4,57.1,88.1,3.65,91.3,72.57,CS,Đà Nẵng,Female
9224,30,17.5,90.1,86.0,6.0,7.3,1.6,47.4,79.6,3.19,79.64,63.51,IT,TP.HCM,Male
9225,27,24.4,90.1,78.6,9.2,8.9,2.8,61.3,92.6,3.68,92.04,76.98,DS,TP.HCM,Male
9226,30,32.5,75.8,65.8,6.2,7.7,3.4,62.8,86.0,3.37,84.35,74.42,CE,TP.HCM,Male
9227,20,,84.4,96.6,4.1,6.3,5.0,63.3,100.0,4.0,100.0,81.65,DS,Cần Thơ,Male
9228,18,19.2,,73.7,6.8,5.7,2.4,58.0,79.0,3.16,79.08,68.49,SE,Cần Thơ,Male
9229,28,42.2,87.7,84.0,8.5,4.7,3.6,79.0,94.5,3.55,88.83,86.76,IT,Cần Thơ,Female
9230,29,17.0,87.9,99.7,9.4,8.9,5.5,52.3,77.1,2.97,74.36,64.71,IT,TP.HCM,Female
9231,29,33.7,100.0,66.2,5.7,6.5,2.1,69.7,90.6,3.74,93.59,80.14,CS,Hà Nội,Female
9232,25,19.2,73.2,80.1,6.2,4.8,2.6,39.5,73.9,2.93,73.24,56.69,CE,Cần Thơ,Female
9233,24,18.0,94.8,72.6,7.9,5.8,0.8,63.2,80.2,3.31,82.68,71.7,SE,TP.HCM,Male
9234,30,19.0,96.8,75.9,4.1,5.7,0.9,49.8,76.7,3.03,75.87,63.25,CS,TP.HCM,Male
9235,22,24.6,89.9,100.0,7.8,6.4,3.8,50.5,79.0,3.05,76.19,64.75,AI,Hà Nội,Female
9236,27,29.6,78.5,86.9,,9.9,4.3,65.7,86.2,3.65,91.37,75.95,CS,Hà Nội,Male
9237,24,30.4,100.0,84.7,5.8,8.1,4.2,59.9,94.2,3.9,97.46,77.07,AI,Đà Nẵng,Female
9238,27,,63.1,87.9,,7.6,1.0,42.3,72.2,2.87,71.65,57.26,IT,Hà Nội,Female
9239,21,17.1,78.2,86.5,6.3,8.4,2.2,47.3,61.8,2.63,65.72,54.59,CS,Huế,Female
9240,26,17.7,96.7,52.6,10.8,9.2,3.2,43.6,75.0,3.13,78.13,59.33,CE,Đà Nẵng,Female
9241,28,24.1,81.3,100.0,4.8,7.6,0.0,50.0,97.8,3.8,94.94,73.89,SE,TP.HCM,Female
9242,27,23.3,100.0,58.0,5.0,8.7,3.2,65.2,85.4,3.45,86.21,75.27,CE,Đà Nẵng,Male
9243,19,17.4,69.9,100.0,9.6,6.2,5.3,57.3,71.3,2.93,73.17,64.28,CE,Cần Thơ,Male
9244,26,27.2,73.9,89.3,7.1,6.0,4.2,56.9,90.3,3.71,92.72,73.61,DS,Huế,Female
9245,26,,79.7,82.7,7.9,5.8,0.0,64.2,100.0,4.0,100.0,82.09,SE,Hà Nội,Female
9246,22,21.0,89.2,75.4,3.4,7.4,3.1,57.2,94.2,3.9,97.4,75.69,DS,TP.HCM,Male
9247,28,21.5,82.8,100.0,6.6,3.8,2.8,39.3,72.3,3.02,75.57,55.81,DS,Huế,Male
9248,18,,80.1,89.1,8.0,8.6,2.9,67.9,95.9,3.62,90.46,81.9,CS,Đà Nẵng,Female
9249,24,20.5,,80.3,4.3,6.4,2.7,54.8,81.8,3.8,95.05,68.27,SE,Đà Nẵng,Female
9250,27,30.4,100.0,72.0,7.6,8.0,2.0,55.0,100.0,3.74,93.56,77.5,IT,TP.HCM,Male
9251,27,19.3,80.9,70.2,5.5,5.3,0.0,62.7,79.6,3.07,76.81,71.14,SE,TP.HCM,Female
9252,21,39.7,67.9,80.8,4.4,8.3,3.0,65.2,100.0,3.9,97.45,82.62,DS,Huế,Male
9253,26,27.8,63.4,66.0,8.5,8.7,3.4,52.1,63.9,2.49,62.37,58.04,IT,Hà Nội,Male
9254,23,20.0,87.4,90.2,8.8,7.1,1.7,68.5,90.1,3.43,85.69,79.29,IT,Hà Nội,Female
9255,30,20.3,91.6,70.3,6.3,7.6,4.4,50.0,84.5,3.05,76.36,67.23,AI,Đà Nẵng,Male
9256,20,20.9,85.6,95.1,7.1,5.8,0.0,59.1,62.2,2.72,68.06,60.64,AI,Huế,Female
9257,23,,84.3,94.7,9.3,7.1,0.0,69.8,89.7,3.49,87.14,79.78,CE,Huế,Male
9258,30,14.8,77.0,79.2,5.0,8.2,2.6,41.3,75.7,2.6,65.08,58.5,AI,Cần Thơ,Male
9259,27,19.7,91.5,88.7,6.9,6.6,1.5,52.4,83.8,3.29,82.34,68.1,DS,TP.HCM,Female
9260,23,20.5,100.0,89.5,5.0,8.8,4.0,53.5,89.1,3.65,91.33,71.3,CE,Hà Nội,Female
9261,22,24.9,62.8,58.1,3.5,4.9,1.9,39.8,85.0,3.08,77.04,62.42,CE,Huế,Female
9262,19,22.8,84.2,100.0,5.0,6.6,4.5,40.0,72.3,3.01,75.35,56.14,CE,TP.HCM,Male
9263,27,13.1,75.3,76.2,3.2,4.7,1.4,29.8,71.8,2.94,73.4,50.8,CE,Đà Nẵng,Male
9264,27,21.8,70.1,90.4,7.1,7.4,2.7,48.5,97.0,3.71,92.65,72.74,AI,Hà Nội,Male
9265,19,24.2,73.7,90.9,4.1,6.7,0.0,46.8,87.6,3.56,88.99,67.16,IT,Huế,Female
9266,24,20.0,88.8,42.7,2.5,6.8,2.4,46.3,79.9,3.52,88.0,63.09,CE,Đà Nẵng,Male
9267,19,30.5,89.0,70.1,7.9,7.9,2.6,58.1,92.3,3.7,92.54,75.17,CS,Cần Thơ,Female
9268,29,32.4,99.6,92.6,7.7,6.7,4.3,64.2,100.0,3.9,97.51,82.12,SE,Cần Thơ,Male
9269,23,24.4,85.1,80.9,5.2,10.0,0.2,53.7,85.1,3.24,81.03,69.42,CE,Cần Thơ,Female
9270,22,,67.4,90.3,7.8,8.0,2.1,50.0,79.3,3.54,88.41,64.65,AI,Đà Nẵng,Female
9271,21,7.7,82.6,81.4,4.0,7.0,4.7,57.7,56.1,2.2,55.07,56.89,SE,Hà Nội,Male
9272,24,21.6,71.1,98.4,5.1,6.2,4.9,50.4,77.2,3.04,76.05,63.81,CE,Đà Nẵng,Male
9273,25,33.0,72.9,81.7,7.0,5.9,1.2,68.2,97.0,4.0,100.0,82.6,DS,Đà Nẵng,Female
9274,21,21.6,90.8,100.0,8.6,7.5,1.5,45.6,89.7,3.7,92.58,67.64,CE,Huế,Female
9275,18,19.1,86.9,65.3,5.0,6.4,0.0,62.4,86.6,3.19,79.72,74.5,CE,Cần Thơ,Female
9276,18,43.2,90.9,78.1,4.5,8.2,0.0,66.9,100.0,4.0,100.0,83.47,IT,Hà Nội,Female
9277,18,39.6,81.4,71.1,8.5,6.9,1.9,87.9,100.0,3.9,97.56,93.95,DS,Huế,Female
9278,28,28.7,92.9,85.8,7.5,6.9,1.5,50.7,89.2,3.81,95.13,69.95,CE,Hà Nội,Female
9279,18,34.1,80.9,75.8,6.4,7.1,5.6,54.7,85.0,3.17,79.29,69.88,CE,Cần Thơ,Female
9280,22,7.2,96.2,76.6,9.0,6.8,3.0,43.4,64.4,2.73,68.35,53.89,CS,Huế,Male
9281,21,18.7,88.4,69.4,10.9,7.3,2.2,49.6,70.9,2.44,61.08,60.26,CE,TP.HCM,Female
9282,30,,82.9,73.1,6.9,9.5,3.5,44.6,85.2,3.54,88.49,64.91,DS,Hà Nội,Male
9283,26,23.1,87.1,79.8,4.5,7.6,4.0,66.5,91.6,3.82,95.49,79.04,AI,Hà Nội,Male
9284,20,21.1,84.8,49.7,7.2,7.5,4.3,63.8,90.8,3.45,86.3,77.3,IT,Cần Thơ,Female
9285,24,4.6,100.0,45.5,4.0,7.9,2.9,40.9,59.2,2.54,63.56,50.07,CS,Hà Nội,Female
9286,28,28.1,87.5,80.9,9.1,6.9,2.5,66.8,94.7,3.76,94.05,80.72,AI,Đà Nẵng,Male
9287,25,29.3,85.0,38.5,4.2,5.8,2.7,70.4,100.0,3.56,89.06,85.21,SE,Đà Nẵng,Female
9288,23,37.8,82.6,77.1,5.5,3.4,2.4,65.7,100.0,4.0,100.0,82.84,SE,Huế,Male
9289,29,18.7,93.4,74.3,3.9,4.5,1.7,48.0,83.0,3.16,78.93,65.48,AI,TP.HCM,Female
9290,30,18.0,92.1,88.1,6.5,7.9,4.1,62.0,75.6,3.21,80.24,68.77,AI,Huế,Male
9291,27,3.6,82.3,69.9,6.5,7.4,2.2,48.5,64.2,2.83,70.73,56.32,SE,TP.HCM,Male
9292,30,22.7,73.4,100.0,7.9,6.8,1.0,43.6,69.4,2.69,67.36,56.51,CS,Đà Nẵng,Female
9293,18,32.2,76.0,92.7,6.3,9.8,2.5,71.2,100.0,3.78,94.55,85.59,CE,Đà Nẵng,Male
9294,25,20.1,83.2,57.3,6.1,7.0,3.6,44.9,75.5,3.02,75.38,60.21,IT,Cần Thơ,Female
9295,27,42.1,98.5,75.7,4.6,4.2,0.3,74.2,100.0,4.0,100.0,87.11,SE,Đà Nẵng,Female
9296,20,22.9,82.5,100.0,5.3,7.9,2.1,48.5,75.2,2.89,72.17,61.84,SE,Đà Nẵng,Male
9297,25,26.2,79.1,69.5,2.5,8.4,1.3,57.7,83.5,3.43,85.78,70.61,IT,Hà Nội,Male
9298,29,14.1,67.4,79.2,9.5,7.9,5.8,46.5,60.5,2.6,64.98,53.52,CE,Cần Thơ,Female
9299,21,27.3,100.0,100.0,5.8,8.4,2.6,77.2,86.0,3.67,91.66,81.63,IT,TP.HCM,Male
9300,25,9.2,90.7,71.9,10.1,4.9,4.8,33.3,38.1,1.6,39.98,35.69,AI,Hà Nội,Female
9301,28,30.5,93.0,96.8,5.7,7.1,2.9,56.1,90.8,3.29,82.14,73.42,DS,Hà Nội,Female
9302,18,30.8,94.6,66.4,1.2,6.0,3.0,58.8,79.8,3.13,78.29,69.29,CE,Huế,Male
9303,20,35.9,83.4,36.7,4.9,7.6,2.4,66.9,100.0,3.96,98.95,83.44,CE,Cần Thơ,Female
9304,23,16.8,85.8,98.4,6.0,8.8,2.2,48.2,71.6,2.88,72.06,59.89,IT,Huế,Male
9305,26,26.3,99.9,86.6,6.2,6.6,2.4,43.2,62.9,2.0,50.02,53.06,IT,Đà Nẵng,Female
9306,19,29.5,86.8,87.6,7.7,7.8,1.5,65.7,90.1,3.44,86.07,77.87,DS,Đà Nẵng,Male
9307,28,28.5,90.9,63.6,6.4,5.9,2.5,70.0,95.7,3.79,94.82,82.89,DS,TP.HCM,Male
9308,18,18.1,93.7,64.8,5.2,7.0,0.1,55.9,91.6,3.75,93.82,73.73,DS,Đà Nẵng,Female
9309,27,5.9,91.4,97.3,3.7,6.4,2.8,39.7,55.3,2.66,66.56,47.48,AI,Hà Nội,Female
9310,20,27.8,83.7,83.6,5.0,9.2,0.7,59.9,76.3,3.18,79.59,68.11,CS,Huế,Female
9311,21,23.8,,78.2,7.5,5.7,2.6,46.4,65.2,2.41,60.19,55.79,SE,Hà Nội,Male
9312,28,20.5,92.8,83.3,8.1,7.1,3.0,62.2,80.2,3.04,76.02,71.2,SE,Hà Nội,Male
9313,22,31.1,,100.0,4.3,8.6,4.6,66.0,89.2,3.43,85.77,77.58,CS,Cần Thơ,Female
9314,20,24.6,96.7,90.9,8.5,4.7,3.0,54.0,85.2,3.33,83.2,69.57,CS,TP.HCM,Male
9315,30,14.4,90.5,72.9,7.4,7.5,2.1,50.0,73.8,3.0,74.92,61.91,DS,Cần Thơ,Male
9316,27,9.5,91.0,58.9,3.8,7.1,1.6,53.5,73.0,2.73,68.32,63.29,DS,Cần Thơ,Male
9317,28,16.0,80.5,88.8,6.6,6.2,3.6,57.8,78.3,3.09,77.2,68.04,CE,Đà Nẵng,Female
9318,19,44.1,79.2,66.1,6.9,8.5,2.4,69.4,100.0,3.96,99.0,84.71,DS,Đà Nẵng,Female
9319,19,30.8,92.8,62.3,3.3,9.1,1.4,78.1,100.0,4.0,100.0,89.05,AI,Cần Thơ,Male
9320,24,26.5,79.3,99.7,2.6,7.8,2.7,67.0,76.7,2.99,74.67,71.87,CS,TP.HCM,Male
9321,26,23.5,84.8,93.1,7.2,6.6,0.0,59.3,86.2,3.29,82.34,72.75,CS,Cần Thơ,Female
9322,27,,98.8,85.8,4.9,5.3,2.6,54.1,87.5,3.36,84.01,70.82,AI,Hà Nội,Female
9323,19,,97.2,61.4,9.8,7.2,1.3,62.6,100.0,4.0,100.0,81.3,CS,TP.HCM,Female
9324,24,21.1,88.0,100.0,10.3,6.8,2.0,55.5,72.9,2.77,69.27,64.21,CE,Hà Nội,Female
9325,24,29.6,82.0,95.4,7.2,6.9,5.5,58.7,81.6,3.4,85.09,70.14,DS,TP.HCM,Male
9326,28,22.2,83.8,75.4,8.4,6.4,1.8,67.0,91.0,3.71,92.83,78.99,DS,TP.HCM,Male
9327,24,40.5,93.7,72.3,3.4,6.3,3.7,62.4,100.0,3.78,94.55,81.21,CE,Đà Nẵng,Female
9328,20,30.9,84.6,81.2,2.7,7.0,4.1,64.7,98.8,4.0,100.0,81.74,DS,Cần Thơ,Female
9329,29,35.0,,72.8,5.6,5.5,3.8,48.1,85.5,3.44,85.93,66.83,DS,Hà Nội,Female
9330,24,20.3,97.2,100.0,2.8,8.2,3.1,57.6,100.0,3.87,96.67,78.82,CE,TP.HCM,Male
9331,18,33.5,86.8,74.2,6.8,6.1,0.8,69.7,98.2,4.0,100.0,83.95,DS,Hà Nội,Female
9332,27,22.5,79.2,64.0,4.0,7.1,1.5,64.6,93.4,3.74,93.38,79.0,IT,Hà Nội,Male
9333,18,25.9,89.8,100.0,6.5,6.6,0.8,53.4,100.0,4.0,100.0,76.72,DS,Hà Nội,Male
9334,22,38.1,,71.5,5.6,7.8,2.0,62.4,100.0,4.0,100.0,81.21,IT,Đà Nẵng,Male
9335,19,16.7,74.9,91.8,7.6,7.7,2.0,56.4,69.9,3.09,77.15,63.17,CE,Hà Nội,Female
9336,26,26.6,83.0,90.1,6.8,7.6,1.1,66.4,89.6,3.94,98.52,78.0,AI,Huế,Female
9337,24,28.5,82.5,79.1,5.0,5.6,3.3,57.1,61.5,2.51,62.77,59.27,AI,Hà Nội,Male
9338,21,29.2,89.5,65.4,2.6,6.8,1.8,45.6,67.9,2.73,68.28,56.76,IT,TP.HCM,Male
9339,21,21.4,91.3,79.3,6.4,8.9,2.0,46.8,78.9,3.34,83.6,62.86,CE,Đà Nẵng,Male
9340,19,41.7,79.5,62.5,1.6,6.6,0.1,67.5,100.0,3.9,97.58,83.75,CS,Đà Nẵng,Female
9341,22,14.6,,79.6,9.1,8.3,2.6,35.9,51.7,2.12,52.98,43.8,DS,Cần Thơ,Male
9342,21,36.7,,91.6,7.3,7.0,2.4,72.3,100.0,3.87,96.74,86.13,SE,Hà Nội,Female
9343,29,34.7,73.8,100.0,,6.6,1.6,56.3,87.7,3.89,97.13,71.99,CE,Đà Nẵng,Female
9344,30,40.2,87.7,63.7,3.6,7.2,3.1,67.8,99.0,4.0,100.0,83.36,CS,Đà Nẵng,Female
9345,18,12.3,83.7,76.2,6.9,6.0,2.7,55.0,77.9,3.47,86.76,66.42,CS,Huế,Female
9346,29,18.0,86.6,72.1,4.3,8.1,3.4,54.3,66.2,2.55,63.77,60.26,SE,Cần Thơ,Male
9347,25,36.9,100.0,84.1,6.4,6.0,3.4,82.3,100.0,4.0,100.0,91.14,SE,TP.HCM,Female
9348,20,,100.0,57.2,,7.7,3.6,58.0,75.0,3.09,77.13,66.49,DS,TP.HCM,Male
9349,23,12.1,68.7,66.1,5.8,8.3,5.0,36.6,68.0,2.78,69.57,52.33,CE,Cần Thơ,Female
9350,21,21.1,94.8,54.6,2.6,7.5,2.7,59.5,80.9,3.57,89.13,70.17,IT,Cần Thơ,Female
9351,26,26.5,83.4,58.4,5.6,6.3,1.1,58.6,76.6,2.88,71.99,67.56,CE,TP.HCM,Female
9352,24,37.7,95.5,70.1,1.9,7.2,1.9,76.5,100.0,3.88,96.97,88.26,DS,Cần Thơ,Female
9353,26,23.5,94.6,100.0,10.4,6.1,1.9,60.7,87.6,3.4,84.97,74.2,DS,Huế,Female
9354,27,20.1,99.1,85.2,6.4,6.7,1.1,51.2,89.9,3.31,82.71,70.57,DS,Huế,Male
9355,20,27.5,87.8,81.0,6.0,6.4,0.0,62.4,98.0,3.52,88.02,80.18,CE,TP.HCM,Male
9356,18,28.8,76.1,100.0,7.7,6.1,2.8,55.2,84.0,3.32,83.11,69.59,DS,Hà Nội,Male
9357,22,28.5,94.3,85.8,2.8,7.8,2.6,55.7,90.6,3.77,94.28,73.13,CS,Hà Nội,Male
9358,20,23.6,86.2,87.2,4.0,8.2,5.4,54.8,87.7,3.46,86.55,71.22,CS,Huế,Male
9359,23,9.4,82.7,72.9,7.3,8.3,5.3,46.3,70.5,2.66,66.38,58.38,IT,Đà Nẵng,Female
9360,25,17.7,80.2,70.4,6.4,7.3,3.5,60.0,79.1,3.41,85.14,69.55,SE,Đà Nẵng,Female
9361,28,36.4,95.1,60.3,4.2,8.8,3.3,62.8,100.0,3.77,94.33,81.4,AI,TP.HCM,Female
9362,30,26.5,100.0,71.0,7.6,6.2,1.3,45.5,88.9,3.19,79.63,67.19,IT,Hà Nội,Female
9363,21,22.4,73.0,75.8,6.8,8.5,2.8,51.3,78.4,2.83,70.79,64.85,CE,TP.HCM,Male
9364,22,33.9,91.2,85.2,7.3,8.1,2.3,66.1,100.0,4.0,100.0,83.03,CE,Hà Nội,Male
9365,22,16.0,81.3,79.4,7.0,7.0,2.7,50.5,63.4,2.49,62.34,56.94,DS,Huế,Female
9366,21,23.2,70.3,74.5,4.3,7.3,1.3,51.0,63.7,2.8,70.04,57.36,DS,Đà Nẵng,Female
9367,21,26.1,86.5,66.3,5.8,8.2,3.1,64.7,82.6,3.55,88.67,73.62,CS,Hà Nội,Male
9368,21,21.5,76.7,86.0,1.4,7.8,0.4,54.9,74.7,2.6,65.08,64.84,IT,Cần Thơ,Female
9369,21,25.8,69.2,72.5,4.7,7.3,7.1,59.3,86.0,3.45,86.31,72.63,SE,Cần Thơ,Male
9370,21,23.5,77.2,85.3,5.4,6.5,4.7,40.4,71.6,3.02,75.47,56.01,CE,Huế,Male
9371,22,13.8,74.7,51.3,7.6,5.9,4.5,45.3,66.0,2.42,60.61,55.62,AI,TP.HCM,Female
9372,19,26.5,78.5,85.0,7.3,7.1,0.6,55.6,85.3,3.15,78.83,70.42,IT,TP.HCM,Male
9373,19,14.4,71.7,91.2,4.1,5.6,0.1,59.2,75.0,3.1,77.47,67.06,SE,Đà Nẵng,Male
9374,26,26.3,81.0,89.3,4.1,7.9,2.9,56.1,81.4,3.02,75.43,68.76,DS,Cần Thơ,Female
9375,19,36.0,77.9,77.0,9.3,4.9,2.0,58.7,90.0,3.66,91.46,74.37,CE,Cần Thơ,Male
9376,23,22.8,88.8,93.7,5.3,7.4,5.3,50.0,66.9,2.83,70.65,58.44,AI,Cần Thơ,Male
9377,19,15.6,,60.9,6.3,6.7,3.4,57.7,79.2,3.34,83.62,68.44,AI,Cần Thơ,Female
9378,22,24.0,87.6,78.7,8.0,6.5,2.4,51.8,58.7,2.51,62.73,55.24,SE,Hà Nội,Male
9379,21,18.3,82.6,77.1,5.8,6.7,4.7,44.8,72.8,3.17,79.18,58.76,CE,TP.HCM,Female
9380,29,29.8,82.4,95.5,5.6,3.5,2.8,66.5,100.0,3.8,94.96,83.27,CE,TP.HCM,Male
9381,24,23.8,76.6,49.7,5.2,6.5,2.8,57.3,80.1,3.54,88.5,68.68,IT,Đà Nẵng,Male
9382,24,38.7,,64.1,4.7,6.0,4.1,63.8,100.0,3.9,97.44,81.88,IT,Hà Nội,Female
9383,30,34.3,92.0,100.0,,6.0,1.5,54.6,93.3,3.52,87.88,73.93,IT,Hà Nội,Male
9384,23,23.8,67.4,43.5,1.4,10.0,4.0,57.1,78.0,3.33,83.33,67.53,AI,Hà Nội,Female
9385,27,30.7,84.2,92.2,,5.3,3.3,66.9,93.5,3.86,96.61,80.19,SE,Cần Thơ,Female
9386,22,21.9,81.8,69.5,7.4,7.5,1.1,46.5,82.4,2.95,73.87,64.45,CS,TP.HCM,Male
9387,18,25.3,91.0,83.8,7.1,6.0,5.4,60.3,85.3,3.59,89.69,72.83,AI,Hà Nội,Female
9388,29,22.1,70.7,100.0,9.5,5.9,1.8,51.4,66.1,2.7,67.49,58.75,CE,Cần Thơ,Male
9389,20,31.1,85.1,84.4,8.1,5.4,0.0,54.5,94.2,3.77,94.34,74.33,AI,Huế,Male
9390,26,36.5,88.4,100.0,7.0,8.4,1.3,62.3,100.0,3.9,97.62,81.14,IT,Đà Nẵng,Female
9391,18,,66.0,72.6,6.1,8.4,0.9,58.1,81.7,3.53,88.23,69.88,CS,Cần Thơ,Male
9392,22,32.4,,74.6,4.9,6.3,2.8,50.5,92.4,4.0,100.0,71.48,CE,Huế,Male
9393,19,32.4,84.1,91.8,,8.1,4.9,66.2,100.0,4.0,100.0,83.09,CS,Huế,Female
9394,21,29.4,90.1,73.4,6.8,5.8,2.9,55.3,94.4,3.53,88.16,74.83,DS,Huế,Female
9395,28,15.9,86.8,89.0,5.1,6.5,4.9,44.9,76.4,2.81,70.28,60.65,CS,Hà Nội,Female
9396,18,38.6,90.6,97.8,3.8,7.8,4.1,71.3,100.0,3.83,95.87,85.67,IT,Hà Nội,Male
9397,20,39.4,74.2,93.0,5.9,5.8,0.0,62.3,100.0,4.0,100.0,81.16,DS,Hà Nội,Female
9398,27,23.1,69.1,56.3,,6.1,3.8,51.1,80.7,3.16,79.06,65.89,CS,Đà Nẵng,Female
9399,24,22.0,85.8,74.9,6.3,7.0,1.6,53.6,76.5,3.18,79.6,65.05,SE,Đà Nẵng,Female
9400,27,29.9,72.7,84.2,6.1,7.0,3.3,52.5,89.5,3.46,86.53,71.01,DS,Đà Nẵng,Male
9401,20,29.4,76.3,76.3,7.1,5.7,2.4,54.6,89.8,3.87,96.83,72.23,DS,Hà Nội,Female
9402,21,23.4,94.3,81.2,7.2,9.7,6.7,56.6,81.5,3.03,75.71,69.02,CE,Huế,Male
9403,19,15.0,86.9,84.4,6.6,6.0,3.2,49.2,81.2,3.2,80.12,65.2,CE,Huế,Male
9404,20,,79.3,72.1,5.9,8.1,3.4,61.4,77.4,3.05,76.25,69.43,IT,Cần Thơ,Female
9405,26,29.4,78.0,77.1,4.7,7.7,4.1,63.0,92.7,3.85,96.15,77.88,CS,Cần Thơ,Female
9406,20,30.8,91.2,62.3,8.5,6.0,0.3,70.9,96.1,3.92,97.89,83.51,CS,TP.HCM,Male
9407,28,27.8,87.1,72.8,4.9,7.6,4.1,47.6,71.7,3.16,79.08,59.64,AI,Đà Nẵng,Female
9408,22,22.8,72.9,57.1,9.9,6.0,2.2,59.9,81.2,3.51,87.7,70.56,IT,Đà Nẵng,Female
9409,19,33.0,,81.7,6.4,7.1,1.5,57.0,85.0,3.26,81.45,70.97,CS,TP.HCM,Male
9410,21,25.5,100.0,77.1,6.1,8.0,3.7,64.1,87.9,3.53,88.14,76.0,SE,TP.HCM,Female
9411,29,21.3,72.8,66.3,7.9,6.3,0.3,54.4,68.5,2.74,68.41,61.44,AI,TP.HCM,Female
9412,30,23.6,90.3,100.0,4.4,7.5,3.9,51.9,98.7,3.84,95.95,75.27,CE,Cần Thơ,Female
9413,24,11.0,100.0,76.3,7.4,6.3,2.3,59.7,55.6,1.92,47.94,57.66,SE,TP.HCM,Female
9414,24,23.5,86.5,84.3,6.3,7.2,2.3,61.3,68.4,2.73,68.27,64.86,DS,Cần Thơ,Male
9415,29,30.5,79.0,70.4,7.0,7.1,0.0,62.9,96.6,4.0,100.0,79.74,CE,Hà Nội,Female
9416,20,27.7,70.7,73.8,4.3,6.6,3.9,72.8,93.4,3.77,94.36,83.11,CE,Cần Thơ,Male
9417,22,37.2,70.6,84.9,4.3,4.8,2.9,56.2,82.5,3.37,84.24,69.35,IT,Cần Thơ,Male
9418,18,22.9,88.8,75.0,1.4,7.9,1.8,55.7,78.8,3.44,85.93,67.22,CE,Cần Thơ,Female
9419,27,28.9,99.5,80.0,4.9,9.4,1.1,65.8,100.0,3.83,95.63,82.91,SE,TP.HCM,Female
9420,27,31.3,81.0,92.1,4.7,7.2,3.7,52.7,86.5,3.3,82.57,69.6,IT,Hà Nội,Female
9421,27,43.7,79.4,72.2,4.3,6.3,3.0,64.7,100.0,3.91,97.86,82.37,DS,TP.HCM,Male
9422,28,26.2,92.0,60.0,5.7,7.2,2.5,65.9,91.6,3.88,97.0,78.75,DS,Hà Nội,Male
9423,18,16.6,78.1,57.1,6.2,8.4,1.0,45.5,65.5,2.8,69.94,55.47,AI,Đà Nẵng,Female
9424,22,31.8,87.7,100.0,7.2,8.5,3.0,68.5,86.2,3.5,87.48,77.35,SE,TP.HCM,Female
9425,30,39.9,85.4,94.0,7.4,8.1,2.9,63.0,100.0,4.0,100.0,81.52,DS,Hà Nội,Male
9426,27,22.4,80.9,89.8,7.6,7.5,4.5,69.1,80.1,3.02,75.47,74.6,CE,Huế,Male
9427,26,31.7,84.8,73.5,7.7,7.8,0.7,44.0,95.7,3.74,93.58,69.82,SE,Huế,Male
9428,18,34.8,100.0,60.0,6.7,7.1,1.4,73.7,100.0,4.0,100.0,86.84,IT,TP.HCM,Male
9429,18,33.1,91.0,75.8,6.1,5.9,5.4,65.4,96.3,3.81,95.31,80.86,AI,TP.HCM,Female
9430,21,26.0,95.9,78.6,8.3,6.5,2.8,47.4,85.2,3.58,89.46,66.32,DS,TP.HCM,Male
9431,21,19.4,75.8,63.0,7.7,6.6,2.9,49.3,70.0,3.14,78.61,59.61,SE,Đà Nẵng,Female
9432,19,24.3,96.0,58.0,,7.4,3.9,43.2,77.4,3.08,76.96,60.32,DS,Cần Thơ,Male
9433,26,28.7,91.4,54.0,5.6,4.9,5.2,62.9,84.0,3.44,86.01,73.41,SE,Huế,Female
9434,26,32.3,70.0,89.9,1.5,7.6,0.8,55.2,88.9,3.74,93.54,72.06,AI,Cần Thơ,Female
9435,30,27.7,90.4,61.9,1.4,4.6,5.8,44.7,81.4,3.41,85.21,63.04,SE,Đà Nẵng,Male
9436,30,22.0,79.9,84.6,4.7,7.5,2.4,54.7,91.2,4.0,100.0,72.94,AI,TP.HCM,Female
9437,19,29.4,69.5,74.0,5.7,8.4,2.9,58.6,83.0,3.4,85.08,70.8,IT,Hà Nội,Female
9438,26,31.9,86.3,88.8,4.9,8.1,2.6,77.7,100.0,4.0,100.0,88.83,IT,TP.HCM,Female
9439,23,28.0,90.4,85.0,1.6,5.9,4.7,65.8,100.0,3.81,95.15,82.9,CE,Huế,Female
9440,25,18.3,86.5,76.5,7.9,7.7,3.9,33.8,62.7,2.58,64.43,48.24,IT,Hà Nội,Female
9441,27,23.5,83.9,82.0,,7.8,2.3,51.3,80.3,3.03,75.71,65.79,DS,Cần Thơ,Female
9442,30,32.6,81.7,78.3,7.2,9.0,0.8,70.0,85.7,3.24,80.88,77.82,AI,TP.HCM,Female
9443,30,13.9,100.0,70.8,4.3,7.4,2.1,38.3,66.6,2.75,68.7,52.44,SE,Hà Nội,Male
9444,21,8.3,73.2,94.7,4.8,8.2,0.5,36.4,58.4,2.27,56.78,47.41,CE,TP.HCM,Female
9445,19,37.1,93.7,73.7,7.1,6.5,3.8,66.9,100.0,3.52,87.9,83.44,CS,Hà Nội,Female
9446,19,29.1,85.2,78.7,5.1,6.0,1.5,55.6,82.9,3.78,94.5,69.26,IT,Hà Nội,Female
9447,26,29.9,76.5,58.8,6.4,8.0,2.3,70.8,92.8,3.42,85.51,81.79,DS,TP.HCM,Male
9448,18,,84.5,84.1,,8.1,4.3,51.3,76.6,3.01,75.37,63.99,IT,Cần Thơ,Female
9449,29,30.9,71.1,70.8,2.4,6.2,3.7,59.1,86.8,3.23,80.87,72.95,IT,Đà Nẵng,Male
9450,24,27.2,79.0,72.8,7.2,5.5,3.1,50.4,93.7,3.7,92.38,72.02,CE,Hà Nội,Male
9451,28,12.3,84.5,67.4,3.7,7.1,1.3,38.7,63.3,2.44,61.07,50.96,DS,Huế,Male
9452,20,36.4,69.5,78.1,3.2,7.1,3.2,63.5,82.6,3.17,79.25,73.06,AI,TP.HCM,Female
9453,20,26.3,90.1,49.9,4.2,7.3,1.3,57.6,75.8,3.01,75.28,66.69,CE,Hà Nội,Female
9454,19,21.8,75.4,90.2,8.0,8.1,3.2,43.5,70.1,2.59,64.75,56.81,CE,Đà Nẵng,Female
9455,27,22.0,70.5,79.4,,8.2,0.5,53.8,67.2,2.79,69.85,60.49,DS,Hà Nội,Female
9456,23,8.9,74.2,73.0,7.6,7.0,4.3,43.2,45.1,1.89,47.24,44.14,IT,Hà Nội,Male
9457,30,29.7,,56.8,6.8,5.8,2.8,60.0,92.5,3.71,92.79,76.23,DS,Hà Nội,Female
9458,27,27.1,65.2,86.5,6.2,6.1,2.5,64.0,90.6,3.73,93.32,77.33,SE,Đà Nẵng,Female
9459,19,23.4,89.4,70.5,6.6,6.3,3.1,55.9,80.3,3.42,85.5,68.11,IT,Hà Nội,Female
9460,27,35.2,77.5,99.6,5.3,6.9,2.3,61.3,98.4,3.66,91.41,79.85,CE,Đà Nẵng,Female
9461,21,13.9,81.5,87.3,7.7,6.4,2.6,56.2,83.0,3.64,90.99,69.55,SE,TP.HCM,Male
9462,27,20.2,91.0,100.0,4.9,6.7,4.4,52.7,82.4,3.63,90.73,67.53,SE,Đà Nẵng,Male
9463,26,18.2,90.5,82.1,1.9,7.1,4.1,49.2,68.2,2.9,72.48,58.7,CS,Cần Thơ,Female
9464,26,,78.2,96.2,5.8,6.2,3.6,45.0,75.2,2.94,73.62,60.14,CS,Huế,Female
9465,23,25.5,71.4,86.9,8.0,7.4,2.9,55.3,77.3,3.52,87.92,66.3,IT,Cần Thơ,Female
9466,30,28.4,91.2,73.2,7.2,9.2,2.0,67.0,98.9,4.0,100.0,82.94,DS,Huế,Male
9467,21,22.2,90.5,82.8,10.5,6.8,4.1,52.1,82.7,3.01,75.23,67.42,CE,TP.HCM,Male
9468,24,18.0,82.2,67.5,5.4,6.2,1.1,40.8,68.2,2.65,66.28,54.5,CE,Hà Nội,Male
9469,18,38.5,,100.0,5.6,7.4,5.2,74.9,100.0,4.0,100.0,87.43,IT,Cần Thơ,Male
9470,29,44.3,80.5,78.5,5.4,6.0,3.6,78.2,100.0,3.75,93.66,89.09,SE,Cần Thơ,Male
9471,21,26.1,76.7,80.4,4.1,6.8,4.3,60.5,71.9,3.1,77.43,66.21,IT,Cần Thơ,Female
9472,22,18.9,85.0,85.8,4.8,6.2,3.2,52.7,61.0,2.4,59.97,56.82,CE,Đà Nẵng,Female
9473,25,36.8,90.2,63.7,3.4,5.7,2.3,69.3,100.0,3.8,95.07,84.64,AI,Hà Nội,Female
9474,29,13.4,88.1,99.8,0.3,5.9,3.9,36.7,72.9,2.88,72.02,54.78,DS,Huế,Male
9475,19,22.3,90.1,64.6,4.5,6.2,0.4,50.9,83.3,3.22,80.54,67.1,CE,TP.HCM,Female
9476,29,19.4,77.4,61.2,6.1,5.7,1.6,56.2,84.1,3.02,75.55,70.2,DS,Huế,Male
9477,22,15.7,100.0,77.5,7.6,8.5,2.2,54.3,92.1,3.68,91.88,73.21,DS,Huế,Male
9478,23,22.8,81.6,60.8,4.6,7.5,0.4,61.1,80.2,3.12,78.1,70.64,SE,Hà Nội,Female
9479,22,18.1,83.8,100.0,4.6,8.1,3.5,62.6,73.2,2.95,73.78,67.92,SE,Cần Thơ,Male
9480,30,25.1,71.8,76.5,8.6,5.4,4.4,45.3,81.8,3.06,76.45,63.59,AI,Đà Nẵng,Male
9481,26,,83.1,31.7,2.7,6.6,0.0,60.0,97.8,3.95,98.64,78.92,CE,Đà Nẵng,Female
9482,27,20.0,90.3,83.0,5.6,7.5,1.9,51.6,73.8,3.44,85.91,62.73,SE,Đà Nẵng,Male
9483,18,22.0,92.6,88.3,8.4,9.0,2.2,52.1,94.0,3.51,87.73,73.03,IT,Cần Thơ,Female
9484,20,23.2,100.0,73.7,4.2,6.1,3.0,75.9,91.9,3.69,92.24,83.91,CE,TP.HCM,Male
9485,19,31.5,90.2,59.7,2.2,5.5,3.8,50.4,92.5,3.76,94.09,71.43,CS,Huế,Female
9486,29,23.8,87.8,78.5,10.3,7.2,2.1,54.7,80.9,3.25,81.19,67.76,CE,Huế,Male
9487,30,31.6,80.5,72.8,8.0,6.2,3.9,59.0,93.3,3.73,93.22,76.18,CS,Hà Nội,Male
9488,20,,78.4,65.4,8.1,9.0,2.6,59.4,80.7,3.24,81.12,70.06,AI,Hà Nội,Female
9489,27,29.6,94.7,64.0,5.8,7.7,1.6,46.6,97.3,3.81,95.18,71.96,CE,Huế,Female
9490,26,36.1,94.5,82.3,7.6,6.7,2.8,58.9,87.7,3.84,96.09,73.29,DS,Cần Thơ,Female
9491,30,16.0,74.2,93.5,0.0,6.7,0.6,48.5,61.7,2.55,63.74,55.11,AI,Cần Thơ,Male
9492,26,21.2,92.2,86.9,4.9,6.8,2.1,44.3,88.5,3.41,85.34,66.37,AI,TP.HCM,Female
9493,27,39.1,91.5,54.1,8.4,4.8,2.2,75.2,100.0,4.0,100.0,87.6,AI,Huế,Female
9494,19,22.9,73.9,89.2,2.5,7.1,1.6,57.6,75.7,2.88,72.12,66.69,CS,Huế,Female
9495,20,2.5,90.4,91.6,5.2,6.4,6.3,28.5,61.6,2.24,55.96,45.08,AI,Cần Thơ,Female
9496,21,23.4,74.5,100.0,,7.8,4.5,52.0,87.9,3.43,85.76,69.92,DS,TP.HCM,Male
9497,26,26.1,60.7,65.8,4.0,5.9,2.8,56.5,81.9,3.56,89.09,69.2,CE,Đà Nẵng,Female
9498,20,4.1,83.4,79.2,6.0,7.8,3.1,30.2,46.8,1.65,41.21,38.52,SE,Đà Nẵng,Male
9499,30,35.7,87.6,88.5,7.0,7.7,3.3,53.1,100.0,3.94,98.57,76.53,SE,Hà Nội,Female
9500,24,19.3,83.8,72.1,6.8,7.2,3.4,44.9,71.8,2.75,68.86,58.32,CS,Đà Nẵng,Male
9501,29,27.6,100.0,88.3,5.0,8.5,4.8,80.9,100.0,4.0,100.0,90.44,DS,Hà Nội,Female
9502,20,23.2,88.8,79.6,,4.7,3.9,63.9,69.3,2.56,63.88,66.59,SE,TP.HCM,Female
9503,24,14.7,86.5,67.3,7.0,7.5,0.0,44.4,66.7,2.79,69.8,55.54,CE,TP.HCM,Male
9504,24,16.4,89.3,68.6,6.8,6.9,3.8,40.7,65.2,2.34,58.48,52.95,CS,Hà Nội,Female
9505,26,17.5,,98.7,6.7,6.9,1.2,44.0,71.7,3.09,77.16,57.87,AI,Huế,Female
9506,19,33.7,,65.1,6.3,5.8,1.7,75.8,100.0,4.0,100.0,87.91,CE,Đà Nẵng,Female
9507,30,23.8,88.6,62.5,6.9,5.3,4.0,71.4,86.1,3.59,89.76,78.75,SE,Huế,Male
9508,23,20.8,88.2,85.2,,8.1,0.0,47.8,78.4,3.17,79.32,63.09,SE,TP.HCM,Female
9509,26,17.5,78.8,79.5,6.8,7.9,5.1,52.3,66.1,2.43,60.77,59.19,SE,Hà Nội,Male
9510,29,34.6,69.4,60.3,6.2,9.2,3.7,59.4,78.2,3.29,82.19,68.79,CE,TP.HCM,Male
9511,29,36.7,,72.2,4.7,9.4,3.0,74.1,99.5,4.0,100.0,86.79,AI,TP.HCM,Male
9512,19,34.5,87.8,67.7,9.5,5.1,3.8,55.8,93.7,3.59,89.86,74.75,CE,Hà Nội,Male
9513,19,28.9,80.6,70.4,3.2,6.8,4.2,66.1,97.2,3.64,91.0,81.66,CS,Đà Nẵng,Male
9514,30,27.3,87.9,100.0,5.5,7.3,2.8,48.6,83.4,3.35,83.73,66.0,SE,Đà Nẵng,Female
9515,22,15.3,,75.5,4.7,8.2,3.7,56.0,76.0,3.07,76.75,65.99,AI,Đà Nẵng,Female
9516,27,23.0,89.3,66.8,1.4,8.7,1.0,49.3,75.7,3.18,79.4,62.52,CE,Cần Thơ,Female
9517,27,19.5,75.2,100.0,6.9,5.8,3.7,48.6,72.2,2.76,69.1,60.4,AI,Hà Nội,Female
9518,29,,86.9,93.3,5.5,6.4,3.4,41.0,49.0,2.04,50.97,45.02,CE,TP.HCM,Female
9519,27,33.5,78.6,90.9,6.1,8.6,4.7,76.6,94.6,3.98,99.5,85.59,CS,Đà Nẵng,Male
9520,25,19.4,69.6,67.5,5.6,5.0,2.8,57.5,52.6,1.69,42.25,55.06,CS,Cần Thơ,Male
9521,28,34.6,83.3,97.9,7.9,5.7,3.0,60.3,86.8,3.0,75.11,73.55,CS,TP.HCM,Female
9522,26,32.1,100.0,92.2,8.2,7.5,1.1,57.9,87.9,3.55,88.77,72.87,CE,Cần Thơ,Female
9523,19,29.5,70.4,82.2,3.2,9.5,2.5,67.5,94.7,3.84,96.12,81.1,CS,Cần Thơ,Male
9524,22,29.9,86.2,54.3,10.4,5.0,3.4,34.9,84.5,3.25,81.34,59.68,AI,Đà Nẵng,Male
9525,24,20.1,93.0,79.7,5.4,7.1,3.6,57.6,90.5,3.32,83.1,74.05,CE,Cần Thơ,Female
9526,23,39.9,100.0,100.0,7.5,7.7,5.1,62.7,96.9,4.0,100.0,79.78,IT,Huế,Male
9527,23,25.3,80.1,83.3,6.5,8.8,3.2,72.9,96.7,3.88,97.02,84.81,SE,Hà Nội,Female
9528,24,,,74.4,6.3,7.5,2.4,77.8,89.6,3.61,90.13,83.71,AI,Hà Nội,Female
9529,20,19.8,73.3,76.6,,4.8,3.3,51.1,87.6,3.4,85.08,69.33,DS,Cần Thơ,Female
9530,30,17.6,96.4,77.6,,5.5,1.7,49.9,76.3,3.02,75.5,63.07,CE,TP.HCM,Female
9531,20,28.8,76.3,68.0,7.9,8.6,4.5,58.6,99.5,3.93,98.16,79.05,CE,TP.HCM,Male
9532,27,26.7,81.3,79.4,5.4,7.5,1.5,52.6,100.0,4.0,100.0,76.29,IT,Cần Thơ,Female
9533,26,,66.5,100.0,5.8,5.6,1.9,43.0,70.5,3.32,82.95,56.79,DS,Hà Nội,Male
9534,25,13.5,93.8,99.9,4.6,7.6,0.9,51.0,87.4,3.34,83.42,69.16,SE,TP.HCM,Male
9535,22,14.8,96.6,68.7,,7.4,2.6,55.3,74.0,3.18,79.44,64.64,DS,Đà Nẵng,Male
9536,23,34.6,93.5,99.1,7.5,4.0,3.5,65.9,100.0,4.0,100.0,82.97,AI,Huế,Male
9537,28,20.1,68.9,91.4,5.1,4.5,5.0,52.6,71.8,2.71,67.68,62.2,SE,TP.HCM,Male
9538,29,22.3,91.1,89.5,,7.4,2.4,50.6,85.9,3.32,83.09,68.27,AI,TP.HCM,Male
9539,27,36.6,68.3,86.5,8.7,9.4,2.2,55.7,96.4,3.62,90.43,76.05,DS,Cần Thơ,Male
9540,18,16.0,85.6,66.0,10.6,7.3,0.0,42.8,69.0,2.64,66.03,55.89,CS,Huế,Female
9541,27,19.2,87.1,73.9,4.0,4.1,2.8,58.2,67.8,2.54,63.46,63.02,DS,TP.HCM,Female
9542,29,18.8,88.1,92.5,5.7,5.1,2.5,52.9,66.7,2.63,65.63,59.84,DS,Hà Nội,Female
9543,18,37.9,90.3,61.9,5.5,7.8,2.5,68.5,100.0,3.74,93.62,84.26,CS,Hà Nội,Female
9544,21,40.9,84.9,64.4,12.5,7.9,4.8,71.0,100.0,4.0,100.0,85.5,CE,Đà Nẵng,Male
9545,19,31.0,65.4,84.6,6.0,6.8,3.3,57.6,93.6,3.91,97.77,75.6,CS,Hà Nội,Female
9546,28,31.3,90.4,68.2,9.2,6.4,1.9,62.8,92.1,3.6,89.89,77.43,CS,TP.HCM,Female
9547,24,20.4,86.0,92.4,8.6,8.0,1.1,62.9,80.2,2.99,74.87,71.55,CE,Hà Nội,Male
9548,19,40.6,76.0,68.7,5.8,8.3,0.8,72.7,100.0,4.0,100.0,86.33,DS,Hà Nội,Male
9549,27,27.1,69.3,83.7,6.1,7.8,1.8,54.5,68.5,2.8,69.88,61.49,CE,Huế,Male
9550,19,31.8,100.0,84.9,,5.9,3.1,60.3,95.5,3.68,91.9,77.89,IT,Hà Nội,Male
9551,22,24.2,97.3,72.8,9.1,8.1,0.0,65.4,89.4,3.49,87.33,77.42,SE,TP.HCM,Female
9552,21,22.9,92.1,76.4,5.6,6.6,2.3,58.4,85.4,3.32,83.05,71.91,AI,TP.HCM,Female
9553,25,38.3,78.2,69.8,4.7,6.3,3.7,63.2,97.7,4.0,100.0,80.45,CE,Hà Nội,Female
9554,21,29.3,59.8,79.7,8.3,6.2,0.9,46.3,89.3,3.61,90.31,67.8,CE,Đà Nẵng,Female
9555,29,36.6,92.6,65.6,3.1,7.0,2.2,79.1,100.0,3.63,90.87,89.53,SE,Huế,Female
9556,23,27.0,88.7,76.6,6.6,7.7,1.0,50.1,92.8,4.0,100.0,71.46,DS,Huế,Female
9557,22,18.2,81.3,91.2,8.7,4.6,0.0,53.0,78.0,3.03,75.84,65.49,AI,TP.HCM,Male
9558,28,20.3,96.2,62.9,7.1,6.1,1.3,68.4,88.5,3.69,92.22,78.41,DS,Huế,Male
9559,19,25.8,93.5,72.7,4.6,6.4,0.9,55.8,94.5,3.79,94.84,75.18,IT,Huế,Male
9560,28,20.0,86.8,87.8,3.5,8.2,3.7,52.7,75.3,2.91,72.76,63.97,AI,Đà Nẵng,Male
9561,30,16.1,85.4,48.8,9.0,6.0,3.2,56.3,70.7,3.02,75.5,63.52,DS,Huế,Female
9562,29,34.6,85.5,100.0,5.6,6.6,0.9,54.8,92.5,4.0,100.0,73.66,AI,Đà Nẵng,Male
9563,25,20.6,91.8,95.7,3.7,8.0,4.4,41.7,77.3,2.87,71.66,59.49,SE,Hà Nội,Male
9564,19,26.1,76.4,56.9,8.8,7.0,3.6,53.4,67.2,2.53,63.32,60.3,SE,Huế,Male
9565,26,27.4,89.3,48.4,8.0,8.8,2.1,59.5,88.7,3.86,96.45,74.12,IT,Hà Nội,Female
9566,26,20.3,75.8,80.4,3.4,6.8,3.0,52.1,80.5,3.64,90.89,66.33,IT,Hà Nội,Male
9567,20,36.6,98.4,63.2,12.3,9.3,1.1,77.8,100.0,4.0,100.0,88.92,CE,Cần Thơ,Female
9568,21,,,94.4,4.6,9.5,0.0,43.5,73.1,3.19,79.86,58.31,IT,Đà Nẵng,Male
9569,25,27.1,78.1,85.9,8.0,7.5,2.6,56.0,88.5,3.45,86.15,72.24,CE,Đà Nẵng,Male
9570,26,27.0,85.8,81.9,11.0,7.5,0.5,69.4,93.7,3.42,85.4,81.57,IT,Đà Nẵng,Male
9571,20,24.6,76.5,71.4,8.2,7.7,2.2,52.8,67.4,2.68,67.11,60.13,IT,Cần Thơ,Female
9572,22,14.6,100.0,100.0,6.6,8.0,3.1,65.9,93.2,4.0,100.0,79.52,IT,Đà Nẵng,Male
9573,28,32.0,100.0,91.3,2.4,7.1,0.0,62.2,100.0,3.86,96.4,81.11,SE,TP.HCM,Female
9574,25,30.9,92.0,89.0,11.1,8.4,2.8,56.8,100.0,4.0,100.0,78.4,IT,TP.HCM,Female
9575,20,,100.0,98.0,8.2,7.6,3.7,54.4,80.5,3.47,86.73,67.44,CS,Đà Nẵng,Female
9576,24,30.7,86.5,64.7,2.5,8.7,0.0,62.9,87.8,3.55,88.63,75.34,DS,Hà Nội,Female
9577,28,28.0,92.6,99.3,9.9,5.3,3.6,56.8,100.0,4.0,100.0,78.4,SE,Hà Nội,Female
9578,25,14.8,97.2,76.0,6.2,7.3,5.3,53.6,76.4,3.03,75.64,65.02,DS,Cần Thơ,Female
9579,27,18.2,84.9,85.0,5.3,8.2,2.1,50.2,82.4,3.03,75.87,66.31,SE,Cần Thơ,Female
9580,28,34.1,85.7,77.7,4.6,5.6,3.6,73.0,93.4,3.67,91.76,83.18,CE,Đà Nẵng,Female
9581,20,27.5,94.3,51.8,6.4,7.5,1.0,63.6,97.7,3.99,99.63,80.65,SE,Cần Thơ,Female
9582,19,20.5,,94.4,8.0,7.7,3.9,54.2,83.6,3.21,80.24,68.87,DS,TP.HCM,Female
9583,27,18.1,77.4,52.6,4.8,9.1,3.3,47.8,82.4,3.16,78.98,65.13,IT,TP.HCM,Male
9584,30,20.9,63.1,65.5,6.3,6.6,2.8,56.1,80.1,3.3,82.46,68.1,CE,TP.HCM,Male
9585,24,21.4,83.2,73.2,14.5,7.3,2.7,53.8,80.6,3.39,84.87,67.2,SE,Đà Nẵng,Male
9586,29,18.2,64.0,50.7,7.2,6.3,3.1,44.9,81.4,3.32,82.91,63.16,AI,TP.HCM,Male
9587,26,11.1,75.1,63.5,8.4,6.8,2.4,39.1,57.5,2.29,57.28,48.31,IT,Hà Nội,Male
9588,18,34.1,76.3,83.7,3.6,8.9,1.0,67.3,100.0,3.89,97.15,83.64,DS,Cần Thơ,Female
9589,20,32.8,79.3,74.8,2.6,7.0,2.3,57.9,96.8,3.73,93.28,77.39,DS,Huế,Male
9590,22,14.8,93.2,76.0,9.7,6.1,2.4,47.8,78.6,3.09,77.3,63.22,SE,Huế,Female
9591,20,26.1,95.4,66.3,8.9,6.8,0.7,63.0,100.0,3.75,93.72,81.51,SE,Hà Nội,Male
9592,18,17.8,90.1,80.7,10.3,6.4,2.3,59.9,62.7,2.39,59.73,61.29,CE,TP.HCM,Female
9593,24,22.9,91.3,75.1,5.8,6.5,2.4,60.3,74.9,3.06,76.44,67.62,AI,TP.HCM,Female
9594,24,22.2,91.6,55.4,9.1,6.4,1.7,61.8,95.5,3.59,89.77,78.68,CS,Huế,Male
9595,27,21.6,60.0,77.0,0.0,6.4,3.0,55.5,80.4,2.8,70.02,67.94,AI,Hà Nội,Female
9596,29,41.0,85.1,61.4,7.4,5.6,3.4,68.6,100.0,3.91,97.69,84.3,CE,TP.HCM,Male
9597,25,21.5,67.0,93.5,8.6,7.1,1.5,54.1,83.9,3.12,77.9,69.01,AI,TP.HCM,Male
9598,22,18.5,,74.1,4.3,5.8,2.7,66.1,74.1,2.86,71.45,70.11,IT,TP.HCM,Male
9599,27,18.9,64.1,100.0,8.6,8.4,3.9,47.3,83.4,3.51,87.66,65.37,AI,Cần Thơ,Male
9600,29,33.4,83.2,94.5,5.6,6.6,1.0,54.3,100.0,4.0,100.0,77.15,CS,Cần Thơ,Female
9601,22,11.8,90.5,78.0,5.8,7.5,0.0,28.5,75.0,2.99,74.69,51.72,SE,Đà Nẵng,Male
9602,22,18.9,73.8,88.7,,7.5,1.1,64.8,65.9,2.75,68.82,65.35,CE,Huế,Female
9603,18,36.6,94.6,48.7,10.0,4.8,3.3,81.5,100.0,4.0,100.0,90.74,CE,Hà Nội,Male
9604,27,27.0,90.1,94.4,4.9,6.7,1.8,51.3,86.7,3.42,85.38,68.97,DS,Huế,Male
9605,22,26.5,88.8,67.7,4.6,9.1,0.6,67.9,100.0,3.81,95.15,83.93,DS,Đà Nẵng,Female
9606,23,,92.0,81.3,3.9,6.1,4.4,78.1,100.0,4.0,100.0,89.04,CS,Huế,Female
9607,30,27.0,81.4,69.1,5.1,9.7,0.7,62.2,81.7,3.17,79.15,71.96,SE,Cần Thơ,Male
9608,29,19.3,86.5,70.7,6.5,7.7,2.2,56.3,83.7,3.13,78.3,69.99,IT,TP.HCM,Female
9609,18,22.7,85.1,77.3,7.6,7.6,3.6,49.2,65.6,2.58,64.38,57.43,SE,TP.HCM,Male
9610,28,15.9,84.9,81.2,4.1,7.3,3.5,50.6,80.6,3.3,82.6,65.64,IT,TP.HCM,Male
9611,24,,78.3,79.6,6.9,8.3,3.1,65.6,94.0,3.83,95.77,79.79,CE,Đà Nẵng,Female
9612,18,29.6,72.6,80.0,7.5,8.3,1.5,58.6,85.9,3.16,78.97,72.25,IT,TP.HCM,Male
9613,28,34.0,81.6,55.6,3.7,7.0,3.3,62.3,97.8,4.0,99.97,80.07,CE,TP.HCM,Female
9614,19,34.7,81.1,100.0,6.2,6.5,2.5,72.9,98.4,3.64,91.11,85.68,IT,Cần Thơ,Male
9615,19,21.7,77.6,83.5,5.8,5.3,3.1,60.5,93.4,3.48,86.99,76.98,SE,TP.HCM,Female
9616,22,17.4,93.5,86.6,6.2,8.0,4.6,58.7,77.1,3.35,83.78,67.87,IT,Hà Nội,Female
9617,27,24.6,73.3,74.9,4.7,7.1,0.7,61.4,87.5,3.16,78.92,74.47,CE,Đà Nẵng,Female
9618,30,18.0,83.3,66.9,5.7,6.0,3.1,52.7,79.5,2.7,67.43,66.09,SE,Huế,Female
9619,24,26.3,96.7,82.3,6.1,6.3,2.7,68.0,94.7,3.87,96.86,81.32,AI,Hà Nội,Female
9620,18,34.1,94.1,84.3,10.7,6.9,3.9,55.7,90.5,3.5,87.47,73.07,DS,Huế,Male
9621,27,23.7,97.2,99.5,6.1,5.8,5.2,57.8,68.5,2.66,66.56,63.18,CE,Huế,Female
9622,18,26.2,79.1,100.0,9.3,7.1,5.1,61.8,94.6,4.0,100.0,78.21,SE,Huế,Female
9623,18,24.2,92.8,100.0,9.5,5.1,3.8,61.2,79.6,3.4,84.92,70.39,DS,TP.HCM,Male
9624,23,31.4,74.4,53.5,2.7,6.4,1.6,62.5,100.0,4.0,100.0,81.26,SE,Đà Nẵng,Female
9625,19,,82.2,73.1,5.3,5.6,1.9,59.0,74.4,2.98,74.54,66.72,IT,Cần Thơ,Male
9626,18,7.4,83.2,85.0,9.5,7.2,3.6,53.9,73.7,3.05,76.31,63.8,DS,Cần Thơ,Female
9627,23,28.8,79.2,74.0,6.5,5.8,0.6,50.5,86.5,3.36,84.06,68.48,IT,Đà Nẵng,Male
9628,19,32.9,81.4,79.3,5.7,6.3,2.1,64.1,100.0,3.88,96.96,82.07,AI,Hà Nội,Female
9629,23,28.6,,47.8,7.9,9.7,1.4,53.0,89.3,3.57,89.25,71.15,DS,Đà Nẵng,Female
9630,27,19.9,75.2,93.7,8.7,8.0,0.7,59.2,81.7,3.39,84.76,70.47,AI,Huế,Female
9631,25,15.9,93.6,51.9,5.9,7.7,2.9,56.4,68.0,3.03,75.79,62.22,IT,Cần Thơ,Female
9632,19,29.0,83.2,56.4,5.3,8.6,3.7,51.9,92.5,3.92,97.91,72.23,CS,TP.HCM,Female
9633,28,26.1,87.0,64.8,0.1,7.6,3.4,57.6,94.3,3.91,97.66,75.95,AI,Cần Thơ,Female
9634,26,24.0,86.6,78.5,6.1,5.3,2.7,44.7,80.9,3.21,80.29,62.8,AI,Cần Thơ,Female
9635,25,39.6,85.5,55.7,5.0,5.4,2.0,74.6,100.0,3.95,98.69,87.32,AI,Huế,Female
9636,29,17.4,85.9,64.1,3.5,3.7,1.7,46.9,76.5,3.11,77.64,61.72,AI,Huế,Male
9637,27,39.2,81.9,97.2,5.5,7.2,3.8,58.2,100.0,4.0,100.0,79.11,IT,Cần Thơ,Female
9638,18,25.3,99.2,78.3,5.0,5.7,1.7,56.2,90.5,3.4,85.11,73.34,CS,Cần Thơ,Female
9639,24,10.3,92.6,86.5,6.4,6.3,1.7,51.0,77.9,3.04,76.03,64.46,SE,Hà Nội,Male
9640,30,23.6,85.2,61.5,5.3,6.6,3.1,57.6,85.7,3.43,85.84,71.65,CE,Huế,Female
9641,27,32.7,80.5,79.2,7.1,6.3,1.0,57.9,100.0,4.0,100.0,78.96,CE,Hà Nội,Female
9642,23,22.1,83.8,78.0,6.4,7.0,2.6,53.3,77.3,3.08,76.97,65.32,SE,Hà Nội,Male
9643,23,13.2,89.2,68.1,9.2,6.7,1.7,46.1,68.5,3.12,78.08,57.27,SE,TP.HCM,Male
9644,23,23.7,100.0,79.2,4.7,6.5,1.5,50.8,80.6,3.1,77.55,65.68,CE,Hà Nội,Female
9645,23,18.1,71.3,51.6,10.4,5.1,2.1,35.3,61.7,2.52,62.94,48.51,IT,Huế,Female
9646,27,28.9,91.6,86.6,8.7,7.3,3.6,60.4,88.2,3.5,87.61,74.31,IT,Huế,Female
9647,24,31.2,96.3,74.0,9.7,9.6,2.8,67.2,100.0,4.0,100.0,83.61,CS,Cần Thơ,Male
9648,29,16.5,70.1,76.1,6.6,7.3,2.9,47.8,84.2,3.37,84.27,66.02,SE,Hà Nội,Male
9649,20,19.4,,92.8,5.3,9.7,3.6,67.4,81.2,3.18,79.61,74.26,SE,TP.HCM,Female
9650,23,31.1,74.4,86.5,4.7,6.3,3.4,55.0,98.8,4.0,100.0,76.89,SE,Đà Nẵng,Male
9651,20,18.1,89.3,75.2,,6.7,2.2,51.7,75.4,2.85,71.36,63.56,DS,Cần Thơ,Male
9652,24,16.3,81.4,63.3,8.7,7.0,3.3,53.1,76.1,2.78,69.54,64.62,SE,Cần Thơ,Female
9653,24,15.6,83.7,99.9,3.5,6.8,2.2,52.5,84.9,3.59,89.67,68.7,DS,TP.HCM,Male
9654,25,27.8,80.9,59.9,8.4,8.4,3.2,56.1,84.5,3.38,84.6,70.28,CE,Huế,Female
9655,19,27.5,92.2,89.4,3.9,4.4,4.1,59.0,82.3,3.59,89.81,70.65,DS,TP.HCM,Female
9656,26,19.5,87.3,56.0,6.8,6.5,3.3,52.1,81.3,3.25,81.34,66.71,IT,TP.HCM,Male
9657,30,25.0,87.3,93.8,,9.0,0.6,62.0,81.9,2.99,74.63,71.95,CS,Huế,Female
9658,22,37.2,86.6,95.2,9.6,6.4,1.8,60.7,100.0,4.0,100.0,80.35,SE,Cần Thơ,Male
9659,26,17.2,90.7,51.3,6.6,8.1,3.5,33.3,71.0,2.48,62.07,52.15,DS,Huế,Male
9660,27,9.4,82.4,86.7,5.7,7.7,0.0,41.8,67.2,2.37,59.18,54.52,IT,Đà Nẵng,Female
9661,22,,100.0,85.5,6.1,6.9,3.0,74.1,100.0,4.0,100.0,87.07,SE,Hà Nội,Male
9662,24,24.1,72.7,90.5,8.7,7.4,2.9,60.0,83.9,3.4,84.92,71.95,DS,Huế,Female
9663,28,19.3,67.7,85.5,8.0,6.9,6.6,37.9,71.6,2.89,72.3,54.76,AI,Đà Nẵng,Female
9664,26,30.2,66.9,65.6,6.0,4.4,3.1,62.8,100.0,3.85,96.17,81.37,CS,TP.HCM,Female
9665,21,31.7,64.2,76.7,1.3,7.6,2.3,60.0,94.3,3.61,90.29,77.12,CE,Đà Nẵng,Female
9666,19,7.3,91.7,100.0,0.0,6.3,4.2,41.4,69.4,3.31,82.84,55.4,AI,Hà Nội,Male
9667,26,19.8,90.5,63.4,6.6,5.3,2.0,45.3,69.3,2.55,63.69,57.33,IT,Cần Thơ,Male
9668,30,43.5,97.1,84.8,3.0,7.5,2.6,66.1,100.0,3.84,95.98,83.06,AI,TP.HCM,Male
9669,19,29.7,74.4,97.3,4.7,7.4,2.6,54.2,89.2,3.86,96.49,71.72,CS,Đà Nẵng,Female
9670,20,30.4,92.5,65.1,5.4,8.2,3.4,75.4,100.0,3.84,95.98,87.72,SE,Cần Thơ,Female
9671,27,34.4,85.6,58.7,11.2,6.7,1.1,68.4,83.0,3.27,81.7,75.71,AI,Đà Nẵng,Male
9672,19,25.1,86.7,61.0,6.3,8.0,3.8,51.5,90.3,3.62,90.48,70.9,DS,Cần Thơ,Female
9673,20,31.4,91.3,85.9,7.8,7.0,1.7,58.2,99.1,3.89,97.36,78.62,SE,Đà Nẵng,Female
9674,23,30.7,77.4,60.9,7.3,7.4,5.6,59.4,95.1,4.0,100.0,77.22,IT,Đà Nẵng,Male
9675,20,29.3,100.0,78.0,0.0,7.5,0.2,58.7,84.8,3.59,89.87,71.77,SE,TP.HCM,Female
9676,27,22.4,98.3,100.0,5.0,5.4,1.4,56.7,88.0,3.68,91.93,72.36,IT,TP.HCM,Male
9677,25,26.4,79.7,79.2,2.9,7.5,0.0,55.6,100.0,4.0,100.0,77.82,CE,TP.HCM,Male
9678,28,,74.1,68.3,10.3,7.1,6.9,52.1,64.1,2.54,63.52,58.08,SE,Đà Nẵng,Female
9679,23,25.1,84.1,81.9,1.5,6.7,0.7,41.5,85.0,3.65,91.34,63.22,AI,TP.HCM,Male
9680,24,15.7,86.8,79.0,4.9,7.1,3.6,55.8,69.8,2.89,72.18,62.8,CS,Đà Nẵng,Female
9681,18,18.7,95.7,86.8,5.3,10.0,3.6,49.2,91.3,3.47,86.74,70.21,CE,Hà Nội,Female
9682,20,22.7,,100.0,3.5,4.7,1.1,59.9,87.3,3.59,89.81,73.6,DS,Đà Nẵng,Male
9683,20,17.5,87.9,86.0,6.3,6.8,3.7,67.7,85.4,3.33,83.17,76.55,SE,Đà Nẵng,Male
9684,19,21.0,69.7,100.0,5.9,8.0,0.9,40.3,63.9,2.25,56.34,52.08,SE,Đà Nẵng,Male
9685,24,23.7,89.4,86.8,6.4,5.5,1.3,56.9,84.1,3.06,76.56,70.5,DS,Cần Thơ,Male
9686,26,28.2,83.9,68.5,7.3,7.4,0.2,55.6,85.5,3.23,80.71,70.57,AI,TP.HCM,Female
9687,21,32.6,100.0,100.0,6.6,7.4,3.5,67.4,94.8,4.0,100.0,81.09,IT,Đà Nẵng,Male
9688,29,21.3,69.5,78.1,7.0,5.1,0.0,35.6,67.3,2.15,53.71,51.46,AI,Huế,Female
9689,22,35.7,98.7,64.2,8.8,6.3,3.1,63.9,87.9,3.46,86.57,75.89,CE,TP.HCM,Male
9690,20,32.5,68.0,100.0,1.9,9.1,2.3,53.4,92.6,3.81,95.35,73.03,AI,TP.HCM,Female
9691,28,29.0,71.7,69.0,7.7,5.1,5.1,69.7,86.5,3.43,85.77,78.12,SE,TP.HCM,Female
9692,26,26.2,68.2,68.4,3.4,6.5,2.5,68.9,80.5,3.15,78.73,74.66,IT,TP.HCM,Female
9693,21,27.6,87.5,71.7,4.4,6.8,3.8,56.6,76.6,2.9,72.58,66.63,CS,Cần Thơ,Male
9694,22,34.5,73.3,82.5,6.3,7.0,3.3,53.3,93.6,4.0,100.0,73.43,IT,Huế,Female
9695,18,34.8,71.5,94.0,7.0,6.5,2.3,55.5,100.0,3.91,97.74,77.76,DS,Huế,Female
9696,28,35.7,87.0,40.3,7.3,7.1,4.2,65.1,97.7,3.66,91.6,81.42,CE,Đà Nẵng,Female
9697,29,25.3,89.5,93.9,3.6,7.0,3.1,46.9,93.6,3.64,91.09,70.24,IT,Huế,Male
9698,30,29.4,85.4,71.7,10.1,7.9,3.8,63.8,97.0,3.93,98.34,80.39,DS,Huế,Female
9699,19,35.7,83.4,73.8,5.0,8.0,1.1,62.8,97.9,3.76,94.04,80.36,SE,Cần Thơ,Female
9700,29,20.0,100.0,100.0,4.2,7.5,3.3,57.7,99.7,4.0,100.0,78.68,DS,Hà Nội,Female
9701,30,,86.5,83.2,2.8,7.3,3.7,57.8,68.8,2.74,68.61,63.29,CE,Huế,Female
9702,26,25.1,93.1,86.7,2.6,5.1,0.9,68.2,93.7,3.82,95.55,80.93,SE,Huế,Male
9703,19,32.2,86.4,79.3,2.5,7.1,2.4,66.9,94.6,4.0,100.0,80.71,CE,Đà Nẵng,Male
9704,22,32.3,74.0,91.5,6.8,8.3,0.0,62.5,95.3,3.46,86.4,78.93,CS,Hà Nội,Female
9705,30,23.2,90.5,100.0,,5.1,0.1,57.8,76.5,2.97,74.37,67.13,IT,Cần Thơ,Female
9706,25,12.9,78.4,42.9,3.8,5.4,2.4,31.6,66.1,2.47,61.69,48.88,CS,Đà Nẵng,Female
9707,20,27.0,84.1,96.3,3.1,8.8,5.2,59.2,74.0,2.81,70.37,66.59,CS,Hà Nội,Female
9708,23,17.7,88.1,100.0,5.5,5.2,5.3,56.0,81.8,3.3,82.41,68.92,AI,Cần Thơ,Female
9709,21,13.1,65.6,87.5,,6.9,2.0,43.7,56.9,2.27,56.83,50.33,IT,TP.HCM,Female
9710,28,14.9,68.9,69.8,6.7,6.3,1.1,59.0,74.0,2.62,65.53,66.5,AI,Huế,Male
9711,24,27.6,94.1,62.7,3.6,8.7,3.9,48.7,81.3,3.01,75.25,64.97,DS,Huế,Female
9712,27,35.9,78.4,100.0,5.6,7.4,0.0,58.1,89.4,3.8,94.97,73.77,SE,Cần Thơ,Male
9713,30,25.3,78.8,66.4,9.9,7.9,1.9,51.0,94.0,3.49,87.21,72.55,DS,TP.HCM,Male
9714,20,26.7,86.7,100.0,3.0,7.1,1.4,58.1,100.0,4.0,100.0,79.04,AI,Đà Nẵng,Female
9715,23,,81.1,85.9,5.9,9.4,2.4,58.2,85.7,3.04,76.0,71.91,DS,Đà Nẵng,Female
9716,29,12.6,89.2,100.0,7.2,6.1,4.6,38.6,66.0,2.31,57.85,52.27,SE,TP.HCM,Female
9717,27,29.2,84.5,75.2,3.6,7.4,0.0,56.9,96.4,3.96,98.93,76.62,SE,Đà Nẵng,Male
9718,26,24.9,87.0,55.9,7.5,8.5,3.0,64.3,87.8,3.81,95.28,76.08,DS,TP.HCM,Female
9719,28,29.5,78.0,80.0,2.7,8.8,3.0,64.5,90.5,3.81,95.33,77.51,IT,Hà Nội,Male
9720,27,21.1,86.9,57.7,7.6,6.7,2.4,48.7,83.9,3.25,81.24,66.27,CS,Cần Thơ,Female
9721,18,18.5,96.1,100.0,6.1,4.6,2.9,50.4,82.8,3.16,79.03,66.62,SE,Huế,Female
9722,20,26.1,79.3,89.4,2.5,6.5,3.3,50.7,78.2,3.21,80.35,64.44,IT,Huế,Male
9723,19,38.2,94.2,91.7,7.7,9.1,2.7,58.3,100.0,3.67,91.84,79.15,DS,Cần Thơ,Female
9724,25,31.9,84.5,91.7,3.8,6.1,0.0,64.8,94.2,3.86,96.44,79.51,CS,TP.HCM,Female
9725,24,20.9,92.3,69.6,5.6,7.3,1.2,44.9,75.5,2.91,72.74,60.24,SE,Huế,Male
9726,19,14.3,86.3,78.0,7.6,6.6,4.9,53.6,65.7,2.95,73.8,59.65,CE,Hà Nội,Female
9727,23,11.5,84.7,81.7,3.6,6.9,0.7,60.0,66.0,2.7,67.49,63.0,CE,Hà Nội,Male
9728,20,35.5,88.5,100.0,4.7,8.6,2.6,67.7,100.0,3.97,99.13,83.87,CE,Hà Nội,Female
9729,25,17.4,97.1,62.6,8.8,7.3,1.4,57.3,68.5,2.78,69.61,62.87,CS,Cần Thơ,Female
9730,27,22.4,87.4,69.1,0.8,9.5,3.4,59.4,71.1,2.77,69.3,65.23,IT,TP.HCM,Male
9731,30,35.6,89.8,74.6,9.5,8.2,2.2,61.5,98.7,4.0,100.0,80.07,IT,Đà Nẵng,Male
9732,20,12.1,81.3,69.9,2.3,7.2,3.5,49.0,66.3,2.48,61.88,57.67,IT,Cần Thơ,Female
9733,27,36.9,,58.1,4.3,6.9,3.1,70.0,99.3,4.0,100.0,84.69,AI,Hà Nội,Female
9734,26,23.0,91.4,39.4,6.7,7.4,1.9,51.2,96.6,3.79,94.81,73.93,SE,Đà Nẵng,Female
9735,18,15.8,85.8,52.6,7.5,5.5,0.0,30.9,59.5,2.55,63.66,45.18,DS,Cần Thơ,Male
9736,22,23.0,83.8,96.5,6.7,5.7,1.2,47.0,73.6,3.1,77.47,60.31,DS,TP.HCM,Female
9737,20,19.2,94.8,79.9,6.1,7.9,0.7,46.6,72.1,2.91,72.85,59.33,SE,TP.HCM,Female
9738,23,28.5,78.9,92.5,4.9,8.1,0.7,62.0,97.3,4.0,100.0,79.62,CE,TP.HCM,Male
9739,27,19.8,67.2,71.3,9.9,5.4,3.3,38.8,80.1,3.11,77.86,59.46,IT,Cần Thơ,Female
9740,19,9.7,85.7,78.5,,8.0,5.5,59.2,60.7,2.56,63.89,59.92,IT,TP.HCM,Female
9741,26,23.2,,100.0,8.9,6.8,0.0,69.2,99.0,3.64,91.01,84.1,AI,Hà Nội,Female
9742,23,14.1,100.0,100.0,4.9,6.0,0.2,58.5,81.0,3.03,75.74,69.76,IT,Cần Thơ,Male
9743,24,26.6,83.9,94.1,0.2,6.6,2.8,53.7,79.0,3.12,78.12,66.38,CS,Đà Nẵng,Male
9744,22,15.5,85.4,83.0,8.6,8.1,2.1,33.9,67.7,2.33,58.23,50.78,AI,Huế,Male
9745,26,21.1,90.2,87.8,6.9,7.7,3.2,60.6,73.0,2.94,73.43,66.79,IT,Huế,Female
9746,18,26.5,82.4,85.6,6.5,7.4,2.4,51.6,81.7,3.69,92.32,66.65,SE,Hà Nội,Male
9747,22,23.3,90.2,77.5,4.6,7.5,4.5,61.9,78.1,2.98,74.53,70.0,DS,Hà Nội,Female
9748,28,27.0,84.1,73.9,5.1,5.6,3.4,62.4,86.2,3.46,86.43,74.29,DS,Đà Nẵng,Male
9749,27,30.4,95.1,96.8,4.5,7.7,3.8,58.8,94.9,3.61,90.15,76.87,IT,Cần Thơ,Male
9750,28,15.7,92.2,60.6,6.1,6.5,4.0,41.5,82.3,3.51,87.72,61.9,IT,Hà Nội,Male
9751,23,24.5,93.1,100.0,3.2,9.4,0.7,58.7,88.6,3.5,87.45,73.65,DS,Huế,Male
9752,24,,82.9,75.9,7.9,6.5,3.4,25.7,36.2,1.44,36.11,30.92,CE,Cần Thơ,Male
9753,29,,100.0,60.3,11.1,9.7,3.5,62.3,93.7,3.71,92.65,78.02,AI,Đà Nẵng,Male
9754,21,22.6,89.8,71.8,4.5,6.8,2.0,58.9,68.2,2.68,66.9,63.57,DS,Hà Nội,Male
9755,29,17.1,87.5,66.9,2.0,6.9,2.0,46.0,79.7,2.94,73.59,62.88,CS,Huế,Female
9756,30,27.5,77.4,71.4,5.7,6.6,2.0,46.0,74.8,3.03,75.7,60.39,AI,TP.HCM,Male
9757,18,34.4,84.0,71.1,6.8,5.5,1.2,75.6,100.0,3.95,98.7,87.8,DS,Hà Nội,Male
9758,28,21.2,86.1,70.5,7.1,8.6,0.4,49.8,86.3,3.15,78.82,68.03,SE,TP.HCM,Male
9759,25,17.4,77.1,75.4,10.0,7.1,5.7,48.1,70.7,2.46,61.51,59.4,AI,Cần Thơ,Female
9760,27,26.3,82.1,79.0,8.0,7.8,4.1,65.2,86.1,3.41,85.22,75.65,IT,Cần Thơ,Female
9761,21,,83.3,91.5,1.5,8.9,2.5,44.0,64.1,2.51,62.63,54.06,SE,Đà Nẵng,Female
9762,20,19.7,85.6,76.3,2.9,6.8,0.3,46.9,73.1,2.66,66.53,60.01,AI,Hà Nội,Female
9763,29,34.8,67.4,84.9,7.0,6.9,3.3,76.3,97.9,4.0,100.0,87.1,CE,Cần Thơ,Female
9764,24,25.5,83.6,80.1,4.9,7.2,2.0,51.2,79.8,3.09,77.18,65.48,CE,Hà Nội,Male
9765,29,10.0,81.2,88.1,9.8,5.5,2.3,53.8,70.6,2.94,73.4,62.2,AI,Huế,Female
9766,19,10.6,84.8,80.7,3.7,4.8,5.9,46.8,75.8,2.87,71.65,61.34,AI,Huế,Female
9767,25,26.3,95.4,70.3,,5.2,5.3,60.0,90.8,3.56,88.88,75.39,AI,Huế,Male
9768,23,31.9,100.0,66.2,4.4,8.5,0.0,60.1,100.0,3.88,96.97,80.06,IT,Hà Nội,Male
9769,24,12.1,91.8,83.2,6.7,6.6,3.0,46.3,57.8,2.24,55.91,52.07,CS,Đà Nẵng,Female
9770,22,,72.7,99.1,3.9,7.9,2.7,70.8,93.6,3.79,94.7,82.17,IT,Đà Nẵng,Female
9771,26,35.6,,76.6,7.4,6.7,3.0,70.4,100.0,3.95,98.63,85.19,SE,Cần Thơ,Female
9772,22,40.1,91.0,69.5,8.7,5.1,1.7,58.5,93.1,3.85,96.27,75.82,CS,Huế,Male
9773,28,27.6,,76.2,6.6,8.0,2.5,51.8,85.3,3.18,79.48,68.53,SE,TP.HCM,Male
9774,22,29.1,94.9,71.6,10.8,5.9,0.9,63.9,100.0,3.85,96.37,81.95,CS,Cần Thơ,Female
9775,20,7.9,84.0,70.0,4.2,7.7,4.1,48.3,40.5,1.69,42.23,44.44,CS,Đà Nẵng,Female
9776,28,41.8,81.4,58.3,6.2,8.1,4.0,74.3,100.0,4.0,100.0,87.15,CE,Hà Nội,Female
9777,18,20.4,100.0,76.3,8.1,6.9,5.0,54.7,79.2,3.19,79.65,66.97,CS,TP.HCM,Male
9778,19,,85.6,83.5,3.6,7.6,1.3,44.6,74.6,3.13,78.28,59.59,AI,TP.HCM,Male
9779,25,23.0,74.8,63.8,,5.3,2.9,47.4,83.0,3.14,78.57,65.2,DS,Cần Thơ,Male
9780,18,37.1,99.8,66.8,7.7,10.0,5.6,50.5,100.0,3.9,97.57,75.26,CS,TP.HCM,Female
9781,24,42.7,70.0,65.8,8.3,7.5,1.5,79.8,100.0,4.0,100.0,89.88,AI,Cần Thơ,Female
9782,22,26.0,50.0,59.2,8.9,7.9,1.0,32.3,75.7,2.95,73.87,53.99,CE,TP.HCM,Female
9783,20,33.0,,65.7,3.8,8.1,3.0,61.8,95.0,3.71,92.74,78.43,AI,Hà Nội,Female
9784,29,25.3,94.1,77.0,6.7,6.8,4.2,44.8,63.4,2.46,61.44,54.1,CS,Huế,Male
9785,29,16.7,89.1,59.9,2.7,7.1,1.5,46.5,78.6,2.9,72.6,62.58,DS,TP.HCM,Female
9786,28,36.8,72.0,77.9,4.2,8.3,5.4,67.7,89.5,3.37,84.24,78.61,AI,Hà Nội,Male
9787,24,20.0,84.4,69.4,5.6,6.6,1.1,35.5,73.5,2.8,70.03,54.51,DS,Huế,Male
9788,26,37.3,82.2,66.1,8.9,7.5,3.5,67.9,90.5,3.9,97.61,79.21,SE,Hà Nội,Female
9789,19,35.4,79.6,85.7,7.3,7.6,1.5,70.0,94.4,3.69,92.33,82.24,CS,Huế,Female
9790,25,,99.1,70.4,,6.1,1.8,59.2,100.0,3.93,98.23,79.59,CE,TP.HCM,Female
9791,26,39.6,74.5,72.9,7.1,7.5,3.7,86.4,100.0,4.0,100.0,93.22,DS,Huế,Female
9792,28,42.9,88.2,99.5,7.3,5.0,2.2,53.5,91.0,3.64,90.96,72.26,SE,Cần Thơ,Female
9793,20,23.6,96.9,66.2,6.9,8.1,0.2,44.4,71.9,2.78,69.49,58.14,CE,Huế,Male
9794,19,18.5,88.8,100.0,4.6,8.9,1.3,49.9,85.6,3.41,85.19,67.79,CE,TP.HCM,Male
9795,24,10.1,97.4,74.8,3.6,8.1,3.6,45.1,64.4,2.4,59.9,54.75,CS,Cần Thơ,Female
9796,22,43.0,90.6,63.0,5.4,8.8,3.1,71.7,100.0,3.76,94.01,85.84,AI,Cần Thơ,Male
9797,22,21.5,89.3,71.7,4.0,6.1,3.6,61.5,79.0,3.35,83.87,70.26,CS,Huế,Male
9798,27,34.1,88.7,81.0,7.6,6.7,1.6,54.4,83.2,3.39,84.8,68.84,SE,Hà Nội,Female
9799,22,19.1,91.1,98.8,9.8,7.2,0.9,42.8,73.0,2.53,63.33,57.9,IT,Hà Nội,Female
9800,21,37.3,81.1,92.0,7.4,7.2,1.3,59.9,100.0,4.0,100.0,79.97,CE,Cần Thơ,Male
9801,30,19.4,72.0,81.0,,6.5,1.4,58.1,69.5,2.74,68.47,63.8,IT,Hà Nội,Female
9802,22,15.5,,98.9,4.4,5.9,2.4,56.9,62.3,2.44,60.97,59.57,CS,Huế,Male
9803,30,23.3,96.6,51.8,6.0,9.1,0.7,56.5,93.2,3.91,97.83,74.84,AI,Huế,Female
9804,21,20.7,87.5,83.7,2.4,6.0,4.1,49.9,78.5,2.94,73.55,64.17,CE,Cần Thơ,Male
9805,30,29.8,,84.6,6.1,9.0,3.3,58.1,90.4,3.63,90.65,74.25,IT,Cần Thơ,Female
9806,23,24.6,69.4,84.8,7.2,7.6,1.2,56.6,83.2,3.61,90.33,69.87,SE,Hà Nội,Male
9807,21,30.0,,55.8,9.5,7.2,2.2,61.1,78.6,3.09,77.15,69.88,AI,Hà Nội,Male
9808,19,22.7,71.5,64.7,10.5,7.7,1.2,42.2,72.0,2.8,69.89,57.08,CE,TP.HCM,Female
9809,26,19.7,70.1,77.5,3.0,8.8,2.3,39.2,69.6,3.11,77.83,54.4,AI,Đà Nẵng,Female
9810,19,20.3,84.8,96.7,5.7,3.9,1.2,51.0,77.5,2.99,74.78,64.26,SE,Đà Nẵng,Male
9811,26,41.4,,100.0,5.7,7.4,5.7,73.1,100.0,4.0,100.0,86.53,DS,Hà Nội,Female
9812,27,26.8,88.5,70.0,4.2,7.2,0.1,50.4,95.4,3.56,89.0,72.91,CE,Cần Thơ,Female
9813,23,9.1,83.4,60.4,6.2,7.2,0.6,47.4,67.4,2.85,71.34,57.39,AI,TP.HCM,Male
9814,26,20.8,78.9,92.2,5.8,8.1,2.1,39.1,76.6,2.95,73.84,57.83,IT,Hà Nội,Male
9815,26,25.8,68.0,100.0,7.5,6.3,2.6,55.1,78.7,3.33,83.28,66.89,AI,TP.HCM,Female
9816,20,39.8,76.5,96.6,9.4,5.6,2.7,60.4,79.6,3.07,76.84,70.01,CS,Đà Nẵng,Female
9817,18,33.2,76.8,68.8,6.3,5.3,3.9,45.8,84.1,3.47,86.77,64.96,SE,Đà Nẵng,Male
9818,18,,72.7,100.0,4.8,5.9,3.2,45.0,68.1,2.34,58.46,56.56,AI,Hà Nội,Male
9819,20,44.3,81.7,90.3,3.4,7.8,1.1,61.0,100.0,3.98,99.45,80.52,IT,Hà Nội,Male
9820,22,,73.5,68.1,11.1,7.6,4.1,52.5,78.5,3.15,78.86,65.49,SE,TP.HCM,Male
9821,30,35.0,83.4,100.0,8.3,8.1,3.4,66.8,100.0,3.8,95.06,83.41,SE,Hà Nội,Female
9822,20,15.8,87.4,67.0,7.0,6.4,4.6,53.4,81.1,3.25,81.3,67.24,DS,Huế,Female
9823,29,5.8,76.7,70.7,5.6,6.5,2.6,26.0,42.2,2.22,55.56,34.12,AI,Hà Nội,Female
9824,26,13.7,89.3,90.9,10.0,9.0,4.1,53.0,70.2,2.6,65.11,61.6,IT,Đà Nẵng,Male
9825,26,0.0,71.4,79.6,5.6,8.2,0.0,38.8,59.2,2.46,61.5,49.02,IT,Đà Nẵng,Male
9826,20,41.9,73.9,80.6,1.7,7.9,1.8,64.3,90.5,3.5,87.52,77.4,DS,TP.HCM,Male
9827,20,26.7,83.9,80.6,6.7,4.8,1.1,48.1,81.2,3.49,87.26,64.67,CE,Hà Nội,Female
9828,29,17.6,91.9,96.7,2.9,9.3,3.6,48.9,58.0,2.37,59.29,53.45,CE,Đà Nẵng,Male
9829,22,28.6,93.7,45.1,6.7,6.9,1.4,72.6,96.1,3.75,93.64,84.37,AI,Huế,Male
9830,19,26.5,100.0,84.3,9.4,7.2,4.0,64.4,94.5,3.81,95.17,79.45,SE,Cần Thơ,Female
9831,23,30.0,,75.6,1.8,7.5,3.7,67.0,78.5,3.48,86.94,72.72,AI,Hà Nội,Male
9832,24,34.7,83.7,68.7,3.8,7.2,1.6,56.1,96.9,3.78,94.53,76.54,DS,Huế,Female
9833,30,22.7,74.7,68.7,8.2,6.8,2.9,49.2,70.8,3.01,75.21,59.99,CS,Huế,Female
9834,26,18.0,72.5,40.4,4.8,7.2,2.2,39.6,75.3,2.8,69.96,57.47,AI,TP.HCM,Female
9835,23,31.6,87.3,68.0,7.0,7.8,2.7,56.8,96.7,3.95,98.77,76.76,CS,TP.HCM,Male
9836,20,31.4,77.2,99.4,7.0,8.0,3.6,70.3,90.4,3.6,89.97,80.39,CS,TP.HCM,Female
9837,29,25.8,97.3,92.5,8.2,8.5,2.0,55.6,87.5,3.74,93.51,71.57,CS,Cần Thơ,Male
9838,22,42.4,70.4,77.1,4.4,5.7,0.0,62.2,100.0,3.99,99.73,81.1,AI,Đà Nẵng,Male
9839,21,21.5,89.9,58.8,0.0,6.3,3.4,56.4,81.2,3.5,87.59,68.81,AI,TP.HCM,Male
9840,22,17.8,,92.3,,8.0,4.1,45.3,58.2,2.17,54.16,51.73,IT,Huế,Female
9841,25,,76.8,99.6,2.1,5.1,0.0,58.5,78.5,2.9,72.48,68.47,CE,Cần Thơ,Female
9842,25,19.6,90.4,95.5,8.3,7.2,2.4,49.0,76.0,2.85,71.21,62.51,IT,Hà Nội,Male
9843,23,29.0,78.2,65.5,5.9,6.1,1.1,59.9,98.0,4.0,100.0,78.92,CE,Đà Nẵng,Male
9844,18,18.3,79.8,67.0,5.3,7.7,4.2,47.9,68.1,2.51,62.69,57.99,SE,Huế,Male
9845,25,21.8,76.9,100.0,7.7,6.0,4.3,44.5,64.8,2.15,53.68,54.65,CS,TP.HCM,Female
9846,25,40.1,100.0,61.9,1.6,6.6,1.3,78.0,100.0,3.93,98.3,89.0,IT,Cần Thơ,Male
9847,19,21.8,78.8,87.2,5.5,6.7,0.5,66.8,86.8,3.5,87.56,76.76,DS,Cần Thơ,Male
9848,21,18.6,,53.3,7.1,7.3,2.9,55.5,81.6,3.17,79.35,68.56,IT,Hà Nội,Female
9849,29,34.4,83.0,75.5,6.6,8.1,0.8,52.0,79.6,2.96,73.97,65.79,SE,Đà Nẵng,Female
9850,19,16.6,87.2,88.8,4.8,8.2,3.8,48.8,75.3,3.25,81.16,62.07,CE,Hà Nội,Female
9851,21,19.5,78.9,79.6,4.8,7.2,2.3,53.3,77.8,3.27,81.8,65.5,CE,Đà Nẵng,Male
9852,29,29.6,,87.9,9.9,5.7,4.9,47.0,81.3,3.32,82.98,64.15,CE,Hà Nội,Male
9853,30,32.5,88.9,61.6,8.3,10.0,5.0,58.7,100.0,4.0,100.0,79.35,DS,Huế,Male
9854,30,34.8,76.4,67.7,4.3,6.9,4.8,52.0,94.1,3.58,89.61,73.06,CE,Đà Nẵng,Female
9855,27,19.0,95.9,87.2,9.4,7.3,3.1,45.9,70.3,2.77,69.22,58.1,SE,Huế,Female
9856,24,29.8,96.9,90.5,7.9,7.3,1.1,64.4,100.0,4.0,100.0,82.2,DS,Huế,Female
9857,26,21.3,91.1,83.3,7.2,7.4,0.3,54.2,67.2,2.72,68.04,60.74,DS,TP.HCM,Male
9858,25,20.2,85.7,94.2,7.3,6.0,3.4,44.8,70.9,3.18,79.45,57.85,DS,Đà Nẵng,Male
9859,29,34.6,,55.1,3.1,7.5,3.5,58.7,83.8,3.0,75.03,71.26,SE,Cần Thơ,Female
9860,26,20.6,89.2,73.0,9.8,9.2,2.9,51.1,84.3,3.01,75.22,67.71,IT,TP.HCM,Female
9861,25,27.2,81.1,100.0,8.4,4.6,0.5,64.2,100.0,3.9,97.52,82.1,IT,TP.HCM,Male
9862,19,26.2,82.5,99.3,6.6,7.0,1.3,41.5,77.5,3.22,80.41,59.5,IT,Huế,Male
9863,24,16.4,66.0,89.5,6.6,5.7,2.6,41.7,75.5,3.16,79.04,58.58,CS,Đà Nẵng,Female
9864,19,32.7,89.9,77.7,5.8,8.2,1.6,74.4,100.0,3.95,98.81,87.21,CE,Huế,Male
9865,30,29.5,70.5,95.5,4.6,8.4,1.3,49.0,72.1,3.09,77.29,60.54,CE,Hà Nội,Male
9866,29,9.1,86.2,86.4,7.3,6.8,1.1,36.7,70.9,2.92,73.01,53.79,SE,Hà Nội,Male
9867,28,27.2,94.0,57.2,4.0,7.1,2.3,55.6,84.1,3.38,84.41,69.86,AI,Cần Thơ,Male
9868,19,18.8,80.3,94.9,6.4,5.9,2.2,60.7,78.5,3.41,85.13,69.58,CE,Đà Nẵng,Female
9869,21,33.8,97.2,67.0,6.2,4.2,1.3,67.9,100.0,4.0,100.0,83.96,DS,Huế,Female
9870,18,13.4,77.5,91.4,7.0,6.7,2.5,38.7,66.9,2.53,63.28,52.83,IT,Huế,Female
9871,22,22.1,91.0,55.8,8.4,6.7,2.9,54.6,77.5,3.06,76.42,66.07,AI,Huế,Male
9872,23,27.9,72.0,100.0,7.0,7.1,3.0,54.1,86.6,3.26,81.46,70.32,CE,TP.HCM,Female
9873,26,25.4,95.3,75.9,7.7,3.1,1.1,61.7,78.7,3.11,77.73,70.23,IT,Hà Nội,Male
9874,27,31.1,93.8,63.4,1.2,4.9,2.0,62.1,100.0,3.84,95.91,81.04,CE,Đà Nẵng,Female
9875,25,,,69.7,7.2,5.2,2.5,49.6,65.0,2.33,58.3,57.26,SE,Cần Thơ,Male
9876,19,38.2,81.1,74.9,,7.1,2.7,63.4,81.2,3.15,78.85,72.33,AI,TP.HCM,Female
9877,18,29.2,71.0,79.9,6.9,7.7,0.5,67.5,87.4,3.19,79.85,77.42,AI,Cần Thơ,Female
9878,19,35.9,,99.8,4.7,5.6,2.0,63.8,94.6,3.93,98.33,79.17,AI,Huế,Male
9879,24,32.0,96.1,81.1,8.9,6.7,3.4,58.7,100.0,4.0,100.0,79.36,DS,TP.HCM,Female
9880,21,24.9,86.3,47.4,6.6,6.3,1.6,64.6,79.4,3.38,84.49,71.99,CE,Huế,Female
9881,27,14.7,69.5,61.6,4.1,9.4,3.0,50.9,69.3,2.66,66.62,60.09,IT,Huế,Female
9882,22,20.5,73.8,100.0,4.6,6.5,2.5,44.6,66.3,2.74,68.57,55.46,IT,Hà Nội,Female
9883,29,37.7,97.5,82.0,8.3,6.5,1.8,38.4,95.0,3.57,89.28,66.68,CS,Cần Thơ,Male
9884,24,36.1,89.9,94.3,5.8,6.0,4.4,69.6,100.0,3.89,97.15,84.8,IT,Huế,Female
9885,20,20.0,72.7,75.4,6.0,4.7,2.0,47.7,81.1,3.45,86.21,64.38,DS,Đà Nẵng,Female
9886,27,2.5,67.3,64.9,5.5,7.8,2.2,37.3,57.4,2.53,63.23,47.31,CE,Huế,Male
9887,19,23.3,78.7,72.8,8.5,6.7,1.8,63.2,77.9,3.14,78.51,70.52,CE,Cần Thơ,Female
9888,30,22.7,66.5,81.9,7.2,6.5,4.7,44.8,73.8,3.09,77.21,59.33,CE,Cần Thơ,Male
9889,24,23.0,83.4,73.1,3.0,7.2,4.6,46.3,80.2,3.16,79.05,63.27,AI,Đà Nẵng,Male
9890,22,29.2,100.0,100.0,3.6,5.1,4.2,51.5,100.0,4.0,100.0,75.73,SE,Đà Nẵng,Male
9891,18,32.0,69.0,70.8,6.0,9.1,3.8,75.9,92.5,3.52,87.96,84.2,CE,Hà Nội,Female
9892,18,32.9,83.1,64.2,4.4,4.8,1.2,71.1,87.3,3.52,87.93,79.22,SE,Cần Thơ,Female
9893,26,28.6,98.1,92.1,0.6,9.1,1.8,66.2,100.0,4.0,100.0,83.09,CS,Hà Nội,Male
9894,22,10.6,92.5,94.0,4.1,7.0,1.3,32.4,72.7,2.81,70.14,52.52,CS,Đà Nẵng,Female
9895,18,22.3,83.5,80.4,5.3,6.5,4.0,43.6,78.3,3.13,78.23,60.92,AI,Đà Nẵng,Female
9896,24,43.4,83.5,71.0,5.0,7.8,6.0,75.4,100.0,4.0,100.0,87.69,DS,TP.HCM,Male
9897,26,28.0,73.4,51.5,7.8,6.6,3.5,60.0,100.0,4.0,100.0,80.01,AI,Huế,Female
9898,28,27.9,82.3,98.3,0.4,8.1,5.0,56.3,87.4,3.35,83.69,71.83,DS,Hà Nội,Female
9899,18,27.9,87.4,93.0,4.1,7.4,3.2,48.9,80.2,3.28,82.09,64.55,CS,TP.HCM,Male
9900,27,28.3,,73.4,,7.9,3.0,68.6,100.0,4.0,100.0,84.28,DS,TP.HCM,Male
9901,30,5.9,78.8,80.9,4.3,8.2,1.6,54.7,74.9,3.19,79.76,64.8,AI,TP.HCM,Male
9902,21,23.1,83.1,76.6,3.0,6.8,3.4,58.1,69.7,2.78,69.45,63.87,AI,Đà Nẵng,Female
9903,20,24.7,75.5,100.0,4.3,8.2,3.9,49.2,82.6,3.24,80.89,65.9,IT,TP.HCM,Female
9904,22,35.3,87.3,64.4,7.1,7.6,4.1,76.0,100.0,4.0,99.94,87.98,DS,Huế,Female
9905,24,25.4,92.8,70.7,5.4,8.6,2.7,59.2,87.8,3.37,84.3,73.53,CS,TP.HCM,Male
9906,25,11.8,91.3,69.2,4.2,6.6,2.8,59.8,74.7,3.09,77.34,67.22,SE,Cần Thơ,Female
9907,30,28.4,73.3,84.7,7.2,8.6,2.4,54.6,83.4,3.36,84.04,69.01,IT,TP.HCM,Male
9908,19,18.6,86.5,80.8,6.9,6.1,1.7,67.4,95.1,3.32,82.89,81.23,CS,Đà Nẵng,Male
9909,24,15.3,78.2,83.0,2.8,4.6,3.8,44.8,58.2,2.4,60.03,51.52,CE,Đà Nẵng,Female
9910,18,18.3,95.1,66.8,6.2,5.4,0.0,48.1,75.9,2.94,73.41,61.95,CS,Cần Thơ,Male
9911,24,29.3,83.4,100.0,2.8,6.6,0.0,65.7,100.0,4.0,100.0,82.87,CE,Cần Thơ,Female
9912,25,35.1,69.8,73.2,8.9,7.3,1.7,61.2,88.5,3.85,96.13,74.88,CE,Cần Thơ,Female
9913,19,28.9,82.8,97.8,,7.0,0.6,62.0,78.9,2.97,74.32,70.42,CS,Đà Nẵng,Male
9914,26,,89.6,100.0,5.3,7.9,4.1,53.3,90.0,3.52,87.97,71.65,DS,Huế,Female
9915,18,28.8,87.4,66.9,8.7,5.6,1.8,52.2,96.9,3.83,95.7,74.53,CS,TP.HCM,Female
9916,30,25.8,79.9,85.1,4.1,9.1,3.8,53.5,82.3,3.03,75.79,67.89,SE,Cần Thơ,Male
9917,23,30.6,79.1,78.0,5.7,8.6,4.5,62.5,87.2,3.51,87.65,74.82,SE,TP.HCM,Male
9918,18,5.6,75.1,100.0,4.5,8.1,2.6,34.7,55.9,2.32,58.02,45.26,AI,TP.HCM,Male
9919,20,25.9,81.1,75.8,5.9,8.5,3.0,64.6,100.0,3.92,98.08,82.3,IT,Hà Nội,Male
9920,28,16.6,76.4,83.7,6.2,5.1,4.3,48.1,67.1,2.8,69.9,57.64,SE,TP.HCM,Female
9921,23,34.3,94.7,83.4,6.0,7.8,4.0,77.7,100.0,4.0,100.0,88.87,DS,Hà Nội,Female
9922,20,23.8,76.0,78.5,5.8,7.9,0.0,46.4,80.9,3.1,77.41,63.62,IT,Đà Nẵng,Male
9923,25,25.2,86.2,91.3,6.3,8.2,1.9,59.4,79.9,3.17,79.17,69.68,DS,TP.HCM,Male
9924,22,13.0,85.5,81.4,9.1,8.0,3.3,51.0,82.6,3.25,81.17,66.82,SE,Huế,Male
9925,19,33.1,94.5,87.2,1.0,7.5,2.8,66.1,97.6,4.0,100.0,81.81,IT,TP.HCM,Female
9926,21,30.0,95.9,83.2,10.8,7.5,1.0,61.5,83.6,3.46,86.5,72.58,SE,Huế,Male
9927,26,29.5,92.0,70.9,5.1,8.4,0.0,67.2,99.2,4.0,100.0,83.24,CS,Đà Nẵng,Male
9928,21,18.5,88.5,76.0,5.8,6.3,3.4,42.9,69.3,2.73,68.37,56.1,CE,Cần Thơ,Female
9929,27,18.8,74.5,88.3,9.3,7.4,1.2,52.4,88.2,3.89,97.15,70.28,IT,Đà Nẵng,Male
9930,27,26.8,74.3,88.3,7.5,6.3,2.3,48.8,83.9,3.55,88.87,66.35,CE,Đà Nẵng,Male
9931,25,19.4,76.5,98.7,7.3,6.8,2.7,46.7,67.9,2.54,63.47,57.33,SE,Cần Thơ,Female
9932,22,28.5,92.5,100.0,9.1,3.8,2.3,62.3,100.0,3.76,94.04,81.13,CE,Huế,Female
9933,28,7.7,85.7,72.2,5.6,6.0,1.1,50.8,64.2,2.58,64.48,57.48,CE,Cần Thơ,Female
9934,28,21.1,93.7,82.0,8.3,6.5,2.4,44.6,81.0,3.35,83.65,62.8,DS,Hà Nội,Female
9935,27,39.4,95.0,77.1,2.8,6.5,1.7,81.2,94.7,3.72,92.88,87.94,CE,Hà Nội,Female
9936,30,28.5,77.7,63.4,7.0,6.6,5.0,65.6,80.2,3.06,76.54,72.89,CE,Đà Nẵng,Female
9937,30,26.3,85.3,88.5,7.4,5.6,2.8,57.9,88.7,3.74,93.56,73.3,IT,Đà Nẵng,Male
9938,18,40.9,84.9,91.7,8.9,6.6,6.3,60.4,92.4,3.77,94.24,76.41,IT,TP.HCM,Female
9939,24,6.3,81.7,63.8,7.8,8.3,0.5,53.5,57.9,2.3,57.54,55.7,IT,Đà Nẵng,Female
9940,20,18.5,79.7,74.4,6.5,6.6,2.0,54.3,82.7,3.16,79.07,68.5,AI,TP.HCM,Male
9941,27,21.8,96.8,72.9,5.2,8.6,2.0,59.3,90.3,3.6,89.94,74.8,CS,Cần Thơ,Male
9942,25,31.9,,57.4,5.2,8.5,1.3,56.6,100.0,3.85,96.22,78.32,IT,Cần Thơ,Male
9943,29,,85.1,79.5,5.2,6.3,2.0,63.2,95.6,4.0,100.0,79.39,CE,Hà Nội,Female
9944,20,18.1,77.0,62.8,2.8,7.7,1.8,45.4,65.1,2.75,68.87,55.27,SE,Hà Nội,Female
9945,18,33.0,91.8,82.4,10.4,5.4,1.0,72.6,100.0,3.81,95.27,86.31,DS,Hà Nội,Male
9946,22,21.8,74.9,84.0,8.5,5.7,5.2,61.9,80.0,3.02,75.41,70.93,SE,Đà Nẵng,Female
9947,19,34.7,89.5,85.9,6.6,7.1,2.4,63.3,91.1,3.9,97.61,77.19,AI,TP.HCM,Female
9948,28,16.7,89.8,86.6,8.0,7.6,3.9,46.6,85.9,3.6,89.94,66.28,CE,Cần Thơ,Female
9949,21,24.0,80.9,100.0,7.9,8.9,4.0,61.1,84.5,3.52,87.92,72.77,CE,Cần Thơ,Female
9950,18,21.1,88.2,67.9,3.5,6.8,4.6,58.9,89.7,3.81,95.36,74.29,IT,Huế,Male
9951,26,33.4,86.9,68.6,7.6,7.2,1.0,54.4,96.7,3.67,91.81,75.51,CS,Cần Thơ,Female
9952,23,20.8,84.6,89.8,9.2,7.1,4.4,51.1,85.2,3.37,84.15,68.17,CE,Hà Nội,Female
9953,25,24.7,85.1,78.0,4.3,9.2,2.4,72.7,96.2,4.0,100.0,84.45,DS,Đà Nẵng,Female
9954,28,29.1,85.6,96.9,2.2,8.6,5.6,59.6,87.4,3.8,94.98,73.48,AI,Đà Nẵng,Female
9955,21,29.4,86.3,88.4,3.1,7.5,3.3,61.7,89.0,3.68,91.92,75.36,CE,Huế,Female
9956,26,32.1,85.6,100.0,5.8,8.0,0.8,66.0,100.0,4.0,100.0,83.0,IT,Cần Thơ,Female
9957,19,26.7,74.0,78.6,3.0,7.4,4.4,51.9,81.9,3.39,84.69,66.92,CS,Đà Nẵng,Female
9958,26,21.7,83.5,57.8,5.6,8.3,4.2,59.5,81.3,3.24,80.98,70.43,DS,Huế,Male
9959,29,22.2,87.6,85.1,4.4,8.0,0.6,57.6,80.1,3.07,76.66,68.89,DS,Huế,Female
9960,22,25.2,86.0,78.9,6.0,6.6,3.6,65.2,86.4,3.29,82.34,75.81,DS,TP.HCM,Male
9961,30,27.0,94.5,88.0,4.7,7.1,4.9,46.8,73.2,3.37,84.15,60.01,DS,TP.HCM,Male
9962,23,23.8,91.2,89.9,5.9,7.2,3.2,59.2,90.4,3.5,87.43,74.78,CS,Huế,Male
9963,20,25.2,76.3,72.0,7.5,7.2,1.0,56.9,77.9,3.32,83.11,67.38,IT,Cần Thơ,Female
9964,21,,83.3,64.9,3.6,6.4,4.0,36.5,63.4,2.11,52.65,49.97,IT,Cần Thơ,Female
9965,23,30.3,81.9,77.8,6.7,7.4,3.5,58.0,89.6,3.48,86.98,73.82,CS,Đà Nẵng,Female
9966,24,26.4,85.0,44.3,3.9,6.4,2.2,60.5,89.7,3.57,89.17,75.13,DS,Đà Nẵng,Male
9967,18,33.0,85.0,81.2,6.0,6.3,1.8,62.9,96.7,3.76,93.94,79.78,SE,Hà Nội,Female
9968,24,25.0,91.1,73.9,5.8,6.9,3.5,57.2,90.3,3.46,86.48,73.78,DS,Hà Nội,Female
9969,18,11.1,86.8,92.9,6.9,7.3,1.1,46.2,59.4,2.56,64.06,52.79,CE,Hà Nội,Male
9970,22,22.1,97.3,50.2,6.5,8.5,2.8,52.7,83.2,3.4,84.94,67.95,IT,Cần Thơ,Female
9971,23,23.4,87.4,80.1,9.1,7.9,4.3,70.7,89.2,3.46,86.45,79.94,CS,Cần Thơ,Male
9972,30,30.9,76.7,100.0,5.9,8.3,4.8,62.2,83.6,3.22,80.43,72.89,CE,Huế,Male
9973,19,8.4,80.3,90.1,4.4,9.1,1.7,45.7,53.3,1.86,46.52,49.5,CE,Huế,Female
9974,30,25.3,91.0,94.7,8.3,6.3,0.1,47.7,79.7,2.97,74.13,63.68,DS,Đà Nẵng,Male
9975,27,29.1,68.9,85.1,6.8,7.9,1.4,54.8,85.6,3.21,80.23,70.18,CE,Đà Nẵng,Male
9976,26,19.7,71.5,55.1,8.2,7.9,3.7,46.5,61.9,2.39,59.71,54.25,CS,Hà Nội,Male
9977,27,25.6,,82.5,5.7,7.3,1.4,56.7,93.5,4.0,100.0,75.12,DS,Huế,Female
9978,23,20.0,94.5,86.1,2.7,8.1,4.1,51.8,74.9,2.89,72.16,63.33,SE,Huế,Male
9979,24,19.2,98.1,63.8,11.6,7.1,1.4,49.5,79.8,3.1,77.56,64.63,CS,Hà Nội,Female
9980,27,21.7,82.8,78.1,4.5,7.8,1.7,52.0,84.4,3.27,81.64,68.22,SE,TP.HCM,Male
9981,25,19.3,95.6,36.5,3.1,5.3,2.2,45.7,65.7,2.72,68.01,55.72,CS,Cần Thơ,Male
9982,28,,85.7,75.0,7.8,7.0,3.9,65.2,100.0,3.74,93.62,82.59,DS,Đà Nẵng,Male
9983,30,19.1,69.7,73.5,3.6,7.9,0.1,55.8,67.2,2.49,62.14,61.5,CS,Đà Nẵng,Male
9984,27,17.8,84.9,100.0,5.0,8.2,2.9,54.8,86.7,3.69,92.18,70.75,SE,Cần Thơ,Female
9985,18,39.1,78.8,71.0,6.3,6.0,2.9,72.6,100.0,4.0,100.0,86.3,IT,Cần Thơ,Male
9986,25,32.7,94.2,76.0,5.6,6.9,1.0,69.5,87.3,3.53,88.14,78.41,SE,Hà Nội,Male
9987,21,10.1,84.7,78.8,5.1,5.7,3.0,35.7,58.7,2.53,63.13,47.17,DS,Huế,Male
9988,27,18.9,72.2,71.1,10.0,6.5,2.2,61.2,70.0,2.81,70.18,65.58,IT,Huế,Male
9989,25,26.9,70.0,90.8,5.7,7.4,0.8,62.2,98.4,3.7,92.45,80.32,IT,Cần Thơ,Female
9990,30,27.6,,50.1,3.8,8.2,2.4,44.1,84.4,3.47,86.86,64.24,SE,Huế,Male
9991,23,13.1,60.8,97.0,8.4,8.1,0.9,38.2,42.1,1.8,44.95,40.18,IT,Cần Thơ,Male
9992,28,34.3,79.8,79.8,4.2,7.3,1.5,53.4,100.0,3.7,92.4,76.71,DS,Cần Thơ,Male
9993,26,31.6,87.3,99.5,5.7,6.2,3.8,65.1,100.0,4.0,100.0,82.53,CS,Huế,Female
9994,28,28.9,74.4,38.8,3.7,6.8,2.0,53.8,88.3,3.66,91.56,71.05,SE,Cần Thơ,Female
9995,21,35.9,94.9,43.5,6.5,10.0,3.8,66.3,100.0,4.0,100.0,83.16,DS,Huế,Female
9996,19,28.6,96.9,75.6,6.1,5.3,2.3,74.0,88.1,3.69,92.3,81.06,CE,Hà Nội,Male
9997,19,28.6,74.8,87.6,5.9,5.6,1.1,68.5,100.0,4.0,100.0,84.25,DS,Cần Thơ,Male
9998,22,37.5,82.0,71.7,6.4,7.2,3.2,58.2,96.2,4.0,100.0,77.21,CE,Đà Nẵng,Male
9999,27,33.8,94.9,88.8,8.0,7.8,3.3,68.0,100.0,3.8,95.01,84.02,CS,Hà Nội,Female
10000,26,18.3,85.0,94.7,7.8,8.0,0.7,65.2,81.6,3.57,89.31,73.36,CE,TP.HCM,Male
