StudyHours	AttendanceRate	AssignmentsCompleted	OnlineActivity	SleepHours	SocialActivity	MidtermScore	FinalScore	Cluster
32.0	91.3	59.1	7.7	5.8	2.9	71.2	92.8	0
15.5	78.4	77.9	6.3	6.2	0.2	59.8	82.2	2
29.7	90.0	67.2	6.2	8.1	2.2	65.5	93.9	0
30.0	89.8	96.6	4.5	6.1	0.0	61.5	87.0	3
9.7	71.2	89.1	5.9	7.6	3.1	58.0	76.4	1
25.0	83.8	75.3	3.4	8.0	3.2	60.9	83.4	2
21.3	87.7	82.1	4.0	5.0	2.3	55.6	80.0	3
18.9	80.6	60.4	7.3	6.5	0.7	64.0	77.6	2
35.8	88.1	68.7	4.8	8.0	1.3	77.1	100.0	0
19.8	93.1	100.0	4.2	6.8	0.1	43.0	84.7	3
18.5	84.7	80.8	7.1	6.5	2.4	47.8	68.3	1
25.0	87.2	94.0	6.9	8.0	7.3	61.7	87.8	3
30.5	98.8	83.5	5.5	8.3	2.3	71.9	100.0	0
23.9	89.7	99.7	5.6	6.2	1.9	47.6	89.5	3
34.3	87.0	50.0	7.0	9.1	2.8	70.6	96.4	0
29.2	75.4	77.2	8.4	4.9	0.8	55.2	97.7	2
7.6	91.7	100.0	6.5	5.2	0.8	49.8	72.0	1
20.8	88.3	94.3	3.0	6.5	1.6	49.6	71.1	3
20.5	97.8	99.9	5.4	6.6	3.8	37.6	79.7	3
28.8	85.5	79.9	5.0	6.7	3.0	46.2	88.8	3
4.0	66.8	71.9	3.4	6.4	2.3	29.6	39.9	1
45.4	68.0	64.6	7.2	6.1	3.6	64.8	100.0	0
29.2	92.4	63.5	7.4	6.7	5.1	60.7	92.7	0
25.0	79.3	92.1	7.8	6.3	3.6	52.7	70.3	3
34.5	89.4	87.7	3.5	7.8	1.0	63.9	74.4	0
43.7	86.1	79.0	6.4	7.0	0.0	67.0	100.0	0
25.0	83.3	87.6	6.0	6.7	0.0	61.4	93.7	2
32.6	84.0	82.1	6.8	6.9	3.8	69.0	98.4	0
26.0	76.3	94.4	6.3	8.3	1.4	55.9	75.3	2
23.9	84.8	94.3	6.0	6.4	3.7	59.7	79.7	3
21.2	79.2	64.0	5.7	5.5	1.8	58.1	97.1	2
18.4	81.3	84.1	8.8	5.8	3.1	49.8	93.0	3
19.5	81.8	55.0	3.8	6.7	3.6	38.5	55.5	1
14.2	82.7	82.0	5.6	7.6	1.3	50.0	70.5	1
25.0	94.2	89.1	8.7	8.1	3.7	52.4	99.9	3
11.5	83.7	60.3	4.0	9.0	1.5	52.7	70.0	1
26.5	95.2	73.8	4.1	7.9	1.4	69.4	100.0	0
24.7	100.0	80.1	7.8	5.9	3.7	56.6	87.3	3
26.2	93.5	83.5	2.4	6.8	3.4	59.9	93.9	0
20.8	90.3	75.8	7.7	4.4	3.2	59.2	94.3	3
49.6	88.3	62.4	4.8	6.6	0.8	69.4	100.0	0
35.9	93.7	79.2	7.0	6.3	1.9	66.0	93.7	0
15.0	85.9	55.2	2.9	4.2	3.5	37.6	61.2	1
26.9	94.8	76.5	6.0	9.5	5.9	67.2	99.3	0
20.1	91.1	73.4	3.0	6.5	5.2	66.4	84.0	3
14.3	94.0	71.6	6.0	6.7	1.5	44.2	62.4	1
28.5	85.9	57.4	10.5	9.0	5.1	61.2	82.1	0
19.5	83.9	74.5	5.8	9.3	3.4	42.7	67.0	1
32.7	80.2	94.0	10.9	7.1	1.8	58.3	96.5	0
33.0	86.7	98.9	4.0	7.1	2.7	59.6	91.1	0
36.0	95.0	100.0	4.9	8.5	0.6	62.3	100.0	0
18.2	93.9	100.0	9.0	6.8	4.0	54.4	80.0	3
28.8	88.5	62.0	2.4	7.6	4.6	63.1	98.3	0
30.1	91.0	73.9	4.3	8.0	4.8	61.3	86.9	0
21.2	97.7	79.7	7.2	5.7	4.2	62.3	99.2	3
18.8	83.5	78.7	3.5	8.8	2.0	54.6	62.9	1
37.9	73.8	81.0	6.0	5.9	3.8	60.8	94.4	0
30.1	79.7	63.8	2.2	7.1	3.9	58.9	83.1	2
18.4	78.1	69.3	8.4	8.1	3.8	47.7	54.0	1
15.2	67.0	100.0	2.8	7.8	2.8	50.3	75.9	1
20.4	90.7	70.8	7.9	6.9	1.1	38.0	81.2	1
25.0	68.8	85.9	6.3	7.3	5.3	53.6	80.9	2
16.5	77.5	95.5	4.9	8.3	2.4	51.3	65.4	1
24.9	90.9	87.3	3.2	7.0	4.3	61.8	84.1	3
11.5	92.2	82.9	6.8	6.0	6.2	55.8	68.1	1
16.0	78.5	94.1	3.8	6.3	3.9	47.7	67.2	1
30.4	83.7	66.6	9.0	8.1	4.3	66.6	100.0	0
29.8	76.3	72.6	9.1	6.0	1.1	63.4	86.8	2
21.9	79.5	88.0	10.1	5.1	1.4	55.3	72.8	3
16.9	87.7	49.0	6.7	6.6	4.4	40.4	70.8	1
22.0	82.6	84.6	6.0	8.0	0.5	54.6	84.7	2
25.0	70.4	82.3	5.1	5.3	0.0	56.3	97.9	2
32.4	96.3	55.5	6.6	7.4	2.2	55.1	92.7	0
21.0	90.1	60.7	7.1	8.4	2.2	36.0	81.4	1
15.8	92.9	74.0	9.1	6.0	4.0	65.0	81.2	3
27.1	97.9	92.1	6.0	7.1	1.0	62.3	100.0	0
18.4	76.7	48.9	2.5	4.4	4.6	42.0	78.6	1
20.9	81.4	91.8	5.0	8.0	0.7	43.4	68.5	1
35.6	66.1	74.6	9.9	8.0	0.7	59.5	100.0	2
31.6	100.0	76.6	2.1	7.0	2.7	69.8	100.0	0
26.3	83.5	83.8	7.8	5.4	2.6	62.0	78.8	3
14.8	95.4	84.0	5.0	7.8	3.4	55.5	67.0	1
26.7	72.6	69.3	3.8	6.7	0.7	49.3	92.4	2
25.0	95.0	89.4	7.0	3.7	3.0	63.0	100.0	3
22.0	100.0	45.2	9.9	7.9	0.0	57.4	95.9	3
35.8	84.4	73.2	6.9	8.4	0.0	64.1	96.0	0
35.3	74.9	82.3	5.3	8.6	5.2	66.8	93.5	0
38.3	83.6	74.8	2.8	5.5	4.1	78.1	94.6	0
27.4	62.7	52.6	5.8	4.7	2.5	56.6	78.6	2
29.7	84.6	91.4	2.7	6.5	0.0	55.6	91.7	2
36.3	93.2	61.3	5.2	7.6	1.8	55.3	100.0	0
28.6	84.6	79.0	5.8	5.9	3.2	60.4	87.9	3
21.0	82.2	82.3	0.1	5.1	1.8	48.1	73.8	2
21.4	90.3	80.3	9.5	7.9	4.8	57.8	84.6	3
26.9	91.0	97.5	2.9	6.6	3.4	61.6	97.3	0
14.7	68.4	79.2	5.5	7.7	1.1	58.0	81.9	2
33.8	100.0	79.2	9.3	6.8	3.8	68.7	100.0	0
25.0	71.6	89.2	4.0	6.9	3.8	36.4	54.3	1
34.0	100.0	82.1	8.7	6.4	5.0	73.5	100.0	0
21.3	96.0	91.7	2.9	5.7	3.2	64.4	85.0	3
29.3	79.9	100.0	6.9	7.6	2.6	56.5	78.3	2
25.0	87.1	100.0	7.1	8.5	3.6	42.3	74.6	1
34.8	85.0	74.2	0.0	6.4	4.4	74.1	92.3	0
32.9	77.5	95.5	2.0	9.2	3.5	70.2	96.5	0
13.8	84.3	83.7	4.8	7.5	2.5	47.1	65.4	1
29.7	82.2	96.8	0.0	7.3	4.0	67.6	88.8	0
23.4	86.1	88.5	2.7	7.8	2.6	55.1	82.9	2
25.7	77.5	84.1	6.3	8.2	1.8	57.5	64.2	2
19.2	72.2	86.5	5.8	6.5	2.7	38.0	64.6	1
39.0	84.6	83.8	6.8	7.7	2.0	76.1	100.0	0
33.3	100.0	84.4	7.1	8.3	2.4	51.8	100.0	0
19.1	85.8	77.6	1.8	6.5	1.2	65.1	87.3	2
14.3	81.7	76.2	6.0	7.0	4.0	61.7	83.9	3
21.9	92.5	100.0	7.9	6.1	2.8	36.2	64.0	1
26.9	100.0	71.4	3.6	6.6	3.2	58.4	94.4	3
35.0	85.0	75.8	6.6	5.9	1.1	67.2	96.2	0
31.3	92.0	95.8	8.0	6.9	4.5	51.7	92.3	3
32.8	77.5	69.0	6.6	7.4	2.2	58.8	100.0	0
27.6	90.0	57.8	5.4	7.5	2.0	50.4	88.1	2
13.9	87.8	58.9	4.4	6.0	2.8	42.7	68.5	1
23.4	84.4	54.1	11.0	6.3	2.9	64.4	92.9	3
33.5	80.0	60.5	6.2	8.0	6.4	69.6	95.0	0
24.6	78.6	62.3	7.0	6.3	3.4	61.4	77.8	2
29.0	87.8	100.0	6.8	8.0	1.8	55.9	100.0	0
22.5	91.3	79.3	4.0	6.1	5.3	50.4	69.1	3
16.8	83.7	74.6	6.1	7.5	0.1	37.8	69.0	1
24.0	87.9	58.3	5.2	7.9	1.8	61.3	86.2	2
27.5	84.6	77.9	5.1	3.8	1.7	72.8	87.6	0
19.8	86.0	53.9	6.8	8.0	2.5	63.6	71.7	2
23.1	83.0	74.5	3.7	8.6	3.0	55.0	80.4	2
17.5	85.2	100.0	3.0	6.6	3.2	54.6	78.6	3
25.0	100.0	90.0	7.3	7.4	3.1	67.3	100.0	0
22.6	88.1	76.9	4.7	6.0	3.4	62.0	78.9	3
25.0	91.5	90.5	5.1	7.4	2.4	79.3	100.0	0
37.2	89.4	72.2	1.2	10.0	4.4	62.1	100.0	0
24.4	82.4	68.0	6.0	4.4	0.1	51.6	78.4	3
16.9	97.9	100.0	7.3	6.4	0.0	50.2	75.4	3
8.3	82.1	62.9	7.8	8.0	3.6	43.3	69.8	1
13.2	95.6	74.7	7.0	8.5	2.0	54.7	61.3	1
36.0	75.4	66.0	6.6	6.2	4.1	56.9	100.0	0
25.9	88.7	89.8	4.5	6.3	3.4	51.4	79.9	3
28.1	74.0	75.4	3.6	6.2	1.8	48.4	77.7	2
7.2	90.4	90.0	7.3	6.9	3.5	43.2	57.7	1
15.4	73.1	88.8	10.1	5.3	1.9	55.3	67.9	1
27.3	70.7	100.0	7.6	5.9	2.0	60.3	85.9	2
23.8	100.0	70.0	5.9	6.9	2.9	49.7	95.3	3
29.5	68.5	100.0	5.5	6.2	2.1	48.6	75.4	2
38.1	85.1	97.6	3.7	6.8	4.0	67.7	98.6	0
23.2	96.4	100.0	5.3	5.8	3.2	66.2	90.3	3
25.6	95.4	82.6	8.3	8.1	1.7	64.8	100.0	0
26.5	93.5	68.2	10.6	6.6	1.8	53.9	85.9	3
44.1	81.8	100.0	4.0	7.0	0.6	87.6	100.0	0
8.2	98.5	75.0	1.0	6.8	0.0	30.7	44.7	1
30.5	94.1	67.8	4.7	7.0	3.9	62.2	89.4	0
25.0	87.1	77.2	8.3	7.0	2.0	56.9	77.9	3
29.5	87.4	65.3	11.2	8.0	0.7	58.7	82.5	3
19.7	82.0	87.9	9.3	6.7	3.2	56.0	78.3	3
30.7	97.4	75.7	3.9	7.1	2.4	51.4	100.0	0
49.9	98.1	94.5	3.9	6.3	0.6	76.5	100.0	0
31.5	76.2	89.4	2.7	6.9	3.5	61.3	99.0	0
18.2	83.5	80.2	4.3	5.7	2.6	58.0	76.1	3
21.6	83.6	82.6	8.3	8.3	3.2	64.4	76.6	3
21.4	84.7	80.2	10.1	6.1	1.9	47.3	82.2	3
10.6	85.6	73.5	6.9	8.4	2.9	58.4	60.8	1
22.4	94.5	80.0	5.4	6.9	0.3	52.7	93.2	3
30.9	77.5	87.4	3.3	8.0	5.9	55.9	81.8	2
14.8	76.5	78.1	5.7	6.1	3.1	44.5	72.0	1
33.4	97.4	86.3	6.5	4.6	5.1	50.0	97.4	3
28.9	80.4	67.4	2.3	5.0	2.1	55.6	79.7	2
19.1	72.4	70.9	8.3	10.0	0.9	60.0	86.2	2
23.9	80.1	69.0	4.9	6.3	1.8	58.5	98.5	2
37.8	81.7	71.5	8.2	8.3	2.4	67.3	96.3	0
30.9	100.0	99.3	6.0	5.4	2.3	65.8	94.3	0
25.1	94.2	90.9	6.7	7.2	5.3	67.4	91.8	0
23.1	96.5	63.8	4.2	7.4	1.2	50.2	91.0	3
25.6	93.2	86.6	5.1	10.0	1.6	65.0	100.0	0
25.0	94.5	74.1	7.6	6.6	3.6	55.3	79.5	3
8.2	78.1	69.8	5.7	6.1	0.1	37.0	58.3	1
41.3	83.0	57.7	3.2	7.4	2.4	71.9	100.0	0
26.2	75.1	94.6	6.3	5.9	2.7	56.6	79.9	2
28.2	82.9	59.5	7.0	7.5	3.2	52.5	81.7	2
24.5	91.8	79.2	9.4	6.9	3.0	49.2	72.4	3
19.1	86.3	65.8	8.9	6.1	5.5	49.0	81.8	3
23.5	98.1	91.6	5.8	7.6	1.2	53.5	87.2	3
12.2	73.6	75.0	4.6	7.1	1.5	54.3	79.0	2
25.0	90.0	78.0	5.4	7.9	3.4	69.3	100.0	0
25.0	72.5	78.5	4.7	9.0	2.8	44.4	62.1	1
16.7	85.9	84.5	7.3	6.4	3.0	58.9	67.7	1
21.5	92.4	80.2	8.6	6.5	0.4	65.1	100.0	3
35.3	82.9	79.4	9.1	5.4	5.8	57.7	81.4	3
25.1	90.5	72.2	5.0	7.6	3.2	48.1	80.3	3
15.1	75.4	56.4	4.7	6.2	0.1	51.5	67.2	1
30.8	90.6	90.8	1.2	8.4	0.8	57.6	87.1	2
29.3	100.0	75.4	3.0	6.2	3.9	69.8	89.2	0
30.7	75.0	70.0	5.9	6.4	0.5	57.3	83.3	2
44.2	97.2	58.9	6.9	8.2	4.0	87.1	100.0	0
42.5	85.4	54.2	7.2	7.8	0.7	70.0	100.0	0
19.5	71.6	69.5	4.0	7.7	1.0	51.6	69.1	2
38.0	73.7	93.3	4.8	6.5	2.7	81.3	100.0	0
28.1	85.2	71.6	5.3	5.3	1.6	61.1	82.1	3
29.0	81.0	86.0	5.0	6.1	1.7	53.6	88.5	2
25.0	71.9	71.0	7.7	5.8	0.2	36.7	59.2	1
23.6	68.1	89.6	2.7	7.7	2.0	49.5	78.6	2
18.5	76.5	74.7	3.1	7.3	3.8	52.1	68.7	1
31.6	86.9	61.5	5.3	6.3	5.3	68.6	89.4	0
33.6	84.9	76.0	2.6	6.5	3.7	51.6	91.8	2
8.4	80.0	100.0	1.2	7.6	3.5	43.3	63.7	1
24.8	87.0	100.0	2.3	6.6	0.0	66.3	82.8	2
34.0	95.4	87.3	5.4	6.3	2.5	66.8	96.9	0
23.5	88.9	77.9	7.6	9.4	1.5	66.1	78.7	2
30.8	83.8	84.6	7.6	6.3	0.2	49.4	79.4	3
27.8	94.3	84.8	10.0	7.8	0.6	58.3	87.6	3
27.7	75.4	79.4	6.3	7.5	3.5	58.0	78.6	2
22.8	82.8	86.6	6.6	5.2	1.7	58.7	89.3	3
15.3	83.0	83.1	5.4	6.2	0.3	42.5	68.8	1
16.0	72.6	75.3	5.5	8.0	1.5	51.0	79.5	2
30.7	80.8	62.1	11.2	6.8	2.9	63.8	100.0	0
25.2	64.3	73.1	6.7	5.2	1.5	53.0	77.8	2
23.9	100.0	92.0	6.9	7.5	0.7	61.4	74.6	3
21.6	75.6	79.5	3.1	6.3	1.1	54.9	81.3	2
22.6	100.0	84.5	7.0	7.5	3.8	52.0	93.6	3
33.4	85.4	75.8	7.6	10.0	0.0	61.7	100.0	0
14.3	80.1	76.4	7.6	7.7	2.3	36.5	61.7	1
30.9	87.1	64.7	5.7	6.7	1.4	63.2	85.6	0
23.4	91.5	63.7	5.6	5.7	1.1	42.0	84.7	3
25.3	91.6	98.1	5.8	8.2	4.0	55.9	84.9	3
37.9	92.7	73.7	6.0	6.3	4.0	70.4	100.0	0
24.8	81.3	68.9	9.2	6.7	2.7	55.9	78.6	3
27.3	80.2	100.0	8.7	9.2	1.7	73.9	100.0	0
15.6	69.1	92.2	7.9	6.6	2.7	50.2	69.0	1
23.2	90.2	74.4	11.1	8.5	3.1	54.0	80.2	3
29.9	95.8	86.4	0.0	7.5	2.3	66.3	88.4	0
12.6	100.0	76.5	4.8	6.3	3.1	39.6	57.5	1
26.6	88.1	69.6	6.0	7.4	2.0	65.7	96.3	0
25.8	77.3	87.1	4.3	6.1	0.0	52.2	77.8	2
25.3	68.0	75.1	3.7	8.1	2.2	62.5	79.0	2
33.3	95.4	81.1	1.7	8.5	3.5	67.3	96.8	0
27.7	67.0	95.3	5.2	7.1	2.5	60.5	75.3	2
36.8	81.6	93.7	8.2	8.6	3.0	60.7	96.0	0
17.1	82.8	71.7	7.9	7.2	2.1	41.6	70.1	1
26.1	84.3	87.3	4.1	8.1	2.2	48.5	74.7	2
25.7	85.4	63.1	6.6	10.0	2.8	44.2	83.4	2
16.4	86.4	86.8	9.4	10.0	5.4	47.4	61.6	1
32.7	60.8	82.2	2.2	6.8	3.8	54.2	81.2	2
43.6	85.1	85.7	5.6	7.4	3.6	78.1	100.0	0
24.9	62.7	75.5	6.7	5.7	2.8	45.3	73.3	2
29.0	92.3	100.0	6.0	8.0	0.5	77.1	87.2	0
25.7	79.4	66.5	8.1	7.5	4.3	48.7	58.0	1
19.3	63.4	94.6	2.3	6.1	3.9	42.2	70.5	1
25.0	76.9	64.5	3.5	8.4	3.0	33.3	62.4	1
13.9	96.9	88.6	1.7	6.4	3.3	47.5	70.5	1
38.6	87.0	80.8	8.0	7.5	2.2	66.2	100.0	0
24.1	88.4	72.6	7.1	6.4	3.6	59.4	84.8	3
22.2	96.8	82.1	7.9	7.0	1.2	63.6	93.2	3
16.0	92.5	100.0	7.3	6.3	0.7	51.0	78.6	3
25.0	91.8	66.9	3.1	7.8	2.7	59.3	91.7	2
25.5	72.1	71.7	5.0	6.3	2.0	46.8	70.1	2
33.2	99.7	84.3	6.1	5.8	2.3	85.6	100.0	0
29.0	70.8	76.2	3.8	6.9	0.6	74.9	86.1	2
27.0	94.2	78.5	6.5	10.0	3.0	58.8	87.4	0
25.6	69.8	96.1	3.1	7.9	0.9	46.4	76.6	2
28.2	91.0	37.7	6.7	7.6	3.2	52.5	81.3	2
26.6	100.0	71.0	10.4	6.4	0.4	61.7	80.9	3
16.8	82.9	53.9	2.9	6.5	1.2	54.8	64.4	1
25.4	82.4	62.1	5.9	5.2	1.0	42.6	82.9	2
25.0	91.1	100.0	6.0	9.2	3.4	43.9	66.6	1
25.6	81.7	89.0	3.9	7.3	1.8	57.6	83.5	2
21.2	100.0	94.3	7.8	7.2	3.1	45.3	80.9	3
45.3	86.9	78.8	4.9	7.2	4.2	69.8	100.0	0
24.7	81.8	91.4	7.9	9.5	5.2	59.0	81.5	2
13.8	79.6	53.5	6.9	7.4	2.8	46.0	68.6	1
23.9	75.7	95.6	6.0	6.8	0.8	48.8	69.2	1
29.2	78.7	67.7	3.4	9.2	4.4	59.3	86.8	2
20.3	80.1	87.6	6.8	5.0	2.4	45.3	72.6	1
12.3	78.4	84.7	2.2	5.2	4.5	48.6	66.2	1
31.5	100.0	81.3	3.6	6.8	3.0	66.1	98.3	0
14.0	74.7	59.6	0.0	7.3	0.0	50.6	64.6	2
21.5	86.5	81.5	2.6	8.0	1.6	56.1	83.7	2
22.9	90.9	94.4	5.2	5.9	1.7	56.8	81.5	3
24.4	91.3	72.0	3.4	6.7	2.0	55.9	82.7	3
30.5	84.4	99.7	3.9	6.0	1.1	58.3	83.5	3
19.5	82.6	66.9	9.5	8.3	1.1	57.5	83.0	2
22.8	89.5	80.1	8.6	8.5	4.5	54.8	82.2	3
24.9	87.7	100.0	6.0	9.3	0.0	60.8	84.2	2
26.2	82.4	69.8	8.0	7.4	1.4	60.9	79.2	2
25.8	69.4	95.8	9.0	9.2	3.4	47.7	95.9	2
28.5	80.3	100.0	7.5	6.2	1.7	56.0	63.2	3
31.8	73.5	82.6	6.7	7.3	3.1	59.4	83.8	2
28.1	78.3	72.1	8.7	5.7	1.9	58.5	83.4	2
28.6	85.3	68.4	7.9	7.7	3.2	62.5	98.5	0
25.4	100.0	99.2	5.5	4.1	0.0	59.4	93.1	3
28.8	79.6	100.0	4.6	8.3	1.9	55.3	83.6	2
25.0	92.7	79.5	8.9	8.0	0.0	70.0	100.0	0
19.5	88.1	95.6	4.5	6.3	2.4	55.4	82.4	3
19.7	98.0	79.3	4.1	7.3	0.8	53.6	77.1	3
20.4	90.8	66.8	8.6	5.2	0.8	51.0	85.5	3
29.3	74.9	96.9	6.6	6.1	4.7	60.3	85.4	3
33.3	67.8	100.0	11.3	9.0	2.9	60.3	100.0	0
21.7	88.1	64.7	3.8	5.6	0.2	43.1	88.3	3
32.3	79.7	64.4	4.7	7.0	2.4	53.7	92.5	2
26.0	75.2	80.6	8.8	5.3	2.3	65.6	84.8	3
24.0	72.3	94.3	2.8	7.4	0.0	56.6	75.7	2
23.3	86.6	63.0	9.3	7.7	3.0	50.7	88.0	3
31.0	100.0	83.4	3.0	7.9	3.9	60.4	100.0	0
27.6	80.9	71.1	7.5	7.6	1.9	51.4	82.3	2
25.0	90.9	90.5	1.4	8.7	2.1	67.1	100.0	0
18.2	84.0	68.0	6.1	6.3	1.7	58.9	82.3	3
29.1	72.1	91.6	2.6	5.7	3.1	56.3	92.4	2
20.8	92.3	77.6	10.8	6.3	2.1	60.7	78.0	3
18.0	74.1	65.9	3.3	5.4	2.2	61.8	79.7	2
24.9	85.2	81.0	3.9	7.1	1.3	53.5	100.0	2
26.1	81.6	50.9	7.3	6.8	5.6	47.1	81.1	2
23.5	74.4	85.1	7.7	5.1	3.6	47.7	79.2	3
16.0	88.9	53.4	4.2	7.0	2.9	50.3	77.9	1
27.2	76.6	41.4	4.0	8.5	0.0	58.1	76.9	2
8.4	79.9	44.9	5.9	7.7	1.9	57.2	81.9	2
25.0	48.6	99.9	3.0	4.7	0.8	52.9	73.0	2
25.1	100.0	78.8	7.0	7.0	4.0	55.4	93.0	3
31.4	90.5	72.0	8.2	6.1	0.6	66.8	98.9	0
25.0	77.3	94.2	7.4	7.0	3.2	67.3	100.0	0
21.0	73.8	73.9	7.6	6.5	4.0	60.8	74.3	2
23.8	80.0	84.0	1.2	9.1	2.9	47.9	68.0	2
18.9	92.2	80.4	4.8	7.1	2.5	62.7	81.8	3
16.0	66.1	72.9	5.4	7.4	1.9	64.0	76.3	2
27.5	83.6	84.4	9.6	6.9	2.3	67.7	88.9	0
14.8	100.0	91.6	4.5	7.6	0.5	62.0	75.6	3
21.7	73.7	77.2	0.2	6.7	2.8	49.1	77.5	2
17.0	85.8	73.1	3.5	7.9	4.1	63.3	71.2	2
29.4	100.0	74.9	4.3	6.5	1.2	58.5	100.0	0
39.4	91.3	45.5	0.6	8.7	2.5	68.0	100.0	0
14.6	86.3	84.2	8.4	7.6	2.3	45.4	73.4	1
10.2	90.1	61.9	2.1	6.8	3.0	41.8	54.7	1
24.0	81.0	89.4	7.1	8.0	1.7	55.1	93.1	2
25.1	98.0	78.6	3.3	7.6	0.2	49.9	90.7	3
26.7	81.0	81.6	6.0	8.0	0.8	52.1	89.2	2
21.4	65.4	90.5	5.3	7.1	0.0	43.6	60.3	1
23.4	81.1	66.1	4.8	6.7	3.7	66.2	79.5	2
27.9	75.3	85.5	7.3	7.2	3.1	69.4	91.8	0
9.4	82.4	77.2	7.4	8.2	1.5	43.9	57.1	1
22.0	97.0	66.1	4.8	8.8	2.3	56.3	91.2	3
26.7	92.0	88.9	4.5	7.7	2.5	64.6	87.2	0
17.7	87.6	90.6	5.8	8.7	1.7	41.8	74.9	1
38.8	85.0	81.7	3.3	8.4	1.8	59.5	94.9	0
19.9	74.4	63.9	5.5	6.7	4.5	39.1	73.3	1
24.7	63.2	72.1	6.8	8.0	0.6	59.3	70.6	2
29.4	86.1	79.1	0.2	5.5	4.0	53.5	93.2	3
20.3	92.9	90.3	8.7	7.2	0.1	61.7	100.0	3
10.2	83.9	56.2	8.0	5.6	4.9	41.8	57.4	1
21.6	79.7	71.5	1.4	6.9	0.0	53.2	73.6	2
33.2	89.6	74.0	1.0	5.3	3.2	62.1	100.0	0
22.3	84.2	78.8	8.1	8.3	1.5	55.8	82.2	2
18.2	100.0	60.5	7.9	6.5	2.2	50.0	70.0	3
32.4	97.3	76.7	7.6	8.1	2.3	71.7	100.0	0
22.4	94.6	75.3	2.4	6.9	3.4	54.7	85.6	3
20.9	92.6	64.4	10.6	4.8	0.0	57.3	78.6	3
26.2	72.1	78.2	4.1	6.4	2.5	56.3	76.9	2
31.2	91.6	71.9	6.6	6.4	2.8	54.5	99.7	0
44.1	88.8	87.4	6.6	7.0	1.5	81.5	100.0	0
31.6	91.1	66.7	10.0	8.8	2.3	57.5	83.4	0
34.3	89.9	81.3	6.3	9.0	1.5	70.3	96.1	0
21.0	89.5	67.9	7.0	6.7	3.3	59.6	89.7	3
16.8	100.0	71.0	5.8	5.5	3.0	41.4	72.0	3
25.5	84.2	84.5	3.0	6.1	2.8	55.4	80.1	3
25.9	94.4	83.5	0.2	7.6	3.5	62.9	90.3	0
25.0	80.3	73.7	6.1	6.9	4.4	47.2	73.5	1
23.6	92.9	76.0	2.5	5.1	1.0	55.7	98.1	3
28.2	94.4	58.2	6.9	6.4	5.8	61.9	95.2	0
27.9	88.6	100.0	6.4	8.6	3.1	56.4	100.0	0
29.0	100.0	90.3	6.3	7.4	1.7	64.5	100.0	0
27.3	76.2	89.8	3.4	7.1	5.9	57.2	81.6	2
20.9	80.1	56.1	8.6	6.5	1.9	51.2	84.1	2
20.9	87.1	71.1	7.2	6.4	0.7	46.5	82.6	3
15.4	93.8	75.0	3.0	7.7	1.7	53.7	85.3	3
25.1	97.9	93.3	5.5	7.9	4.1	60.5	90.8	3
23.2	78.4	100.0	2.7	7.7	2.3	54.3	76.2	2
17.6	73.6	100.0	4.1	7.0	2.7	43.1	68.9	1
48.5	88.1	64.3	2.2	7.5	2.6	64.2	100.0	0
16.4	84.2	81.8	9.4	6.3	4.2	53.1	72.0	1
21.6	90.4	99.8	8.7	6.9	2.0	52.9	72.0	3
32.7	84.3	52.0	9.1	6.7	1.9	65.7	99.5	0
39.5	85.3	97.0	5.4	7.3	3.3	74.4	100.0	0
29.0	82.0	79.7	7.1	5.6	3.6	57.9	86.4	3
16.6	83.0	69.1	4.0	7.3	5.0	43.1	78.4	1
22.9	81.0	84.3	5.6	9.0	2.3	57.6	89.8	2
25.0	93.6	82.3	7.1	6.0	2.1	57.5	82.2	3
41.5	86.9	82.5	0.0	7.3	3.1	75.7	100.0	0
13.8	100.0	76.7	6.0	7.0	1.8	50.5	77.5	3
34.6	86.6	100.0	6.4	6.9	1.5	47.9	91.1	3
31.7	100.0	100.0	4.9	7.9	1.9	58.4	81.2	3
24.2	89.1	88.5	7.5	5.7	2.1	59.9	88.1	3
18.3	94.9	85.3	4.2	7.8	3.4	49.2	63.7	1
31.0	90.9	78.3	2.9	7.1	3.0	65.6	92.5	0
30.2	91.2	94.6	9.0	4.9	5.5	56.4	97.0	3
32.8	90.4	81.7	8.6	7.5	3.9	78.6	100.0	0
24.9	74.0	66.0	4.5	7.1	1.3	53.4	75.7	2
20.2	88.7	65.5	5.8	6.0	1.9	55.5	87.6	3
31.6	83.3	66.4	6.1	5.4	1.0	58.0	88.7	2
28.4	77.7	79.1	7.3	6.2	4.4	61.7	100.0	0
17.3	88.6	95.9	7.2	7.0	2.1	50.9	79.2	3
20.7	88.3	84.6	5.2	5.0	0.4	32.9	66.1	1
21.3	89.8	69.2	7.3	5.6	0.0	58.2	67.2	3
13.1	87.9	100.0	3.6	5.8	0.3	52.6	73.6	3
18.5	78.9	88.2	7.0	7.1	1.3	56.2	72.0	1
15.9	82.4	95.3	5.8	7.5	2.5	57.6	74.7	1
21.7	94.2	46.0	5.1	5.9	1.9	56.8	82.4	3
19.1	95.7	85.0	2.9	5.9	3.5	71.6	69.7	3
12.0	73.5	92.6	6.3	7.2	1.1	46.8	61.3	1
41.2	69.7	100.0	6.1	7.1	4.3	49.1	85.7	2
35.0	77.7	58.0	3.9	6.2	2.3	64.6	92.9	0
18.8	95.5	98.1	2.0	9.2	3.2	61.8	78.4	3
27.2	97.1	100.0	1.9	7.2	1.7	49.6	88.9	3
28.3	75.8	49.7	5.4	6.8	4.0	55.6	87.3	2
34.5	88.1	87.2	6.8	6.5	0.5	73.2	100.0	0
18.5	100.0	89.3	10.6	8.2	0.6	49.6	60.8	1
33.7	89.2	75.1	6.0	7.7	1.0	61.9	100.0	0
20.6	99.2	72.6	1.9	4.9	4.3	61.2	72.6	3
14.3	95.0	90.0	5.5	6.2	2.1	40.4	69.6	1
30.8	75.9	70.8	9.1	6.5	1.1	59.4	83.4	2
35.3	83.1	76.7	4.3	7.0	2.2	56.7	98.2	0
45.7	85.3	92.2	8.8	7.8	2.8	70.1	98.4	0
15.4	86.0	100.0	6.4	5.7	0.9	51.2	85.4	3
30.6	94.2	88.1	7.6	6.9	2.7	70.0	96.2	0
21.7	89.1	82.0	10.6	9.0	2.3	57.0	86.7	3
31.3	55.6	72.3	1.4	7.0	1.7	52.6	75.2	2
14.9	63.1	96.6	5.8	5.4	3.8	50.3	53.3	1
18.8	86.8	77.7	3.6	6.4	1.8	37.5	50.1	1
25.6	87.4	97.3	5.7	5.7	0.0	63.6	100.0	0
19.9	87.8	75.1	10.2	6.5	3.0	53.6	69.3	3
30.3	75.4	70.3	6.0	7.7	3.1	58.8	87.9	2
33.2	91.7	86.3	1.0	7.0	3.9	72.6	100.0	0
29.8	92.2	78.9	4.1	6.4	3.1	59.6	90.1	0
38.0	72.4	61.9	8.4	4.9	2.7	71.0	100.0	0
28.3	70.3	100.0	5.9	8.0	1.8	66.4	94.8	2
15.3	85.0	70.6	6.0	6.6	1.8	49.7	71.9	1
35.9	100.0	93.9	6.0	7.1	3.5	70.3	100.0	0
20.2	100.0	92.6	4.1	5.9	2.3	60.3	91.3	3
32.3	90.6	61.1	2.6	6.5	0.3	66.3	92.0	0
25.0	77.7	65.0	1.9	6.3	2.0	71.5	100.0	0
28.7	93.9	75.5	2.9	5.4	2.4	52.7	89.8	3
13.0	80.5	67.0	3.7	5.9	0.0	42.0	65.1	1
17.7	77.3	100.0	4.1	7.0	3.6	40.4	70.3	1
35.6	63.6	77.0	3.9	7.4	2.5	73.9	100.0	0
23.6	86.0	93.3	8.6	6.2	0.5	43.1	71.2	3
25.6	78.7	87.7	3.7	5.6	2.1	65.9	98.0	0
31.1	86.0	84.0	9.6	6.6	2.3	64.7	100.0	0
30.6	62.0	80.6	4.8	7.9	3.9	50.7	76.3	2
27.2	86.7	98.6	7.1	5.9	3.9	48.9	98.4	3
22.5	95.9	100.0	3.8	6.2	3.1	54.6	89.0	3
31.9	90.2	60.7	5.2	8.4	1.5	65.4	94.1	0
29.4	82.2	91.7	4.7	6.4	1.1	42.9	90.4	2
22.9	90.6	58.9	6.9	7.8	1.4	54.4	80.2	2
33.7	75.2	75.3	5.7	8.2	2.4	55.0	92.1	2
24.0	85.7	81.4	4.1	8.8	2.5	65.4	66.6	2
18.2	92.9	72.7	6.3	5.4	4.0	55.7	75.2	3
25.0	54.1	77.3	6.8	5.3	2.1	43.5	59.3	1
17.2	80.5	59.2	10.6	8.4	0.0	60.6	62.2	1
22.8	84.8	65.2	6.2	8.2	0.7	51.6	87.1	2
34.9	83.0	87.5	6.0	6.3	1.0	62.8	95.0	0
18.6	99.6	80.4	7.1	3.1	1.0	55.9	67.8	3
26.5	73.8	69.6	3.6	7.1	0.0	62.8	91.2	2
19.7	78.8	99.9	1.7	5.2	4.9	51.7	83.3	3
22.9	65.8	61.7	5.2	6.0	0.0	62.7	79.0	2
12.9	100.0	74.6	8.7	7.2	1.6	46.7	60.3	1
23.2	82.5	72.4	6.0	7.4	3.5	47.5	63.2	1
23.5	80.6	89.2	1.3	8.9	3.4	66.6	75.8	2
25.0	84.5	80.7	7.7	6.6	0.3	57.3	83.8	3
26.8	91.4	78.4	0.5	5.8	4.3	63.2	100.0	0
15.4	88.5	52.3	7.1	8.1	4.1	55.6	72.9	1
33.7	100.0	93.0	7.0	7.5	2.2	80.9	98.5	0
26.7	89.5	76.7	1.7	6.6	2.5	56.2	83.0	2
25.0	80.3	81.7	8.5	7.0	1.1	61.0	96.0	2
24.9	79.4	68.8	10.4	6.5	2.9	49.7	84.7	3
20.9	81.1	66.4	5.8	7.8	2.8	49.2	76.5	2
26.7	70.0	100.0	6.4	9.0	1.8	49.9	78.5	2
28.8	85.4	53.4	9.7	6.1	3.5	65.8	92.6	0
11.0	92.8	64.2	3.2	7.5	3.0	54.1	72.0	1
20.7	78.9	100.0	3.2	5.2	7.3	55.1	74.7	3
23.0	76.9	89.6	3.9	5.7	1.1	47.9	78.0	2
27.0	100.0	75.1	6.1	7.7	4.5	55.4	88.2	3
34.5	70.7	98.7	6.1	6.9	1.2	56.3	84.5	2
18.8	64.3	86.7	4.6	5.7	3.3	51.4	67.5	1
21.0	73.5	83.5	5.2	7.0	0.0	39.9	73.8	1
20.9	69.6	83.4	6.0	8.1	1.7	48.1	66.8	1
22.2	81.4	87.6	4.1	9.1	2.9	57.7	87.7	2
25.0	82.8	100.0	6.0	7.7	0.0	53.4	93.2	2
16.6	96.5	77.1	1.0	7.7	1.9	66.6	78.8	3
28.4	78.1	77.5	5.4	7.0	4.7	65.9	90.4	0
11.4	92.8	61.4	1.1	9.1	4.0	46.8	69.1	1
20.5	100.0	79.2	7.9	8.2	3.9	58.5	86.4	3
22.4	80.4	100.0	4.6	6.6	6.0	57.4	91.8	3
38.4	92.4	94.8	5.7	7.9	0.0	60.5	94.9	0
22.8	82.6	71.8	5.1	6.1	1.9	63.8	86.4	2
25.0	94.2	80.5	5.4	6.7	2.5	44.0	60.0	1
9.0	69.3	60.6	9.2	8.8	1.4	36.4	44.9	1
25.3	68.5	65.5	2.6	7.5	2.7	58.3	70.8	2
29.9	81.1	82.2	1.9	7.8	4.5	51.2	93.4	2
25.0	76.1	72.6	6.3	8.4	2.7	62.3	76.5	2
26.3	79.8	64.3	4.8	7.7	0.0	59.3	89.0	2
34.3	82.8	87.3	6.9	6.0	3.5	58.3	95.9	0
20.7	92.2	78.8	7.8	9.0	2.5	61.5	77.4	3
32.2	80.9	56.5	3.2	7.6	0.0	66.5	100.0	0
11.9	76.8	48.9	6.0	7.7	1.6	43.1	53.5	1
17.8	81.5	71.4	3.4	7.1	0.0	54.6	71.4	2
10.5	77.3	56.2	6.2	8.3	2.1	34.5	49.2	1
24.6	68.9	96.9	6.3	6.5	0.2	42.9	84.3	2
25.9	85.7	78.5	5.9	8.3	2.9	58.3	88.6	2
25.5	79.3	76.0	3.2	7.0	0.9	61.2	100.0	2
17.6	94.7	77.2	2.6	4.6	4.5	54.9	81.9	3
23.5	70.5	62.9	7.9	5.3	2.8	64.8	87.2	2
13.0	79.6	86.2	6.0	7.5	2.1	40.8	71.9	1
25.0	100.0	78.0	8.5	8.2	4.4	70.0	100.0	0
22.6	75.6	68.6	4.6	7.7	2.9	37.3	74.8	1
21.1	82.6	70.9	9.3	7.9	3.0	49.4	69.1	1
37.7	72.8	61.6	3.6	10.0	2.4	61.9	86.8	2
15.1	71.5	73.9	9.7	7.6	2.0	58.8	79.7	2
16.0	100.0	76.4	6.4	6.7	3.1	51.8	70.6	3
16.2	86.7	73.5	7.0	6.8	4.8	57.0	76.7	3
24.5	86.3	80.8	3.5	9.0	0.0	49.5	95.7	2
28.5	68.0	78.8	6.0	5.5	5.3	54.0	67.2	2
30.9	88.6	83.5	7.9	8.5	1.0	55.2	97.6	0
45.6	96.6	94.1	5.2	7.0	2.8	66.2	100.0	0
7.0	96.5	88.9	0.7	6.0	0.0	37.8	61.2	1
29.9	91.7	94.3	3.2	5.3	4.7	56.6	92.0	3
20.5	73.7	67.3	3.2	8.8	0.4	66.8	81.4	2
20.3	88.1	72.4	7.1	6.0	4.2	53.0	82.9	3
20.0	91.7	89.8	4.8	7.1	2.1	43.6	68.0	1
17.7	67.1	90.1	4.9	5.8	2.3	44.4	70.7	1
38.5	73.8	69.8	4.6	9.4	0.6	72.5	94.3	0
31.7	93.9	89.2	9.7	7.1	4.3	57.6	100.0	0
25.2	93.8	65.8	6.1	5.4	2.3	69.1	92.0	0
35.8	69.5	87.2	6.5	6.5	3.6	70.0	98.6	0
12.9	93.0	79.6	4.5	8.7	0.0	47.2	85.1	1
14.4	86.0	59.2	5.9	5.8	1.2	43.7	62.5	1
7.6	92.8	73.5	3.6	6.6	2.9	37.5	60.2	1
19.4	78.7	100.0	6.9	8.4	0.1	52.8	64.7	1
26.3	91.5	83.0	3.1	7.4	3.0	61.6	82.3	3
25.8	93.4	100.0	7.9	5.5	1.5	68.4	82.0	3
26.2	81.5	58.3	4.2	7.3	1.3	59.5	93.1	2
13.7	85.2	91.3	8.4	6.8	3.3	45.4	72.4	1
31.4	78.5	42.0	10.8	7.1	2.8	70.7	92.1	0
26.9	100.0	80.0	6.0	8.1	0.8	66.3	91.8	0
30.9	83.8	89.5	9.3	7.3	4.2	55.6	97.8	0
27.5	77.8	68.0	2.4	6.8	0.0	62.2	81.6	2
15.5	86.3	95.6	6.3	8.3	2.0	51.9	81.6	3
21.8	92.5	72.0	7.3	6.1	3.1	47.7	78.8	3
29.3	71.6	77.5	7.5	4.4	2.3	59.0	92.0	2
25.7	100.0	73.5	6.4	6.7	0.0	54.2	90.6	3
18.2	88.1	63.0	6.4	7.5	2.6	52.3	93.2	3
25.1	89.7	100.0	6.0	6.5	3.6	47.5	80.7	3
12.7	84.0	80.7	6.3	6.4	2.4	40.5	48.6	1
34.2	85.2	96.3	2.9	6.6	2.6	79.2	100.0	0
23.4	83.5	95.7	5.4	7.0	4.0	51.8	82.4	3
33.9	95.2	65.5	2.4	5.4	0.1	73.1	100.0	0
20.8	84.9	98.2	4.8	7.8	3.6	52.4	84.7	3
20.8	92.7	87.6	4.5	3.8	3.0	45.5	73.3	3
18.9	80.7	64.4	4.4	7.6	0.1	43.2	84.7	2
32.0	87.0	86.7	3.4	7.4	3.5	56.1	100.0	0
19.3	77.0	64.7	6.7	7.6	5.2	67.1	80.7	2
30.2	97.2	100.0	5.2	4.7	3.0	60.5	90.1	3
21.9	76.7	92.2	4.9	7.4	3.3	54.3	93.3	2
9.2	81.8	78.9	2.5	6.3	0.9	49.3	69.9	1
20.4	81.9	99.0	5.3	8.9	1.6	56.4	75.2	2
15.6	81.5	56.3	8.9	7.4	1.0	55.4	84.6	2
25.3	92.2	68.8	8.9	5.6	3.1	53.8	87.8	3
15.5	81.8	76.2	6.9	5.0	1.7	40.0	79.1	1
32.4	98.9	100.0	6.0	6.3	1.6	57.1	90.9	3
24.3	76.8	63.9	7.4	8.0	3.6	43.2	74.4	1
23.6	86.7	54.4	6.0	8.4	5.0	51.8	92.2	2
30.2	77.2	58.3	5.3	7.2	2.4	31.3	72.9	1
32.7	89.2	93.6	4.1	7.1	0.1	68.3	98.0	0
24.8	84.8	71.1	8.3	6.6	2.6	60.6	64.4	3
18.8	83.4	77.6	8.0	7.0	2.8	44.3	75.9	1
10.8	96.9	91.4	5.9	8.5	3.7	37.3	74.0	1
20.1	90.9	83.1	7.0	7.8	3.8	60.9	86.1	3
25.9	77.3	88.0	6.9	6.4	3.6	54.1	77.9	3
22.2	86.1	73.5	6.6	8.2	2.1	49.5	67.4	1
30.5	73.0	77.5	2.8	7.7	3.7	59.1	85.4	2
20.1	78.4	83.6	3.8	8.2	3.9	41.0	66.3	1
34.5	100.0	68.1	5.9	3.9	3.9	56.8	97.0	3
27.7	86.0	34.7	7.5	7.9	2.3	40.8	92.6	2
24.5	100.0	90.2	4.3	7.6	2.1	52.3	82.8	3
20.2	87.2	93.9	6.2	7.5	2.3	45.6	74.9	1
19.9	81.1	83.0	6.2	7.3	4.4	65.7	83.1	3
18.2	100.0	84.0	6.3	7.3	4.4	66.2	84.8	3
20.7	89.4	71.5	6.0	7.4	3.2	45.5	72.5	1
31.0	78.6	87.5	2.5	8.1	2.9	59.3	91.0	2
23.2	89.7	92.8	0.3	8.0	2.3	51.0	86.3	2
39.1	65.1	100.0	4.7	6.8	1.5	50.5	75.4	2
27.6	94.4	56.5	3.1	7.0	1.8	63.3	97.5	0
13.7	95.9	82.4	6.0	6.5	3.0	59.3	71.3	3
25.9	89.2	93.2	7.8	5.5	4.1	58.0	94.7	3
38.6	82.5	56.3	7.2	7.9	0.3	74.3	100.0	0
16.1	93.3	60.0	8.5	7.9	1.4	42.8	67.8	1
32.8	93.5	70.5	3.7	6.4	1.9	68.4	89.8	0
36.2	100.0	84.0	4.9	7.4	1.0	55.5	100.0	0
20.0	84.6	71.1	7.5	8.5	4.1	40.7	81.7	1
16.7	77.8	77.3	5.0	8.6	1.1	42.0	79.2	1
23.4	90.4	76.4	10.7	8.3	1.5	57.4	88.2	3
24.7	69.5	100.0	6.2	6.1	3.8	45.1	76.0	1
30.3	92.8	90.3	10.4	5.7	4.7	63.7	88.6	3
33.7	90.9	75.1	1.4	7.2	3.3	51.5	100.0	0
19.0	90.9	100.0	4.4	5.5	0.5	62.6	79.4	3
9.3	86.4	87.4	7.0	3.5	1.6	51.0	62.3	1
24.8	100.0	65.5	6.2	6.4	4.9	54.1	70.4	3
27.3	93.7	83.8	0.9	9.6	2.5	45.6	79.7	2
27.0	78.9	88.0	5.4	6.5	0.3	55.6	77.6	2
22.4	79.1	69.7	12.2	7.5	5.8	51.0	60.4	1
26.0	76.2	64.2	6.6	7.8	1.6	51.8	94.2	2
37.1	90.5	81.3	7.5	7.0	2.4	74.3	100.0	0
28.1	75.0	74.6	4.4	6.6	1.5	66.4	78.1	2
25.0	95.8	100.0	6.6	8.5	1.1	59.1	78.6	3
21.0	98.2	91.1	6.0	7.0	4.4	66.7	83.3	3
23.6	76.2	70.4	8.8	6.9	2.8	33.1	66.5	1
38.1	83.1	86.4	6.0	8.0	3.0	63.8	100.0	0
23.5	85.2	99.0	7.0	5.8	0.6	52.8	80.2	3
25.0	93.8	59.1	6.2	5.5	2.1	64.0	91.3	3
21.1	100.0	64.7	1.8	5.1	1.6	53.5	82.1	3
33.8	68.1	79.8	1.7	7.7	1.3	64.7	100.0	2
40.7	81.8	80.5	6.2	6.8	3.2	64.2	100.0	0
28.6	82.3	79.2	8.2	8.0	2.0	53.7	86.0	2
25.7	71.0	75.3	9.3	7.1	3.5	60.9	75.3	2
25.3	80.1	75.1	3.8	5.4	3.6	56.0	82.3	2
5.9	89.3	85.8	2.2	6.6	1.8	45.1	35.9	1
31.0	82.2	97.0	8.3	8.1	3.2	51.3	90.8	3
26.1	69.6	72.8	4.0	6.7	1.8	60.1	72.2	2
28.4	100.0	100.0	2.1	8.4	1.3	53.2	90.4	3
19.3	87.7	100.0	4.8	6.5	0.9	65.5	87.2	3
21.9	86.1	99.9	4.7	7.9	2.6	52.4	75.6	3
21.7	74.0	89.3	9.3	4.9	1.4	49.3	71.9	1
33.2	87.6	100.0	8.2	6.7	4.6	69.7	100.0	0
22.0	83.4	75.6	4.2	6.5	4.9	53.6	74.7	1
25.0	66.1	67.5	9.5	5.3	3.2	71.5	100.0	0
25.0	74.3	72.1	6.3	8.3	2.9	55.2	91.0	2
14.8	92.9	65.0	8.7	6.2	2.5	55.4	80.1	3
24.0	100.0	81.8	9.3	6.1	6.1	57.4	82.5	3
19.8	88.7	84.5	5.3	8.6	5.4	59.6	85.2	3
37.8	83.4	79.8	5.0	7.9	2.2	54.0	96.8	0
30.6	84.1	82.0	6.0	5.0	3.0	63.3	72.3	3
29.3	95.9	100.0	6.2	6.0	0.7	75.1	100.0	0
26.3	100.0	89.3	8.4	9.5	0.0	64.4	100.0	0
13.9	98.0	93.8	9.8	8.0	0.5	68.4	83.8	3
21.1	74.3	82.9	7.4	5.7	2.0	45.0	60.3	1
31.7	84.3	55.8	5.8	7.3	1.1	63.4	93.5	0
16.6	87.8	52.8	5.8	5.8	4.7	54.3	75.5	1
4.7	82.4	100.0	0.0	8.7	0.3	37.0	54.8	1
23.2	88.9	72.0	4.2	4.3	0.5	46.5	100.0	3
23.9	93.2	70.7	8.3	7.3	0.0	73.2	91.5	0
26.1	95.0	83.7	8.4	7.3	1.5	67.2	89.0	0
30.8	100.0	88.3	4.2	5.7	1.9	67.3	100.0	0
30.1	81.7	90.2	6.4	6.7	2.4	60.2	89.8	0
27.1	71.4	100.0	5.5	7.5	2.4	57.1	77.3	2
12.8	100.0	67.8	11.5	5.5	0.9	60.5	83.9	3
29.0	80.2	94.5	7.8	6.8	3.1	53.5	79.6	3
30.0	91.9	74.2	4.3	6.0	1.2	62.1	87.0	0
15.1	92.0	77.9	5.8	6.4	3.7	47.3	65.5	1
13.0	86.9	63.6	9.5	7.0	0.3	39.8	54.5	1
19.0	85.1	54.6	6.0	5.9	1.4	47.4	80.3	2
25.0	73.9	93.9	9.2	7.9	0.5	51.3	80.3	2
25.0	96.0	84.6	4.5	6.2	4.9	63.1	89.4	3
33.9	84.0	100.0	7.3	7.7	4.1	83.0	100.0	0
25.1	79.8	57.7	7.0	5.2	2.4	61.6	93.3	2
23.6	76.1	69.1	6.9	7.1	0.0	49.5	79.9	2
24.1	91.6	82.7	5.8	7.0	2.6	65.1	81.8	3
35.3	98.6	84.7	6.1	3.9	3.1	63.9	90.3	3
19.0	95.6	96.6	3.7	6.4	2.9	48.4	64.0	1
26.7	70.2	81.5	6.4	6.7	1.3	66.2	82.0	2
23.7	81.5	84.6	7.4	6.4	1.8	50.5	80.8	3
45.0	100.0	85.0	5.5	7.2	0.0	76.1	100.0	0
25.0	96.2	58.0	8.1	8.2	3.8	55.3	95.7	3
22.2	69.6	77.7	2.8	7.6	1.2	45.0	58.5	1
15.1	84.4	83.7	1.6	6.1	2.1	38.3	67.8	1
32.6	88.6	86.9	5.9	5.2	2.9	52.2	89.6	3
38.5	77.4	66.1	11.1	7.6	1.7	75.1	100.0	0
38.4	61.9	61.0	9.0	5.6	0.9	59.6	91.8	2
34.8	86.0	76.5	6.0	6.4	2.9	59.3	89.8	0
23.4	77.1	100.0	7.3	7.2	0.0	56.5	72.6	2
22.1	77.2	67.7	4.4	8.4	3.7	62.9	97.9	2
11.6	81.5	97.6	7.1	8.5	3.5	37.2	58.7	1
41.3	83.7	100.0	7.3	7.1	1.7	54.4	100.0	0
28.8	84.9	80.7	8.3	6.4	1.8	70.4	82.0	0
21.1	76.2	69.8	2.1	5.6	1.0	56.1	61.2	2
35.6	82.8	87.7	2.8	9.4	1.9	56.1	90.5	2
25.0	67.4	82.9	5.8	6.7	2.2	44.7	73.4	2
28.3	88.1	67.1	6.0	7.8	2.0	51.9	87.9	2
23.6	56.4	70.1	3.2	7.2	4.7	56.0	69.6	2
24.5	94.2	94.0	3.7	6.4	1.1	62.5	85.5	3
13.4	74.4	75.2	11.6	5.3	3.6	47.5	76.0	1
25.6	92.2	79.0	4.7	8.3	5.6	60.9	99.8	0
25.0	96.6	90.0	5.3	6.9	1.2	59.0	94.3	3
24.8	51.9	77.4	6.7	8.7	4.0	48.0	64.6	2
31.2	83.5	75.5	2.2	6.5	0.8	61.0	92.9	2
16.6	56.2	68.7	7.3	6.6	1.9	43.8	65.5	1
24.8	83.8	68.4	6.9	5.6	2.5	56.2	81.9	3
20.0	84.9	100.0	5.1	6.6	1.5	40.6	81.7	3
31.0	60.2	77.1	6.7	5.5	1.9	63.9	89.2	2
25.0	100.0	100.0	7.1	7.5	0.5	50.9	96.7	3
30.5	87.9	100.0	9.6	7.1	3.5	45.3	78.0	3
33.7	76.5	77.2	12.3	8.8	1.2	56.4	87.5	2
30.5	99.7	85.5	3.3	5.3	1.5	61.2	100.0	0
27.2	67.0	81.5	2.8	8.5	1.3	70.6	88.3	2
17.0	72.7	55.8	6.3	5.8	1.4	45.0	66.6	1
25.0	62.0	56.7	0.8	7.4	2.7	54.6	73.0	2
20.7	100.0	80.7	7.6	5.6	2.6	58.0	85.9	3
22.2	88.3	73.6	6.3	7.2	6.3	43.6	87.9	3
22.0	91.6	100.0	6.9	4.0	2.1	54.5	66.8	3
9.3	90.7	100.0	6.6	7.1	4.5	46.2	63.8	1
19.7	85.8	72.9	7.2	9.1	2.8	55.8	70.1	1
26.5	87.7	100.0	6.5	4.4	2.4	64.4	89.3	3
14.2	86.1	87.6	2.6	7.0	2.3	42.1	54.5	1
40.2	84.5	72.3	10.6	4.7	4.0	62.4	100.0	0
25.0	87.7	88.7	6.6	5.7	4.5	56.2	93.9	3
38.1	86.1	100.0	6.3	6.4	4.0	79.7	100.0	0
28.1	70.2	77.8	9.9	7.6	3.2	43.0	71.7	1
34.3	71.6	74.9	4.1	7.1	2.8	57.6	80.8	2
19.2	95.8	76.3	8.2	5.4	5.6	55.4	88.3	3
19.8	81.9	100.0	4.7	4.8	1.8	47.7	39.2	1
3.1	90.8	92.8	8.7	7.5	3.5	42.1	51.5	1
34.5	74.1	100.0	8.0	6.8	4.3	51.9	87.0	2
37.3	70.3	84.7	5.0	8.9	4.1	49.7	83.3	2
20.6	76.6	80.6	5.3	6.6	1.4	45.4	72.6	1
23.0	82.8	86.4	8.4	8.4	6.7	55.8	75.2	1
19.0	78.3	96.1	1.4	7.7	5.0	49.7	58.8	1
28.1	97.9	76.3	6.0	8.0	4.1	65.5	100.0	0
34.0	86.8	100.0	7.6	7.5	1.0	52.8	99.5	0
11.1	100.0	85.5	5.2	7.5	4.0	44.0	60.7	1
28.3	89.0	43.9	6.3	4.2	0.0	59.0	87.1	3
22.8	60.9	93.3	0.9	6.7	2.2	44.0	85.1	2
25.9	95.6	60.9	3.9	6.2	2.7	59.8	93.9	3
28.7	69.9	92.9	7.7	8.5	1.8	54.9	83.9	2
23.5	87.3	93.5	6.0	5.8	4.9	59.4	97.3	3
24.2	77.3	84.9	2.7	6.7	2.7	56.9	68.7	2
23.3	100.0	88.2	8.7	8.0	1.1	43.6	66.5	3
32.8	99.4	96.5	7.3	7.4	3.6	75.5	100.0	0
28.4	77.6	72.6	3.3	7.2	3.1	41.6	86.9	2
26.8	83.7	91.9	6.3	8.3	0.0	46.0	69.3	2
14.8	87.4	97.4	3.4	7.3	4.5	48.7	60.3	1
22.0	93.6	100.0	5.6	6.3	2.7	57.7	90.9	3
32.2	85.3	63.4	6.4	5.4	4.0	59.8	84.5	3
30.3	77.8	65.6	7.9	6.1	2.0	58.8	91.2	2
39.1	85.0	64.9	8.2	6.7	3.1	71.0	100.0	0
33.3	97.3	85.4	6.7	8.3	2.3	56.0	95.1	0
25.7	89.3	81.2	7.0	6.7	2.9	49.3	87.9	3
20.9	77.3	97.2	2.4	6.5	3.4	45.8	63.6	1
4.6	91.5	74.8	9.4	6.7	2.7	52.1	67.2	1
23.7	81.1	78.0	5.8	6.7	3.2	57.7	75.2	2
22.4	93.9	83.2	3.7	5.8	1.9	60.2	75.2	3
28.1	100.0	67.1	6.4	9.0	1.6	73.0	100.0	0
23.8	81.4	69.2	7.9	6.3	3.7	60.9	98.5	3
22.4	93.0	96.7	7.3	7.9	4.7	57.0	85.1	3
10.8	77.5	71.8	3.3	5.8	1.7	56.4	79.5	2
17.5	83.9	97.7	7.9	7.7	3.0	43.4	68.3	1
28.8	85.3	89.1	5.8	7.2	0.4	57.4	89.0	2
38.7	83.1	56.8	7.3	7.0	5.2	75.2	100.0	0
24.2	100.0	88.0	4.0	7.2	4.2	41.7	74.8	3
27.6	81.9	87.8	8.6	7.5	1.6	52.0	66.5	1
32.6	90.9	86.3	6.5	6.7	2.0	69.0	97.7	0
27.9	89.3	65.9	2.2	7.7	2.8	63.2	94.2	0
19.1	96.4	100.0	2.5	5.6	3.4	39.4	81.2	3
31.9	79.7	78.5	6.0	5.4	1.0	54.6	93.7	2
26.2	59.9	66.7	9.7	7.2	3.4	58.5	72.4	2
27.4	84.6	86.9	6.0	4.6	2.3	51.5	87.4	3
18.7	85.2	68.9	3.8	5.0	2.9	58.0	75.8	3
30.7	92.2	65.8	6.1	9.2	1.9	64.0	87.9	0
41.7	100.0	74.4	6.4	8.9	2.2	62.5	100.0	0
22.3	76.4	66.3	8.2	8.2	1.6	58.8	75.2	2
26.9	73.3	92.1	3.2	8.2	5.9	58.9	100.0	2
31.3	87.0	78.3	6.2	7.6	0.9	65.5	100.0	0
20.5	89.8	98.8	1.0	6.9	3.2	40.9	76.9	1
35.9	92.8	54.1	5.2	8.0	3.6	87.0	100.0	0
31.1	89.7	82.2	3.0	7.8	0.0	72.5	90.8	0
11.1	85.4	100.0	6.8	5.1	0.0	47.0	66.0	1
20.1	76.0	88.0	6.0	9.4	1.7	48.5	72.3	1
37.5	80.2	100.0	9.2	9.9	3.9	62.3	92.3	0
36.6	60.7	85.0	3.8	4.7	2.1	67.4	100.0	0
32.5	87.4	83.5	11.6	7.6	2.0	70.5	100.0	0
23.6	85.3	47.7	8.1	9.5	2.5	50.6	72.0	2
25.7	86.9	86.4	9.2	8.2	1.2	57.1	99.4	0
25.0	90.0	82.5	3.4	8.2	3.2	65.9	79.6	2
34.0	88.9	73.9	10.5	5.3	2.8	63.1	100.0	0
18.0	83.9	77.9	3.0	7.9	3.3	51.9	73.1	1
25.0	71.0	77.3	9.3	7.9	2.2	69.6	100.0	0
24.6	79.2	100.0	7.3	5.8	2.7	61.4	83.3	3
36.0	85.5	74.4	2.9	5.7	1.0	56.8	100.0	0
19.6	77.6	82.5	8.8	6.8	0.6	43.4	61.7	1
24.6	93.6	73.9	6.8	6.5	2.5	51.9	85.4	3
17.6	78.4	91.8	5.0	6.8	2.7	46.1	74.3	1
25.1	87.2	82.7	2.1	6.4	3.5	58.5	95.6	3
13.2	86.2	75.8	7.1	6.8	3.4	47.1	73.9	1
21.1	92.5	51.1	5.6	6.2	2.9	53.5	81.8	3
13.5	94.0	83.6	6.4	6.9	5.0	47.3	74.3	1
30.6	91.9	75.4	2.0	5.3	2.0	55.1	86.8	3
30.7	63.9	79.1	5.0	7.6	2.2	54.2	88.8	2
25.0	96.9	62.3	7.2	7.3	2.9	66.2	80.8	3
35.7	100.0	100.0	10.7	5.5	0.7	72.0	100.0	0
19.9	76.1	97.2	8.0	8.4	2.6	43.9	91.0	2
47.6	65.5	88.9	6.6	7.4	3.3	70.2	100.0	0
14.4	77.6	62.9	3.5	8.2	3.1	57.7	73.1	2
25.2	79.6	100.0	3.6	7.2	3.1	57.5	85.9	2
26.4	81.5	66.1	7.5	7.7	1.9	58.7	85.2	2
35.8	75.4	76.0	4.7	8.2	4.9	71.5	100.0	0
25.0	77.7	90.6	4.5	9.3	0.3	50.3	90.2	2
21.0	84.9	91.3	6.0	8.3	1.5	64.0	89.8	2
17.4	77.3	88.6	5.6	7.5	1.7	46.8	69.8	1
22.3	90.4	74.0	8.3	5.4	1.4	64.0	78.0	3
16.9	91.8	70.9	4.7	4.1	0.0	64.0	80.1	3
25.0	100.0	100.0	8.0	6.8	5.0	52.2	80.6	3
20.5	96.3	79.4	7.1	6.1	3.5	54.8	72.6	3
13.0	87.4	77.6	1.8	6.2	1.6	53.8	76.5	1
35.0	78.8	69.3	6.7	6.9	3.5	61.0	98.3	0
21.0	87.9	83.7	0.0	7.8	2.3	52.0	72.3	2
14.9	88.3	83.0	3.8	6.3	2.1	46.4	68.2	1
23.7	79.9	79.8	7.2	8.1	1.1	40.8	78.4	1
25.5	92.8	85.7	6.0	7.0	2.5	66.0	93.7	0
11.0	71.0	100.0	1.6	7.0	1.6	36.4	61.0	1
27.7	82.6	71.1	3.2	9.2	1.0	41.0	75.2	2
16.6	90.6	80.6	0.0	7.2	3.9	58.9	80.7	3
38.7	82.1	70.3	2.6	6.9	1.3	70.0	100.0	0
29.2	82.9	84.4	7.4	7.6	4.6	49.4	91.6	3
21.8	83.6	71.5	6.0	9.2	1.4	62.0	92.1	2
19.0	76.6	72.1	6.4	6.9	0.2	55.8	100.0	2
24.2	96.7	58.1	6.0	7.5	3.3	57.6	98.1	3
29.9	74.8	81.5	6.1	6.9	1.8	56.0	88.2	2
24.8	88.2	86.4	8.6	6.9	0.1	55.9	85.8	3
23.3	89.1	100.0	6.0	6.4	2.9	57.4	76.9	3
25.5	75.5	87.0	8.3	6.3	0.5	49.5	73.0	2
20.2	85.7	73.3	0.0	9.0	0.0	61.4	84.6	2
8.3	98.9	61.7	2.8	5.2	4.7	45.1	86.8	3
32.8	73.6	60.6	3.3	7.2	1.9	73.7	91.2	2
27.4	78.5	100.0	4.2	8.2	4.3	55.1	77.7	2
18.8	72.8	84.3	8.7	8.5	3.7	61.6	78.1	2
25.0	71.4	71.3	3.8	5.6	3.5	68.1	97.8	2
25.7	100.0	65.6	4.4	8.3	2.2	65.0	96.7	0
16.7	90.4	67.2	3.6	9.5	1.6	48.3	70.6	1
31.9	86.4	70.9	6.6	6.2	3.0	47.8	86.9	3
28.2	78.4	99.7	7.9	6.8	3.5	61.5	91.5	0
28.2	94.1	79.6	10.3	5.5	0.6	51.3	85.0	3
21.6	76.8	58.3	12.0	9.2	2.0	48.1	72.5	1
28.6	92.9	100.0	7.6	5.2	2.2	61.0	97.3	3
22.9	76.3	62.9	6.9	6.5	2.1	48.8	77.4	2
29.4	78.6	71.1	6.0	7.9	1.5	58.6	83.8	2
9.8	92.6	99.7	10.8	6.2	0.5	47.7	63.6	1
25.0	93.6	86.2	6.5	5.8	2.0	44.1	87.2	3
38.8	91.0	73.0	5.3	6.9	2.1	69.8	100.0	0
18.9	74.5	61.5	7.0	9.9	1.8	45.7	67.9	1
20.2	80.5	65.5	4.4	6.7	3.5	44.2	79.9	1
21.4	86.6	66.4	0.2	6.8	0.4	39.0	78.5	2
15.3	76.5	80.1	7.4	5.7	2.9	36.3	74.2	1
7.3	98.7	82.9	9.4	7.5	0.0	45.5	73.0	1
26.1	77.2	79.4	6.0	6.3	0.0	60.0	83.2	2
24.6	79.9	64.2	6.0	7.6	1.2	68.3	80.9	2
23.8	56.6	84.4	6.4	6.3	2.5	61.5	83.2	2
25.3	71.0	99.2	6.0	4.7	0.4	62.1	90.2	2
33.2	91.3	77.6	5.8	7.5	0.4	72.5	100.0	0
23.5	85.3	77.3	6.1	9.5	4.0	56.8	74.6	2
20.4	100.0	81.2	9.9	5.6	0.1	56.5	87.5	3
22.8	100.0	96.8	7.2	7.2	2.3	68.6	94.9	3
29.6	89.3	66.6	6.3	8.6	4.7	62.2	82.0	0
36.3	88.1	100.0	7.6	6.9	2.7	67.2	100.0	0
20.0	85.7	86.3	7.6	5.3	2.5	61.6	90.7	3
25.8	58.4	80.4	8.4	7.1	1.4	51.0	65.4	2
27.7	71.1	98.2	4.1	8.8	1.4	55.4	87.8	2
17.1	86.0	62.3	4.8	6.4	2.2	40.5	80.6	1
25.2	91.2	87.8	4.0	7.3	0.0	54.1	97.6	3
13.3	87.9	86.5	7.9	5.7	4.0	45.7	53.0	1
25.0	76.1	66.0	7.8	6.9	2.8	42.5	69.6	1
27.9	94.4	86.9	2.8	7.5	0.0	66.2	93.0	0
21.9	99.8	84.2	7.0	7.2	4.0	48.9	79.0	3
26.6	94.4	77.3	9.4	6.5	3.5	70.3	100.0	0
24.9	94.9	92.9	5.4	7.5	3.2	42.4	83.6	3
17.2	79.4	71.4	6.8	7.8	5.9	54.3	69.6	1
24.6	95.8	84.1	7.8	7.9	2.6	64.0	97.0	0
15.1	86.5	78.0	6.0	6.6	4.8	54.5	86.4	3
36.1	90.1	70.8	6.4	6.3	2.5	73.8	100.0	0
14.2	88.7	87.5	9.2	9.4	3.2	47.3	65.9	1
23.4	83.8	76.9	4.5	7.2	1.7	64.5	87.0	2
16.7	76.4	57.9	8.1	6.7	0.0	43.8	77.5	1
29.6	84.2	53.0	6.1	5.2	0.0	55.2	87.4	2
22.3	94.9	91.8	4.3	5.9	2.4	71.5	99.7	0
20.9	80.6	61.7	6.0	6.2	2.1	54.1	77.0	2
31.8	93.9	84.2	4.7	7.5	0.7	70.1	86.2	0
25.2	92.4	80.8	3.8	6.6	2.1	61.5	100.0	0
29.1	82.0	74.5	6.0	7.0	3.2	64.6	94.2	0
13.8	81.4	82.7	5.6	8.7	1.5	50.4	71.7	1
25.9	100.0	91.3	5.3	6.1	3.1	59.5	91.6	3
22.4	89.3	84.3	6.6	7.3	5.1	62.5	90.9	3
30.0	84.8	76.5	7.3	6.4	3.6	54.3	87.9	3
24.4	76.1	79.7	3.1	6.6	1.3	63.6	99.2	2
26.6	84.1	100.0	5.4	6.0	2.7	48.6	82.9	3
12.0	83.0	96.3	6.0	7.4	2.8	43.1	79.0	1
40.1	72.4	100.0	5.6	5.8	3.5	54.1	100.0	0
23.7	82.8	83.3	6.4	7.4	2.6	47.1	59.9	1
30.6	77.0	66.8	7.4	6.9	3.2	59.5	81.7	2
18.3	90.9	73.4	6.4	7.8	4.0	62.6	88.0	3
27.5	98.1	62.2	7.4	7.9	0.9	60.6	86.2	3
28.6	100.0	71.2	4.3	7.4	3.4	45.6	99.0	3
22.2	83.7	34.2	3.2	6.5	2.3	59.2	69.8	2
25.2	75.2	100.0	5.3	8.6	3.8	50.3	85.5	2
30.6	92.6	71.4	4.1	6.6	4.1	57.9	90.4	0
15.1	80.5	71.4	5.7	6.8	0.0	56.5	79.0	2
19.5	84.2	100.0	4.8	6.4	1.2	51.3	79.0	3
28.7	81.0	61.9	7.0	6.1	2.3	56.4	71.1	2
25.0	76.8	97.0	6.1	9.4	1.0	69.1	100.0	0
23.9	92.2	71.2	7.1	7.6	1.8	67.9	88.6	0
29.7	82.1	60.1	7.1	7.1	0.6	61.5	95.1	2
24.1	70.6	100.0	5.6	6.4	1.8	37.5	74.7	1
40.5	90.5	93.8	5.7	8.3	1.1	62.8	100.0	0
11.0	72.9	93.8	7.3	6.3	3.0	42.1	50.9	1
25.8	73.5	85.5	12.1	7.1	3.9	61.8	87.8	3
12.0	96.9	89.0	3.5	9.6	3.1	39.2	74.0	1
4.9	73.0	61.5	6.1	5.9	6.4	40.8	54.4	1
27.4	61.8	81.7	3.0	7.6	3.9	54.2	77.4	2
26.1	91.2	66.1	5.9	7.3	3.9	65.9	88.3	0
22.7	82.0	59.2	4.3	7.6	2.4	46.9	70.3	1
25.0	82.8	86.2	5.7	6.7	2.0	56.8	85.5	3
49.8	81.9	97.4	6.4	6.3	4.4	86.1	100.0	0
22.9	87.3	74.2	4.8	7.3	2.1	62.0	92.3	2
29.1	77.5	76.8	1.5	6.5	2.6	62.9	84.7	2
19.8	99.8	62.9	9.6	4.2	2.2	52.5	83.0	3
27.4	70.2	80.1	8.1	6.0	3.3	57.2	72.5	2
23.1	89.4	91.4	5.7	6.6	3.8	54.9	80.3	3
21.7	91.4	91.9	3.8	5.7	4.1	61.4	80.2	3
39.6	77.4	88.2	6.2	7.2	2.0	70.2	100.0	0
34.4	74.8	70.7	6.9	6.1	2.8	57.3	100.0	0
26.1	95.2	70.2	7.9	6.9	3.0	71.9	85.7	0
6.6	75.1	91.9	8.2	9.6	4.7	50.2	65.7	1
22.1	78.9	92.2	8.6	8.5	0.0	46.9	82.2	2
46.6	93.9	77.4	1.6	7.7	2.5	71.5	100.0	0
23.2	85.3	73.6	5.2	9.2	1.5	54.0	76.2	2
33.8	67.0	97.5	8.5	6.9	1.7	66.5	87.3	2
36.5	100.0	74.6	3.7	6.9	1.2	61.3	100.0	0
26.8	79.7	91.2	9.0	5.7	3.3	52.0	80.3	3
18.3	81.0	77.9	6.0	8.5	0.0	57.4	76.1	2
5.5	87.6	64.3	9.0	9.3	2.3	46.5	56.2	1
30.5	91.3	100.0	7.7	8.1	0.0	46.9	96.1	3
18.5	100.0	81.8	4.9	8.7	1.5	58.8	87.5	3
26.4	68.4	69.3	6.7	3.7	2.2	44.0	75.1	2
15.0	93.3	59.1	2.6	9.8	1.9	45.5	67.8	1
22.9	92.4	60.6	4.0	6.9	3.5	53.3	78.6	3
25.0	83.6	74.4	4.2	9.8	4.4	53.0	86.3	2
27.1	92.9	100.0	6.2	9.1	5.4	54.4	88.3	3
16.1	94.3	71.2	5.0	7.9	2.5	43.4	74.2	1
34.6	71.2	100.0	6.7	6.6	4.2	65.5	100.0	0
20.2	100.0	78.0	8.2	7.2	4.7	43.1	77.6	3
24.1	73.6	72.9	6.4	8.1	4.3	60.1	65.3	2
25.3	82.4	60.8	5.0	3.9	0.0	59.3	75.7	2
26.3	100.0	67.2	6.5	6.6	2.9	49.3	100.0	3
35.9	81.9	66.7	7.7	8.9	4.9	49.7	89.3	2
23.1	84.7	51.4	8.3	7.9	2.6	46.9	81.1	2
24.0	99.3	100.0	7.7	5.2	2.2	41.6	92.2	3
31.6	73.2	69.7	2.4	6.3	4.7	56.2	95.1	2
26.5	80.8	83.3	3.3	7.1	0.1	54.1	89.9	2
21.6	98.7	67.5	3.9	8.1	1.9	59.9	94.7	3
9.8	85.7	39.9	6.9	7.7	3.8	51.7	70.0	1
36.6	100.0	100.0	2.8	5.7	3.0	69.2	100.0	0
15.2	92.4	82.8	6.8	7.7	4.3	48.6	67.9	1
20.3	78.6	71.2	6.7	7.9	3.5	46.7	77.7	1
27.9	85.5	51.0	1.2	7.6	1.8	56.1	87.9	2
15.4	76.5	57.6	3.3	10.0	3.4	49.6	68.0	1
13.1	78.3	100.0	8.6	7.9	0.5	53.5	55.7	1
8.0	100.0	100.0	7.7	8.2	0.0	35.6	59.7	1
20.6	93.6	63.3	3.4	8.0	2.6	54.5	94.2	3
48.4	78.8	100.0	0.0	6.3	1.3	57.3	100.0	0
17.0	100.0	86.7	9.7	8.5	2.8	54.9	82.2	3
25.0	96.0	89.8	6.1	6.5	2.6	60.5	92.6	3
26.9	100.0	57.4	5.5	5.9	1.7	60.8	90.4	3
21.2	70.2	62.0	6.7	8.5	3.9	57.9	83.5	2
29.9	73.9	72.3	8.2	7.7	3.2	58.7	100.0	2
17.2	75.0	89.7	10.1	8.3	1.5	61.3	59.6	1
13.9	75.6	59.3	7.3	7.8	3.4	43.6	63.5	1
10.6	88.2	77.4	6.0	7.2	5.1	48.7	71.1	1
7.2	79.3	77.4	6.1	7.4	1.9	46.8	66.6	1
20.9	100.0	91.9	3.4	7.7	3.6	58.6	100.0	3
22.6	100.0	90.1	5.0	6.3	3.4	51.2	79.1	3
19.9	84.9	64.8	6.1	5.5	1.8	42.4	72.0	1
34.9	100.0	100.0	9.5	6.4	0.8	73.9	94.7	0
34.8	99.9	62.6	4.9	7.7	5.0	68.0	100.0	0
10.6	64.9	71.7	5.8	9.6	2.1	49.4	77.1	1
20.5	82.8	82.5	9.1	7.5	4.3	59.1	93.3	3
20.2	78.6	83.4	7.7	7.1	3.3	54.6	88.8	3
19.7	87.1	83.0	7.5	6.3	4.3	57.6	74.0	3
19.4	85.9	90.1	8.4	8.1	0.0	48.5	79.9	3
19.8	85.6	85.9	8.1	5.5	1.9	56.7	82.7	3
21.9	90.2	91.8	8.7	7.4	4.9	43.2	80.7	3
19.9	72.9	87.0	11.3	6.5	6.5	51.0	71.9	1
26.7	89.1	61.0	10.0	7.1	1.9	64.0	100.0	0
27.9	80.6	84.0	7.2	7.6	1.9	52.6	82.5	2
17.7	87.0	71.5	4.9	5.6	3.5	52.4	78.1	3
25.0	94.6	63.4	6.9	5.0	3.0	67.8	100.0	0
17.2	72.8	75.7	1.2	5.9	3.3	42.1	83.8	2
12.1	82.2	82.7	6.0	8.1	0.0	54.8	63.2	1
28.0	83.8	83.7	3.3	7.4	2.1	61.0	94.2	0
18.5	79.9	95.8	8.8	6.5	3.7	38.3	72.1	1
27.6	94.0	99.6	11.0	9.4	0.0	60.5	100.0	0
5.8	77.8	85.0	2.4	8.5	0.1	51.9	73.5	1
36.1	79.4	87.8	5.9	8.3	0.0	64.0	96.5	0
30.4	77.9	81.4	3.3	6.1	3.5	54.6	87.0	2
13.0	95.9	91.5	6.0	8.2	1.1	45.1	71.3	1
13.2	80.1	87.3	5.7	7.4	0.7	45.7	70.4	1
38.4	89.6	79.2	7.6	6.1	2.6	58.1	100.0	0
19.1	100.0	100.0	7.9	6.9	0.6	64.8	83.8	3
18.3	84.3	71.8	6.4	5.8	3.2	58.3	92.7	3
6.9	96.1	100.0	1.8	6.1	6.1	52.7	51.0	1
22.2	100.0	59.7	6.3	5.6	1.9	45.4	72.4	3
23.2	95.3	92.2	2.3	8.1	0.0	57.6	92.0	3
30.7	84.8	100.0	6.0	6.9	1.8	68.9	94.9	0
13.8	91.4	51.4	3.5	5.9	3.2	42.0	63.9	1
12.8	72.1	82.1	8.6	7.6	3.1	44.9	70.5	1
25.0	77.2	90.7	7.4	7.0	3.8	49.8	89.9	3
33.1	79.0	83.8	6.8	8.3	1.6	67.9	100.0	0
12.4	100.0	85.7	3.8	7.2	2.1	47.7	63.9	1
25.3	76.7	63.6	2.6	6.4	3.4	47.0	85.0	2
33.7	74.6	100.0	9.4	5.6	0.5	73.1	90.5	0
24.4	90.6	72.4	11.5	7.7	2.8	57.3	86.5	3
4.8	86.4	86.5	7.4	8.3	1.2	47.5	67.6	1
23.8	95.9	70.3	7.8	5.1	2.4	60.1	99.0	3
33.5	91.7	45.9	5.6	6.9	3.9	57.0	94.8	0
17.9	71.2	66.1	2.0	8.4	1.8	36.8	56.4	1
21.9	76.9	58.3	3.9	5.1	1.4	51.5	89.6	2
23.6	98.7	96.4	4.8	6.5	2.5	65.8	91.4	3
1.8	83.0	70.9	5.0	7.0	1.5	24.0	30.9	1
38.4	96.9	72.3	4.5	8.3	1.1	82.9	100.0	0
17.8	83.5	64.0	6.1	7.7	5.3	57.1	84.9	2
29.0	75.3	81.4	3.9	7.9	0.0	59.5	78.6	2
24.3	82.0	69.3	11.4	7.7	3.5	54.7	83.1	3
35.1	75.3	94.9	2.6	6.6	2.3	69.0	95.5	0
28.2	79.3	84.5	8.2	9.0	1.3	48.9	83.8	2
23.1	87.0	71.4	5.3	6.2	3.0	58.7	80.6	3
25.0	90.1	92.8	7.2	3.7	2.6	54.2	81.6	3
31.4	69.1	80.1	6.0	4.8	4.5	72.4	91.1	0
30.2	79.1	58.1	3.2	6.6	1.7	59.8	87.4	2
25.0	78.5	78.9	5.2	6.4	4.0	48.4	78.5	2
35.0	86.3	84.8	6.4	7.2	2.2	60.3	98.0	0
26.3	79.5	100.0	6.3	8.4	3.3	67.7	79.2	2
30.2	98.8	68.7	3.4	7.5	4.3	55.1	86.7	3
25.7	96.9	100.0	9.2	7.8	3.3	47.4	76.0	3
11.0	96.8	88.4	0.0	5.7	1.6	49.6	61.7	1
18.1	80.1	57.2	5.4	6.4	2.0	45.2	60.9	1
30.4	75.4	67.3	3.7	7.8	4.3	61.0	80.4	2
26.3	85.8	100.0	6.5	7.1	2.7	62.4	88.8	3
34.4	83.5	98.6	8.5	7.6	2.2	64.5	100.0	0
28.2	78.9	80.3	2.5	7.7	3.1	58.2	76.3	2
17.3	73.2	82.2	11.9	7.2	0.6	33.5	57.7	1
18.6	84.6	62.5	6.5	8.9	2.1	55.9	84.0	2
25.0	81.0	99.8	7.0	6.4	2.4	58.0	83.9	3
6.5	91.9	65.2	2.4	6.0	2.4	57.7	53.4	1
38.4	91.7	92.7	5.9	4.9	1.9	76.1	100.0	0
28.5	96.0	100.0	8.4	7.9	2.0	49.7	92.3	3
34.8	72.4	80.7	6.5	6.3	2.3	69.9	99.8	0
12.4	89.0	94.5	6.4	8.5	4.7	37.9	82.0	1
35.0	77.7	100.0	5.9	7.3	0.0	69.1	93.4	0
25.0	72.8	84.0	2.6	6.6	3.5	79.0	100.0	0
31.2	95.7	79.0	8.9	8.0	2.4	59.8	99.9	0
25.0	81.3	68.9	8.2	6.9	1.9	61.2	80.6	2
28.9	90.5	86.6	3.9	7.7	3.9	63.8	83.3	0
31.7	81.1	77.5	5.6	7.3	0.0	48.4	76.8	2
20.2	96.6	84.9	9.1	6.0	5.6	55.8	87.2	3
34.3	89.5	57.7	2.9	7.6	2.7	68.4	96.9	0
25.0	75.7	78.6	8.8	8.0	2.7	45.1	83.1	2
13.0	100.0	95.5	4.5	7.4	0.4	43.3	67.8	1
26.1	87.6	63.2	3.9	7.8	1.6	56.2	92.4	2
25.2	85.2	80.2	5.9	7.9	4.5	63.4	87.7	0
19.3	76.4	52.2	3.2	6.5	2.6	53.9	60.3	1
31.5	96.8	60.4	1.3	6.5	3.1	66.6	88.6	0
29.2	90.2	92.1	6.2	9.7	1.8	58.6	80.0	2
31.9	91.3	75.4	7.3	8.6	5.5	65.8	100.0	0
24.0	79.9	100.0	9.0	6.9	2.3	39.2	85.8	3
29.8	93.3	86.5	7.5	7.8	4.2	61.0	100.0	0
21.4	94.1	88.0	10.9	5.9	2.3	52.3	64.3	3
41.4	78.3	63.9	9.4	6.3	3.0	68.0	94.4	0
18.5	70.8	74.2	7.8	5.5	3.0	40.7	71.8	1
41.8	90.8	69.0	7.2	7.3	3.9	72.8	100.0	0
25.3	69.3	64.0	9.1	7.4	3.6	68.8	90.6	2
14.0	86.5	90.0	0.5	8.3	1.8	49.1	66.9	1
35.9	80.5	93.0	4.8	6.7	4.2	64.4	93.8	0
26.0	97.2	86.0	1.4	8.3	1.0	77.9	84.1	0
31.8	81.1	67.6	7.7	7.8	0.7	53.9	86.0	2
34.8	96.1	85.0	4.1	10.0	2.1	69.2	100.0	0
27.7	79.9	51.3	6.0	9.0	3.1	69.6	83.4	2
20.3	95.0	99.8	4.7	8.8	1.0	51.5	81.7	3
32.8	100.0	60.5	6.3	8.0	2.4	71.0	95.4	0
25.0	74.3	63.2	5.0	5.9	0.4	56.2	75.9	2
30.5	87.9	81.7	4.8	7.4	2.1	53.0	84.8	2
7.8	100.0	83.1	2.9	9.7	4.0	44.6	68.9	1
28.6	85.7	78.9	2.8	7.6	1.2	59.0	97.2	0
19.9	85.6	63.3	6.0	6.0	0.7	48.0	91.3	3
38.2	92.9	97.0	7.4	7.4	3.1	55.6	100.0	0
30.0	85.4	54.7	4.9	5.8	1.3	57.2	94.0	2
26.9	67.9	57.8	10.8	6.0	6.1	44.2	90.0	2
17.0	65.0	61.0	9.7	7.9	4.0	51.6	72.6	1
38.0	80.8	98.3	9.9	6.0	0.5	56.1	100.0	0
40.9	97.1	62.3	9.2	6.3	3.2	70.9	100.0	0
25.0	81.4	100.0	6.6	5.3	1.0	48.2	83.8	3
37.7	78.1	95.5	5.2	6.8	2.2	62.3	97.8	0
20.4	93.8	98.5	9.2	4.7	1.4	49.4	75.4	3
18.6	76.5	100.0	4.0	6.6	4.1	54.0	69.9	1
25.3	72.8	81.2	6.7	7.1	3.0	42.8	84.4	2
28.5	87.7	64.8	5.9	4.9	2.7	66.9	84.8	3
21.8	83.2	78.5	3.8	5.8	4.5	63.1	84.0	3
29.3	72.6	71.5	6.7	6.9	2.5	56.8	85.8	2
27.5	91.4	69.4	7.9	6.8	4.0	49.2	74.7	3
17.0	89.6	82.3	3.7	6.8	5.2	35.5	75.0	1
29.2	81.4	75.3	7.2	7.3	2.7	67.3	81.9	0
31.9	82.1	68.7	0.4	5.0	2.9	76.1	93.3	0
26.4	89.7	76.3	3.4	7.9	3.9	58.6	87.5	0
34.2	96.9	88.2	4.9	6.6	4.7	56.5	100.0	0
15.3	82.2	94.3	6.9	6.3	2.7	40.6	71.0	1
15.6	90.7	75.5	6.2	6.7	3.8	51.6	84.7	3
16.1	93.8	77.9	7.4	7.6	3.4	43.9	70.3	1
20.0	85.4	62.3	5.6	7.2	3.8	70.0	100.0	0
17.5	75.9	78.2	7.0	7.2	3.5	57.3	77.9	2
20.6	80.4	82.2	6.9	6.6	2.8	56.6	79.7	3
23.3	88.4	87.8	4.7	6.9	2.9	51.5	67.5	1
22.4	80.2	66.8	7.5	7.0	0.3	60.5	87.1	2
12.3	93.0	100.0	10.5	6.4	4.5	47.4	67.3	1
34.1	81.7	92.4	9.0	5.7	3.2	71.0	95.5	0
18.3	86.1	88.3	3.2	7.9	1.2	59.5	95.5	2
24.5	100.0	95.1	6.0	5.1	2.8	60.5	84.0	3
28.6	92.6	83.7	4.7	7.6	4.5	51.7	91.4	3
26.6	72.6	99.3	6.2	7.7	2.9	48.2	79.7	2
33.8	79.3	80.9	6.1	6.4	1.4	50.3	96.1	2
28.8	97.6	80.0	6.0	8.2	0.6	71.2	83.9	0
18.1	86.4	89.5	9.2	6.3	6.2	40.6	75.6	1
42.4	73.5	100.0	6.0	6.3	0.0	68.1	100.0	0
26.6	76.8	100.0	5.4	5.6	3.0	44.5	63.9	1
23.8	92.0	88.9	7.3	7.0	1.6	69.3	83.5	3
32.7	94.9	87.7	8.7	5.8	4.1	55.1	99.8	3
27.0	85.2	90.4	7.4	6.1	0.7	60.4	88.2	3
28.2	100.0	94.8	4.9	6.9	4.9	49.4	94.7	3
44.9	93.2	99.5	4.5	7.0	2.3	79.2	100.0	0
22.8	82.6	76.5	3.2	8.5	2.2	62.6	86.0	2
22.5	76.8	99.8	6.5	8.1	2.0	53.5	92.7	2
25.9	75.3	85.1	7.6	7.7	1.6	55.2	88.7	2
12.9	80.1	100.0	8.9	6.5	3.6	42.2	69.7	1
9.3	100.0	91.2	9.7	7.0	0.0	55.1	72.0	3
20.3	99.7	93.7	2.6	6.3	1.4	57.4	89.2	3
11.9	91.3	74.2	7.0	6.2	4.7	35.8	72.8	1
21.6	73.2	100.0	7.1	6.9	2.4	66.0	94.4	2
29.0	78.3	90.4	5.8	5.9	1.6	59.9	89.5	2
17.9	97.6	81.9	3.9	6.0	0.6	50.5	85.7	3
25.6	96.2	100.0	4.5	5.3	4.0	53.2	83.4	3
31.9	89.7	62.5	0.5	5.8	1.3	61.2	91.6	0
11.4	85.5	67.9	6.1	8.5	3.7	52.3	76.3	1
31.6	78.0	100.0	5.4	6.5	1.0	65.5	100.0	0
31.5	84.1	86.4	10.6	8.7	2.3	65.9	100.0	0
32.6	86.9	82.9	7.2	5.6	2.4	58.0	100.0	0
34.7	95.3	78.3	5.2	7.1	1.4	58.9	100.0	0
42.6	76.1	98.1	5.5	7.9	2.6	71.3	93.6	0
22.2	82.4	100.0	5.5	5.9	0.0	59.8	68.7	3
25.0	75.9	74.7	2.5	7.6	1.2	58.1	87.2	2
37.3	71.8	91.0	5.4	6.2	2.8	63.0	100.0	0
25.0	91.7	98.3	5.9	8.8	2.7	58.1	75.7	3
36.0	97.8	91.5	1.5	9.5	0.5	55.8	100.0	0
33.2	83.4	100.0	7.5	8.4	2.6	70.6	93.2	0
22.1	69.5	71.4	4.0	8.0	0.0	56.6	73.5	2
25.0	80.2	67.5	9.1	5.9	1.6	61.6	91.7	3
27.7	88.8	100.0	6.0	7.1	2.5	56.6	92.1	3
37.0	79.7	81.8	4.8	6.6	2.8	68.2	87.7	0
25.6	85.2	59.4	0.0	7.0	0.7	58.4	70.6	2
33.2	92.4	75.3	6.0	7.2	2.1	66.0	93.2	0
46.1	83.0	83.8	6.7	5.9	3.7	71.5	100.0	0
29.8	75.6	70.3	4.9	6.8	1.0	62.7	80.1	2
25.4	82.0	64.8	3.8	6.9	0.0	63.2	100.0	2
30.8	99.1	76.9	6.0	5.8	3.3	69.7	100.0	0
22.1	100.0	64.0	3.3	8.0	1.1	60.0	93.3	3
44.1	64.8	89.5	5.1	7.3	1.5	67.8	100.0	0
26.4	95.9	50.8	6.0	8.0	2.7	62.6	95.5	0
22.8	87.5	81.4	9.6	7.6	2.6	64.2	90.3	3
18.3	94.2	87.8	5.5	4.9	4.0	51.7	87.8	3
33.8	79.5	78.6	4.2	6.0	2.1	60.2	100.0	0
31.9	67.3	96.4	5.7	9.0	2.6	62.8	92.1	2
21.0	90.8	59.4	8.3	7.9	0.0	59.9	99.7	3
29.6	75.6	69.5	8.8	5.1	3.4	57.8	88.0	3
12.9	71.1	75.0	2.6	7.6	1.5	48.7	61.0	1
26.5	71.8	90.7	6.3	6.0	7.3	49.3	66.3	1
28.6	91.0	83.3	2.4	4.5	2.2	60.0	86.4	3
38.7	86.4	100.0	8.2	9.0	3.1	78.6	100.0	0
18.8	92.8	67.9	7.1	7.1	3.5	57.6	80.3	3
14.8	91.7	59.1	3.7	7.3	2.4	45.0	74.9	1
17.8	80.8	100.0	9.8	5.5	3.2	46.6	72.2	1
14.3	84.3	58.5	6.8	5.6	5.9	39.0	55.3	1
37.4	82.9	65.3	5.6	8.7	0.0	58.0	92.5	2
27.6	75.3	49.0	6.0	5.0	0.5	38.0	74.5	2
25.0	88.9	74.4	5.0	8.9	4.0	53.9	88.2	2
26.1	95.8	93.5	4.1	5.8	1.8	59.3	94.5	3
24.2	76.8	61.7	9.1	5.5	6.0	49.3	84.1	3
22.3	97.8	88.6	4.8	6.9	3.6	57.4	86.1	3
22.5	86.1	91.4	4.7	6.2	1.5	57.4	67.2	3
12.6	87.4	60.9	5.7	7.1	1.3	42.9	56.0	1
27.1	68.0	76.6	9.6	5.9	1.8	48.6	84.3	2
24.7	66.9	100.0	8.8	6.6	0.0	60.4	75.3	2
31.0	86.4	89.8	5.0	6.1	2.9	63.4	88.5	0
25.7	92.9	76.1	9.1	8.0	3.5	38.2	81.0	3
18.0	100.0	69.7	3.9	7.3	0.2	40.1	58.8	1
25.6	92.3	96.7	4.8	8.3	1.1	56.8	80.8	3
30.9	75.9	96.7	9.4	7.3	4.0	61.1	86.8	0
15.9	85.3	81.8	11.2	7.2	3.7	48.4	66.8	1
25.7	100.0	83.5	6.0	6.9	2.8	54.6	94.9	3
25.0	72.6	65.0	4.6	6.1	5.0	63.7	86.0	2
19.3	90.3	59.7	5.7	6.1	0.0	55.4	80.6	3
20.3	81.8	74.4	4.1	7.2	2.2	45.6	83.7	2
26.8	92.1	78.7	4.5	8.2	3.3	52.6	74.7	3
15.9	97.7	95.9	4.2	7.7	3.7	45.9	86.6	3
27.8	81.1	93.8	5.8	7.7	3.7	55.4	99.2	0
17.8	96.2	82.8	6.3	5.7	3.6	53.1	77.7	3
33.5	100.0	97.9	5.6	7.6	4.5	68.2	99.7	0
43.7	85.7	65.8	5.4	6.5	3.6	64.5	100.0	0
18.1	92.8	96.2	7.9	7.2	0.8	42.3	72.4	1
29.3	79.1	68.1	5.4	7.7	1.8	61.8	92.9	2
19.2	85.2	98.6	5.6	5.6	0.0	58.4	82.2	3
14.9	93.0	50.0	9.9	7.3	4.3	53.1	65.4	1
28.8	97.0	91.0	4.8	8.2	0.7	55.7	96.4	0
18.0	83.9	92.1	7.5	6.4	1.9	55.7	69.6	3
23.3	100.0	73.2	4.1	6.9	0.0	56.4	83.4	3
16.8	100.0	74.4	6.9	7.2	2.3	42.5	82.1	3
31.6	93.5	77.6	7.4	6.4	1.3	62.3	93.3	0
18.3	79.8	51.1	8.7	6.4	0.7	52.8	69.9	1
29.4	78.9	44.5	5.0	6.3	2.5	69.6	94.8	0
22.2	76.9	99.5	3.2	6.8	5.3	53.8	88.2	2
24.1	94.5	67.6	6.0	9.1	3.7	51.1	100.0	3
26.2	72.9	100.0	8.4	6.9	2.1	41.4	85.7	2
18.9	91.8	100.0	11.2	7.6	2.4	43.7	84.1	3
26.7	74.2	100.0	8.1	7.0	5.3	48.9	79.4	3
37.2	93.2	70.2	2.8	6.6	4.4	79.4	100.0	0
18.8	85.2	55.9	8.0	7.0	2.0	50.4	77.4	1
34.4	98.3	63.7	3.6	7.9	3.3	64.9	100.0	0
18.5	99.4	44.4	6.5	6.8	2.5	58.3	84.8	3
13.4	99.6	72.9	6.9	6.7	3.6	48.0	62.2	1
27.4	86.4	77.0	6.2	5.8	4.0	67.1	86.2	0
20.6	73.4	60.6	4.5	8.2	1.5	46.3	75.8	2
18.6	74.2	85.3	9.1	7.3	2.1	52.0	73.2	1
15.8	85.7	66.6	2.6	8.7	5.4	57.4	81.9	2
33.7	79.4	84.4	6.5	6.8	2.0	68.7	96.8	0
20.4	83.2	82.1	2.9	6.1	0.8	59.6	84.9	2
25.0	89.9	80.7	3.9	8.3	1.5	79.2	81.6	0
32.6	82.0	70.2	4.7	6.3	3.6	59.8	80.5	2
21.1	73.8	60.0	6.0	8.5	1.0	45.1	66.7	1
24.6	84.5	100.0	9.3	7.7	3.7	59.6	87.6	3
24.9	76.0	89.5	8.2	8.8	1.2	48.5	72.9	2
30.5	82.3	95.1	6.1	5.8	2.4	51.7	94.0	3
29.7	98.4	78.7	6.5	8.1	5.8	60.2	97.6	0
23.2	82.3	77.5	9.2	6.1	1.2	69.6	84.1	3
25.5	100.0	87.4	7.8	4.1	0.0	64.3	95.6	3
22.0	99.3	52.5	6.0	8.1	4.6	59.3	82.8	3
13.2	79.2	63.3	9.7	7.0	0.4	34.2	64.3	1
27.1	73.9	68.0	8.0	8.2	1.3	51.7	78.1	2
40.1	84.5	73.2	6.6	7.1	3.6	78.5	100.0	0
17.9	96.5	66.8	4.9	7.0	3.5	50.9	88.9	3
18.8	80.1	85.0	4.6	8.8	0.0	67.6	71.9	2
18.0	94.1	81.2	5.2	7.1	2.0	56.0	74.3	3
30.8	97.1	100.0	7.1	6.4	3.8	61.5	91.3	3
28.6	77.3	100.0	8.1	6.9	5.5	55.7	87.7	3
23.7	78.2	61.1	2.4	7.2	0.6	54.0	87.7	2
17.7	92.1	82.2	1.1	3.6	4.1	41.2	58.4	1
25.7	86.5	82.2	3.6	7.6	1.5	64.6	88.2	2
12.5	78.1	79.8	5.0	8.6	4.1	49.4	65.9	1
26.1	81.5	63.7	9.0	6.9	0.9	54.9	91.9	2
32.0	84.3	66.2	5.3	6.5	2.2	60.8	87.0	0
15.0	69.4	83.6	6.6	7.5	3.1	52.7	73.3	1
12.7	92.7	65.8	7.0	9.1	3.9	63.7	78.4	3
37.6	80.2	82.4	3.4	7.6	3.4	76.7	100.0	0
20.1	57.2	76.3	9.6	7.3	1.9	50.0	86.3	2
34.1	84.8	82.1	4.3	6.5	1.7	57.1	100.0	0
23.8	77.6	65.7	9.9	5.7	5.2	43.0	73.0	1
23.7	100.0	82.4	5.7	7.0	2.9	58.7	92.6	3
28.5	79.1	66.8	5.2	7.0	1.8	52.4	90.2	2
17.9	74.0	82.4	3.2	4.7	3.3	50.7	75.4	1
26.1	90.1	100.0	6.5	6.1	3.4	60.2	92.1	3
21.9	78.4	83.9	11.6	8.4	0.5	58.6	85.2	2
14.4	77.2	84.8	7.0	6.7	3.2	38.6	71.9	1
27.7	90.1	92.3	6.7	4.1	0.2	52.6	100.0	3
22.9	74.6	58.9	4.3	8.9	1.5	51.0	63.0	2
23.7	70.4	100.0	7.5	5.9	1.0	55.3	89.5	2
15.3	100.0	64.2	6.4	6.4	2.3	53.0	78.5	3
25.0	90.8	93.2	5.8	8.3	1.8	86.3	100.0	0
32.0	82.4	91.2	7.2	6.1	2.2	44.4	76.2	3
32.7	85.0	66.5	1.5	4.6	0.0	70.6	100.0	0
22.6	90.1	95.1	5.7	7.3	2.4	63.4	86.7	3
11.2	94.7	87.5	3.0	8.0	0.8	40.7	58.1	1
40.6	77.4	100.0	6.1	6.4	5.9	63.5	100.0	0
24.5	88.7	82.9	4.2	6.9	1.9	69.9	99.2	0
19.0	79.9	78.4	4.4	5.6	2.1	46.6	85.3	3
28.3	83.1	72.3	2.7	5.8	3.5	54.2	87.7	2
34.3	86.6	53.8	8.8	6.6	4.5	64.6	99.3	0
24.8	84.9	75.2	4.3	7.8	0.7	60.2	91.6	2
35.2	92.4	75.9	4.4	7.1	3.4	72.8	100.0	0
33.7	89.9	83.9	9.8	8.2	3.9	71.5	100.0	0
16.4	69.9	58.7	7.4	9.0	2.8	53.6	72.4	2
19.6	71.4	76.4	0.9	8.1	2.7	36.1	63.4	1
32.7	81.3	88.6	9.5	5.1	1.7	61.4	93.1	0
3.3	100.0	90.1	10.1	6.7	2.0	47.5	56.9	1
23.8	76.5	52.1	9.9	8.1	2.3	59.5	73.9	2
13.6	82.9	90.6	6.0	6.9	1.9	42.3	56.5	1
21.2	79.6	76.3	3.2	5.1	3.8	45.2	67.2	1
22.6	79.5	77.2	5.9	6.3	1.2	45.7	69.2	1
22.1	86.8	44.5	2.4	4.3	3.8	58.1	84.9	3
20.6	99.0	100.0	3.8	6.7	4.5	62.8	89.7	3
16.2	89.6	82.7	3.2	6.2	3.1	51.7	71.1	1
43.3	77.0	57.0	4.4	6.6	0.0	61.0	98.5	0
39.9	100.0	85.6	6.4	8.4	3.4	71.3	100.0	0
15.7	85.8	85.2	4.9	5.4	1.5	42.5	66.0	1
37.7	79.2	98.3	4.8	6.1	1.7	59.6	93.8	0
21.8	99.1	75.4	5.3	5.6	3.0	53.5	71.6	3
25.0	80.3	80.2	9.7	8.3	4.2	50.6	85.9	3
24.5	100.0	70.4	11.4	8.4	0.0	49.9	100.0	3
19.7	76.3	89.0	4.9	7.4	2.6	62.9	77.5	2
25.0	99.3	68.2	6.8	7.4	5.5	50.4	91.7	3
26.0	87.0	66.6	3.9	5.6	0.9	53.1	87.9	2
21.2	97.9	79.0	7.9	7.2	2.2	54.0	86.1	3
14.6	100.0	61.6	4.8	5.7	1.6	60.1	59.6	3
17.9	73.7	100.0	4.2	7.0	3.6	51.6	76.5	1
11.9	97.8	100.0	11.0	6.6	0.6	46.5	85.8	3
25.1	70.9	73.2	2.6	6.3	0.1	48.9	78.8	2
15.4	74.5	59.2	0.0	7.0	3.7	56.4	69.9	2
22.9	77.0	85.0	7.8	7.8	2.9	47.7	82.8	2
34.6	85.3	97.6	4.4	7.7	2.4	62.5	99.3	0
24.7	83.3	68.2	12.8	9.7	0.6	59.7	92.1	2
24.3	86.5	88.2	7.8	7.2	3.9	68.0	95.3	0
40.0	90.9	81.7	5.9	9.1	2.9	74.0	100.0	0
29.2	91.7	69.9	4.2	7.5	1.4	59.7	83.8	2
22.4	95.9	83.6	7.1	7.3	1.6	68.7	80.1	3
13.6	100.0	93.2	1.7	6.8	1.8	62.0	67.1	3
28.2	84.8	81.3	4.7	7.4	0.9	67.4	99.6	0
31.6	79.8	81.5	5.9	7.5	4.5	62.8	99.0	0
19.9	91.1	66.9	6.5	5.3	4.2	47.8	80.7	3
27.3	73.6	97.2	5.6	7.8	1.9	38.8	90.4	2
22.1	78.2	95.7	4.3	5.2	2.0	54.9	76.6	3
23.5	95.0	73.8	8.3	7.8	0.8	62.7	83.7	3
5.1	83.8	78.1	1.9	7.7	2.3	31.4	53.6	1
23.2	72.9	100.0	5.3	8.7	3.2	56.5	88.2	2
32.8	70.1	63.0	4.7	6.0	4.3	56.7	83.7	2
19.9	85.5	89.1	8.5	5.8	1.2	56.6	95.4	3
25.4	96.4	71.6	4.9	8.3	0.0	53.9	87.9	3
19.0	96.3	100.0	7.1	5.7	1.0	48.2	82.8	3
27.9	86.1	81.0	6.8	5.6	3.3	58.4	90.2	3
23.3	100.0	98.9	1.4	7.3	2.4	48.6	81.1	3
25.0	84.0	68.6	5.8	6.9	4.0	57.9	83.7	2
35.7	83.6	61.3	1.6	7.2	2.6	64.4	71.5	2
32.4	59.3	76.5	6.9	7.6	4.9	49.6	79.1	2
29.0	93.5	72.3	9.0	6.9	0.0	65.2	84.4	3
29.3	100.0	91.4	5.5	7.1	4.5	59.7	89.1	3
30.1	76.7	76.9	4.1	6.9	1.3	64.4	87.6	2
11.4	89.6	48.8	9.0	7.0	2.7	39.6	61.9	1
33.1	95.5	88.3	3.8	5.3	2.7	62.0	94.2	0
20.4	85.1	66.8	8.2	7.9	3.0	52.6	70.0	1
25.0	62.2	74.6	6.0	8.3	1.8	67.6	78.9	2
46.1	87.5	100.0	5.1	7.8	1.1	67.2	100.0	0
27.4	92.6	100.0	2.7	7.7	1.0	64.2	96.4	0
21.9	75.5	71.4	9.1	5.8	3.4	56.3	86.5	3
7.4	82.5	88.7	7.3	5.3	3.7	56.0	62.5	1
36.1	73.4	71.7	4.1	8.0	2.1	73.3	100.0	0
14.2	59.3	75.7	6.6	7.0	1.6	41.1	49.2	1
17.0	95.3	70.9	8.5	7.2	3.4	44.2	84.4	3
22.3	85.0	54.1	6.3	7.3	0.3	43.9	86.3	2
36.3	100.0	81.4	6.6	7.3	5.4	69.0	93.3	0
31.2	93.6	84.3	8.6	7.8	3.2	70.0	100.0	0
23.7	81.5	69.9	9.8	6.9	2.3	63.6	84.3	3
27.5	84.2	96.3	5.7	4.7	3.7	56.3	86.0	3
20.2	90.7	73.5	2.7	7.8	3.4	54.1	80.5	3
26.1	94.7	70.4	2.7	7.7	2.9	69.5	89.1	0
25.6	88.2	87.9	4.3	5.4	0.0	51.7	92.8	3
32.8	96.1	56.9	3.7	5.6	3.1	45.4	92.1	3
25.0	75.0	74.0	6.0	8.3	1.7	49.3	83.3	2
22.1	84.4	94.8	7.3	3.8	3.9	52.0	75.5	3
30.9	87.1	99.3	4.7	7.5	3.8	64.7	99.8	0
24.3	73.0	89.6	5.9	6.7	2.9	50.7	67.5	1
16.3	71.6	67.8	1.5	7.1	2.8	56.1	87.1	2
21.8	89.5	61.2	8.9	7.2	3.3	74.8	90.7	0
25.7	80.9	58.5	1.1	6.1	3.1	50.3	71.8	2
32.3	83.3	96.5	7.3	7.8	5.3	62.7	92.4	0
15.3	100.0	71.0	5.0	7.9	3.6	53.8	71.0	1
25.5	97.6	78.0	9.1	8.2	4.1	54.2	91.1	3
25.9	72.6	96.2	1.9	6.0	3.6	50.4	97.2	2
26.5	79.7	91.7	5.6	6.0	0.0	52.1	98.8	2
25.0	93.5	86.6	7.6	7.1	2.3	59.8	98.5	3
33.2	91.0	89.6	7.2	8.8	1.6	60.2	91.1	0
20.2	84.6	82.7	6.2	6.3	3.0	34.1	72.6	1
20.1	73.6	84.5	7.2	6.5	1.7	51.8	80.3	2
30.6	79.8	80.0	10.8	7.8	1.9	54.5	94.8	0
36.6	87.8	91.3	2.0	7.6	5.0	66.3	100.0	0
22.5	100.0	85.4	8.9	7.0	5.0	56.8	88.2	3
23.1	78.1	66.8	6.5	6.6	0.3	51.0	69.4	2
36.7	74.7	87.9	7.5	7.4	3.0	63.8	96.4	0
29.0	83.9	83.7	8.0	3.2	1.8	55.0	100.0	3
28.5	95.3	89.2	7.4	9.2	2.9	51.9	93.7	3
15.5	70.5	78.4	4.0	6.8	3.4	61.9	81.3	2
30.4	99.5	92.2	6.0	7.2	0.6	59.0	100.0	0
17.6	83.3	79.1	2.4	9.5	1.0	52.7	65.6	1
25.0	77.7	90.9	5.3	6.1	1.2	68.1	98.5	0
22.2	69.0	73.2	6.8	9.8	1.7	48.9	82.0	2
20.3	92.1	74.2	7.5	7.9	1.7	57.5	91.7	3
23.2	83.3	89.0	7.0	7.5	3.7	72.4	83.0	0
13.5	86.7	75.0	1.6	7.8	2.8	35.7	70.1	1
32.7	76.0	100.0	4.6	6.0	1.2	70.9	90.3	0
34.0	81.8	88.5	6.0	5.0	2.0	64.5	98.3	0
32.8	84.0	92.3	3.9	8.3	5.5	62.6	92.8	0
18.5	78.3	72.8	6.0	5.9	2.5	47.9	81.5	1
31.9	69.7	93.8	9.5	5.0	4.0	71.2	89.0	0
24.5	100.0	93.4	3.6	6.9	3.7	58.2	73.0	3
25.2	71.4	98.8	3.2	7.7	2.4	59.9	80.4	2
23.5	86.8	73.4	4.5	7.0	0.0	51.7	92.6	2
34.7	67.3	61.7	6.8	7.7	1.7	63.3	100.0	2
15.1	65.0	70.8	9.1	8.4	3.0	43.2	73.0	1
29.9	86.0	75.8	5.8	7.7	2.6	49.6	96.3	2
33.8	86.7	100.0	2.4	6.8	4.1	73.2	98.2	0
25.0	97.6	100.0	2.9	6.3	2.5	65.3	100.0	0
43.6	89.0	85.2	6.5	7.9	5.3	76.8	100.0	0
20.8	83.5	80.1	8.5	7.3	0.9	47.6	82.5	3
32.7	75.5	74.8	10.5	6.0	3.3	69.7	100.0	0
24.2	100.0	92.4	3.0	8.6	1.0	61.6	81.7	3
34.9	94.3	100.0	6.3	7.3	3.9	66.4	100.0	0
24.9	72.5	100.0	3.4	7.8	1.4	62.3	72.1	2
21.9	85.4	97.1	3.8	6.5	0.0	51.8	87.0	3
35.4	86.4	96.8	3.5	8.4	0.3	74.3	100.0	0
21.1	81.5	92.5	5.2	5.1	1.8	48.1	71.3	1
13.7	92.7	79.3	3.8	9.0	4.8	49.4	80.2	1
20.9	93.3	69.0	12.2	4.7	3.6	47.6	76.0	3
30.0	83.1	79.7	4.9	5.3	3.2	51.3	84.8	3
36.1	82.2	86.3	8.5	7.3	2.4	60.9	100.0	0
25.9	100.0	58.2	4.4	6.4	0.8	58.2	91.4	3
35.5	94.3	77.7	6.0	6.6	1.1	69.9	100.0	0
14.1	85.7	67.6	6.8	6.4	1.7	43.6	76.5	1
21.5	68.7	95.2	8.1	6.1	1.5	55.8	70.2	2
22.7	88.4	71.8	4.5	7.4	1.5	52.9	75.6	2
24.1	92.0	84.9	8.4	6.9	1.1	53.2	83.2	3
25.7	57.5	69.5	6.8	8.1	2.5	57.6	77.3	2
30.5	87.5	100.0	5.1	7.1	1.4	56.9	97.3	0
21.4	80.8	54.5	3.3	6.5	4.2	66.9	98.9	2
26.1	82.8	87.1	6.0	7.9	4.2	60.2	86.1	2
24.6	75.9	60.8	5.2	4.8	3.4	44.6	77.0	2
17.6	83.5	72.4	8.2	3.9	3.2	49.8	68.2	1
24.1	98.9	83.1	5.4	5.1	0.2	53.1	81.2	3
23.9	80.5	83.8	1.2	6.6	5.9	42.7	81.1	1
23.7	94.7	83.4	7.6	7.5	2.1	64.9	90.1	3
25.3	76.9	82.3	9.2	3.8	3.7	63.6	95.2	3
25.6	92.6	70.4	1.8	7.0	3.7	52.7	95.0	3
21.5	85.0	77.5	10.5	6.6	0.9	59.2	89.6	3
35.2	88.5	80.5	9.5	7.2	1.6	71.2	91.6	0
15.6	85.1	82.9	4.4	4.7	3.1	49.4	77.0	3
19.2	91.4	79.0	6.0	10.0	0.2	60.3	75.2	2
47.2	59.3	90.9	8.6	7.0	2.4	71.5	92.6	0
16.7	70.8	81.4	2.6	5.5	0.0	56.7	74.1	2
30.9	64.6	74.3	2.7	8.8	4.6	59.0	91.2	2
8.4	79.7	64.2	6.0	5.5	2.5	44.8	53.2	1
23.1	84.5	82.3	9.7	5.2	0.3	46.3	100.0	3
42.2	76.7	98.1	6.9	6.9	1.7	60.2	100.0	0
12.6	78.1	86.7	6.0	7.0	3.4	34.3	53.3	1
9.1	87.7	67.7	5.1	7.9	2.8	45.4	47.3	1
13.0	95.1	92.2	6.2	8.8	3.2	45.7	68.5	1
32.2	75.4	75.0	2.9	7.9	2.2	50.8	72.0	2
34.0	79.2	90.7	6.0	5.3	1.4	71.5	91.1	0
20.9	77.7	74.5	6.0	5.7	2.7	55.3	64.0	1
30.5	60.8	85.3	5.6	6.0	2.6	51.5	75.6	2
25.0	86.4	72.2	5.4	7.9	4.0	66.6	96.8	0
39.3	94.3	72.6	5.2	7.7	1.8	66.8	100.0	0
23.0	95.2	56.5	11.3	8.5	2.6	44.8	99.4	3
6.6	76.3	87.7	10.4	7.7	2.3	43.4	55.3	1
18.4	72.5	85.6	9.5	6.2	5.9	62.0	85.7	3
21.6	85.2	86.4	10.5	6.8	1.4	64.6	89.3	3
22.9	93.3	84.1	9.5	5.2	1.9	57.0	83.8	3
23.5	86.5	68.6	5.9	7.8	1.1	52.3	78.6	2
34.0	87.9	94.5	5.7	6.2	4.5	67.9	100.0	0
35.2	96.4	94.9	6.6	8.5	4.6	67.9	95.1	0
25.0	77.6	68.2	5.5	7.7	2.2	53.3	74.9	2
33.8	82.8	88.0	3.4	9.3	4.3	76.7	96.3	0
27.9	100.0	93.1	6.0	7.5	3.0	57.9	93.5	3
25.5	83.0	72.9	2.1	7.5	3.6	63.8	80.1	2
32.3	72.3	75.6	6.3	6.8	1.0	61.1	98.8	2
25.6	78.3	88.0	3.5	6.5	2.7	57.0	92.2	2
41.5	75.6	57.3	5.8	6.7	5.3	55.1	93.0	0
13.5	88.6	63.7	6.5	8.2	4.7	56.7	76.9	1
20.9	76.0	65.2	5.1	5.4	3.7	58.3	71.3	2
24.0	87.7	53.1	1.9	7.1	3.9	57.6	86.0	2
28.5	77.6	96.3	3.0	5.0	6.1	65.8	98.5	0
35.1	63.8	50.2	7.1	7.4	3.7	64.0	93.1	2
24.8	88.1	85.1	4.6	6.4	1.5	47.1	81.2	3
13.6	86.5	92.2	7.4	7.6	4.3	40.9	84.3	1
31.7	90.2	75.6	6.0	6.1	2.4	61.9	98.9	0
31.0	78.3	70.0	5.5	6.7	3.2	47.3	78.8	2
25.0	89.0	80.0	4.3	7.2	1.4	55.5	100.0	0
12.3	100.0	95.1	7.0	8.9	3.0	50.2	66.8	1
19.7	85.1	40.6	5.0	6.4	4.0	45.2	68.5	1
17.8	89.2	66.2	12.3	6.3	3.6	56.6	78.1	3
31.5	81.8	88.4	3.2	8.5	3.2	59.8	98.0	0
25.9	69.6	80.8	5.1	6.6	2.2	52.4	69.8	2
14.7	94.7	91.3	5.2	6.5	0.0	60.8	76.7	3
32.0	94.1	83.9	2.6	7.5	2.4	73.0	91.2	0
13.5	92.1	78.0	7.8	6.8	3.3	54.6	72.1	1
27.6	83.2	75.5	4.9	6.6	0.0	59.8	95.8	2
18.5	91.0	100.0	0.1	6.2	2.4	48.6	74.4	3
22.1	93.9	100.0	7.7	8.6	2.4	53.5	98.9	3
29.0	100.0	87.4	4.4	6.8	1.1	59.3	88.5	3
29.2	94.9	81.2	5.7	6.3	3.6	64.1	96.8	0
35.7	85.6	88.1	7.7	6.6	3.9	64.4	100.0	0
24.3	71.9	92.4	5.1	7.4	5.2	54.0	86.5	2
27.5	86.6	86.3	5.1	8.8	2.5	70.1	100.0	0
21.5	87.6	68.7	12.2	6.8	4.4	62.8	86.3	3
26.5	92.1	100.0	0.6	6.0	1.3	52.8	80.3	3
28.5	98.5	83.7	2.8	9.3	1.9	63.4	96.4	0
24.2	84.0	100.0	3.3	7.2	3.5	49.9	74.1	3
10.6	100.0	82.8	10.5	6.9	1.5	52.4	73.1	3
27.7	67.4	76.3	4.4	7.1	2.3	70.3	98.0	2
27.9	89.2	100.0	6.6	5.5	3.8	56.6	94.6	3
19.6	77.0	84.5	4.8	6.9	2.5	57.2	75.9	2
14.7	65.9	82.0	7.5	7.9	1.1	58.0	63.4	1
36.8	83.0	62.0	6.0	8.5	1.6	64.0	100.0	0
28.9	70.4	89.9	6.6	6.6	2.1	61.0	91.0	2
23.2	83.4	72.6	9.2	7.2	3.4	67.7	76.6	3
15.9	85.3	73.3	6.0	8.5	2.0	42.7	61.4	1
18.4	96.2	72.6	4.2	7.0	0.0	45.5	75.0	3
35.4	69.9	86.6	6.8	7.9	3.7	52.7	79.3	2
26.1	94.1	57.0	12.0	7.5	3.5	64.4	77.1	3
25.0	86.0	76.8	7.4	6.2	0.9	45.7	68.2	1
29.1	95.3	94.7	6.4	5.9	0.8	65.3	99.5	0
18.5	80.7	61.3	2.6	8.3	4.5	61.2	78.5	2
37.0	71.7	82.6	7.8	3.8	2.1	58.5	91.4	0
35.8	72.8	70.5	8.2	6.2	3.6	57.1	85.5	2
21.3	72.1	73.9	6.8	5.3	1.5	56.8	80.2	2
20.0	89.8	100.0	6.3	8.3	3.5	53.8	81.9	3
4.1	99.8	55.2	13.1	8.6	1.1	25.3	64.1	1
13.1	79.4	91.5	8.1	6.1	3.1	58.3	50.5	1
14.3	91.3	72.8	9.1	10.0	3.0	53.5	59.6	1
26.1	69.8	72.1	6.2	8.7	0.0	52.2	88.0	2
22.4	86.8	63.3	5.7	7.2	2.7	51.7	84.3	2
14.2	91.7	91.3	7.6	8.8	1.4	54.7	82.1	3
22.8	70.5	77.1	5.7	6.2	4.1	52.3	68.7	1
29.0	83.0	75.2	5.9	6.7	2.9	59.7	86.7	2
29.2	92.2	81.6	7.2	7.6	2.1	61.9	83.7	3
9.8	55.7	77.4	4.7	6.2	4.8	34.6	31.2	1
24.0	98.4	50.0	6.6	5.5	0.0	55.0	89.0	3
13.9	88.5	72.6	6.2	5.9	5.4	47.3	80.5	1
25.0	92.2	93.4	6.0	6.8	5.3	57.3	93.1	3
31.3	80.9	57.4	4.5	7.6	1.9	62.6	87.4	2
17.8	67.8	63.7	1.0	6.6	3.8	52.2	60.7	1
18.9	90.3	73.6	5.2	5.0	3.2	65.4	91.9	3
21.3	84.2	69.1	7.0	7.6	0.0	47.9	78.5	2
7.0	85.3	79.6	8.4	8.5	2.3	49.7	63.4	1
27.7	95.9	63.6	4.3	6.2	0.6	70.8	85.8	0
22.8	92.6	74.2	7.4	9.0	0.5	63.1	80.7	2
32.8	100.0	79.3	8.8	8.0	2.1	60.8	100.0	0
16.2	86.5	89.7	7.9	5.7	2.1	47.8	68.1	1
20.0	78.1	98.7	4.0	6.2	4.3	63.1	74.2	3
17.0	89.2	100.0	7.1	6.8	1.9	50.9	75.7	3
15.5	95.2	77.2	10.1	4.1	4.6	47.3	71.8	3
33.0	70.3	92.4	6.0	6.1	2.2	66.1	92.0	0
25.0	85.1	100.0	5.6	6.3	1.7	33.9	64.5	1
26.0	100.0	82.1	2.6	9.3	3.8	53.4	88.2	3
22.0	82.6	59.4	5.1	7.3	3.3	46.5	92.1	2
14.8	94.3	81.4	4.2	6.0	2.6	62.2	82.0	3
23.7	89.9	70.8	6.1	6.5	3.9	58.0	72.3	3
29.8	94.6	75.9	2.2	7.5	0.6	60.0	91.5	0
31.5	76.9	61.7	3.5	6.3	5.5	49.8	73.9	2
18.2	85.2	84.5	8.4	6.3	0.0	61.6	76.5	3
21.1	69.7	66.8	3.9	7.6	1.5	48.7	65.5	2
25.0	82.3	75.4	4.6	5.3	0.7	63.7	89.0	2
19.7	87.5	91.2	6.7	5.7	2.6	48.0	76.9	3
25.3	100.0	84.8	4.9	5.9	3.4	58.5	95.8	3
25.0	89.0	76.6	11.9	5.7	4.2	48.3	70.3	3
26.0	91.3	70.3	8.3	6.0	1.9	56.4	87.3	3
6.0	96.6	84.7	6.0	8.1	1.1	51.8	63.3	1
10.4	75.4	100.0	6.9	8.2	0.3	44.9	60.1	1
29.9	83.3	66.5	0.1	7.3	2.6	62.8	85.7	2
17.7	84.2	98.0	7.3	6.2	1.6	63.2	83.5	3
23.0	96.2	100.0	5.8	4.5	2.4	50.6	72.6	3
27.4	94.6	84.6	7.4	7.2	2.7	58.7	100.0	0
30.5	70.2	97.6	7.7	7.4	1.9	59.9	95.6	2
8.8	88.1	64.9	5.0	6.2	4.6	37.3	47.0	1
17.9	86.5	70.0	6.0	5.7	4.3	52.4	86.9	3
22.3	88.3	91.5	6.0	5.5	3.7	55.2	94.2	3
30.6	77.5	84.4	7.1	7.2	3.9	60.4	85.9	2
45.0	73.8	77.8	5.4	7.1	1.5	70.7	100.0	0
23.2	80.2	42.5	6.7	8.4	0.8	49.4	79.8	2
25.0	84.0	73.5	9.5	6.0	1.5	35.7	53.2	1
28.2	96.8	62.4	8.0	6.7	2.9	62.1	100.0	0
35.6	100.0	87.4	3.1	7.0	2.0	60.0	87.5	0
25.9	99.0	77.1	7.5	6.3	3.4	58.5	92.9	3
17.7	93.6	70.6	6.0	8.0	2.7	46.7	88.0	3
25.0	75.0	100.0	8.9	8.5	0.5	49.6	74.6	2
30.3	80.9	95.6	6.1	5.7	4.4	62.6	89.0	0
16.8	87.1	95.8	5.1	6.5	1.7	55.9	85.6	3
28.1	78.7	100.0	2.6	8.6	3.7	66.1	93.0	0
33.0	90.8	92.0	4.3	7.4	1.2	60.0	100.0	0
34.5	92.2	68.4	9.0	7.1	1.2	65.0	95.7	0
24.5	90.4	66.7	6.5	7.4	1.1	59.5	80.0	3
34.8	76.0	49.1	9.2	7.5	0.4	49.4	92.8	2
15.3	94.3	78.8	8.7	7.3	3.1	39.6	74.9	1
28.5	78.0	47.4	4.2	7.0	1.1	68.5	95.4	2
14.0	75.6	81.5	9.0	8.6	3.0	34.2	68.7	1
33.5	90.3	92.8	1.9	6.7	2.7	70.6	100.0	0
22.9	97.2	84.2	7.1	7.0	3.8	66.8	81.6	3
35.1	89.9	94.1	6.9	8.9	1.0	70.9	92.8	0
28.9	85.2	100.0	8.9	7.4	4.1	52.0	93.0	3
15.2	88.1	77.8	7.0	6.9	1.1	42.9	78.0	1
36.4	86.4	100.0	5.4	7.8	0.0	64.8	100.0	0
37.4	73.7	83.2	5.6	7.3	2.8	77.3	100.0	0
32.1	72.6	94.2	12.7	6.1	1.2	73.0	100.0	0
18.9	84.2	70.8	6.0	7.3	4.7	54.1	79.2	1
22.6	85.8	100.0	7.5	6.0	3.0	42.8	73.4	3
26.2	85.1	95.6	0.9	9.2	2.4	58.6	80.1	2
19.4	91.8	100.0	3.9	7.3	2.8	51.7	79.2	3
38.5	82.8	80.8	7.3	5.9	1.8	66.5	100.0	0
26.2	90.6	61.2	2.0	6.5	5.0	45.8	98.0	3
3.4	83.6	86.9	7.4	7.9	1.7	41.9	59.7	1
27.7	100.0	54.5	4.2	5.7	3.2	49.5	87.5	3
22.2	85.8	75.0	3.4	10.0	1.3	35.6	67.0	1
24.4	100.0	82.9	4.2	5.3	2.5	60.0	94.4	3
22.1	88.5	100.0	9.8	8.1	0.6	69.2	89.4	3
31.5	82.9	84.8	6.8	6.4	2.8	54.8	86.9	3
34.0	76.0	82.1	3.7	6.0	2.6	58.3	87.2	2
27.3	70.6	79.1	7.9	7.6	3.3	62.8	89.7	2
22.3	75.1	59.9	8.1	6.5	3.2	61.7	77.5	2
24.7	76.2	81.3	5.0	8.9	2.5	55.7	78.9	2
25.2	88.9	81.5	8.4	5.3	5.6	51.9	79.6	3
18.6	79.7	65.5	8.5	7.7	2.5	60.8	100.0	2
29.6	86.9	62.2	8.1	6.7	2.6	51.0	89.6	3
28.7	97.8	72.8	4.3	7.4	2.4	57.3	86.5	3
37.3	84.1	81.0	3.1	7.6	2.8	70.0	82.9	0
35.0	100.0	73.1	1.8	4.9	2.1	54.5	86.6	3
25.0	73.2	64.2	4.4	7.3	1.9	53.5	71.9	2
31.6	83.5	84.3	6.0	8.3	3.6	69.7	100.0	0
17.4	79.6	88.1	5.3	7.6	2.4	62.6	95.6	2
30.6	94.4	81.8	5.9	6.6	4.1	59.2	92.5	0
20.9	62.6	71.6	10.3	5.3	0.0	46.7	73.3	2
16.8	70.6	88.9	5.2	7.6	4.8	53.6	68.3	1
27.2	83.9	77.1	5.9	9.3	3.8	53.4	89.0	2
3.6	100.0	62.2	1.5	7.8	2.4	40.4	57.5	1
11.0	87.3	95.5	11.6	8.4	2.4	48.7	62.6	1
23.6	71.5	85.3	2.7	8.1	3.5	56.2	73.6	2
25.7	73.0	78.2	4.2	6.5	1.0	40.9	81.9	2
22.0	100.0	56.4	7.7	7.1	2.6	47.8	93.0	3
12.4	78.8	68.8	6.6	8.0	2.7	32.3	55.8	1
18.5	75.6	100.0	6.0	5.1	0.0	37.7	73.9	1
28.1	99.8	57.4	7.8	7.8	3.0	52.7	92.3	3
29.7	95.1	76.2	5.8	8.5	0.5	59.8	91.9	0
24.9	97.7	79.8	8.6	6.9	4.1	57.4	93.8	3
25.0	75.5	84.8	8.9	8.0	4.5	45.9	98.1	2
28.2	69.7	57.5	4.3	6.3	4.8	49.6	73.7	2
22.8	88.4	54.7	5.4	6.7	2.0	53.8	94.2	2
13.8	88.6	81.5	5.7	7.6	0.0	43.7	68.9	1
33.9	67.7	67.0	5.0	5.0	0.2	59.5	92.7	2
30.5	93.6	92.5	4.9	6.1	0.3	57.3	94.5	3
36.2	74.0	76.5	8.5	9.3	2.0	61.3	100.0	0
22.6	93.6	87.1	2.2	7.7	0.8	51.1	82.8	3
35.8	80.3	87.6	3.3	4.5	1.1	73.9	100.0	0
23.5	76.9	99.0	7.7	8.4	2.6	51.6	78.3	2
36.8	78.9	61.9	5.8	5.6	3.8	67.8	100.0	0
24.8	70.5	93.8	6.0	8.1	3.3	60.1	93.7	2
30.7	85.4	80.2	6.9	8.6	2.8	55.8	96.6	0
36.8	77.3	74.3	2.7	7.1	4.2	50.7	84.3	2
25.0	92.9	62.8	6.2	5.8	2.7	52.9	86.3	3
26.7	91.4	89.1	7.3	6.1	1.7	63.6	94.5	3
35.3	100.0	66.2	6.6	7.8	1.3	53.8	100.0	0
23.9	88.7	87.8	4.8	5.6	3.3	58.1	73.4	3
14.4	90.2	100.0	5.3	6.3	0.8	55.7	76.1	3
42.1	99.0	94.7	4.6	7.6	3.0	81.9	100.0	0
25.0	78.7	100.0	2.7	6.2	1.9	57.8	67.6	2
34.2	87.0	91.4	7.0	5.8	1.2	65.1	97.2	0
20.1	70.8	62.8	6.0	3.1	3.9	41.7	66.7	1
16.9	100.0	76.5	7.4	6.1	1.2	45.6	83.6	3
27.0	99.6	100.0	4.5	7.4	2.1	47.2	96.1	3
10.7	100.0	70.9	2.7	8.0	1.8	48.5	68.6	1
22.7	85.6	96.7	5.0	6.5	4.1	58.2	82.9	3
27.0	90.5	95.2	11.2	6.7	4.8	59.7	81.2	3
22.8	80.4	96.1	5.8	7.0	3.9	56.3	73.1	3
37.8	72.8	87.9	6.4	7.5	3.0	54.3	94.6	2
25.8	59.6	77.7	2.5	6.4	1.1	53.8	85.2	2
36.4	77.1	96.3	9.6	9.5	2.8	65.7	97.4	0
22.9	70.4	55.2	5.4	7.0	0.0	49.2	79.4	2
18.0	99.8	85.5	2.7	4.5	2.9	37.5	59.9	1
27.2	100.0	83.4	6.0	5.3	2.4	52.7	97.1	3
23.3	71.0	50.1	5.5	7.7	3.2	49.3	75.4	2
15.6	97.9	66.7	7.9	4.9	2.5	52.5	73.0	3
36.8	94.5	52.5	4.3	7.6	3.8	67.0	100.0	0
20.0	69.3	69.1	12.6	6.1	1.4	64.8	86.3	2
35.6	79.2	82.9	7.5	7.2	3.2	63.4	87.8	0
21.0	92.5	82.5	1.1	5.0	4.1	55.5	95.1	3
20.1	72.7	64.4	5.7	8.1	4.2	60.5	75.2	2
10.9	84.0	96.8	6.9	8.6	1.1	55.6	53.7	1
25.0	78.1	79.7	3.2	5.5	3.3	68.4	99.3	0
14.7	89.7	80.5	9.7	6.0	0.8	62.5	81.4	3
25.5	82.8	94.1	6.0	7.6	4.2	49.8	80.9	3
32.3	79.6	65.1	5.2	7.8	1.2	61.0	92.4	2
28.4	82.9	83.4	7.1	9.8	1.9	82.5	95.7	0
24.5	100.0	86.4	4.5	8.1	2.8	63.7	88.2	3
11.4	80.8	71.8	6.0	9.9	3.6	44.6	53.3	1
18.5	74.6	89.8	8.5	7.0	3.1	50.9	61.8	1
26.5	90.8	87.2	6.9	7.5	3.6	59.8	92.2	3
18.7	83.6	78.5	7.5	6.3	2.5	64.1	90.4	3
26.6	70.8	78.0	2.3	6.4	2.9	61.6	82.1	2
30.5	100.0	87.9	9.7	7.2	0.0	62.3	100.0	0
32.7	81.5	91.8	5.8	6.3	4.0	49.2	97.7	3
15.2	81.2	80.9	8.6	3.9	2.1	43.1	66.7	1
42.6	86.6	96.8	7.9	6.2	1.9	70.4	100.0	0
31.1	100.0	89.9	8.5	8.3	5.4	62.4	100.0	0
25.0	68.2	53.2	3.4	7.1	0.0	62.2	78.8	2
33.7	87.8	58.9	3.7	7.1	2.6	61.7	80.0	2
43.9	100.0	97.7	11.6	6.1	0.0	79.2	100.0	0
13.5	86.3	76.3	6.0	7.4	3.0	37.0	70.2	1
23.2	72.6	82.5	3.3	9.0	1.5	49.4	72.2	2
25.0	78.8	97.1	6.1	8.7	0.0	46.5	74.9	2
26.5	87.1	79.9	6.1	7.4	4.1	73.5	100.0	0
27.9	98.3	80.6	4.6	6.0	0.6	59.6	82.1	3
24.7	81.6	67.0	7.5	9.1	3.9	62.0	83.7	2
19.8	93.3	85.5	8.3	8.3	1.0	63.8	78.2	3
8.6	70.6	88.8	6.0	5.2	1.8	49.2	56.9	1
28.0	70.6	71.3	5.3	4.9	0.0	62.2	92.1	2
36.6	80.2	66.2	5.9	5.3	3.1	61.9	96.1	0
20.3	99.4	100.0	4.8	6.4	1.6	66.5	83.7	3
28.5	85.7	78.6	6.0	8.1	2.0	49.4	87.0	2
12.5	87.9	69.7	6.8	8.1	2.4	38.0	70.7	1
28.7	87.8	90.6	7.9	7.4	0.0	73.7	100.0	0
21.9	96.1	79.2	5.6	6.8	3.5	58.5	90.1	3
18.9	78.9	63.7	0.3	9.8	1.7	41.7	81.6	2
18.9	91.9	87.2	4.6	7.0	5.9	42.2	72.8	1
21.9	76.7	67.2	8.3	6.9	1.8	41.8	70.3	1
28.1	100.0	100.0	2.4	6.4	1.9	76.3	99.6	0
14.5	77.0	87.4	7.7	9.7	0.5	46.8	61.2	1
21.8	76.2	75.8	4.9	7.9	0.1	48.9	69.7	2
24.7	90.5	81.6	6.0	5.8	3.8	69.3	96.8	0
16.2	85.8	93.5	4.3	5.6	4.1	51.9	79.7	3
39.4	88.3	82.8	3.2	5.0	1.7	65.3	84.3	0
18.2	87.3	100.0	9.6	6.9	2.7	59.7	86.8	3
19.6	74.1	97.0	8.0	5.2	4.4	55.3	71.4	1
17.2	100.0	87.3	7.6	5.6	2.9	57.4	75.9	3
39.4	93.9	65.9	8.3	8.3	3.2	66.6	100.0	0
29.4	98.6	77.8	7.3	8.1	2.6	55.1	83.1	3
17.5	79.7	87.2	8.4	8.8	1.5	42.5	68.4	1
33.8	89.2	67.7	4.3	5.2	3.1	64.5	100.0	0
26.6	87.0	99.4	9.4	5.8	5.3	58.1	74.6	3
27.1	96.3	65.4	9.2	6.2	1.7	63.4	98.4	0
22.2	96.6	70.4	7.0	9.0	3.8	53.0	91.3	3
19.0	86.9	71.6	5.3	7.1	2.8	61.9	85.6	3
27.7	69.8	91.2	2.9	9.2	1.6	46.3	91.7	2
20.6	100.0	67.9	6.6	7.8	3.8	58.6	92.8	3
39.5	90.6	53.0	10.2	6.9	3.7	61.4	100.0	0
14.8	78.9	96.3	3.1	7.7	3.4	46.1	75.8	1
24.1	69.9	64.0	4.8	4.5	5.3	50.8	73.4	2
27.4	95.6	68.7	5.0	7.3	2.6	51.9	93.8	3
31.7	70.3	100.0	3.1	7.0	2.3	51.8	83.7	2
20.0	82.8	70.1	4.1	9.3	0.4	59.6	69.9	2
31.9	87.4	78.1	6.0	5.3	4.8	51.6	100.0	3
3.3	95.4	73.3	7.9	7.4	2.4	46.7	55.8	1
19.2	86.1	61.5	6.6	7.8	1.6	58.7	88.8	2
17.6	91.3	68.9	4.7	7.4	1.1	57.4	83.7	3
15.0	84.7	60.5	6.0	8.3	1.1	48.7	63.9	1
23.3	84.7	94.3	6.2	6.2	5.1	47.0	72.1	1
28.1	85.9	81.5	5.1	8.0	3.8	47.4	87.6	2
30.6	83.1	100.0	6.5	7.7	0.3	51.6	92.4	2
26.9	68.1	69.4	5.2	8.4	0.3	46.6	75.6	2
19.7	77.3	67.1	5.3	6.4	2.7	53.4	62.7	1
28.0	87.4	100.0	6.4	5.6	1.0	48.5	92.5	3
25.0	82.5	95.9	6.9	6.2	2.1	55.3	61.4	1
32.5	83.4	85.8	9.1	5.7	4.8	62.2	97.0	0
31.2	81.8	63.3	5.2	6.3	4.1	58.4	100.0	0
25.2	76.4	100.0	7.4	6.6	0.0	53.4	67.2	2
17.8	80.1	78.9	10.5	5.9	1.0	59.9	78.6	3
19.8	81.9	73.5	7.4	7.0	2.9	55.9	74.8	1
20.6	85.1	97.1	8.9	5.6	4.2	58.5	81.9	3
25.0	88.9	79.7	4.4	6.9	1.3	52.4	89.8	3
27.1	83.2	62.5	4.2	6.4	3.1	63.7	78.6	2
30.7	74.7	80.6	5.6	6.9	1.8	61.5	88.5	2
24.6	71.0	68.3	5.9	7.5	5.1	55.7	77.8	2
25.1	100.0	34.9	8.7	6.5	3.4	55.9	73.4	3
26.1	73.7	66.8	4.2	6.1	2.2	57.4	87.8	2
20.9	79.8	72.1	5.8	6.2	0.3	68.4	97.2	2
17.6	90.2	62.7	8.7	8.2	0.9	56.2	84.0	3
11.0	88.6	88.6	6.5	8.5	0.0	59.3	73.4	1
19.4	90.2	68.3	6.0	6.4	2.9	39.0	80.2	1
28.8	80.6	87.2	6.6	6.8	3.5	59.2	83.7	3
19.4	87.4	61.5	3.2	5.0	3.6	58.8	72.9	3
23.1	85.6	93.6	3.1	6.8	1.6	58.1	88.0	3
28.7	81.9	60.9	2.0	5.3	4.4	62.7	91.8	0
29.2	87.5	44.9	6.5	6.4	4.9	57.1	92.2	0
16.4	95.6	98.6	8.3	8.3	1.5	60.7	73.6	3
25.0	84.8	67.2	6.0	5.2	4.3	50.4	78.6	3
34.0	84.8	100.0	8.9	5.9	2.7	62.1	88.6	0
16.0	95.7	88.5	9.6	5.9	1.7	52.3	69.8	3
18.4	94.6	91.9	6.4	5.0	4.3	48.7	60.5	1
34.5	100.0	95.7	5.8	8.0	0.7	66.1	100.0	0
7.2	94.1	81.9	4.2	9.2	1.9	34.8	48.8	1
13.8	91.0	99.2	3.1	5.8	2.2	58.5	73.2	3
23.0	76.1	81.7	5.2	4.9	0.0	55.5	73.1	2
15.7	87.5	69.1	4.9	8.1	3.2	47.1	58.7	1
21.7	95.5	88.8	6.1	6.6	1.3	62.9	75.6	3
25.3	76.7	48.3	3.9	6.4	0.5	65.9	91.3	2
36.7	89.4	99.8	6.9	8.8	3.5	79.5	100.0	0
22.7	93.7	100.0	4.6	7.2	1.9	41.9	67.2	1
33.6	74.3	98.0	9.1	8.1	4.1	71.7	100.0	0
36.4	83.6	97.4	3.0	6.3	3.2	56.2	91.0	0
36.5	88.0	78.7	5.7	6.1	2.2	67.8	100.0	0
27.3	77.0	78.4	5.2	6.6	4.1	61.6	85.6	2
9.3	76.2	61.6	6.6	7.8	3.1	55.5	65.1	1
28.7	83.6	100.0	8.3	7.1	2.5	62.6	91.1	0
33.4	93.0	72.7	6.7	7.6	3.3	66.1	89.1	0
24.4	91.4	85.1	5.7	3.9	3.3	50.7	100.0	3
39.0	76.4	83.8	7.7	4.7	0.9	53.0	90.6	0
31.9	91.5	59.9	8.1	4.4	6.0	56.2	99.8	3
29.5	76.6	53.8	6.7	6.5	2.6	69.2	86.1	2
27.7	81.3	73.2	7.6	9.0	0.0	70.4	100.0	0
5.1	96.2	78.7	1.9	7.0	2.7	37.8	71.2	1
21.0	91.6	96.0	5.1	7.3	2.8	60.4	87.5	3
34.6	85.0	83.4	6.9	5.7	0.8	64.9	100.0	0
18.5	80.8	91.4	5.3	5.7	0.9	60.7	68.6	3
23.2	81.1	86.7	5.3	8.9	1.2	52.9	86.0	2
16.6	86.1	75.3	6.9	9.1	2.1	49.4	78.5	1
39.3	74.3	65.0	7.0	7.5	2.8	74.7	100.0	0
38.5	81.5	84.0	7.2	4.6	2.2	50.4	100.0	0
17.9	82.8	81.3	4.0	6.5	3.0	49.8	55.4	1
26.2	71.5	93.7	2.5	7.4	3.5	42.9	74.9	2
19.6	76.6	77.7	8.0	6.7	3.3	50.9	85.7	2
29.9	89.1	75.5	4.1	4.5	3.0	57.7	82.9	3
29.1	85.1	76.6	4.0	9.2	2.9	64.1	97.5	0
31.5	81.9	66.2	3.7	6.0	2.9	64.4	90.2	0
27.7	75.9	100.0	8.9	5.4	2.3	55.0	85.2	3
48.5	100.0	97.1	6.5	7.0	1.5	69.1	100.0	0
16.8	76.6	61.8	6.9	8.4	2.4	49.7	88.7	2
11.3	87.5	92.1	7.7	7.6	3.5	56.4	61.0	1
21.9	80.1	52.3	5.9	5.4	3.5	46.1	74.4	1
12.5	85.4	94.8	8.5	5.2	3.3	35.9	60.6	1
13.1	89.6	69.6	3.0	4.4	1.8	34.4	73.1	1
25.0	71.3	85.4	3.3	6.7	2.2	36.9	64.8	1
17.6	84.9	51.1	3.1	6.4	2.2	50.9	62.0	1
17.4	96.9	62.0	7.1	7.6	1.6	42.0	69.4	1
29.1	100.0	87.0	7.3	6.2	3.8	59.0	77.2	3
21.0	83.7	69.5	4.8	8.2	0.0	56.7	81.4	2
23.6	85.4	67.4	5.4	7.8	5.5	39.5	89.9	1
32.2	100.0	100.0	9.2	6.1	5.6	71.5	100.0	0
18.9	96.3	100.0	6.0	7.5	2.6	64.3	87.3	3
25.0	78.8	94.1	6.7	8.6	3.1	68.0	93.9	0
27.9	78.8	63.6	4.3	5.8	3.8	68.8	85.2	2
9.5	94.6	100.0	8.7	6.7	1.4	64.4	82.9	3
5.9	74.9	56.6	7.6	6.7	3.4	42.4	70.2	1
27.8	95.9	75.4	2.5	6.6	4.5	66.3	80.3	3
28.9	88.3	80.8	5.3	8.0	0.0	58.1	100.0	0
41.5	90.2	100.0	0.8	8.1	0.3	74.6	100.0	0
26.3	82.4	93.7	8.3	7.5	3.6	58.1	79.6	3
31.6	78.7	73.0	11.1	7.4	2.1	48.0	95.9	2
23.4	99.6	65.8	0.5	6.3	1.9	46.2	86.2	3
27.4	82.5	95.0	2.4	7.4	2.0	71.5	89.2	0
38.3	80.9	72.0	6.4	5.5	0.8	67.1	100.0	0
8.0	84.2	83.3	6.0	10.0	1.9	54.3	62.6	1
28.3	86.9	59.5	5.0	8.6	0.5	55.0	97.8	2
42.1	74.7	88.5	1.7	8.1	4.5	61.1	99.3	0
27.3	79.4	87.3	6.8	7.5	2.7	56.7	89.3	2
38.2	78.8	61.4	8.2	7.5	2.7	71.4	100.0	0
20.0	93.5	95.5	13.1	5.0	3.5	64.4	85.4	3
24.7	76.1	88.3	9.3	5.5	6.7	56.4	69.3	3
25.3	67.4	91.1	2.8	5.6	0.9	59.0	83.6	2
7.3	65.3	74.3	6.0	7.1	0.0	39.2	48.6	1
15.7	70.3	82.7	7.5	6.7	2.5	58.2	67.2	1
16.2	98.6	81.0	4.3	8.0	0.0	63.0	87.4	3
31.6	85.2	77.8	8.0	5.8	2.0	55.6	96.1	3
27.6	90.4	98.8	9.1	6.0	4.8	51.8	88.5	3
31.6	85.6	96.1	8.0	6.5	0.2	67.7	97.6	0
23.7	84.3	62.3	6.7	8.1	1.1	52.4	75.1	2
34.6	95.4	94.8	4.4	7.6	3.0	59.3	93.1	0
25.1	86.5	97.9	2.8	5.5	3.6	41.5	72.7	1
25.5	99.0	77.7	6.5	8.3	3.7	67.1	93.3	0
22.9	91.2	87.6	5.0	7.1	4.7	57.3	81.6	3
30.5	78.8	87.4	5.2	4.4	3.6	61.6	92.4	0
21.6	80.0	67.3	8.8	6.0	2.3	59.5	73.9	3
32.8	77.7	74.3	9.4	6.5	4.1	55.6	89.0	0
15.9	97.2	91.3	2.9	5.6	2.6	44.6	73.0	3
16.2	80.9	72.6	5.5	8.6	2.9	53.4	75.2	1
30.5	77.0	94.6	4.9	6.6	1.8	68.1	100.0	0
24.3	88.2	99.6	6.8	7.6	2.7	60.4	95.1	3
21.4	84.0	97.2	0.3	7.2	0.1	65.7	84.4	2
32.1	87.9	100.0	2.3	7.8	4.1	66.5	84.3	0
20.1	100.0	78.6	5.7	9.0	1.0	58.9	81.3	3
23.4	94.1	82.7	8.0	7.8	1.2	62.8	96.1	3
36.2	85.3	84.8	6.2	9.1	0.0	63.2	100.0	0
37.3	70.9	79.1	7.7	7.8	1.3	54.3	83.6	2
37.6	80.0	88.1	6.0	7.2	1.1	65.3	99.5	0
22.7	92.1	54.3	9.2	7.4	2.8	61.2	82.5	3
34.8	73.3	83.1	9.7	3.8	0.6	55.7	100.0	0
17.4	100.0	59.3	4.1	6.5	1.8	42.5	70.9	1
17.7	85.1	65.6	8.2	6.8	1.5	45.6	76.2	1
6.2	85.5	91.0	7.3	7.5	0.0	52.5	69.0	1
38.4	78.3	77.0	12.3	7.0	2.9	69.3	92.7	0
24.0	73.4	76.7	5.7	5.4	2.6	46.7	72.9	1
17.7	100.0	96.6	6.0	5.1	3.7	55.4	81.6	3
30.6	98.2	76.4	3.6	5.6	2.5	64.0	93.2	0
22.0	94.8	50.7	7.0	8.9	2.0	59.1	74.7	2
14.6	71.1	83.4	6.5	5.5	3.9	65.4	64.3	1
28.5	87.1	47.5	7.4	6.1	2.0	63.2	99.7	0
13.5	97.1	58.2	7.3	7.1	1.7	44.5	87.9	3
18.3	90.9	66.8	5.4	5.1	3.5	42.0	75.6	1
8.1	75.0	64.9	5.4	6.0	1.3	38.2	64.9	1
13.6	78.5	71.8	3.6	7.8	4.3	43.6	67.5	1
26.4	80.5	64.4	4.2	6.5	2.7	63.1	93.2	2
9.3	79.0	58.9	5.9	9.0	4.9	39.2	64.0	1
13.2	100.0	100.0	6.5	5.0	2.4	42.4	76.1	3
25.0	65.8	69.8	7.8	6.6	3.9	57.6	81.9	2
20.7	91.6	46.5	7.5	6.5	0.0	49.6	81.1	3
40.9	72.1	74.6	9.9	7.0	4.4	70.8	100.0	0
39.7	75.4	63.1	3.6	5.5	3.5	59.7	100.0	0
18.1	64.9	66.7	5.4	6.3	1.5	44.7	69.3	1
29.5	79.5	90.7	3.8	7.9	3.8	54.7	79.7	2
31.0	100.0	73.3	9.2	6.7	0.6	66.3	100.0	0
20.2	87.6	62.7	4.7	5.7	1.8	52.2	86.8	3
13.0	73.0	86.7	8.9	9.5	1.2	36.6	62.1	1
24.9	95.2	97.2	9.6	7.1	3.9	48.2	93.5	3
23.6	97.3	88.1	7.0	7.7	4.4	54.9	91.7	3
21.5	86.0	43.2	6.7	7.9	1.8	43.4	72.8	1
28.5	100.0	63.3	6.1	6.9	0.6	58.3	80.0	3
19.0	93.2	80.7	5.2	6.1	1.0	55.2	65.8	3
15.8	91.8	76.3	6.0	7.2	2.6	41.7	80.9	1
25.9	77.0	75.1	6.0	6.2	2.5	62.3	85.5	2
28.1	91.3	65.3	10.6	7.4	2.0	70.1	92.8	0
15.6	87.2	58.9	3.4	6.8	1.3	57.9	70.8	2
32.4	90.2	100.0	6.5	8.2	4.9	67.9	98.9	0
10.8	78.2	80.4	7.8	5.6	1.6	48.0	71.4	1
20.4	86.3	89.6	5.3	7.9	1.3	55.0	73.4	2
22.9	76.8	80.1	7.0	7.7	4.2	56.5	80.4	2
19.9	63.5	80.7	2.2	6.7	2.1	44.9	89.6	2
20.5	95.0	79.1	9.3	7.9	3.3	54.4	96.3	3
40.0	70.0	63.2	8.8	7.5	1.2	66.6	83.4	2
18.2	86.1	57.3	5.8	7.8	3.3	56.4	62.9	1
44.5	88.3	85.8	3.8	7.7	3.6	59.7	100.0	0
28.5	88.3	82.8	8.0	7.1	0.8	61.2	99.2	0
25.7	82.2	94.1	3.1	6.3	1.7	64.6	88.7	2
28.8	87.7	91.0	3.5	6.3	1.1	55.2	94.0	3
45.2	89.7	67.9	5.9	6.7	1.7	71.6	100.0	0
17.1	92.3	97.0	9.8	8.0	4.9	37.7	64.7	1
16.0	100.0	91.5	7.6	7.8	2.9	52.5	83.6	3
19.0	87.3	90.4	4.4	8.2	5.4	41.2	71.1	1
11.2	75.9	100.0	6.0	6.7	4.2	44.4	57.2	1
25.2	89.4	90.3	6.6	9.4	4.7	52.7	89.9	3
38.5	91.7	88.5	5.8	6.9	4.2	66.4	100.0	0
26.2	83.1	96.2	10.5	6.4	5.1	59.9	75.5	3
22.7	90.4	71.2	5.7	7.4	3.3	55.3	95.0	3
32.2	91.7	90.1	5.0	6.1	3.5	48.9	100.0	3
18.4	94.1	67.2	7.1	6.8	1.8	51.7	82.3	3
39.8	94.0	88.9	7.0	6.5	3.8	52.3	100.0	0
40.5	86.2	82.4	5.6	7.2	4.4	65.3	100.0	0
25.0	74.6	67.2	5.1	8.0	1.6	70.3	86.8	2
24.9	78.9	80.4	1.0	6.7	1.2	62.5	85.7	2
33.2	91.0	99.6	6.2	7.7	1.7	52.9	84.2	3
33.8	100.0	81.2	5.2	5.3	4.5	61.2	100.0	0
18.6	81.6	81.3	6.6	8.1	2.1	49.8	71.3	1
20.8	89.6	84.9	7.2	6.5	0.8	57.8	65.7	3
28.3	75.3	75.0	3.6	7.5	1.1	69.7	93.3	2
30.3	78.2	85.3	2.8	7.5	1.4	52.3	89.9	2
14.2	64.2	64.3	4.6	6.9	0.4	46.9	58.0	1
21.4	98.5	68.0	4.2	5.9	3.4	42.6	81.7	3
14.2	62.7	69.9	3.9	6.4	2.2	48.1	68.9	1
17.8	82.4	87.0	9.6	7.1	3.3	54.4	63.4	1
29.4	73.2	82.4	6.4	7.6	0.0	58.2	92.4	2
19.1	76.2	78.0	10.9	6.0	4.1	55.7	66.5	1
22.6	98.8	90.4	6.0	6.2	2.4	50.3	73.6	3
12.0	87.0	85.7	3.1	7.3	3.3	37.1	56.1	1
26.5	75.3	75.7	6.0	6.9	4.8	49.0	96.7	2
24.6	79.1	64.5	8.6	7.2	3.1	58.1	89.4	2
19.2	77.3	67.7	3.2	3.9	5.7	60.8	76.8	3
23.5	84.6	58.0	7.4	6.6	0.0	48.9	94.4	2
26.4	86.7	82.1	5.1	8.0	2.0	52.7	78.2	2
18.5	100.0	67.1	3.7	6.3	0.0	54.7	74.0	3
13.2	65.8	72.6	9.5	7.6	3.0	70.6	64.3	2
39.4	84.7	78.1	4.5	5.5	2.6	63.9	100.0	0
19.9	81.8	95.7	3.9	5.1	0.9	59.5	87.0	3
24.2	94.5	93.9	5.8	7.5	5.8	56.0	79.1	3
33.1	88.5	79.2	4.7	6.9	2.0	59.0	90.5	0
53.2	90.9	99.0	11.5	6.6	0.0	68.6	100.0	0
15.0	88.5	49.8	8.7	8.0	3.5	47.3	61.9	1
28.6	75.7	100.0	4.5	6.6	3.5	64.2	87.3	0
19.3	97.1	90.4	4.8	6.2	1.8	47.5	70.9	3
20.7	93.0	81.5	1.0	6.1	3.7	55.2	81.1	3
19.2	94.2	66.6	6.3	5.9	1.1	47.1	84.5	3
16.0	97.6	73.4	4.1	7.6	1.9	48.5	89.7	3
24.7	89.2	89.1	6.0	6.6	3.1	45.5	68.6	1
13.2	99.8	89.5	1.1	8.4	3.9	67.3	85.0	3
25.4	82.8	69.1	10.2	8.1	1.8	54.1	82.1	2
28.4	84.9	66.1	6.1	7.4	2.4	68.7	88.7	0
21.3	84.8	82.9	4.1	6.9	0.0	53.0	75.3	2
22.1	79.8	91.5	5.9	5.5	2.1	57.0	65.5	3
27.3	100.0	80.0	5.8	5.0	0.0	72.2	100.0	0
15.7	88.0	100.0	11.5	7.9	1.2	61.0	71.6	3
22.1	85.9	80.5	5.2	7.3	0.4	45.9	65.0	1
18.1	88.9	80.0	3.0	7.3	3.3	52.0	79.0	3
17.9	100.0	90.1	6.1	6.9	1.4	63.0	86.9	3
8.1	73.7	98.3	6.5	8.0	4.4	34.0	60.1	1
35.7	76.5	59.8	7.4	6.3	0.0	61.3	100.0	0
19.5	71.2	63.2	7.9	6.6	2.1	48.1	71.7	1
34.3	82.7	75.3	10.9	6.8	2.6	66.9	96.1	0
33.6	87.5	100.0	4.5	6.7	3.2	69.3	96.8	0
25.0	80.3	76.1	4.3	8.6	5.7	56.7	68.9	2
16.3	79.6	78.2	1.4	5.5	0.0	49.8	65.8	1
45.5	86.4	89.3	6.0	4.7	1.4	64.3	100.0	0
39.0	80.0	94.7	3.8	5.3	5.5	63.6	94.9	0
24.7	88.1	82.5	8.2	7.8	1.1	48.8	74.5	3
27.1	96.1	97.5	4.8	6.9	3.2	54.6	100.0	3
20.0	91.8	62.1	10.3	5.1	1.1	59.0	93.9	3
28.5	93.8	68.5	2.4	7.1	0.4	49.7	74.3	2
19.3	95.9	97.4	8.6	6.6	1.3	49.7	82.0	3
8.7	87.8	80.2	8.3	7.7	5.5	51.4	64.4	1
25.2	77.3	60.2	3.2	10.0	2.1	49.5	68.4	2
16.0	81.1	67.8	7.3	5.6	2.1	42.4	53.4	1
16.4	92.3	87.0	1.4	7.7	4.2	54.0	73.1	1
18.7	88.5	75.1	9.9	8.2	2.7	46.2	70.5	1
31.8	92.0	85.8	5.1	5.5	0.0	62.4	95.9	0
27.0	73.4	73.4	9.7	5.5	1.2	64.4	91.9	2
24.9	99.3	98.4	5.8	7.4	0.7	51.9	94.8	3
32.0	80.7	100.0	8.5	9.1	4.2	54.3	82.0	2
28.8	74.0	74.1	3.9	5.9	1.1	59.4	80.2	2
36.6	80.6	87.2	6.5	7.1	5.0	54.4	95.9	0
21.3	100.0	86.0	6.4	4.7	3.1	50.9	92.7	3
21.6	81.1	82.1	5.2	6.8	4.2	50.1	75.1	1
14.6	81.7	89.8	3.8	6.9	5.9	28.3	61.3	1
21.6	83.1	87.2	0.0	8.8	1.1	54.3	69.1	2
32.7	83.5	72.9	3.9	6.2	0.1	66.7	80.1	2
35.4	77.2	99.7	6.0	7.8	2.8	77.8	100.0	0
32.7	86.4	83.0	2.5	6.1	3.9	67.0	99.7	0
10.6	95.8	74.2	3.0	7.1	1.5	39.7	57.7	1
33.7	88.1	100.0	2.4	9.5	2.6	60.1	79.6	0
10.3	73.9	78.3	6.5	9.2	4.3	57.8	76.9	1
32.2	81.6	83.8	3.8	9.4	4.2	64.8	87.0	0
22.1	79.5	82.6	9.1	7.5	1.6	61.3	74.6	2
30.6	85.5	78.1	7.8	6.7	2.9	56.5	85.3	3
14.3	98.3	86.7	6.5	7.3	1.1	48.9	75.6	3
34.4	83.5	67.3	6.8	7.6	0.3	62.8	100.0	0
13.3	84.1	88.9	4.1	7.5	4.5	54.5	67.9	1
19.7	100.0	53.6	4.1	6.1	0.0	51.5	73.8	3
17.0	93.8	60.5	7.8	6.1	2.8	56.3	96.9	3
11.0	90.7	100.0	8.3	6.3	1.9	46.8	63.5	1
25.8	100.0	61.2	7.8	8.3	3.3	50.2	87.5	3
39.4	89.9	50.6	4.8	8.4	1.5	68.0	95.1	0
46.3	65.1	61.5	5.0	10.0	4.2	77.8	100.0	0
25.8	93.3	100.0	3.7	7.5	2.2	58.4	97.8	0
33.9	69.1	53.1	7.9	6.1	4.7	58.3	83.1	2
26.9	89.5	65.7	1.1	6.4	2.8	69.2	78.5	2
22.3	80.3	75.9	1.0	8.8	3.3	43.4	90.1	2
25.0	81.4	73.5	0.6	7.9	3.1	55.0	79.5	2
20.4	81.5	100.0	8.0	6.9	1.4	54.3	73.7	3
24.4	95.3	62.0	3.0	5.2	3.8	61.4	74.2	3
24.5	77.9	78.5	5.7	7.7	1.1	53.9	77.5	2
31.6	90.5	85.1	9.7	6.2	1.2	60.7	80.9	3
16.5	75.3	65.3	7.3	6.3	3.3	48.8	63.5	1
24.6	83.1	87.3	11.3	4.7	2.2	61.9	89.1	3
40.3	88.2	74.0	5.7	7.9	0.0	63.3	100.0	0
34.3	75.0	85.6	4.4	8.5	1.1	61.4	100.0	0
35.8	71.9	78.4	3.3	6.2	3.1	64.5	91.5	0
25.2	89.9	49.2	6.1	6.8	2.1	53.3	73.5	2
27.6	96.2	99.6	8.3	6.4	2.3	63.6	95.1	3
33.0	84.2	100.0	6.2	6.7	2.9	65.0	95.5	0
37.5	80.4	77.3	5.1	6.0	3.2	49.7	94.1	0
9.4	86.6	66.5	9.1	5.7	2.7	45.3	53.4	1
14.5	85.6	100.0	7.3	8.6	0.0	59.3	77.5	3
35.5	87.4	100.0	5.7	3.8	2.4	75.9	100.0	0
22.8	59.7	77.5	4.1	7.6	1.7	56.2	64.4	2
15.0	76.5	78.8	7.2	9.0	4.1	46.6	54.5	1
20.6	86.5	54.9	6.0	6.7	0.9	57.7	81.1	2
13.8	86.9	75.6	2.9	6.6	2.6	49.6	57.4	1
41.7	91.4	100.0	4.8	6.0	3.2	75.0	100.0	0
25.0	87.6	77.5	5.9	7.4	2.0	70.6	94.1	0
24.5	72.0	64.4	9.4	6.2	0.5	61.7	86.1	2
29.7	99.5	87.5	3.1	5.6	0.7	59.6	100.0	0
25.0	97.7	70.0	6.6	6.1	2.4	76.0	90.0	0
32.6	72.4	79.0	5.3	5.9	1.6	62.1	78.3	2
33.6	88.3	61.0	5.4	5.8	0.0	68.3	100.0	0
20.0	79.0	64.5	9.8	7.1	1.3	50.1	79.6	2
22.6	86.4	91.1	6.2	6.8	0.5	60.5	94.0	3
31.2	95.5	81.7	3.7	7.7	3.6	65.7	81.8	0
20.8	100.0	68.4	8.2	7.2	0.3	64.1	77.5	3
25.0	92.5	81.8	8.0	5.6	4.6	53.8	93.2	3
28.2	87.9	70.9	3.5	4.5	5.7	66.5	90.9	0
31.3	81.6	68.2	3.0	5.7	1.4	42.4	96.0	2
25.0	86.8	97.5	7.0	7.9	1.6	41.5	60.7	1
30.7	98.6	91.7	6.0	7.9	3.9	52.7	91.6	3
23.1	84.6	79.7	4.8	8.2	4.1	57.6	100.0	0
30.7	76.1	82.2	8.6	8.0	1.8	66.6	84.4	2
31.2	68.8	79.9	4.5	8.3	1.8	58.7	93.8	2
37.9	90.1	87.3	7.1	7.5	1.9	77.1	96.4	0
35.8	87.5	68.0	8.9	9.2	1.2	59.2	92.0	0
35.8	78.5	92.9	5.2	7.4	3.9	53.1	98.9	0
36.5	95.3	85.3	1.4	9.4	2.7	72.1	95.5	0
27.3	80.8	76.1	5.0	6.2	1.4	66.4	97.4	0
25.3	83.7	72.7	6.5	6.2	2.6	57.3	83.2	3
32.0	84.8	92.6	8.5	6.8	1.9	75.4	92.4	0
30.9	81.5	77.7	4.7	7.0	6.3	64.2	91.3	0
22.5	87.4	69.5	10.3	6.6	2.1	58.0	78.9	3
28.2	96.5	74.2	2.8	7.6	3.6	57.4	86.2	3
24.7	73.6	91.5	6.0	6.9	3.2	44.8	72.3	1
18.2	89.9	55.8	5.4	6.3	2.3	50.1	65.2	1
35.3	86.7	74.7	9.4	6.5	3.2	76.4	90.4	0
25.4	86.5	96.1	2.3	8.5	2.8	58.5	69.5	2
41.4	93.7	77.5	7.1	7.4	6.2	67.2	100.0	0
12.0	85.5	84.1	5.4	5.0	2.4	40.0	67.6	1
20.5	89.8	96.3	9.8	8.8	0.0	57.9	76.4	3
25.3	92.2	93.4	3.9	7.5	5.8	49.3	82.4	3
34.1	80.0	73.4	7.0	7.8	1.7	65.2	100.0	0
28.2	88.0	78.0	3.9	8.1	2.6	55.9	84.0	2
27.5	82.5	93.6	6.0	8.2	1.7	56.0	84.8	2
16.0	83.7	94.1	5.1	5.9	1.6	54.4	89.5	3
27.6	89.7	79.2	1.0	9.9	0.0	59.2	98.2	2
14.1	85.8	84.0	7.0	6.2	1.4	37.0	71.3	1
20.7	88.9	100.0	3.3	7.5	3.3	53.1	83.8	3
29.0	84.8	96.0	3.2	9.0	0.0	63.2	86.8	2
17.1	69.0	90.4	2.1	6.5	3.3	54.1	62.4	1
37.8	85.3	63.8	3.4	6.6	6.0	74.7	100.0	0
34.8	85.6	75.9	7.3	8.1	2.9	68.9	100.0	0
12.4	87.4	76.7	7.1	7.3	0.4	44.4	69.4	1
17.5	79.1	100.0	7.7	7.6	3.1	36.4	69.0	1
25.0	73.0	76.4	3.4	6.9	3.9	48.4	51.3	1
18.7	91.2	98.8	6.5	6.4	4.5	48.8	66.8	1
31.1	82.3	71.4	4.5	6.6	2.8	49.8	82.2	2
21.7	86.7	72.6	8.4	8.4	3.4	68.3	84.2	3
28.7	82.2	87.2	7.1	6.6	3.8	58.4	83.7	3
12.8	84.9	100.0	4.4	7.5	3.4	51.0	81.5	1
31.4	80.5	76.8	8.6	5.8	3.0	62.3	100.0	0
25.1	89.7	56.5	6.0	7.4	3.9	54.4	94.9	3
24.3	79.0	84.5	1.8	7.4	1.7	50.7	69.8	2
14.8	86.6	57.9	2.6	8.1	6.4	65.8	82.4	2
15.8	89.1	67.0	10.1	6.4	1.5	39.3	69.0	1
32.7	79.1	80.2	3.5	8.4	3.7	58.2	88.2	2
33.4	100.0	74.3	3.3	6.3	1.8	68.9	100.0	0
27.6	79.7	62.5	3.1	6.0	1.6	54.6	82.6	2
26.1	91.2	57.5	8.2	4.7	0.4	54.6	82.9	3
11.2	100.0	68.0	8.3	6.4	1.6	53.2	62.4	1
22.8	92.9	64.0	7.4	6.9	3.0	70.6	77.7	3
24.8	82.0	87.0	7.7	5.7	2.1	49.7	84.3	3
40.6	84.3	97.9	4.0	5.5	4.3	56.5	78.8	0
30.5	76.7	74.5	8.1	7.0	1.1	59.8	100.0	0
37.3	93.8	71.1	6.6	6.9	3.5	73.3	100.0	0
29.8	90.7	73.8	5.1	6.7	1.6	59.3	78.8	3
19.3	79.9	63.4	6.2	5.5	4.2	56.2	80.6	3
25.9	74.6	60.7	8.7	6.5	3.7	51.5	79.3	2
26.9	71.8	55.3	7.0	6.2	4.0	73.9	81.9	2
17.5	94.9	60.1	0.6	7.1	2.3	57.0	75.2	2
21.9	86.2	100.0	8.2	6.3	4.5	50.7	78.2	3
23.4	87.1	69.6	8.0	7.0	0.0	49.9	90.5	3
37.8	76.8	35.9	5.1	5.4	3.2	66.9	79.3	2
34.6	94.6	56.1	6.3	7.7	3.8	55.4	100.0	0
17.5	85.4	80.9	1.1	7.9	2.4	51.0	68.1	1
14.0	94.1	79.3	5.0	6.5	1.0	55.2	81.4	3
34.4	81.1	80.8	5.1	7.0	0.9	65.5	100.0	0
30.9	82.6	79.4	5.6	6.5	2.5	65.2	100.0	0
25.0	92.1	74.4	4.7	8.3	2.1	76.3	100.0	0
31.4	92.3	58.2	7.7	6.8	3.8	39.1	92.4	3
41.5	93.0	78.9	4.0	6.4	3.9	71.7	100.0	0
23.7	91.1	100.0	7.5	6.1	2.5	56.1	78.0	3
27.7	96.1	76.4	9.4	7.2	4.1	70.0	90.3	0
34.9	84.0	78.1	10.3	5.7	2.1	62.8	100.0	0
18.8	79.9	87.5	10.4	7.8	2.2	44.0	78.5	1
22.5	78.5	72.7	6.9	5.5	3.8	54.7	70.8	1
8.2	91.3	90.4	4.2	5.3	2.4	46.2	62.2	1
26.1	84.4	67.7	14.2	7.3	4.2	73.4	81.1	0
9.9	66.6	84.9	7.5	9.3	0.7	31.1	57.8	1
25.4	96.3	94.6	9.5	8.1	1.8	53.7	100.0	3
31.9	57.4	60.6	7.1	6.7	3.9	60.4	89.5	2
21.2	65.2	72.1	0.0	6.0	3.0	59.8	60.2	2
38.4	90.3	94.3	4.0	5.5	0.7	60.2	100.0	0
34.5	78.6	95.5	5.0	8.1	0.5	62.2	92.0	0
11.3	59.7	74.9	7.3	6.7	1.0	47.6	62.9	1
46.7	92.1	100.0	0.0	7.1	4.3	73.4	100.0	0
24.5	87.5	82.1	5.4	9.2	2.7	61.4	79.9	2
18.0	84.5	34.2	6.0	7.1	3.0	42.1	63.9	1
23.2	89.9	73.0	7.5	5.6	2.6	56.2	98.2	3
24.0	84.7	91.9	5.5	5.9	2.6	62.0	83.5	3
25.8	66.3	73.2	6.6	8.5	3.6	73.2	80.4	2
22.6	100.0	96.5	1.8	7.6	2.4	64.1	86.6	3
30.1	97.0	88.4	7.7	6.6	4.7	56.8	98.1	3
21.9	72.2	65.0	5.0	3.5	1.4	57.0	61.9	2
9.5	81.5	77.9	4.0	6.0	3.8	44.0	59.5	1
23.8	82.6	68.4	9.3	7.4	3.3	52.7	78.3	3
6.1	95.8	82.8	6.7	7.4	4.4	39.9	59.2	1
27.8	63.4	68.3	4.3	7.4	2.7	51.0	73.7	2
17.2	80.0	81.1	4.5	5.4	3.0	41.3	57.9	1
26.3	67.4	75.9	6.9	7.2	3.0	45.1	83.8	2
35.5	82.1	77.7	6.7	5.8	0.7	68.9	86.3	0
17.4	80.3	100.0	6.1	7.0	3.1	47.4	83.8	3
33.5	85.8	74.6	3.0	6.1	7.4	64.4	98.9	0
21.5	79.0	51.0	3.4	8.3	4.9	46.5	79.9	2
39.0	77.5	95.2	4.1	7.4	1.3	70.2	100.0	0
22.1	91.2	95.1	5.5	6.8	0.0	50.0	91.1	3
18.3	89.5	50.3	5.9	8.7	2.6	42.1	77.3	1
30.5	90.5	69.5	5.6	6.6	4.1	73.2	100.0	0
21.5	83.2	86.5	5.7	5.3	2.4	55.2	86.7	3
18.3	79.3	87.9	10.7	8.3	5.3	48.3	80.5	1
21.2	83.8	79.9	8.1	7.3	1.3	52.0	73.1	1
24.6	90.0	80.3	9.0	6.6	2.8	54.3	81.9	3
35.7	63.2	65.9	7.2	6.2	2.3	65.0	93.7	2
25.0	88.9	44.0	6.2	7.6	3.6	33.9	59.7	1
25.2	88.1	100.0	7.0	8.0	3.7	43.6	85.0	3
30.0	85.6	65.5	6.6	6.1	4.3	61.2	85.9	0
26.5	83.5	82.6	8.0	7.7	2.3	44.4	81.3	3
35.5	59.3	77.6	3.6	7.3	4.4	46.2	89.0	2
24.4	80.6	93.5	7.8	6.0	3.0	62.2	69.7	3
23.5	100.0	81.7	6.0	7.0	4.5	58.9	96.5	3
25.0	85.1	82.3	1.5	6.3	4.7	61.4	100.0	0
25.8	81.9	40.5	6.2	8.5	2.5	48.2	74.2	2
21.9	85.2	67.5	2.7	6.2	1.5	64.6	96.8	2
29.1	88.5	91.2	4.7	8.8	2.8	67.7	96.6	0
19.8	91.6	89.8	5.6	7.2	4.0	43.4	68.3	1
20.1	82.7	65.7	2.2	4.9	0.2	51.7	84.2	2
20.8	89.2	56.3	5.9	4.4	1.8	50.9	95.0	3
35.8	100.0	81.9	6.2	6.7	3.5	66.5	100.0	0
0.0	95.1	36.4	7.9	8.6	0.0	47.4	49.0	1
28.2	100.0	62.8	4.9	8.5	0.9	58.3	76.1	3
11.6	100.0	100.0	5.8	6.1	2.4	35.7	67.6	1
27.5	77.1	87.3	6.0	6.5	2.0	52.6	98.3	2
28.8	88.5	84.6	1.8	7.2	2.0	56.9	100.0	0
29.7	92.3	50.7	5.7	8.3	0.5	57.1	87.8	2
3.8	79.9	68.9	7.9	7.7	5.2	40.0	59.0	1
35.9	85.9	75.6	3.7	8.2	1.6	66.0	92.0	0
19.1	94.1	69.2	5.5	7.8	0.0	55.2	81.9	3
30.5	77.9	74.7	5.8	8.1	4.2	66.2	91.1	0
30.9	100.0	99.5	8.8	4.3	1.3	68.7	94.1	3
18.0	71.2	71.9	6.1	5.9	0.7	37.9	65.1	1
30.3	100.0	74.9	6.7	5.7	3.5	63.8	100.0	0
21.9	95.0	91.1	6.0	5.6	1.7	51.1	91.3	3
8.4	84.1	58.7	4.8	7.0	2.8	50.1	62.6	1
34.3	81.0	67.4	3.2	5.3	1.5	72.6	100.0	0
18.8	79.9	68.9	6.0	5.9	1.8	57.4	62.4	1
25.0	83.6	80.8	7.0	6.9	1.0	65.5	83.1	2
21.8	84.5	74.8	6.3	5.1	0.7	59.7	80.8	3
27.2	97.6	75.3	9.7	6.4	7.7	67.5	93.1	0
24.5	100.0	70.0	8.4	7.8	1.3	52.5	83.7	3
29.4	87.0	63.9	9.1	5.5	0.3	59.9	84.7	3
14.3	76.5	89.1	0.9	8.0	4.2	52.4	61.4	1
19.1	79.5	74.9	9.9	6.0	2.9	53.4	69.9	1
24.1	83.2	89.3	6.7	7.3	2.5	48.7	69.5	1
40.2	74.7	63.3	7.0	5.7	1.8	59.4	100.0	0
24.1	73.2	70.0	8.2	7.5	1.9	40.5	78.6	2
33.7	100.0	76.7	6.1	6.6	2.1	68.1	100.0	0
25.3	88.0	78.1	3.3	7.6	4.2	49.5	84.2	3
21.1	76.7	91.3	9.6	6.3	2.1	57.4	76.7	3
23.0	93.2	73.5	4.1	7.7	4.2	61.7	95.8	0
23.7	73.2	91.2	3.5	8.0	2.4	55.4	79.8	2
36.0	77.0	78.4	5.0	6.4	1.0	71.2	100.0	0
27.9	100.0	65.7	6.0	6.7	5.7	69.5	96.6	0
34.5	82.5	91.4	6.0	5.5	2.5	46.5	100.0	3
17.3	60.6	66.1	9.4	7.2	2.5	52.3	62.1	1
21.7	97.1	79.7	7.1	7.7	5.3	59.5	99.0	3
19.2	81.9	79.2	3.9	8.9	3.1	53.9	74.8	2
27.5	66.5	76.9	4.2	8.6	3.3	59.2	77.7	2
22.1	81.8	74.2	5.0	5.8	2.6	51.5	66.2	1
30.8	90.2	67.7	5.0	7.3	1.3	43.7	95.0	2
17.6	89.0	55.7	4.7	6.8	4.3	47.0	70.6	1
25.3	100.0	100.0	3.2	8.5	0.4	45.3	87.0	3
30.5	76.5	72.6	6.7	6.1	1.0	47.0	87.0	2
8.5	85.5	78.1	4.9	8.1	1.3	52.2	61.5	1
42.0	78.0	78.0	3.6	5.8	2.9	64.1	100.0	0
8.8	93.9	100.0	8.1	5.9	0.0	45.7	59.3	1
26.3	89.6	82.4	5.4	4.6	6.0	68.2	80.5	3
25.3	87.8	77.6	10.5	5.9	3.6	57.7	92.4	3
24.3	89.3	63.1	11.5	6.7	1.8	52.2	82.0	3
32.9	78.1	58.3	7.2	8.7	3.2	72.5	100.0	0
31.0	74.9	53.4	4.8	5.7	3.2	55.7	85.9	2
27.4	85.4	68.1	6.7	6.3	2.0	61.5	91.4	0
28.6	96.6	48.6	2.9	5.3	3.1	64.7	100.0	0
24.2	100.0	96.2	3.8	8.4	3.1	48.8	73.2	3
39.2	93.0	86.3	1.8	6.4	4.1	75.2	100.0	0
13.2	85.3	76.2	4.4	6.6	2.6	57.8	75.4	1
26.1	87.7	96.6	2.9	6.6	3.0	49.2	67.5	3
25.5	85.1	63.9	7.6	4.7	2.2	57.1	96.6	3
31.5	74.7	67.7	4.1	5.2	1.8	69.9	100.0	0
18.2	85.2	51.0	6.7	5.9	1.3	39.3	69.4	1
11.1	71.7	91.6	7.9	7.7	1.3	48.7	73.9	1
26.3	83.8	67.8	8.9	4.0	1.8	47.9	77.5	3
27.2	100.0	80.2	5.1	7.6	2.1	58.0	91.5	3
36.9	93.2	95.0	6.8	7.4	4.0	65.1	100.0	0
14.8	75.8	100.0	6.9	4.8	1.9	38.7	68.1	1
25.0	84.3	79.6	9.2	6.6	2.0	56.5	100.0	3
43.9	76.7	85.8	8.0	8.4	2.1	68.9	100.0	0
22.0	84.4	66.4	9.3	5.7	2.4	64.5	73.5	3
14.7	95.4	100.0	1.8	6.3	5.0	53.9	77.2	3
21.7	91.5	77.5	4.3	10.0	1.9	42.7	79.6	1
25.1	100.0	81.2	8.6	7.4	3.3	62.3	100.0	0
29.5	96.9	73.9	7.5	6.7	3.0	62.0	100.0	0
20.3	87.0	98.0	5.7	6.4	2.6	48.5	87.4	3
25.0	91.8	83.0	4.8	7.4	1.1	63.6	100.0	0
16.1	83.0	91.4	8.0	7.8	3.3	53.2	61.4	1
11.1	73.7	85.3	1.1	4.4	0.0	32.6	61.3	1
33.9	98.1	76.7	8.0	4.3	1.0	60.2	99.8	0
6.8	95.1	93.9	6.2	5.8	1.7	35.8	51.4	1
23.4	82.6	85.2	4.8	6.8	2.2	48.9	73.8	1
49.9	87.7	65.6	7.3	7.1	2.6	78.1	100.0	0
24.9	97.4	65.2	5.0	5.0	4.6	58.7	90.8	3
24.6	87.4	100.0	7.9	6.0	2.0	54.5	83.9	3
26.3	83.3	53.3	6.4	6.4	2.0	56.4	88.1	2
30.3	96.1	80.4	1.2	6.1	0.8	49.9	84.1	3
25.0	95.3	87.3	2.5	7.6	0.0	46.6	70.0	3
38.5	98.2	84.4	3.3	7.0	0.6	68.4	100.0	0
27.0	73.8	95.1	7.1	5.6	4.3	58.7	81.9	3
25.0	77.2	89.8	7.4	8.1	1.4	62.3	95.3	2
20.0	96.1	65.2	10.2	5.4	1.7	39.6	66.4	1
35.3	79.1	64.8	3.5	4.9	4.0	58.6	100.0	0
22.9	69.8	84.7	9.3	6.7	0.0	41.2	81.9	2
27.2	90.3	94.9	1.2	6.7	1.6	58.9	92.5	0
17.5	79.5	82.2	6.0	7.1	0.9	46.8	66.7	1
17.0	100.0	56.3	6.6	5.6	2.9	48.1	65.6	1
30.5	88.0	64.3	6.6	8.1	3.3	84.8	100.0	0
21.5	86.6	90.4	5.2	9.1	3.4	46.2	73.8	1
18.2	81.3	74.8	6.3	7.0	4.8	50.7	61.8	1
19.9	100.0	81.8	2.9	7.4	3.3	58.5	79.5	3
30.6	88.6	96.0	8.2	4.5	2.9	63.9	98.1	0
24.1	77.1	73.8	6.9	6.2	0.0	57.3	77.8	2
25.1	84.3	72.2	5.3	6.0	5.8	54.0	71.2	3
9.7	75.2	85.3	5.2	6.2	5.1	43.6	70.7	1
13.2	95.3	91.6	7.3	6.3	2.3	44.3	69.5	1
27.7	66.9	57.8	10.0	5.3	1.4	50.2	68.6	2
19.1	83.6	79.9	2.5	6.4	1.5	42.0	65.2	1
33.5	91.1	93.0	2.4	5.7	2.1	69.7	96.2	0
32.7	88.4	52.2	6.7	7.9	4.3	71.1	99.9	0
30.8	77.8	79.0	5.2	7.4	0.0	55.3	82.0	2
39.6	91.6	61.8	6.3	7.4	5.5	67.8	100.0	0
24.3	76.1	70.4	5.9	8.2	2.5	66.7	80.4	2
30.2	84.8	42.4	7.6	6.0	4.3	68.8	83.4	0
20.3	91.5	100.0	5.3	7.3	0.7	60.7	76.6	3
44.6	89.6	74.7	3.0	8.3	3.6	73.9	100.0	0
40.9	78.2	67.9	4.0	5.9	3.1	62.7	92.8	0
25.1	97.0	84.9	5.6	4.6	3.3	54.5	75.9	3
28.1	85.9	64.4	2.9	6.2	1.5	60.7	85.7	2
35.9	92.4	62.9	5.9	8.1	1.9	69.1	100.0	0
23.8	100.0	100.0	6.2	5.9	0.6	50.6	85.1	3
19.7	96.2	100.0	5.1	6.4	3.6	63.6	59.4	3
32.0	96.2	71.1	6.5	6.1	4.5	74.0	100.0	0
25.6	86.9	96.0	2.0	6.8	2.9	63.2	83.1	3
26.5	92.9	85.3	3.6	5.7	0.0	70.1	100.0	0
18.3	87.1	58.8	3.1	5.2	4.5	56.6	84.0	3
11.3	72.9	66.1	8.2	6.5	2.7	46.4	59.6	1
26.9	88.0	100.0	11.8	6.7	0.0	58.8	87.9	3
32.2	87.6	58.6	3.8	8.3	0.0	59.9	86.6	2
23.2	90.8	100.0	5.4	7.1	0.9	56.0	90.1	3
19.4	77.4	100.0	6.6	6.1	1.0	50.5	68.6	1
16.6	91.6	75.4	6.0	7.9	1.2	42.4	67.5	1
24.5	71.9	92.0	6.7	6.5	3.9	48.1	92.3	2
24.3	99.6	100.0	7.7	5.7	4.3	67.4	93.0	3
31.2	82.7	100.0	2.9	7.1	3.9	69.6	83.6	0
18.8	87.5	71.2	6.7	6.1	0.0	45.9	64.4	1
35.9	90.6	67.1	1.5	7.6	3.9	72.1	100.0	0
40.7	90.9	78.8	5.4	7.4	1.8	64.8	100.0	0
24.7	70.9	60.5	5.2	5.6	5.4	49.2	68.1	1
16.5	88.0	67.7	5.2	6.9	4.3	42.4	63.6	1
33.6	78.6	96.2	4.8	3.8	3.3	48.6	73.6	3
31.9	81.7	53.9	6.6	3.9	1.9	56.7	91.6	3
24.9	72.0	100.0	6.7	8.2	4.3	51.7	65.8	1
1.4	100.0	82.8	6.3	7.1	3.9	28.1	41.5	1
25.0	99.9	80.4	4.6	6.8	2.0	57.5	76.2	3
20.0	89.5	96.4	8.7	6.9	1.8	67.6	83.7	3
17.2	82.8	93.1	9.8	7.6	1.4	52.6	75.3	1
26.0	83.0	68.6	2.8	6.3	3.7	55.3	72.9	2
21.6	92.6	73.3	6.4	6.9	2.9	60.1	80.1	3
18.4	100.0	63.3	4.8	7.0	2.9	54.4	77.3	3
16.5	79.3	58.0	8.3	3.4	2.0	49.7	57.4	1
19.3	73.8	88.7	6.0	7.6	4.7	49.9	73.7	1
25.0	100.0	85.9	6.1	7.8	0.3	67.1	100.0	0
19.7	67.1	91.4	7.2	7.4	3.7	46.8	71.9	1
20.9	74.9	99.2	5.3	7.4	4.0	39.7	59.6	1
21.3	82.5	91.6	10.2	8.8	2.0	67.3	89.3	0
27.7	69.4	93.0	7.3	6.8	0.3	60.2	84.5	2
28.6	96.1	48.8	8.3	6.9	3.1	55.6	99.5	0
0.6	93.6	75.4	5.4	6.1	4.3	42.2	58.2	1
33.2	79.3	94.5	5.7	4.6	5.2	53.3	92.5	3
36.5	97.8	62.5	8.0	7.4	3.5	69.9	100.0	0
16.6	99.5	81.4	7.8	6.2	1.6	57.9	88.5	3
17.2	83.9	87.8	2.9	4.6	3.5	58.2	67.2	3
21.4	80.5	86.6	6.3	6.8	3.3	57.4	69.6	1
19.0	100.0	85.5	7.2	6.8	3.0	52.8	100.0	3
26.8	92.2	89.0	5.7	6.6	1.2	66.6	77.9	3
9.4	87.6	82.7	6.0	7.1	3.4	41.1	52.5	1
16.1	98.6	58.1	5.8	5.0	3.2	54.1	84.4	3
25.0	88.0	87.6	0.4	8.1	6.1	60.7	86.9	0
17.6	79.9	84.3	6.0	7.4	2.6	51.9	79.2	1
34.9	85.8	58.3	8.4	8.4	5.0	75.3	100.0	0
25.0	95.4	100.0	5.4	6.2	4.6	66.0	100.0	0
10.5	65.1	88.0	6.5	7.4	2.6	49.6	60.7	1
30.1	82.1	59.3	6.0	4.7	4.4	68.2	84.3	0
24.1	98.8	67.7	3.9	5.9	1.3	57.3	81.3	3
21.4	79.9	71.5	4.8	5.3	2.2	46.5	85.5	2
25.0	100.0	71.5	6.8	7.2	1.7	46.3	72.7	3
28.8	99.1	84.4	7.1	5.6	2.3	53.3	98.7	3
30.7	84.3	65.4	11.5	6.4	0.0	61.5	80.8	3
28.3	82.1	95.7	10.2	6.4	2.0	59.8	84.1	3
14.0	100.0	89.3	3.8	5.3	3.7	54.2	72.4	3
25.0	100.0	80.7	7.2	8.9	2.9	44.2	90.9	3
48.5	86.3	94.1	6.4	7.0	2.1	80.9	100.0	0
30.8	78.9	75.9	5.7	8.9	0.6	56.8	98.4	2
44.0	86.2	69.1	6.0	5.7	1.1	58.6	100.0	0
36.2	87.4	97.9	4.4	6.4	2.1	52.5	98.5	0
26.9	72.6	84.8	8.3	7.0	1.8	55.7	82.1	2
27.4	85.8	69.7	3.9	8.7	1.0	59.1	78.2	2
24.7	98.2	73.7	6.8	8.9	1.5	58.2	78.7	3
11.1	67.0	69.0	7.9	6.4	3.2	51.2	59.7	1
25.1	93.3	100.0	9.5	6.0	3.8	58.3	84.7	3
34.7	98.7	80.1	8.4	6.9	0.8	61.5	100.0	0
20.2	79.4	82.4	7.4	8.3	1.2	49.7	60.7	1
28.3	100.0	90.8	4.4	7.1	2.8	69.3	91.4	0
31.8	78.1	61.8	4.0	7.3	2.3	52.2	92.1	2
17.7	89.4	96.4	3.2	8.3	2.0	52.9	74.9	1
16.9	81.9	100.0	6.0	8.2	2.8	57.6	78.2	3
25.0	78.8	75.3	4.2	7.7	0.1	51.5	81.3	2
14.7	92.0	95.6	9.0	8.6	1.3	42.6	62.5	1
17.8	93.5	42.5	4.6	5.5	0.0	53.8	86.9	3
36.4	84.4	62.4	6.2	9.7	2.2	70.3	98.0	0
25.0	71.4	75.6	5.3	8.3	0.5	50.0	67.9	2
26.0	89.0	49.5	2.5	6.8	0.0	66.1	87.5	2
21.0	89.2	89.0	8.7	8.3	0.0	44.3	85.7	3
34.4	82.8	84.7	7.7	6.6	5.5	62.1	94.6	0
35.5	100.0	65.1	8.0	7.6	0.5	66.7	100.0	0
31.9	69.4	79.8	7.5	7.7	2.0	65.1	87.5	2
27.4	62.8	92.1	4.1	8.0	2.6	61.8	85.8	2
23.2	77.7	48.5	4.1	6.4	2.7	54.2	71.0	2
15.5	92.1	60.9	7.1	8.1	3.4	47.7	80.7	1
40.5	74.4	75.0	9.9	6.5	2.4	68.0	100.0	0
18.9	75.2	80.4	7.0	7.9	1.8	41.9	79.6	1
30.3	94.5	79.1	8.4	7.0	2.8	58.2	93.7	3
33.5	89.6	93.3	4.7	4.8	2.8	67.8	100.0	0
20.6	88.8	87.2	8.7	6.1	2.6	56.4	99.3	3
33.3	92.8	90.4	5.0	8.0	3.5	58.9	100.0	0
31.1	80.7	59.2	6.6	6.6	1.6	54.6	91.4	2
25.0	81.2	82.2	5.1	8.5	2.2	60.3	90.8	2
21.2	93.1	75.4	8.2	5.5	0.5	49.4	74.9	3
14.7	71.6	100.0	8.3	7.8	2.1	47.9	72.4	1
21.0	63.6	82.6	2.3	6.9	1.5	59.3	72.7	2
26.7	80.7	70.0	9.3	6.7	4.1	67.0	87.5	0
25.5	94.3	92.8	11.9	5.6	0.3	51.3	78.1	3
21.9	87.6	88.4	5.1	7.3	1.8	57.0	85.8	3
9.7	93.6	67.7	5.7	5.8	1.7	48.4	68.5	1
28.8	64.8	74.8	9.1	6.2	3.5	57.9	88.9	2
40.8	88.2	75.0	6.2	6.8	0.6	61.5	100.0	0
29.9	71.5	83.0	10.7	8.2	2.6	60.7	78.4	2
29.6	93.6	90.9	2.6	3.9	3.9	58.3	80.7	3
28.2	83.9	72.6	4.0	6.8	1.2	59.4	95.4	2
25.0	100.0	85.0	7.0	6.6	0.5	56.7	99.2	3
28.2	63.2	99.6	2.0	7.0	3.2	51.9	93.8	2
22.5	98.7	74.6	5.1	6.3	0.4	46.7	83.1	3
18.6	81.1	81.7	5.0	8.2	1.7	53.1	61.7	1
23.0	68.8	59.6	8.4	6.7	2.1	50.0	65.2	1
27.5	79.7	68.5	7.7	7.2	3.4	59.6	81.0	2
22.5	87.8	75.0	1.8	8.1	0.2	52.3	95.8	2
27.5	95.4	64.1	4.3	7.1	2.1	61.7	100.0	0
25.0	100.0	99.8	4.3	5.5	2.5	74.9	96.3	0
31.7	99.2	67.4	5.5	6.5	1.2	59.7	96.6	0
35.3	75.3	91.8	3.3	6.9	2.0	66.4	86.5	0
25.6	96.3	82.8	7.1	5.0	3.8	53.7	76.2	3
14.5	88.9	80.5	4.3	6.1	1.7	48.2	80.4	3
22.2	78.5	100.0	7.5	6.9	2.0	57.0	87.7	3
25.4	82.9	46.1	6.0	9.4	3.8	58.6	82.8	2
10.3	77.9	77.1	3.6	7.4	2.2	49.6	78.6	1
36.1	85.4	63.8	9.5	7.2	4.5	72.1	100.0	0
26.1	77.7	50.6	9.5	9.0	0.0	61.2	88.2	2
28.1	74.7	62.1	6.7	7.7	2.1	64.1	90.0	2
35.9	89.8	80.3	5.4	7.9	3.7	67.0	93.7	0
20.0	91.3	69.1	3.4	6.5	1.4	48.2	85.7	3
29.6	83.1	93.4	8.7	5.5	2.1	65.7	100.0	0
24.1	98.7	76.8	8.1	7.3	4.4	55.0	88.8	3
23.5	82.4	75.1	4.0	9.2	1.3	60.2	75.3	2
18.8	82.0	75.2	6.0	8.8	3.2	42.0	79.8	1
38.3	91.6	78.5	7.1	7.8	3.6	64.8	90.1	0
22.0	83.7	73.7	3.1	6.2	2.6	48.9	71.9	1
30.6	85.8	67.2	4.4	5.1	2.6	63.8	98.8	0
10.0	59.8	94.8	3.4	6.0	1.0	37.1	50.2	1
34.4	85.2	70.6	3.5	7.3	3.6	63.5	89.8	0
33.4	66.7	74.2	4.2	6.4	0.6	59.0	100.0	2
25.8	72.8	86.4	6.0	8.2	3.1	63.0	93.5	2
23.2	71.6	84.8	1.6	5.2	1.7	56.7	87.7	2
28.2	74.6	66.6	7.1	6.8	1.9	59.5	89.3	2
43.3	79.5	91.3	6.0	6.1	2.2	69.6	100.0	0
10.9	80.1	88.1	8.4	8.2	3.2	39.4	74.7	1
31.3	91.6	82.7	6.6	7.7	4.8	55.6	100.0	0
17.7	87.2	73.5	5.1	6.0	2.7	53.4	75.5	3
24.8	66.0	73.9	4.0	8.0	1.4	42.9	95.6	2
23.0	85.8	77.0	8.5	5.1	0.3	54.9	81.9	3
21.6	88.2	61.5	7.2	4.9	4.2	55.2	84.1	3
24.9	81.7	79.4	4.8	5.9	2.8	45.4	90.4	3
15.9	84.4	93.4	8.3	4.6	2.2	49.2	74.8	3
33.2	86.9	93.1	4.9	6.9	2.6	63.0	94.9	0
10.6	92.6	74.3	6.0	6.9	3.6	62.5	76.5	3
29.3	69.3	96.0	4.5	6.5	1.9	57.4	85.4	2
22.4	82.6	100.0	7.3	7.6	1.5	60.7	66.2	3
15.6	100.0	75.3	3.5	6.1	0.5	55.1	87.1	3
26.6	99.2	90.4	5.3	5.4	0.9	61.8	88.5	3
12.5	93.5	46.1	4.4	6.0	2.0	54.7	63.9	1
25.3	90.4	61.1	6.7	5.5	4.1	46.7	92.1	3
13.6	100.0	81.4	7.0	6.3	1.7	49.5	77.3	3
28.7	100.0	64.9	6.0	7.7	2.9	63.6	100.0	0
17.6	83.7	100.0	7.0	4.9	4.2	43.5	69.6	1
21.4	75.3	89.0	2.3	6.6	3.1	52.0	77.8	2
27.4	82.3	94.5	11.5	8.1	5.5	58.6	84.2	3
25.0	100.0	79.6	4.7	8.3	2.6	52.8	74.2	3
24.5	69.3	65.0	8.6	6.2	2.3	47.1	81.4	2
12.9	80.3	72.2	6.5	9.7	1.9	41.1	66.0	1
30.0	70.9	83.8	6.6	5.7	5.5	55.8	98.7	0
39.1	86.2	70.4	3.1	6.7	4.3	70.2	87.8	0
25.7	83.9	90.7	6.1	7.5	5.7	58.4	82.0	3
31.3	65.5	80.1	7.2	10.0	3.2	56.6	81.9	2
10.8	91.2	52.6	5.8	9.2	2.7	40.4	69.2	1
37.0	97.2	100.0	6.3	8.0	3.3	65.0	97.8	0
31.2	81.2	76.8	3.8	6.3	1.1	54.3	86.5	2
21.1	83.6	100.0	5.6	6.8	2.8	30.7	74.5	1
34.9	83.4	89.8	6.0	8.3	2.0	63.6	93.9	0
23.0	86.8	76.9	4.2	7.9	2.0	53.3	76.4	2
21.3	84.6	86.7	6.3	7.1	3.9	63.0	77.2	3
16.5	97.3	95.4	6.6	8.3	2.6	55.5	69.1	3
16.6	81.9	48.7	7.0	5.2	3.9	57.3	91.5	3
16.6	94.0	75.7	6.6	7.3	4.4	52.6	76.2	3
31.1	65.3	93.1	6.4	6.4	1.9	52.2	86.2	2
25.0	87.3	100.0	9.0	8.5	5.4	48.2	68.5	1
25.0	90.0	85.7	3.0	6.7	0.0	47.2	74.1	3
24.7	79.2	82.6	6.8	6.6	2.3	55.7	96.8	2
15.6	77.4	86.8	2.0	7.3	3.4	47.0	70.1	1
15.8	76.3	84.9	9.5	7.3	2.6	53.4	80.8	1
41.9	91.9	98.3	6.6	9.0	4.4	69.1	100.0	0
18.1	73.2	73.7	8.4	7.9	3.1	35.9	61.2	1
22.4	82.3	92.3	8.8	6.5	0.4	51.8	70.5	3
22.1	75.9	61.5	7.0	6.7	0.3	44.5	77.2	2
21.6	70.4	75.7	0.4	6.7	2.2	47.3	79.3	2
32.6	79.8	81.3	6.5	5.9	4.5	77.1	94.2	0
22.6	86.9	75.3	3.3	6.9	1.5	52.4	92.6	2
15.1	69.9	97.0	1.5	8.6	0.0	52.2	64.9	2
35.2	77.6	66.8	7.2	8.6	3.1	60.7	86.1	2
7.0	65.2	94.9	6.7	6.3	0.8	34.8	45.1	1
26.6	83.0	65.5	9.4	4.9	4.3	52.3	83.0	3
40.3	89.1	86.0	6.1	5.5	1.3	71.4	95.8	0
22.2	78.8	75.6	7.9	7.4	3.0	53.0	81.7	2
23.2	93.5	92.4	6.1	7.0	2.9	66.4	80.8	3
27.4	76.3	76.5	8.5	4.9	3.3	55.3	81.1	3
20.5	86.5	100.0	0.9	8.4	1.4	51.3	73.2	2
22.5	79.8	100.0	8.2	6.5	1.1	54.1	91.2	3
22.3	97.2	75.3	6.0	6.4	3.8	60.8	84.5	3
20.0	78.2	73.2	5.6	8.2	3.3	52.6	68.7	1
25.0	81.5	100.0	5.0	7.5	3.0	73.4	100.0	0
28.7	94.5	63.8	5.3	6.9	4.2	80.0	100.0	0
27.0	74.7	79.2	6.7	6.4	3.0	62.6	93.0	2
31.5	85.7	80.3	9.0	7.7	1.9	64.3	99.9	0
22.9	66.8	80.0	4.7	6.5	3.3	37.2	62.2	1
18.8	74.1	53.9	1.7	6.7	3.2	60.6	84.9	2
20.2	88.8	87.4	12.2	5.6	3.2	62.7	85.9	3
25.0	75.1	65.4	7.7	8.4	1.2	66.5	81.2	2
16.5	79.6	100.0	5.0	8.9	1.0	55.3	75.0	2
21.0	89.9	58.2	9.0	7.3	3.8	47.1	74.1	1
20.9	79.2	80.9	8.3	6.4	2.3	45.3	62.0	1
2.8	87.2	47.7	4.8	7.7	0.4	40.8	40.9	1
23.6	89.4	67.4	7.7	6.5	0.5	50.8	100.0	3
38.8	97.4	69.5	8.7	8.4	4.1	75.2	100.0	0
26.0	88.2	100.0	1.7	6.5	2.4	53.4	89.3	3
31.0	100.0	79.4	6.6	5.5	2.6	60.8	100.0	0
25.8	94.1	99.4	6.7	6.9	2.0	60.4	82.3	3
19.7	79.8	74.3	6.7	8.3	0.9	48.1	72.9	1
26.6	87.6	69.1	9.0	5.6	3.5	44.5	77.5	3
18.8	81.1	68.1	5.5	6.5	1.4	58.2	86.1	2
18.6	87.8	52.7	6.0	8.4	4.6	45.2	63.8	1
21.0	96.1	85.0	6.8	7.3	3.6	52.3	83.4	3
39.0	89.6	83.9	5.6	7.0	1.2	64.9	91.6	0
26.7	95.9	83.2	6.5	8.3	1.9	61.6	93.6	0
21.3	90.2	100.0	6.6	8.2	3.0	65.0	100.0	0
15.6	74.7	82.6	5.1	5.3	0.4	55.1	66.6	1
25.0	83.2	94.9	5.7	8.1	1.4	56.2	87.3	2
39.3	85.7	75.1	0.0	7.6	3.7	75.2	100.0	0
23.0	92.0	66.4	9.0	8.9	0.1	43.1	93.6	3
6.0	91.4	90.8	8.3	6.9	2.2	49.4	58.5	1
30.4	86.7	78.7	2.7	8.4	0.7	55.3	93.1	2
32.9	86.2	92.5	6.0	7.6	3.9	69.9	96.5	0
12.3	92.2	85.3	9.6	5.7	3.0	48.3	68.4	1
26.4	76.4	68.1	3.1	8.2	0.3	47.2	80.9	2
28.6	100.0	96.1	7.2	8.0	0.9	63.3	100.0	0
24.4	64.5	66.9	4.8	6.2	2.5	53.0	88.3	2
25.0	99.6	89.4	7.0	7.3	0.0	55.7	71.6	3
33.1	84.5	99.2	6.1	9.5	0.8	56.5	100.0	0
21.8	95.0	74.2	5.3	6.4	1.3	46.8	90.8	3
13.1	88.6	97.3	7.0	7.9	4.4	52.7	73.5	1
8.6	88.5	86.0	4.8	5.7	1.6	44.2	72.7	1
35.1	90.5	92.8	1.5	6.3	3.5	69.2	92.4	0
29.9	93.1	67.4	3.7	8.0	1.8	65.6	100.0	0
25.7	81.7	83.2	3.4	7.3	3.6	61.8	96.4	0
21.5	95.3	58.9	6.0	6.8	0.2	67.5	84.2	3
25.0	74.2	100.0	6.9	9.0	1.4	53.2	65.6	2
16.4	84.9	49.8	5.6	5.9	2.3	42.6	79.0	1
21.5	93.4	74.7	6.9	6.8	2.8	49.4	77.2	3
8.0	95.0	66.0	7.3	7.6	3.0	43.1	59.0	1
19.1	89.6	90.1	7.9	6.0	2.8	54.4	63.8	3
22.5	81.1	100.0	7.0	7.6	3.3	64.4	79.8	3
29.9	94.0	89.8	3.6	8.3	2.5	60.5	88.9	0
24.7	78.3	100.0	7.4	6.9	2.8	67.9	72.5	3
31.4	100.0	59.3	6.6	6.2	1.0	76.8	100.0	0
35.8	84.2	60.5	11.5	6.6	0.1	67.7	100.0	0
25.0	69.6	66.6	6.0	3.8	0.8	65.3	96.3	2
28.8	73.1	81.8	7.0	8.2	0.0	54.1	72.1	2
25.1	85.4	64.6	5.8	7.3	2.8	69.2	93.2	0
17.2	86.4	68.7	6.1	6.8	3.9	46.0	77.8	1
30.9	100.0	89.3	6.0	5.0	1.1	72.2	100.0	0
38.4	74.6	61.4	4.9	8.3	4.0	57.3	96.1	2
27.7	85.4	63.0	6.4	6.5	3.2	63.4	84.2	2
40.3	74.4	74.0	7.6	7.7	1.7	74.8	100.0	0
12.8	80.1	75.4	5.0	7.0	2.0	53.4	73.6	1
15.8	100.0	95.2	8.1	5.1	4.2	48.3	77.7	3
31.8	73.6	66.5	6.0	8.5	0.0	57.9	100.0	2
27.1	90.9	69.2	3.8	8.3	4.2	70.5	92.4	0
35.5	88.9	88.7	3.6	7.9	3.8	61.2	88.6	0
24.9	84.8	92.0	7.1	7.4	1.6	52.8	96.8	3
18.1	90.2	100.0	4.5	5.6	2.4	63.4	66.4	3
23.3	73.4	87.0	3.4	8.0	4.9	53.0	74.2	2
12.7	100.0	82.0	10.3	9.6	0.5	49.1	66.1	1
16.0	100.0	88.6	3.6	7.1	2.2	65.8	82.4	3
32.8	85.5	76.0	2.2	7.2	3.5	57.6	92.6	0
25.0	100.0	75.9	4.0	5.7	2.8	58.5	90.1	3
11.2	89.0	93.4	6.2	6.6	5.2	47.0	65.2	1
22.1	99.3	83.2	10.7	8.8	0.8	50.7	93.9	3
15.2	80.4	91.7	4.1	8.6	0.9	54.5	63.0	1
20.3	68.9	79.3	8.8	7.5	0.9	51.1	64.3	1
16.3	100.0	67.2	4.4	5.5	1.5	52.2	82.5	3
25.2	79.7	100.0	7.8	7.1	3.0	48.0	94.0	3
19.9	83.1	89.2	1.4	6.4	3.9	46.3	71.7	1
36.9	73.9	83.5	10.4	7.1	1.1	51.9	74.6	2
19.1	94.5	73.5	8.5	6.7	2.3	62.1	87.3	3
13.8	77.2	86.0	4.3	6.6	4.6	46.9	71.1	1
7.8	80.1	66.1	6.0	8.2	2.2	50.3	53.8	1
24.8	88.0	78.5	9.3	9.4	3.3	53.4	88.5	3
20.5	74.4	71.3	2.8	6.8	4.2	60.1	84.2	2
13.6	83.2	100.0	4.5	8.7	1.1	35.5	47.4	1
25.0	99.0	100.0	9.4	5.5	0.8	73.0	100.0	0
30.3	89.3	95.9	6.2	6.9	4.9	60.6	100.0	0
24.8	86.3	57.6	7.1	5.4	3.4	46.1	78.1	3
35.9	87.1	93.0	6.2	6.6	0.5	43.8	98.2	3
30.3	81.1	82.8	8.2	7.9	0.9	63.7	100.0	0
25.0	100.0	98.4	7.3	8.3	2.2	61.2	78.8	3
16.7	76.9	84.8	6.3	6.1	4.6	49.5	79.1	1
31.5	87.1	79.9	0.7	7.5	4.0	66.2	98.1	0
28.2	86.2	83.5	7.6	8.5	4.1	62.4	81.4	0
26.4	95.1	52.9	7.8	8.3	1.8	59.4	76.2	3
29.9	84.7	85.6	3.1	6.3	1.3	49.0	77.0	2
25.0	87.9	97.1	6.0	6.2	1.9	53.1	85.7	3
24.2	88.3	71.7	6.5	6.0	0.8	61.5	70.0	3
36.6	62.3	79.4	1.1	7.0	1.2	58.4	93.1	2
19.7	69.1	56.0	3.9	6.0	1.4	52.1	70.3	2
12.4	78.9	100.0	6.8	7.8	2.3	37.3	75.0	1
16.6	79.4	96.7	7.7	7.3	3.1	49.9	72.9	1
33.0	73.0	89.8	4.5	7.2	5.0	55.3	93.7	2
27.0	92.5	86.1	5.6	4.8	2.0	55.3	85.6	3
24.0	85.0	100.0	3.8	7.0	3.4	60.0	83.4	3
20.9	82.9	67.9	9.3	6.4	2.2	39.9	81.6	1
28.9	72.4	66.3	6.4	9.6	3.9	49.3	82.2	2
18.2	84.6	95.9	4.3	5.5	0.6	56.8	70.6	3
27.4	58.7	94.9	3.1	6.8	1.7	53.2	87.7	2
19.1	83.4	62.1	2.8	7.5	3.5	46.4	87.1	2
17.8	85.6	72.0	6.0	5.8	3.4	54.6	88.1	3
19.9	87.4	100.0	5.6	9.3	3.4	44.7	85.3	1
22.0	69.4	86.2	5.0	9.3	4.6	43.4	68.7	1
26.9	74.6	62.6	4.4	6.3	0.6	55.3	74.4	2
0.0	76.9	89.8	5.7	9.6	3.3	31.0	34.0	1
18.5	92.2	58.7	6.1	8.7	3.7	50.8	76.5	1
21.9	100.0	50.3	6.0	6.6	3.5	66.4	100.0	0
37.0	85.5	90.9	2.8	7.5	6.6	65.3	87.3	0
16.4	76.8	100.0	8.2	5.3	1.1	40.2	66.9	1
26.3	86.9	76.2	4.6	9.6	3.1	57.9	84.7	2
37.0	94.4	71.8	4.4	7.1	2.4	51.0	89.2	0
14.5	91.2	100.0	4.2	7.7	3.4	61.6	74.9	3
28.2	100.0	77.1	3.4	5.9	3.1	52.2	100.0	3
18.6	77.8	79.0	6.0	5.6	1.7	52.2	76.0	1
25.0	87.5	100.0	8.2	7.5	3.1	55.1	85.4	3
18.6	100.0	74.7	4.2	9.3	2.6	48.1	87.4	3
19.1	99.9	70.2	1.4	6.4	2.7	64.1	88.9	3
46.8	65.5	92.2	3.4	5.8	4.2	85.3	100.0	0
31.8	85.0	69.3	4.9	7.4	6.2	56.0	91.7	0
33.8	99.8	77.8	2.9	9.0	0.0	70.7	96.8	0
28.9	100.0	60.2	4.5	6.2	4.4	54.3	92.7	3
12.1	92.0	82.8	4.6	6.7	3.5	57.8	74.0	3
28.2	81.3	81.0	6.0	8.0	1.4	67.8	100.0	0
33.6	74.9	94.5	2.4	8.1	2.0	69.0	93.8	0
18.2	100.0	92.9	7.5	6.7	3.8	41.2	72.7	3
32.7	92.3	88.3	10.2	8.3	2.6	59.3	84.5	0
30.6	76.5	85.9	9.6	7.6	2.4	55.5	93.3	2
21.7	88.1	89.1	7.7	8.1	1.4	64.4	81.6	3
16.2	90.4	63.3	7.4	7.9	1.1	37.1	63.8	1
22.1	76.0	44.8	5.9	5.7	1.7	55.9	86.1	2
36.5	78.9	97.4	6.4	8.8	2.3	69.8	100.0	0
10.4	68.5	90.1	7.7	7.4	3.0	37.8	61.8	1
8.5	95.4	78.1	8.2	8.7	1.3	49.4	74.9	1
25.7	81.6	96.1	4.0	7.1	3.6	59.8	80.5	2
25.0	89.7	69.0	7.9	7.3	1.1	52.5	74.2	3
25.1	99.2	69.4	10.2	7.5	3.7	66.8	79.5	3
32.6	87.2	67.3	8.2	7.7	1.2	58.4	96.0	0
25.0	83.9	88.5	9.8	8.8	5.5	61.2	74.4	3
10.0	86.9	56.3	0.0	7.6	3.5	46.5	68.3	1
41.4	85.6	68.5	7.5	7.0	3.8	66.5	100.0	0
17.0	97.5	84.3	6.7	8.2	2.2	50.7	85.0	3
16.5	88.1	61.9	8.6	7.5	3.4	40.2	70.6	1
33.8	79.6	70.1	3.2	10.0	0.6	59.6	95.4	2
25.0	95.5	46.8	4.7	7.3	1.0	47.3	81.3	2
24.5	97.3	89.1	8.3	8.5	2.0	60.0	100.0	0
28.9	71.6	69.7	3.4	8.1	4.8	64.1	82.8	2
33.7	100.0	63.5	6.6	4.5	4.0	68.7	100.0	0
22.3	88.6	60.6	6.0	6.1	0.0	49.7	79.6	3
37.2	87.8	73.7	5.5	6.5	1.0	64.1	96.3	0
7.9	95.1	56.3	7.4	5.2	2.4	47.3	62.4	1
25.0	79.3	100.0	3.2	6.5	4.4	62.7	92.0	0
18.3	94.5	44.2	4.0	5.4	2.9	65.2	74.2	3
36.0	81.2	73.2	5.7	5.7	0.0	68.8	100.0	0
26.1	70.3	81.6	3.0	7.3	0.7	56.3	87.9	2
19.6	75.0	68.4	9.1	9.3	3.6	51.7	82.4	2
30.3	90.7	83.2	4.0	5.4	2.8	58.7	91.9	3
32.1	75.5	68.0	8.0	5.5	2.7	60.4	88.9	2
30.1	100.0	100.0	3.8	6.4	4.2	68.0	97.4	0
16.8	96.9	63.2	7.8	6.8	2.0	46.8	70.1	1
21.1	98.3	44.7	2.0	5.1	3.5	58.7	95.5	3
25.0	86.2	60.5	9.5	6.2	5.0	55.8	95.4	3
24.7	87.6	85.8	6.0	6.1	2.8	69.5	94.8	0
31.0	73.1	78.2	4.6	7.4	1.2	61.4	100.0	2
8.9	95.0	91.3	3.9	7.5	1.9	48.4	86.2	3
27.7	88.8	87.5	7.1	6.8	1.1	52.7	100.0	3
22.7	90.7	70.5	6.0	6.5	0.0	66.6	85.0	3
18.3	100.0	72.7	6.1	6.1	1.3	57.5	63.4	3
19.1	78.9	74.2	4.0	7.1	3.5	61.4	84.1	2
23.3	83.7	100.0	6.0	5.8	2.5	53.6	84.9	3
0.0	88.3	90.4	4.4	8.9	4.5	38.2	51.3	1
19.4	75.6	100.0	4.0	5.2	2.7	40.6	67.6	1
18.0	83.1	92.6	10.3	6.2	3.8	64.8	90.3	3
29.3	89.9	79.0	8.0	8.0	0.0	63.2	82.1	0
18.6	81.7	64.7	2.3	6.5	1.8	65.1	92.7	2
23.3	98.1	83.0	3.8	7.8	2.1	54.6	100.0	3
37.3	69.9	79.1	8.1	9.1	1.3	67.0	99.7	0
33.0	96.2	78.6	8.4	8.0	4.8	71.6	100.0	0
32.2	91.6	76.9	2.5	5.6	0.0	65.4	89.6	0
21.0	79.3	49.2	7.7	5.6	2.3	50.2	84.3	2
25.0	75.8	98.9	6.7	6.8	4.2	54.8	95.8	3
23.1	64.2	79.2	1.1	7.5	3.6	49.4	79.5	2
23.4	77.0	58.8	5.0	8.4	1.9	74.2	78.1	2
28.3	95.5	87.2	5.7	6.1	1.1	55.9	78.9	3
20.2	84.4	67.2	6.1	6.4	4.1	37.9	69.6	1
36.9	96.6	88.4	2.7	6.7	1.7	67.5	100.0	0
25.0	78.8	93.2	4.1	6.7	1.3	54.8	89.4	2
29.9	92.1	95.3	4.4	8.8	4.0	58.9	91.0	0
25.0	77.8	77.6	4.7	6.9	3.0	59.5	100.0	2
33.3	75.3	73.8	4.7	7.2	2.0	59.2	100.0	2
13.7	83.9	70.6	5.7	8.1	3.0	38.0	68.4	1
28.6	78.4	69.2	6.8	8.9	3.2	71.5	99.5	0
31.8	69.6	79.7	10.4	7.0	2.4	61.1	86.3	2
32.1	83.2	76.9	8.2	8.5	2.7	62.5	85.3	0
16.1	86.1	67.6	9.3	9.2	0.0	57.9	72.1	2
19.7	97.7	62.8	4.8	6.9	2.3	74.8	83.6	3
33.0	94.4	78.4	3.5	6.3	1.5	60.9	100.0	0
18.9	97.2	73.5	8.0	9.6	1.3	56.1	88.9	3
22.6	92.2	62.9	6.0	8.3	1.5	61.8	70.6	2
37.6	88.3	92.5	7.8	7.0	1.8	71.6	100.0	0
24.6	72.7	100.0	3.8	7.8	2.1	61.2	68.5	2
19.2	86.5	94.4	7.6	5.7	2.7	59.2	71.3	3
18.0	91.0	69.2	5.6	8.3	1.4	49.0	82.9	3
27.7	99.6	79.2	4.8	4.8	3.3	69.6	83.4	3
14.3	91.9	100.0	5.1	8.3	3.6	48.7	60.8	1
23.0	97.4	62.4	7.2	6.1	3.6	59.0	78.9	3
27.7	74.7	91.7	7.9	5.0	3.9	61.6	73.6	3
35.4	81.7	58.3	5.1	4.6	1.6	58.5	85.0	2
30.3	89.3	100.0	6.9	6.4	2.1	64.4	94.8	0
19.3	96.6	73.5	6.9	7.9	2.9	58.6	69.3	3
34.4	83.5	100.0	7.8	5.3	1.9	49.2	90.0	3
22.6	84.2	100.0	8.5	5.5	0.8	65.1	86.0	3
15.1	91.9	78.4	10.5	6.4	1.7	44.0	77.3	3
23.6	73.7	69.2	4.8	8.0	5.0	55.8	86.4	2
36.5	100.0	82.9	9.7	8.1	1.4	78.8	100.0	0
25.0	76.2	77.3	6.3	7.2	1.3	61.1	75.3	2
25.1	65.8	74.0	3.3	8.2	1.7	61.5	70.4	2
13.5	100.0	72.3	7.2	6.5	3.0	46.5	75.4	3
14.7	90.9	63.3	7.8	8.1	3.6	41.9	66.3	1
25.0	92.5	88.3	3.5	5.5	6.3	51.0	60.0	1
28.0	85.4	94.9	4.1	7.6	3.7	64.1	92.2	0
26.3	83.5	91.1	6.0	5.6	3.8	65.5	100.0	0
37.3	69.6	85.1	3.8	7.2	6.8	69.3	100.0	0
25.0	62.4	67.2	1.3	8.5	3.2	50.9	66.0	2
21.8	87.0	83.1	0.5	7.3	1.9	61.0	92.4	2
25.0	98.1	91.9	5.0	7.0	2.0	42.7	71.5	3
25.9	88.4	71.2	6.6	7.3	4.1	67.3	87.5	0
11.6	91.2	81.8	7.6	7.8	0.6	40.7	62.1	1
46.7	100.0	77.8	2.6	9.6	0.0	68.2	100.0	0
25.0	76.8	89.1	6.0	6.7	3.4	57.0	79.1	2
30.7	100.0	54.2	8.5	5.9	2.3	54.4	96.2	3
20.0	75.6	77.7	5.1	4.1	3.4	57.2	73.3	3
29.8	73.3	77.5	6.9	6.4	3.0	55.7	86.2	2
18.5	74.6	63.7	6.2	7.1	3.8	62.3	83.3	2
27.3	57.4	96.7	9.5	5.7	2.1	51.8	78.8	2
30.8	99.2	71.1	7.2	4.5	3.7	62.7	91.0	3
36.1	89.9	74.0	4.1	6.6	1.5	59.5	100.0	0
25.2	86.2	100.0	4.1	4.9	2.9	66.4	89.5	3
27.5	83.2	75.5	5.2	7.8	3.1	63.6	98.5	0
31.5	100.0	78.1	2.1	7.3	2.0	67.3	99.1	0
19.2	92.1	78.3	5.4	6.7	2.7	70.5	96.0	0
25.4	76.0	59.8	6.0	8.7	3.4	50.2	81.1	2
26.0	67.8	88.6	6.0	7.0	0.9	64.3	74.0	2
17.4	86.8	70.2	7.5	7.5	2.8	34.3	61.5	1
43.5	85.0	79.5	6.2	7.8	5.8	75.2	100.0	0
13.7	69.8	86.7	1.9	6.4	1.3	62.7	71.7	2
14.6	84.4	100.0	2.9	6.4	4.0	40.8	73.7	1
35.5	79.3	60.2	4.5	7.0	2.4	75.9	100.0	0
25.0	85.1	93.0	7.6	5.4	4.3	50.4	93.5	3
16.8	92.3	93.0	7.5	9.1	1.4	67.0	76.6	3
29.9	99.9	70.4	5.4	7.2	2.5	58.9	100.0	0
36.7	94.1	89.0	11.9	6.8	5.8	61.1	100.0	0
24.8	77.8	100.0	9.9	9.5	2.2	51.2	86.7	2
45.8	88.7	68.5	9.1	5.7	3.5	72.9	100.0	0
11.2	85.6	83.6	7.8	8.8	3.4	45.1	68.7	1
30.6	71.7	86.1	7.1	8.0	0.0	58.3	83.5	2
34.3	89.0	88.0	7.0	8.3	3.2	66.5	90.0	0
32.1	100.0	91.5	1.5	6.8	0.6	65.9	100.0	0
23.4	85.3	82.5	3.4	7.1	3.4	55.4	79.0	2
22.7	69.1	87.7	6.0	6.6	2.7	49.0	78.7	2
28.6	85.3	66.3	6.3	8.2	0.8	62.4	83.9	2
25.0	72.9	82.5	5.7	7.5	0.7	62.4	100.0	2
29.8	93.6	72.9	6.7	6.3	2.4	63.9	94.8	0
33.3	90.2	61.6	0.7	6.4	6.2	63.5	93.5	0
16.8	83.3	72.4	7.3	7.0	4.9	44.9	77.9	1
23.2	81.7	84.0	6.2	6.6	3.0	55.2	80.5	3
17.5	82.9	86.5	5.5	8.7	3.3	48.5	97.8	2
21.9	85.1	61.0	8.3	8.0	3.4	38.7	83.4	1
25.9	71.1	90.9	5.4	7.3	1.5	57.0	82.7	2
45.9	96.4	87.6	6.7	6.0	3.8	73.7	100.0	0
26.5	81.1	93.3	3.9	7.8	1.6	61.0	79.0	2
25.5	86.7	100.0	1.0	4.5	4.7	51.4	93.5	3
25.8	87.9	88.1	3.1	7.2	0.5	67.8	88.3	0
19.9	88.2	73.8	5.8	6.0	1.1	62.2	80.9	3
24.5	73.3	81.7	5.4	5.9	4.6	45.7	77.6	1
34.0	68.2	100.0	6.0	6.4	2.1	56.0	82.4	2
25.9	79.1	100.0	6.0	6.9	2.3	61.4	87.8	3
18.7	89.0	86.9	2.7	7.0	3.5	54.2	73.8	3
17.6	77.7	88.0	6.3	7.9	4.2	49.7	67.5	1
21.4	81.5	90.9	5.6	6.8	3.4	56.6	78.3	3
25.6	100.0	80.4	7.6	6.9	2.9	45.2	79.5	3
34.5	66.5	97.5	4.1	5.3	3.7	54.0	75.9	2
14.3	77.4	95.1	0.9	5.5	3.1	42.8	66.5	1
22.4	100.0	85.3	0.0	7.3	4.1	62.6	70.2	3
26.2	84.6	75.2	5.0	7.8	6.8	41.1	60.5	1
10.3	77.9	57.2	6.3	6.7	3.3	45.8	62.4	1
18.3	96.7	91.0	5.4	8.1	1.2	50.4	77.5	3
19.6	85.6	83.2	4.6	5.3	4.1	57.4	81.0	3
18.6	81.5	68.9	2.0	7.5	2.3	57.3	82.5	2
26.5	86.9	63.1	1.3	6.0	3.0	70.7	76.8	2
23.7	78.4	89.9	6.9	5.9	3.0	45.7	72.1	1
20.6	74.8	56.0	5.4	6.1	1.6	45.5	69.2	1
28.4	83.9	84.5	5.1	6.9	1.9	59.3	92.0	0
38.8	74.9	92.7	2.1	7.5	0.0	75.9	100.0	0
38.1	85.1	88.2	3.6	7.4	2.3	69.6	100.0	0
9.6	88.5	74.1	6.1	6.7	3.3	46.3	65.0	1
29.6	93.5	61.3	6.7	7.8	2.5	70.4	95.9	0
23.6	96.3	88.8	6.0	9.0	1.8	54.1	78.6	3
26.2	80.9	98.0	9.4	6.9	3.1	65.6	88.9	3
21.8	90.0	71.4	4.6	7.1	1.1	67.9	70.7	2
25.9	89.9	87.6	9.2	6.3	0.9	56.8	89.9	3
26.2	88.3	100.0	6.5	6.5	3.3	46.3	94.1	3
20.4	80.2	85.1	6.3	8.5	3.4	53.4	74.0	1
17.8	74.7	74.0	8.3	8.5	3.3	61.9	92.3	2
21.4	90.0	95.6	4.4	6.8	2.0	58.3	88.1	3
26.9	67.9	68.9	5.2	7.6	4.1	45.0	88.4	2
29.8	82.3	60.5	2.9	8.1	0.8	69.2	98.0	0
31.8	59.5	92.2	8.3	6.5	2.1	63.8	92.1	2
21.0	71.6	73.9	6.8	5.4	3.6	59.0	78.3	2
27.3	76.2	75.3	8.7	7.8	3.8	65.4	75.3	2
32.7	96.0	70.6	6.5	8.1	1.3	59.9	82.6	0
34.3	91.9	72.9	8.8	7.9	5.7	72.5	100.0	0
24.5	79.5	100.0	4.1	6.6	2.3	50.5	75.5	2
23.2	92.3	100.0	8.5	8.8	2.6	47.4	76.9	3
26.5	93.9	100.0	5.0	7.3	4.0	52.8	77.1	3
15.8	83.4	96.4	6.0	5.6	4.8	54.6	81.6	3
23.5	71.2	87.0	7.8	5.1	2.6	50.2	68.2	1
31.0	82.9	58.5	11.8	6.6	4.3	71.7	87.6	0
30.1	84.0	77.2	8.1	7.3	1.8	68.6	95.5	0
22.8	72.7	100.0	8.3	6.7	5.0	58.1	87.3	3
26.7	88.7	73.5	4.6	9.4	2.6	68.7	99.5	0
30.6	89.5	80.8	5.8	5.8	2.0	68.6	95.7	0
24.4	87.8	39.8	9.5	4.3	2.8	60.8	99.7	3
22.8	92.3	89.6	5.6	7.3	1.4	46.4	89.7	3
22.1	83.2	99.0	9.3	8.2	2.4	48.7	85.0	3
24.5	87.0	79.3	2.7	9.2	2.5	55.2	87.5	2
21.4	81.0	98.5	9.5	6.8	0.9	51.8	79.1	3
30.3	79.2	55.0	3.8	9.1	1.6	59.3	100.0	2
21.8	98.4	59.2	8.1	5.4	0.0	51.5	93.2	3
37.7	64.6	83.1	3.8	6.6	0.6	74.1	100.0	0
25.0	93.8	87.2	7.5	5.8	2.5	57.3	100.0	3
17.9	78.8	100.0	3.6	8.0	3.9	41.2	66.6	1
25.6	77.5	89.6	8.6	5.4	2.0	48.7	67.4	1
19.8	87.6	62.1	8.1	7.5	2.5	48.2	68.4	1
22.4	70.1	83.2	4.5	5.5	4.2	47.0	69.5	1
41.0	76.8	89.0	7.4	9.1	3.7	79.9	100.0	0
25.0	76.5	51.9	8.4	6.6	3.7	48.4	70.2	1
29.3	77.0	75.0	3.4	4.9	1.8	49.1	94.9	2
17.0	100.0	70.2	3.3	5.2	3.1	49.2	92.1	3
18.2	100.0	87.5	3.0	6.1	4.4	58.1	92.4	3
15.4	64.8	62.8	3.3	8.0	5.2	51.3	48.0	1
25.0	90.4	86.3	8.3	7.8	6.1	59.4	87.4	3
2.2	93.6	88.4	7.4	8.3	4.8	33.2	58.2	1
29.4	90.4	96.3	1.8	5.2	2.6	55.5	90.6	3
41.4	78.4	63.1	4.7	7.6	0.7	74.0	100.0	0
26.2	82.6	57.4	3.1	6.3	3.4	56.8	82.8	2
13.7	77.5	84.2	8.2	6.0	4.1	46.4	73.5	1
19.9	80.8	75.7	4.9	6.4	0.0	56.4	81.7	2
21.3	72.9	100.0	2.1	6.9	0.3	59.4	88.8	2
16.9	83.9	86.9	6.4	7.8	1.8	45.0	77.7	1
25.0	70.0	80.9	7.5	8.3	1.3	58.6	100.0	2
31.5	83.0	77.4	3.6	7.6	0.1	60.2	98.6	0
25.0	72.5	61.7	5.3	7.8	3.1	40.4	55.2	1
30.8	87.1	88.5	3.7	9.2	4.4	63.4	81.3	0
37.2	78.2	78.8	9.1	7.8	2.2	60.6	100.0	0
40.2	87.9	78.8	4.9	6.7	0.0	68.3	100.0	0
47.9	95.8	81.4	4.2	7.7	2.8	80.2	100.0	0
17.8	100.0	83.3	5.9	9.0	0.8	55.4	83.4	3
47.6	59.7	53.9	5.5	6.0	1.0	63.0	100.0	2
20.3	82.0	67.3	9.0	8.7	4.3	53.5	65.5	1
27.6	89.6	77.9	9.1	6.7	2.1	54.9	89.0	3
20.3	68.5	99.3	5.0	7.9	3.6	44.1	65.3	1
28.2	75.2	100.0	6.8	8.5	0.9	58.6	89.8	2
14.4	86.3	54.5	9.7	5.5	3.3	38.3	52.1	1
23.1	85.8	80.5	9.8	6.5	1.9	47.2	84.3	3
35.3	88.8	84.1	3.8	8.4	0.5	55.2	93.2	0
24.5	89.4	57.4	7.5	6.8	1.1	47.7	74.0	3
28.8	86.9	81.7	8.3	6.4	0.3	67.6	81.9	3
34.4	85.6	82.9	9.1	8.0	2.1	68.2	97.8	0
11.8	91.6	66.2	3.4	8.5	4.1	56.0	72.6	1
29.7	62.6	86.2	4.3	7.1	1.8	52.1	82.3	2
22.9	100.0	92.6	8.3	7.6	0.2	42.1	85.6	3
26.3	63.0	81.9	6.4	6.6	2.1	49.7	72.6	2
33.5	74.2	72.3	0.4	8.1	3.5	69.7	100.0	0
15.4	82.7	73.5	1.8	8.7	0.6	46.0	72.2	1
9.5	55.0	80.7	8.1	6.9	3.6	38.8	64.7	1
35.6	92.9	72.8	8.7	8.1	3.4	71.9	100.0	0
24.0	94.9	61.7	5.5	7.0	2.7	45.6	76.3	3
14.3	78.0	85.4	3.4	8.0	3.0	29.2	77.0	1
25.0	82.0	72.8	4.6	7.4	2.6	58.0	85.0	2
25.0	78.8	91.8	2.9	8.7	3.8	45.1	67.2	1
25.0	81.1	80.1	4.5	7.8	4.4	54.1	81.8	2
28.1	74.7	89.8	1.3	6.4	1.3	55.2	85.1	2
15.6	76.1	64.8	5.8	8.7	1.4	52.0	74.1	2
33.9	89.3	82.2	7.5	7.6	1.9	62.8	95.0	0
24.4	86.3	69.5	2.6	6.8	1.6	50.9	71.7	2
25.7	89.9	61.7	6.0	5.4	4.2	54.8	93.1	3
22.8	87.1	67.1	4.0	7.3	0.3	53.9	75.0	2
31.2	92.0	71.8	7.7	9.2	3.3	66.8	100.0	0
31.3	93.8	98.7	0.2	3.7	4.6	61.2	100.0	0
27.7	67.6	71.4	7.8	3.8	1.6	47.9	61.4	1
29.5	76.5	60.9	1.5	7.9	4.7	71.1	100.0	0
23.3	82.7	82.0	5.5	7.3	4.2	57.2	84.1	3
29.3	84.8	80.4	4.2	7.8	2.0	69.9	87.3	0
22.3	78.3	72.6	5.1	6.4	3.7	45.3	61.1	1
25.0	94.1	77.6	2.2	4.4	1.3	56.0	87.2	3
22.8	100.0	94.6	10.2	6.0	0.8	58.5	86.8	3
21.3	86.9	90.1	2.8	8.9	1.8	59.0	91.3	2
19.5	85.8	88.8	3.0	6.5	4.5	38.3	71.7	1
28.7	93.5	62.2	10.5	6.5	1.8	46.6	79.1	3
35.5	66.3	100.0	6.8	3.8	2.6	56.6	78.4	2
34.4	85.3	95.8	2.9	4.8	1.0	67.7	100.0	0
14.9	94.8	87.8	6.0	8.3	3.8	45.4	71.9	1
35.3	78.6	62.5	5.4	6.7	3.7	62.3	100.0	0
22.5	72.7	94.2	1.8	8.2	1.4	53.1	73.4	2
29.8	83.1	72.5	4.1	6.1	0.0	53.6	92.5	2
17.8	84.4	77.1	5.9	5.2	2.0	62.0	78.0	3
26.1	75.9	54.8	9.2	6.7	3.2	50.0	59.0	1
27.5	100.0	61.4	5.5	6.3	2.5	45.1	93.3	3
13.1	80.2	86.6	5.7	6.0	2.6	39.5	60.1	1
29.9	73.5	95.1	6.0	6.0	3.0	52.2	90.1	2
35.8	84.1	90.3	8.7	6.8	1.7	65.7	100.0	0
23.6	94.1	89.8	8.3	6.4	0.6	58.5	79.5	3
35.9	85.2	79.0	8.0	5.9	3.6	69.1	100.0	0
23.5	89.9	73.9	6.3	9.2	1.2	70.2	90.3	0
25.0	76.3	84.3	2.0	7.5	0.7	60.5	93.3	2
7.3	99.9	92.3	6.0	7.2	3.3	51.8	71.8	1
44.4	90.6	80.1	6.1	6.9	0.8	68.5	100.0	0
22.7	88.7	76.8	7.1	7.6	4.9	52.7	87.9	3
9.2	93.2	65.3	6.6	5.8	4.9	44.8	72.5	1
27.3	76.3	79.8	3.3	5.2	4.3	58.2	91.5	2
13.4	80.1	81.6	5.2	4.3	3.6	54.5	70.1	1
28.6	98.5	78.8	1.2	9.2	4.2	60.8	99.9	0
28.3	100.0	99.2	6.2	6.5	5.4	60.8	100.0	0
17.5	73.5	92.1	9.3	7.7	4.1	51.5	71.6	1
34.0	87.5	58.5	1.5	7.2	2.9	70.2	100.0	0
31.4	80.7	100.0	6.3	8.1	3.8	50.1	77.3	2
32.8	78.0	38.9	7.7	6.9	1.8	63.1	100.0	0
25.1	87.8	100.0	6.0	5.4	2.7	47.0	75.7	3
13.7	96.4	75.7	4.1	5.8	2.8	59.5	66.5	3
32.8	89.5	77.2	3.2	6.6	2.3	65.6	96.3	0
22.8	81.8	79.1	6.0	5.1	2.0	63.6	86.2	3
13.9	90.1	85.8	9.0	6.0	4.4	36.4	68.2	1
35.8	81.4	80.0	1.7	5.6	1.1	62.8	100.0	0
41.8	89.1	78.0	3.0	6.6	2.7	76.2	100.0	0
24.7	99.0	99.6	4.9	6.4	0.6	68.9	100.0	0
42.3	64.2	88.5	6.0	7.1	0.0	69.0	100.0	0
22.0	69.6	91.1	9.5	6.7	4.4	49.9	67.0	1
20.0	97.3	87.9	3.0	5.2	1.8	46.7	99.2	3
38.1	78.6	71.8	5.6	4.5	2.6	76.3	100.0	0
18.8	72.8	91.9	6.0	7.2	2.1	54.9	75.3	2
30.9	92.0	77.6	5.2	6.2	2.1	60.6	84.3	3
20.5	88.6	76.7	2.1	6.8	1.8	57.8	86.7	2
21.3	75.0	76.3	4.4	7.4	3.2	51.4	70.8	2
33.2	72.5	43.6	4.4	8.7	1.9	58.5	98.1	2
22.0	83.1	72.1	7.6	4.9	3.1	48.3	79.3	3
21.8	73.0	90.7	7.0	5.8	5.0	46.7	60.2	1
34.1	74.4	79.7	2.1	6.9	3.1	64.6	85.2	2
37.8	86.2	60.7	5.0	5.6	2.7	74.1	100.0	0
30.2	75.3	94.5	4.7	5.2	1.6	56.4	100.0	0
19.8	89.3	75.5	10.9	8.6	2.5	47.3	71.5	1
20.9	99.9	61.7	6.7	5.7	0.0	62.8	69.9	3
25.6	83.5	100.0	3.3	5.4	4.8	57.3	83.1	3
27.6	86.3	64.2	4.1	5.6	1.1	41.9	80.6	2
17.1	100.0	93.2	5.1	8.3	0.0	47.5	90.5	3
30.8	73.1	68.5	6.9	6.2	2.3	62.6	100.0	0
25.7	96.9	82.0	7.2	5.3	3.0	52.9	77.1	3
11.3	95.7	66.5	6.5	6.0	4.5	48.2	72.2	1
17.6	93.5	61.4	5.5	6.9	2.9	42.9	80.0	1
21.0	97.9	87.8	5.7	8.1	3.9	52.3	81.2	3
24.4	87.8	86.1	5.7	8.0	3.9	48.3	82.8	3
40.1	79.2	97.2	1.5	6.1	3.7	57.7	100.0	0
26.9	95.9	79.5	5.8	6.4	0.8	53.9	92.0	3
18.3	96.3	100.0	4.6	9.5	3.3	59.7	87.3	3
26.8	96.1	84.0	1.9	8.2	0.4	62.6	100.0	0
22.2	85.4	88.5	12.0	6.7	5.5	69.8	82.8	3
27.6	77.8	59.6	6.8	4.2	3.5	52.9	90.2	3
29.6	86.9	70.8	6.0	6.4	1.6	67.9	91.8	0
34.7	94.4	87.8	5.1	5.4	3.1	79.1	100.0	0
24.8	95.2	78.7	7.8	6.0	1.0	66.3	87.1	3
38.1	80.7	82.8	3.1	5.8	0.2	74.2	100.0	0
32.3	88.2	67.8	5.2	6.7	3.8	63.3	94.3	0
19.3	71.9	81.8	3.6	7.1	1.0	52.0	78.0	2
42.7	94.8	81.8	7.8	6.1	2.2	64.3	100.0	0
27.6	77.2	62.3	3.9	5.5	2.8	37.2	75.4	1
18.3	92.9	89.6	8.8	6.8	2.2	54.2	78.6	3
38.2	73.5	54.5	5.8	6.4	1.0	57.5	88.2	2
41.6	95.3	82.8	7.9	4.7	2.6	67.3	100.0	0
24.7	88.2	100.0	7.0	7.7	2.7	50.6	70.0	3
21.0	77.2	90.2	8.6	6.1	3.8	54.7	80.0	3
23.6	91.9	90.1	3.7	6.7	6.2	55.0	90.1	3
35.2	92.5	100.0	1.3	7.0	1.3	59.9	90.7	0
29.6	82.3	100.0	6.1	7.2	2.8	60.9	83.0	3
25.8	67.8	67.3	4.6	5.4	4.0	53.1	68.6	2
25.0	75.2	72.9	2.5	7.4	3.0	61.8	100.0	2
22.5	80.7	98.8	3.8	6.6	4.2	53.4	73.5	3
33.2	98.7	100.0	4.4	8.3	0.3	76.1	100.0	0
22.7	94.0	61.0	5.5	8.0	2.0	62.4	81.6	3
28.4	100.0	64.9	4.7	8.6	4.7	57.9	90.3	0
24.1	100.0	77.8	6.2	5.9	1.2	53.5	95.8	3
22.0	83.1	80.3	4.8	7.1	1.3	54.8	76.2	2
35.8	80.9	97.8	5.3	7.8	3.2	52.6	97.0	0
19.1	78.3	58.4	6.0	7.8	2.4	49.5	71.1	1
42.0	84.9	71.3	8.1	5.7	1.4	63.8	100.0	0
32.8	72.1	100.0	6.6	8.1	0.5	60.7	79.8	2
5.9	84.7	71.5	7.1	7.4	0.7	44.1	70.5	1
20.5	100.0	100.0	6.8	5.2	1.2	42.1	78.2	3
10.5	79.9	71.0	5.2	6.4	2.7	46.4	76.1	1
17.4	86.9	91.6	8.3	5.5	0.0	47.6	77.0	3
0.0	94.1	83.8	3.7	5.3	4.5	53.0	68.6	1
23.9	87.8	77.9	0.9	8.0	2.3	57.6	93.1	2
25.0	87.9	68.1	3.4	5.2	0.8	43.2	80.7	3
25.5	81.4	84.8	9.5	5.4	1.0	42.7	77.4	3
12.0	82.7	73.4	5.3	9.4	1.5	46.0	80.2	1
25.7	75.4	69.7	6.7	6.5	2.5	65.4	82.5	2
21.7	93.5	100.0	5.3	7.8	2.7	50.7	84.3	3
37.0	67.6	88.2	7.4	8.3	2.2	65.3	100.0	0
36.3	94.7	89.7	6.2	7.9	1.4	72.0	100.0	0
31.3	71.0	74.1	6.0	7.2	2.5	64.3	99.4	2
22.4	94.6	77.2	7.5	7.0	0.0	56.0	81.2	3
40.9	81.5	76.3	4.8	7.6	0.7	62.9	100.0	0
12.6	72.7	85.1	6.9	6.7	1.5	43.4	51.8	1
13.8	90.8	89.6	5.6	7.8	0.5	40.9	80.4	1
24.3	94.3	79.5	5.7	6.7	2.2	50.3	59.5	1
43.0	80.6	68.1	4.0	6.8	0.5	76.8	100.0	0
23.4	92.2	91.4	5.5	9.3	5.1	58.9	100.0	0
23.5	62.1	80.5	4.6	6.4	0.3	54.1	82.2	2
13.5	71.8	58.4	8.8	7.0	4.8	40.5	65.0	1
32.6	97.9	48.0	1.8	7.5	0.0	73.1	94.9	0
25.0	82.8	84.5	8.2	7.6	5.5	60.1	100.0	0
31.3	66.4	67.6	1.6	7.4	3.4	59.4	79.8	2
20.0	78.0	86.5	7.3	5.5	3.7	60.4	71.2	3
25.0	75.8	68.4	3.9	7.2	0.5	45.5	82.7	2
14.7	83.3	82.0	7.4	7.3	2.0	43.7	60.4	1
25.7	81.3	74.3	5.7	8.4	2.1	64.2	76.0	2
16.4	86.8	100.0	2.4	7.9	2.3	56.4	68.2	1
21.6	98.6	100.0	7.9	5.8	3.5	39.7	74.1	3
21.1	89.2	80.4	7.3	5.8	2.3	63.8	99.3	3
28.7	96.7	81.4	8.0	8.4	4.3	56.7	82.1	3
25.0	81.1	100.0	2.8	6.8	1.6	54.9	69.0	2
22.7	72.4	78.9	0.4	6.1	1.6	43.9	81.0	2
26.5	97.1	59.0	2.1	5.1	5.7	68.5	96.3	0
17.1	86.4	50.0	3.7	7.4	2.1	52.0	79.7	2
25.8	86.4	100.0	4.1	6.9	1.5	62.6	85.5	3
26.2	78.7	87.2	4.9	6.5	2.3	50.6	83.2	2
13.0	78.8	88.2	5.0	8.1	4.1	54.0	77.8	1
33.0	93.5	100.0	4.4	6.9	3.6	74.4	100.0	0
17.9	94.8	55.2	0.7	7.0	2.3	43.1	65.6	1
25.7	92.8	74.6	6.5	8.1	3.4	49.8	90.8	3
34.3	92.9	76.5	6.0	9.6	2.9	58.6	95.4	0
32.4	90.7	91.1	4.3	6.5	2.3	69.8	100.0	0
25.3	86.3	69.6	9.5	5.9	2.0	58.3	86.6	3
22.1	83.2	62.0	5.4	5.8	2.7	53.6	86.8	2
32.6	97.1	61.8	6.1	7.6	1.9	66.8	100.0	0
30.4	81.3	97.2	6.0	5.7	2.6	74.5	100.0	0
20.1	88.7	68.9	2.3	6.6	2.4	40.3	81.7	1
18.6	77.0	71.7	5.9	6.7	0.3	48.2	62.3	1
26.2	82.6	69.5	5.8	8.4	2.1	60.9	86.7	2
34.1	93.0	56.3	4.8	8.9	2.3	62.2	93.8	0
27.9	71.5	79.1	6.5	5.5	2.9	61.5	89.4	2
35.7	86.0	87.5	0.7	7.2	5.7	53.1	97.8	0
34.1	66.9	86.5	10.9	6.5	0.2	79.0	94.1	0
20.8	80.6	55.8	7.2	5.8	1.3	49.8	68.4	1
31.2	87.6	56.8	9.7	9.0	2.0	64.7	100.0	0
26.9	83.0	98.5	7.0	7.3	1.7	58.9	77.6	3
9.1	91.8	91.5	6.0	5.7	0.6	53.9	89.7	3
22.9	83.9	70.1	7.0	5.3	4.0	59.2	74.6	3
28.5	85.1	76.4	9.6	6.5	1.8	58.4	85.2	3
20.8	87.5	80.0	8.1	7.6	4.3	52.9	84.5	3
16.6	94.3	99.7	6.4	6.9	1.0	42.6	77.1	3
31.8	78.2	86.0	6.0	8.2	5.4	68.2	97.6	0
24.2	80.1	87.9	7.2	7.1	0.0	60.8	96.9	2
21.1	78.3	77.5	4.7	7.0	2.5	43.1	65.5	1
25.3	81.7	91.9	7.2	7.6	1.0	57.6	86.5	2
46.1	99.3	84.5	4.3	7.1	2.6	67.5	100.0	0
34.2	90.7	80.7	5.1	8.1	1.0	60.9	91.9	0
34.3	73.7	68.9	3.4	7.7	0.0	67.9	97.8	2
28.5	79.0	78.3	4.9	8.1	1.3	65.6	95.4	2
26.3	88.7	63.8	4.3	7.9	4.9	63.4	94.2	0
5.8	75.9	79.4	10.2	8.6	1.0	38.7	62.9	1
19.6	77.7	81.3	3.8	8.0	3.3	54.8	75.5	2
10.0	78.9	76.5	3.6	6.4	1.8	50.0	53.0	1
15.7	94.5	62.4	6.1	8.0	5.6	50.9	70.7	1
9.2	97.6	87.5	6.7	5.3	2.0	42.9	55.1	1
24.7	77.7	89.6	1.4	8.1	2.8	49.7	73.8	2
31.6	76.1	73.6	6.0	7.1	2.6	65.2	83.4	2
33.9	82.2	88.2	3.6	8.1	4.9	61.7	89.9	0
28.3	74.1	88.9	2.7	9.0	0.3	53.7	99.0	2
25.0	86.2	76.6	6.2	8.0	5.9	47.2	71.0	1
9.5	82.9	100.0	6.6	6.5	4.8	35.3	70.6	1
10.9	88.6	69.1	3.3	5.7	3.1	47.7	70.1	1
14.8	99.0	100.0	6.3	7.6	3.4	53.1	71.3	3
23.7	89.9	67.4	5.8	7.8	2.7	48.2	68.3	1
16.9	65.3	74.7	4.4	6.4	3.1	35.1	58.6	1
27.7	89.4	63.5	7.2	5.9	1.1	68.2	83.8	0
23.1	100.0	91.8	10.1	6.7	4.8	62.0	93.6	3
25.1	54.9	56.0	7.9	7.6	2.8	60.3	73.9	2
34.1	91.9	100.0	9.5	7.1	2.7	76.5	100.0	0
28.3	76.5	92.5	4.3	9.2	4.3	57.3	93.0	2
24.9	93.0	80.4	7.4	6.8	2.4	59.1	81.1	3
22.3	100.0	84.1	9.8	4.3	1.7	51.9	77.2	3
32.1	92.8	71.1	7.6	8.1	0.9	56.9	98.4	0
25.0	81.3	85.3	3.4	7.0	2.3	58.1	100.0	2
17.4	75.6	82.0	4.9	6.8	0.7	47.5	73.3	1
23.5	86.4	58.1	6.8	6.8	3.0	43.2	95.7	3
27.2	93.7	65.6	5.6	6.8	3.7	50.2	79.6	3
22.8	81.1	71.9	4.0	9.0	1.9	44.8	59.4	1
29.7	82.1	68.7	5.3	7.6	2.9	49.7	90.2	2
25.0	100.0	98.8	6.0	7.3	4.3	65.2	93.5	3
39.7	95.8	80.1	3.3	6.7	2.2	66.6	100.0	0
12.8	96.5	68.3	8.5	9.1	2.3	47.6	78.2	1
24.0	70.4	72.6	4.9	8.0	2.5	56.4	67.2	2
17.7	77.9	72.4	5.8	8.2	1.8	56.2	72.5	2
29.8	85.7	75.7	8.6	7.3	2.0	63.7	98.1	0
12.1	75.0	63.9	5.7	8.2	1.3	57.6	70.4	1
27.8	100.0	67.8	8.5	7.5	3.1	61.1	92.6	3
20.0	99.1	91.5	3.4	6.6	2.4	56.3	89.4	3
19.1	79.7	82.8	7.1	7.4	3.4	46.8	80.6	1
25.0	100.0	77.7	6.0	9.5	4.0	35.9	51.5	1
21.3	85.0	80.0	3.9	7.2	0.9	54.3	92.9	2
33.7	100.0	79.3	5.6	8.5	1.2	71.7	95.6	0
24.8	86.4	76.9	5.6	8.4	3.5	51.0	87.3	2
30.0	90.8	87.8	6.0	7.7	2.1	57.3	89.9	0
38.3	99.0	86.6	7.2	9.0	2.6	75.8	100.0	0
27.1	97.8	56.4	3.7	4.4	2.6	59.6	98.0	3
20.5	90.1	78.0	5.8	4.8	1.1	47.0	82.8	3
28.7	83.6	57.4	10.0	9.1	3.3	51.9	88.2	2
20.6	90.1	89.5	8.6	6.2	2.9	58.9	78.2	3
21.0	76.8	91.5	8.0	7.1	1.0	51.3	68.4	1
12.8	86.5	70.8	5.5	9.1	2.3	46.5	56.9	1
32.4	73.9	78.2	11.3	7.2	2.3	50.0	82.1	2
21.9	67.2	48.3	8.6	9.0	3.6	55.1	82.5	2
26.5	85.5	94.6	6.1	6.5	4.3	65.4	81.6	3
16.7	97.6	90.6	6.6	7.7	2.5	49.5	86.4	3
18.9	84.2	100.0	7.0	8.8	3.6	48.8	73.2	1
23.9	100.0	61.6	7.5	6.7	5.8	62.4	93.1	3
32.0	79.3	93.3	7.8	5.8	3.6	64.6	100.0	0
31.3	65.8	100.0	5.5	6.4	2.1	55.5	82.8	2
24.8	63.2	57.6	2.3	6.5	3.1	37.1	74.0	2
10.9	73.2	77.4	6.6	6.2	3.7	38.1	59.7	1
48.9	93.2	74.5	7.8	6.2	2.7	78.3	100.0	0
39.0	78.7	92.8	3.6	8.3	4.5	72.7	95.9	0
30.8	89.6	44.1	5.8	8.7	0.8	57.0	96.8	2
19.0	100.0	100.0	9.4	7.5	1.9	64.3	86.3	3
24.1	74.0	78.3	3.0	6.2	3.2	65.4	81.3	2
20.7	89.8	93.7	5.3	6.3	3.5	59.2	83.2	3
35.1	90.4	79.1	9.7	4.5	1.7	56.4	100.0	0
27.1	76.4	87.4	6.4	7.5	1.8	62.1	73.6	2
18.7	98.5	45.2	4.7	6.2	1.5	49.8	75.3	3
21.2	82.1	74.2	6.0	8.8	1.4	48.8	69.3	1
34.0	81.2	92.7	8.1	5.3	3.3	66.0	90.0	0
37.8	100.0	84.3	5.5	6.3	2.4	71.6	100.0	0
37.2	90.2	55.4	7.5	6.9	4.4	69.9	100.0	0
31.1	94.3	80.9	6.6	7.6	0.9	67.4	100.0	0
0.0	78.5	66.4	7.7	5.4	3.6	25.9	44.3	1
27.4	97.5	57.2	5.3	6.6	3.0	75.8	100.0	0
25.0	80.0	89.3	3.6	5.3	0.9	52.8	79.5	2
26.1	79.6	96.7	7.2	7.9	4.2	51.2	71.5	1
14.4	78.8	57.9	4.9	6.9	5.4	48.7	54.7	1
29.5	93.2	91.5	7.3	6.8	2.3	61.3	100.0	0
30.1	87.7	92.5	9.2	7.1	4.2	59.8	78.2	3
30.5	80.1	71.3	5.6	6.8	2.0	71.1	85.3	0
32.6	91.7	66.2	6.0	5.8	2.1	68.1	99.8	0
29.8	82.2	63.7	3.0	7.1	3.2	52.1	72.7	2
24.4	85.5	83.0	6.6	8.0	0.0	44.8	81.4	2
25.7	89.6	100.0	5.9	7.1	1.5	56.9	89.1	3
25.9	88.9	96.6	5.1	5.8	0.6	52.3	89.1	3
33.0	81.4	55.8	7.8	9.9	0.0	64.7	100.0	0
30.1	93.5	68.2	6.1	9.0	3.6	66.4	96.4	0
41.6	82.8	99.5	12.5	9.9	1.3	65.5	100.0	0
42.7	78.5	69.0	6.5	6.6	2.0	76.6	100.0	0
25.6	70.3	79.1	0.0	6.0	2.7	56.3	92.1	2
0.0	94.8	54.4	3.2	8.0	3.3	50.2	62.5	1
34.9	85.1	97.3	7.3	8.3	2.9	70.9	94.5	0
18.6	95.5	55.4	4.5	4.5	3.2	61.2	87.1	3
21.8	80.2	95.8	2.9	5.8	1.8	48.6	67.1	1
21.4	71.3	100.0	4.8	7.5	1.4	56.5	75.2	2
29.9	85.7	75.6	6.5	6.2	0.0	64.2	98.8	0
12.5	88.1	79.3	7.0	5.4	3.5	43.7	75.9	1
16.4	82.4	93.6	3.5	6.7	1.5	34.7	61.0	1
27.7	99.7	84.3	8.0	3.1	5.5	71.9	85.9	3
30.0	60.1	74.4	3.0	6.3	3.6	59.6	87.9	2
18.7	92.9	56.5	6.8	7.4	3.6	53.1	80.5	3
17.2	89.6	83.5	3.7	7.7	3.3	58.6	79.7	3
20.9	51.6	78.6	3.4	7.5	3.2	64.8	74.7	2
25.0	97.8	73.4	7.0	8.1	3.4	66.6	91.3	0
36.9	74.7	65.0	4.6	6.8	2.8	66.6	100.0	0
8.6	79.9	66.5	5.5	5.3	1.6	45.6	54.4	1
23.2	83.3	89.3	7.7	7.1	0.7	57.6	85.5	3
14.3	89.1	93.2	7.2	5.9	3.1	41.6	71.3	1
11.8	91.4	75.1	3.7	5.4	4.4	51.9	68.3	1
32.7	93.9	73.5	5.9	7.7	2.3	53.8	100.0	0
25.0	93.2	67.2	3.7	5.3	2.7	64.3	91.4	3
32.4	89.2	80.5	9.8	5.4	1.8	69.1	100.0	0
21.2	74.1	85.5	3.9	6.7	0.7	54.8	87.2	2
21.5	77.5	85.4	5.9	6.3	0.8	50.1	83.9	2
42.5	94.0	75.4	8.3	8.4	2.6	63.4	100.0	0
23.0	93.4	62.5	6.1	7.7	2.4	67.3	90.3	0
30.9	92.2	65.1	7.4	6.0	3.7	61.3	100.0	0
25.1	79.9	96.9	6.1	6.8	3.6	68.8	99.6	0
10.2	94.1	69.1	3.4	8.6	1.2	37.5	66.4	1
8.6	73.4	73.8	6.3	8.8	0.0	40.6	52.2	1
20.4	95.8	63.0	8.8	5.4	1.1	37.8	90.6	3
33.4	82.4	61.8	6.8	8.6	1.4	68.1	98.5	0
31.3	100.0	68.5	10.1	8.5	3.3	69.8	100.0	0
32.3	69.8	100.0	1.6	7.2	3.4	55.2	89.7	2
37.9	81.4	72.1	4.4	6.3	3.6	62.7	100.0	0
17.3	81.2	96.2	3.8	5.5	6.3	48.3	73.6	1
26.7	86.9	77.7	9.3	7.4	2.3	53.9	86.2	3
24.9	78.0	100.0	5.4	6.8	2.2	63.5	85.0	2
23.6	84.3	100.0	5.1	7.5	1.2	51.8	79.8	3
35.7	77.6	95.4	6.9	7.6	3.0	49.2	88.3	2
19.4	78.0	81.4	0.6	10.0	4.2	49.3	79.0	2
14.2	89.9	90.5	9.4	8.4	1.8	45.3	72.5	1
25.0	76.0	80.2	10.8	7.7	1.9	45.5	85.5	2
21.8	77.3	52.5	8.3	4.4	1.7	54.4	74.2	2
52.0	71.3	70.2	7.0	7.5	0.8	60.3	100.0	0
30.4	80.0	65.7	5.5	8.9	2.7	62.7	98.8	0
25.0	98.1	69.8	3.3	6.5	2.8	55.8	82.9	3
16.6	76.5	100.0	9.0	9.6	2.4	44.7	63.0	1
10.0	77.7	96.8	8.3	7.7	5.3	35.5	61.6	1
16.8	86.9	86.6	7.1	7.4	3.1	39.7	56.8	1
25.9	81.3	92.2	6.8	5.8	0.8	63.2	84.6	3
36.4	100.0	51.6	6.0	8.8	3.4	65.1	100.0	0
34.0	83.4	90.9	4.7	6.0	2.0	50.4	90.7	3
26.8	88.4	94.1	12.3	6.3	2.0	58.3	80.2	3
22.4	94.4	46.4	5.3	4.7	2.2	53.9	84.6	3
27.2	94.2	91.5	4.9	8.1	2.1	70.1	87.6	0
20.9	87.3	58.6	8.8	7.7	2.9	50.6	80.6	3
38.7	83.4	50.4	5.9	7.0	5.7	73.9	100.0	0
24.3	84.0	64.9	9.5	7.8	2.6	47.0	73.4	1
7.3	80.6	69.3	7.7	6.6	2.9	46.1	65.9	1
25.0	78.5	94.8	7.8	6.1	1.7	63.5	83.1	3
31.7	67.7	75.4	2.5	4.9	1.9	65.7	85.0	2
16.5	93.2	77.3	7.0	6.8	4.0	53.7	75.4	3
19.0	61.5	77.0	3.5	5.4	1.7	56.0	85.1	2
31.3	84.9	85.2	4.9	7.2	1.2	62.5	97.3	0
13.2	83.0	76.6	6.4	6.8	5.2	47.9	75.6	1
33.5	100.0	81.7	5.9	6.5	0.7	54.1	85.3	3
21.9	76.0	85.3	7.9	5.8	2.2	64.1	73.9	3
16.0	83.6	84.7	8.1	4.8	0.7	37.3	63.3	1
28.0	83.0	100.0	2.6	6.7	1.9	48.6	78.5	2
31.3	84.2	77.2	5.9	7.1	0.1	50.9	95.7	2
18.1	72.4	83.6	9.0	5.9	3.1	54.6	66.5	1
34.1	88.6	94.5	0.0	7.5	3.0	50.9	89.8	0
22.5	61.8	63.6	5.3	5.8	2.0	56.2	78.0	2
31.5	79.0	42.4	3.8	7.7	2.8	65.4	100.0	0
1.5	95.2	75.9	6.1	6.9	4.4	40.5	60.1	1
17.0	100.0	96.1	5.2	5.6	0.9	56.7	95.6	3
32.6	81.7	69.1	9.3	5.9	2.1	53.0	94.3	3
26.2	98.9	82.7	10.4	6.6	4.0	61.4	88.3	3
16.8	81.8	72.1	3.6	5.6	3.3	45.2	63.6	1
19.9	75.3	67.1	4.8	6.7	0.0	57.9	69.1	2
9.8	100.0	94.6	3.4	6.7	0.0	52.6	62.1	1
24.3	90.2	64.3	8.9	5.9	2.5	50.7	88.7	3
42.7	85.0	84.4	6.4	7.8	5.0	72.4	100.0	0
31.4	91.9	84.6	6.1	5.8	1.9	65.3	98.6	0
42.5	87.7	67.2	6.8	8.5	3.5	66.5	100.0	0
32.1	84.3	82.3	5.2	6.7	2.6	61.9	94.7	0
33.2	71.7	66.0	3.9	6.2	3.4	64.5	97.7	0
40.8	82.3	87.8	6.1	7.6	4.1	64.5	91.5	0
28.0	91.2	60.3	5.3	7.0	3.9	53.1	94.7	3
23.5	83.8	74.9	6.9	7.9	3.9	56.9	77.5	2
36.6	88.8	96.7	6.5	7.6	2.3	64.7	100.0	0
21.2	76.2	82.1	4.3	6.4	3.3	49.7	77.5	2
25.0	71.8	94.3	6.4	7.0	3.2	44.2	72.9	1
26.1	83.4	88.3	8.3	6.9	3.4	65.7	90.0	0
31.7	79.8	88.2	4.6	8.6	0.0	67.3	100.0	0
31.4	88.4	75.0	9.0	4.8	4.3	60.7	100.0	0
13.6	77.8	95.3	1.6	8.9	0.0	41.0	64.8	1
40.3	78.8	74.7	9.9	7.8	1.4	61.1	100.0	0
25.0	95.5	54.1	9.1	7.2	2.8	47.8	64.6	1
22.9	86.5	76.8	3.8	5.3	2.5	51.4	84.3	3
17.8	78.0	86.8	3.8	5.0	4.6	45.8	63.6	1
46.6	85.2	55.9	2.3	6.3	0.7	67.2	100.0	0
26.9	98.8	66.7	8.3	7.8	2.0	68.4	99.9	0
18.2	87.9	61.5	5.2	7.0	0.0	63.7	69.0	2
31.9	90.9	91.8	5.0	7.7	2.7	54.4	97.1	0
31.2	77.5	100.0	3.2	5.2	2.2	55.7	91.1	2
23.5	95.3	76.9	10.5	7.1	0.6	49.8	89.8	3
31.7	100.0	88.0	3.6	8.3	4.5	66.2	94.9	0
18.4	77.1	87.6	6.1	8.7	4.1	47.8	80.2	1
8.9	86.8	70.2	5.0	6.6	4.2	57.1	61.7	1
14.4	93.8	76.7	4.5	6.6	2.4	53.5	63.7	1
39.5	84.1	74.9	5.1	6.2	3.6	59.9	97.2	0
38.1	74.5	81.1	7.4	8.1	3.8	76.1	100.0	0
38.3	91.0	80.5	10.1	5.7	3.1	72.0	90.1	0
23.7	80.9	67.2	4.1	7.5	2.8	73.1	86.1	2
23.1	91.1	62.7	7.9	7.4	1.0	55.0	85.4	3
25.5	96.6	98.8	6.0	7.4	0.6	56.4	100.0	3
24.0	87.4	67.1	4.1	8.6	3.2	57.4	94.9	2
23.3	84.7	90.0	4.0	7.4	2.1	71.9	87.7	0
34.1	93.3	69.8	3.2	4.4	0.3	75.7	100.0	0
26.2	76.4	61.0	6.7	5.3	3.4	52.8	71.0	2
33.3	82.3	70.5	0.3	6.1	0.7	69.2	95.6	0
28.1	80.1	86.4	11.0	6.8	2.5	54.9	94.2	3
17.2	77.0	87.5	6.4	6.7	4.8	41.0	68.5	1
14.2	100.0	88.2	6.0	4.8	1.1	58.8	72.8	3
26.2	100.0	76.0	9.3	5.1	5.1	63.5	100.0	3
23.6	81.5	90.3	6.0	4.5	2.0	57.3	97.1	3
25.7	85.9	66.2	5.3	5.1	2.4	65.5	77.6	3
24.9	83.1	43.2	1.1	8.2	0.4	47.5	80.8	2
45.7	96.1	90.6	7.4	6.7	0.5	71.9	100.0	0
14.4	98.1	82.5	3.6	5.9	1.5	70.3	83.2	3
9.1	67.2	70.8	9.1	4.7	3.8	46.2	53.8	1
27.7	89.8	57.9	4.1	5.8	6.0	63.9	100.0	0
22.0	71.9	49.5	4.9	7.7	6.4	53.1	74.1	2
27.5	100.0	80.8	2.6	7.6	2.3	46.8	90.7	3
29.7	89.4	100.0	2.8	6.7	2.0	54.5	92.0	3
35.3	76.8	77.9	5.7	6.7	1.0	69.8	89.4	0
12.9	82.6	74.6	5.5	4.9	4.2	43.0	66.6	1
20.5	82.1	79.6	4.8	6.1	1.4	51.5	65.6	1
28.4	90.3	100.0	11.1	7.7	2.1	62.0	100.0	0
31.2	95.4	91.3	7.5	6.2	3.2	55.4	100.0	3
25.0	73.5	66.0	6.0	8.9	3.2	58.3	96.6	2
32.6	100.0	80.4	0.0	8.4	1.6	64.4	99.9	0
24.5	100.0	85.0	8.1	6.5	2.4	55.6	96.8	3
17.9	76.2	64.2	13.5	6.7	1.6	51.6	74.9	1
20.5	85.7	91.4	5.5	9.7	1.3	42.5	61.7	1
20.3	100.0	67.7	6.0	8.0	1.0	51.2	83.8	3
30.2	97.3	57.3	6.4	7.1	0.3	67.4	100.0	0
14.4	93.1	78.8	7.2	7.2	2.1	50.7	74.5	1
21.5	100.0	80.0	9.8	7.0	0.8	61.2	81.2	3
32.0	86.1	68.5	4.3	5.7	0.7	65.6	100.0	0
27.8	78.7	70.6	4.4	6.5	0.6	59.9	84.3	2
29.5	86.7	96.9	5.8	5.3	1.6	65.3	89.7	0
28.1	87.5	86.6	4.7	7.9	4.2	52.0	93.3	3
38.0	79.8	65.6	2.2	6.8	1.5	62.8	93.2	0
26.9	89.4	50.7	5.0	7.9	3.3	60.5	90.3	2
21.9	72.5	66.3	4.5	5.5	4.8	45.1	74.7	1
17.7	78.3	82.4	9.4	8.7	2.8	53.3	71.9	1
5.5	67.5	69.4	9.5	5.1	2.4	45.3	46.7	1
23.5	94.0	71.2	8.0	6.4	2.4	55.6	84.6	3
23.4	64.9	78.9	6.5	6.5	5.1	57.5	61.5	1
14.1	67.7	91.8	3.8	5.3	0.0	53.2	67.8	1
17.6	80.0	80.0	9.3	6.7	4.2	60.8	74.3	3
31.5	87.9	80.9	6.9	7.7	0.0	63.8	100.0	0
26.8	98.3	76.6	2.9	6.4	3.7	46.9	91.8	3
25.8	85.6	72.5	3.7	4.9	1.9	44.0	72.1	3
27.5	82.5	93.4	2.8	7.9	5.2	48.5	78.6	2
25.7	90.8	91.1	0.9	6.0	3.5	63.3	82.4	3
13.3	73.0	72.5	4.1	7.5	5.2	42.8	71.1	1
38.0	85.8	66.4	6.1	6.0	6.7	69.1	98.5	0
28.0	83.7	94.3	5.5	5.6	5.5	63.9	96.9	0
20.3	77.0	67.8	4.2	8.2	1.0	52.5	78.2	2
15.0	86.7	92.1	9.8	8.1	2.2	55.2	85.0	3
28.2	86.6	68.6	2.2	6.4	0.7	50.9	84.3	2
24.1	96.8	85.2	2.3	5.5	1.6	65.2	84.6	3
37.6	68.9	64.1	7.1	7.5	2.9	64.5	98.1	0
22.2	84.2	91.7	4.4	7.7	3.6	60.0	69.8	3
18.3	77.4	61.5	4.3	6.6	3.3	46.5	72.2	1
32.2	93.7	84.1	3.3	5.7	0.0	47.8	97.1	3
32.4	92.5	77.0	6.8	7.0	2.4	68.2	100.0	0
26.3	90.1	81.5	6.6	7.6	3.3	57.2	91.2	3
30.4	78.0	74.1	6.3	6.4	3.9	68.5	91.9	0
24.7	93.9	73.7	4.5	7.3	3.1	60.8	100.0	0
26.9	69.7	82.3	4.1	7.4	3.2	77.7	90.5	0
30.0	72.2	64.9	8.4	6.5	2.9	56.5	86.1	2
23.6	84.7	74.6	9.9	5.6	6.4	43.5	66.2	1
6.1	55.2	64.9	7.3	9.0	3.0	30.8	46.6	1
41.4	98.2	93.9	8.5	4.9	3.6	66.9	100.0	0
11.4	86.3	75.0	3.0	4.2	2.6	45.5	60.9	1
20.0	69.3	76.6	4.2	6.9	2.6	52.8	63.8	1
24.7	86.0	60.1	7.3	6.5	3.9	66.7	89.6	0
23.8	95.9	100.0	6.0	6.7	1.6	50.7	79.1	3
25.0	91.0	100.0	6.8	6.7	2.3	53.0	98.4	3
16.5	96.0	68.3	6.0	8.2	0.4	58.0	83.7	3
27.1	71.3	98.4	8.1	6.9	3.7	66.0	76.1	2
20.4	80.9	78.6	3.3	8.0	4.1	48.7	82.3	2
27.4	75.8	100.0	6.0	4.0	3.4	64.7	86.3	3
24.5	100.0	85.0	3.7	6.4	2.1	64.1	82.1	3
25.7	91.4	81.5	4.1	6.0	2.4	45.2	86.1	3
20.6	100.0	42.5	1.7	4.3	2.7	50.7	96.2	3
20.9	80.3	66.8	6.3	7.1	4.1	49.2	74.0	1
27.3	77.8	80.3	1.5	6.9	4.1	72.1	77.8	2
32.5	83.6	83.0	6.0	6.4	0.3	65.8	100.0	0
20.2	98.8	61.8	9.4	6.8	1.2	51.2	94.6	3
29.9	86.2	88.3	6.1	8.2	0.5	48.6	81.7	2
24.7	86.0	59.3	9.8	7.8	3.9	64.4	87.9	0
31.6	85.4	82.0	6.8	7.4	2.1	64.5	80.1	0
17.8	78.5	98.6	3.8	9.8	3.6	54.7	90.6	2
10.8	83.6	85.8	6.3	6.2	2.6	36.0	60.1	1
20.7	83.2	85.0	10.9	5.4	2.4	58.6	80.8	3
18.9	84.9	49.7	3.3	8.4	0.9	50.1	78.9	2
24.4	94.4	67.7	2.5	9.2	1.7	52.0	83.4	2
19.9	100.0	100.0	7.5	6.2	2.3	58.8	80.6	3
30.9	76.6	71.0	5.4	8.7	2.3	50.7	79.1	2
26.2	76.7	70.8	2.9	7.7	1.5	54.2	86.3	2
26.3	86.9	75.8	1.1	7.8	2.5	65.8	100.0	0
26.6	79.6	87.7	2.4	6.2	4.8	63.6	94.7	0
24.8	87.4	81.5	10.0	9.2	3.7	57.4	83.0	3
29.1	96.0	85.7	6.0	9.4	2.7	63.3	93.8	0
18.6	59.7	67.7	1.1	5.8	0.3	52.4	82.2	2
36.2	89.9	63.0	6.0	7.2	0.4	65.6	96.5	0
23.1	80.4	66.7	6.0	8.1	3.5	48.3	64.5	1
14.5	89.6	72.0	9.1	4.7	3.6	45.7	72.0	1
26.5	76.0	76.6	4.9	7.0	0.0	47.1	87.6	2
18.2	97.0	95.6	5.3	5.0	3.5	60.1	62.2	3
30.3	94.1	81.3	6.3	7.8	1.7	64.8	100.0	0
42.7	90.7	87.3	9.5	7.1	1.9	67.4	100.0	0
18.7	92.9	82.1	4.6	6.6	3.8	47.5	65.0	1
27.7	77.5	63.3	4.1	5.1	3.6	59.1	84.0	2
11.0	78.8	80.3	7.7	6.3	2.4	34.4	49.5	1
28.6	92.5	82.0	9.0	7.6	3.5	52.3	75.0	3
17.9	77.3	91.4	5.9	7.0	2.0	49.9	73.1	1
20.0	99.5	64.0	7.7	8.4	1.3	73.2	90.4	0
30.9	90.0	82.6	5.4	8.3	4.5	63.0	83.6	0
33.1	100.0	85.3	3.9	6.4	1.5	56.0	100.0	0
25.2	77.9	77.3	3.1	7.4	1.7	48.6	84.2	2
18.1	85.7	80.4	4.5	5.8	3.8	61.6	57.9	1
37.7	95.5	93.2	3.6	5.5	1.5	64.2	95.3	0
19.0	94.5	73.1	6.7	8.4	3.7	54.0	79.1	3
7.7	81.7	75.8	9.0	5.6	1.0	47.5	65.1	1
28.7	79.8	81.2	6.5	5.4	2.1	55.3	90.3	3
16.2	82.7	61.7	3.7	7.1	4.0	45.7	74.5	1
32.9	99.5	77.7	8.1	6.7	1.0	51.7	90.6	3
22.0	82.2	79.0	6.0	6.8	1.6	44.7	77.6	1
29.8	85.8	100.0	7.2	9.8	3.1	64.6	90.3	0
36.2	80.7	75.5	4.7	5.8	0.0	61.0	94.0	0
15.3	92.1	83.0	8.8	7.6	2.6	55.3	63.7	1
20.5	86.6	93.8	8.8	7.1	4.2	41.5	76.2	1
37.3	75.3	100.0	7.8	6.1	2.4	64.0	89.1	0
19.7	65.0	100.0	8.8	6.7	2.5	38.5	71.4	1
20.2	76.7	79.6	4.8	7.1	4.7	60.2	76.6	2
28.8	92.9	71.9	5.8	5.3	4.6	50.0	96.6	3
20.4	98.2	100.0	6.2	4.8	2.4	63.1	83.7	3
26.2	91.9	91.9	3.3	7.0	1.6	58.2	84.8	3
12.6	90.5	81.2	7.1	8.6	3.8	41.3	75.6	1
42.7	83.7	100.0	8.6	6.6	4.2	83.5	100.0	0
14.2	92.7	99.8	5.6	6.7	4.6	52.6	75.4	3
22.4	87.9	75.0	6.8	8.4	3.4	64.1	84.4	3
24.7	100.0	83.7	9.5	6.8	2.0	61.8	92.3	3
40.3	84.0	88.7	5.0	7.9	0.0	66.2	100.0	0
25.0	98.4	80.4	6.9	10.0	5.4	44.0	78.4	1
40.9	93.7	59.1	4.6	6.3	4.9	68.4	100.0	0
31.1	92.4	65.9	4.5	6.8	1.3	63.4	94.2	0
28.3	64.9	59.6	6.9	7.5	2.8	62.1	86.7	2
17.1	94.3	87.4	6.6	8.8	2.2	49.0	63.7	1
29.6	83.7	62.2	7.4	6.9	2.6	63.6	100.0	0
19.2	80.6	82.9	6.0	7.9	1.9	64.1	68.3	2
35.1	70.2	100.0	6.0	7.4	3.5	63.1	88.6	0
17.2	84.9	100.0	10.2	6.9	0.8	36.0	65.0	1
24.1	85.3	52.4	8.6	6.5	1.9	56.2	86.0	3
20.6	72.0	60.8	6.8	6.3	3.8	50.5	86.2	2
17.1	70.3	68.4	6.0	10.0	0.0	47.4	77.1	2
25.0	89.9	62.5	5.3	5.2	3.0	49.7	78.2	3
29.3	93.7	55.2	6.0	5.3	1.7	63.1	88.0	3
34.7	86.9	79.8	7.2	7.3	4.9	60.1	85.6	0
10.8	96.5	90.6	6.2	7.2	3.0	46.8	58.2	1
33.5	84.1	94.3	6.0	7.5	1.3	69.9	94.9	0
45.0	84.5	72.9	9.2	6.0	4.7	65.4	100.0	0
21.4	75.8	75.9	5.7	5.8	2.5	51.6	74.2	2
40.2	69.4	85.3	1.0	6.7	2.7	64.0	98.9	0
22.9	100.0	78.4	11.1	8.1	3.8	55.9	88.2	3
14.0	96.3	92.2	4.4	5.8	1.6	46.6	65.0	1
22.6	71.1	86.5	6.5	7.2	4.7	49.7	74.0	1
33.4	86.6	74.4	7.8	6.4	3.4	75.6	100.0	0
18.3	84.0	52.2	9.5	5.2	1.5	48.1	93.8	3
20.2	82.3	100.0	10.5	5.5	1.9	54.5	85.5	3
29.7	80.9	69.7	5.1	8.1	0.6	60.2	100.0	2
25.0	88.8	85.4	9.0	6.3	3.0	57.6	86.6	3
29.7	93.2	51.3	6.5	8.5	2.2	64.8	100.0	0
26.9	89.0	79.8	12.9	7.0	3.0	53.8	89.0	3
28.8	83.8	81.5	8.8	5.4	0.0	69.7	80.4	3
21.5	83.4	82.2	5.6	7.6	1.7	46.8	57.2	1
26.9	94.4	100.0	4.0	6.0	1.0	58.1	81.8	3
17.6	89.6	70.5	0.0	6.5	3.2	42.7	82.3	1
35.3	85.7	92.3	6.0	8.4	1.6	71.1	99.3	0
34.0	88.5	69.8	7.9	6.5	1.7	69.5	100.0	0
23.1	80.3	92.1	0.1	5.7	4.9	56.4	70.3	2
26.6	93.2	77.5	2.9	5.6	2.6	60.3	100.0	0
21.0	74.2	93.1	7.2	6.4	3.9	60.3	69.1	1
11.0	91.1	82.3	5.9	6.7	3.9	58.0	62.9	1
16.6	73.7	75.8	8.7	7.8	1.3	45.6	70.0	1
22.4	69.3	95.8	3.4	6.1	2.4	55.4	75.6	2
26.7	85.6	100.0	6.5	5.2	1.8	56.4	93.5	3
33.1	68.0	66.8	5.3	7.8	5.3	64.6	99.1	0
21.4	72.0	73.2	9.0	6.1	0.7	44.4	85.4	2
17.9	92.6	90.1	4.7	9.2	5.6	53.1	83.1	3
13.5	83.0	78.0	10.2	6.5	0.4	47.7	75.1	1
28.8	97.9	65.7	5.2	6.8	3.6	64.6	92.2	0
36.1	73.0	88.1	3.3	4.2	1.6	66.0	96.1	0
35.1	84.1	90.1	3.4	5.6	2.9	57.5	98.5	0
30.7	89.0	75.0	4.4	4.3	2.2	71.2	88.3	0
30.1	73.3	80.9	6.9	7.4	1.3	58.1	97.0	2
38.6	95.3	71.4	4.5	6.9	2.6	73.7	100.0	0
25.0	90.1	63.6	3.9	7.8	1.9	49.8	88.4	2
30.2	68.9	72.5	8.2	8.0	3.4	54.9	72.6	2
22.4	84.6	81.1	0.0	8.2	1.0	62.6	81.9	2
14.1	88.9	57.9	6.0	6.7	3.2	61.2	82.6	3
25.0	79.1	73.6	2.7	7.1	3.8	54.7	79.3	2
24.9	70.2	81.3	3.8	7.7	2.3	53.6	85.8	2
25.5	87.8	97.9	6.6	6.0	0.5	49.3	81.2	3
40.4	100.0	75.3	5.5	5.9	5.1	76.3	100.0	0
25.7	81.1	61.3	5.3	8.8	3.2	58.7	84.2	2
34.4	100.0	76.9	9.0	4.8	1.4	48.2	100.0	3
21.5	77.5	71.5	6.0	7.6	3.2	39.8	73.9	1
22.5	87.2	88.3	10.5	7.4	0.0	57.6	80.9	3
14.4	92.7	74.9	7.8	5.7	4.3	43.4	49.2	1
19.1	84.9	39.3	3.6	6.2	5.7	44.2	73.8	1
29.2	82.0	100.0	10.8	6.6	3.7	58.4	75.6	3
25.1	92.3	82.1	6.7	7.3	1.0	60.2	94.5	3
32.5	100.0	81.3	10.7	7.4	0.0	75.1	100.0	0
26.5	88.0	56.9	5.3	7.0	4.5	51.9	66.6	1
22.2	79.8	58.0	6.7	7.2	2.3	56.9	82.8	2
42.2	83.1	78.6	7.1	7.8	1.9	61.4	100.0	0
24.2	100.0	85.0	5.6	7.7	4.2	54.5	90.2	3
34.3	86.3	90.5	9.2	8.8	1.6	65.1	89.3	0
21.8	79.1	83.6	10.8	8.3	3.6	52.1	81.2	3
30.7	73.5	62.2	0.3	7.0	2.5	48.8	74.5	2
32.4	66.7	42.4	8.0	7.8	2.9	63.2	95.6	2
26.7	88.6	78.5	3.8	7.5	4.9	63.9	93.5	0
6.2	91.5	72.0	6.0	7.2	1.8	61.0	65.5	1
25.1	81.0	61.1	7.3	6.0	1.6	57.7	88.0	2
34.8	84.9	92.4	7.3	7.2	2.2	65.2	91.6	0
29.2	73.3	56.4	7.7	4.5	0.7	60.2	83.5	2
25.0	86.3	89.3	6.9	8.3	3.9	49.1	95.1	3
11.2	89.8	58.8	8.2	7.4	3.7	37.2	72.0	1
19.2	79.6	82.0	4.5	6.8	2.5	50.8	65.8	1
28.3	100.0	94.0	6.7	6.5	1.1	44.0	83.4	3
28.3	76.6	74.9	7.7	7.8	0.0	49.2	79.3	2
34.7	87.8	100.0	9.4	9.2	1.2	60.5	98.9	0
23.8	93.5	100.0	6.1	7.5	2.2	64.5	88.3	3
28.2	84.2	83.6	5.5	9.3	0.0	60.8	100.0	0
25.1	83.1	88.1	5.9	7.9	6.2	44.9	90.9	3
17.1	70.7	95.9	3.0	6.0	3.1	48.1	82.8	2
25.0	98.6	88.2	7.9	7.6	3.3	49.4	83.3	3
28.4	83.3	86.6	2.4	7.5	2.3	64.2	78.6	2
26.4	90.4	72.1	7.0	6.0	3.6	66.2	90.0	3
20.1	91.7	54.7	6.2	6.5	2.0	62.8	78.5	3
12.0	78.7	59.1	2.1	6.5	2.3	50.1	59.1	1
30.0	83.0	100.0	2.3	7.1	4.6	63.6	100.0	0
22.9	98.3	84.8	3.9	6.7	4.1	58.7	90.2	3
29.5	73.8	76.3	5.1	7.3	2.5	64.5	76.9	2
39.9	100.0	98.9	9.7	7.5	5.5	64.0	100.0	0
7.9	77.6	68.8	5.7	8.5	2.4	41.0	43.1	1
19.4	73.2	88.7	7.4	7.7	1.7	45.3	68.1	1
23.3	86.3	81.2	9.2	6.2	2.7	58.7	84.9	3
36.6	100.0	86.9	8.7	9.5	3.0	65.5	96.6	0
11.9	65.9	75.0	6.0	6.2	0.7	51.4	67.6	1
40.5	83.6	65.5	4.2	6.5	3.2	68.3	100.0	0
26.1	89.8	67.7	7.2	7.7	5.7	66.0	96.9	0
24.2	85.3	68.2	4.3	10.0	3.9	40.1	80.3	1
23.4	88.8	80.0	10.5	7.5	3.5	50.5	61.5	1
21.5	77.8	56.7	8.2	6.2	3.2	59.8	67.6	2
33.4	79.0	61.3	6.5	5.0	1.0	62.0	100.0	0
16.5	83.5	82.0	7.3	5.0	1.0	57.8	79.2	3
27.8	73.7	78.1	6.4	7.0	2.7	58.8	77.1	2
21.9	84.6	82.9	5.1	7.7	1.9	47.1	72.4	1
18.9	81.1	79.3	7.2	5.3	0.3	64.8	80.2	3
45.7	80.3	100.0	5.4	7.3	2.0	66.3	94.1	0
28.4	88.2	81.9	10.8	5.4	3.2	53.9	100.0	3
29.9	66.8	74.3	4.3	5.9	3.4	63.6	79.5	2
34.1	82.7	81.5	7.3	7.8	1.3	56.1	94.7	0
13.6	100.0	95.3	4.0	6.1	2.4	40.5	83.8	3
39.0	74.1	79.3	4.0	8.6	3.1	59.6	96.6	0
4.9	97.9	90.3	1.5	6.3	0.6	49.5	67.0	1
18.8	85.5	85.9	7.0	8.3	1.3	68.0	75.5	2
21.3	79.0	75.6	6.0	9.7	2.5	52.9	73.2	2
29.7	71.8	81.7	8.7	6.1	1.1	52.6	77.4	2
26.7	86.4	100.0	7.0	10.0	2.0	67.3	100.0	0
23.7	99.5	83.6	6.4	7.0	6.2	53.1	79.9	3
24.9	81.1	65.2	2.5	6.2	0.2	52.5	76.7	2
17.2	84.2	75.2	7.5	6.6	4.6	53.6	67.3	1
13.0	95.1	48.3	4.3	6.5	3.0	57.6	78.0	3
25.0	88.4	82.1	2.4	8.7	0.7	61.9	99.6	0
30.5	69.3	99.7	7.1	8.6	3.5	55.6	69.6	2
37.7	86.0	59.9	2.9	8.6	2.6	83.6	100.0	0
18.7	100.0	82.2	0.8	5.4	4.3	49.0	81.3	3
25.0	84.6	94.8	9.2	7.2	3.5	56.4	100.0	3
22.7	57.6	96.4	4.6	5.1	2.8	47.8	60.8	1
34.5	88.9	99.2	1.6	8.2	2.0	68.4	92.4	0
33.2	83.0	52.0	3.6	6.4	4.3	58.8	98.8	0
26.7	66.7	87.6	4.2	7.6	1.9	61.2	82.8	2
22.3	68.2	57.4	8.9	6.4	0.4	51.6	86.5	2
32.7	94.8	65.0	1.8	4.9	0.0	61.3	100.0	0
30.2	77.7	92.3	2.7	8.1	0.6	55.1	90.6	2
19.5	75.9	82.4	6.0	8.2	3.7	50.8	73.0	1
14.4	84.6	90.9	4.9	7.2	2.0	51.8	70.1	1
22.7	78.6	66.1	6.6	4.5	1.3	53.5	79.3	3
37.1	86.0	100.0	4.8	7.9	1.8	67.5	100.0	0
34.2	83.0	90.3	11.1	6.1	3.7	57.3	100.0	0
25.0	73.0	93.3	2.8	7.6	3.4	42.7	49.3	1
15.7	79.9	63.8	6.7	6.4	2.7	48.7	66.5	1
35.2	89.4	97.6	9.8	6.5	1.6	65.7	100.0	0
15.9	85.4	75.3	5.1	7.6	1.9	50.1	67.8	1
29.1	84.2	70.8	4.1	6.0	2.3	55.0	86.3	2
20.1	100.0	89.4	7.9	6.8	1.2	55.6	80.4	3
37.9	92.3	88.7	8.5	7.6	2.3	67.5	100.0	0
18.8	93.5	67.3	4.0	9.6	1.1	52.2	76.0	2
34.1	83.3	100.0	9.7	6.9	3.0	58.2	89.2	0
26.5	87.2	100.0	6.1	8.0	3.2	61.8	95.3	0
27.0	80.7	89.1	7.3	5.6	4.2	57.3	81.3	3
25.0	92.8	86.5	9.7	9.0	2.9	40.2	61.9	1
7.4	83.9	84.9	7.9	6.0	2.8	42.2	50.4	1
23.2	87.2	56.8	6.0	6.8	1.2	51.1	78.6	2
27.0	86.6	81.7	4.3	7.6	2.4	58.2	87.9	2
16.0	84.8	81.5	12.8	6.1	1.0	60.4	66.8	3
16.3	100.0	71.4	4.0	8.3	0.0	53.3	78.4	3
29.5	78.3	75.4	6.8	6.2	2.1	60.4	93.6	2
29.5	78.2	44.3	7.3	8.0	1.7	69.5	77.3	2
23.9	91.9	63.5	7.4	8.3	3.4	58.7	81.1	3
31.2	79.0	93.8	11.3	7.7	1.1	63.5	100.0	0
15.6	82.1	100.0	6.1	7.9	6.7	50.1	68.2	1
22.2	74.1	65.8	5.8	10.0	1.8	49.8	85.1	2
38.2	89.9	82.7	9.9	7.5	2.4	70.5	100.0	0
25.5	90.0	96.5	5.7	7.1	1.6	70.4	90.2	0
26.0	81.8	72.2	8.2	7.4	3.7	46.9	88.3	3
43.4	92.1	90.1	6.5	8.5	2.2	68.0	100.0	0
13.8	66.4	79.5	8.3	9.8	1.0	38.9	53.2	1
31.4	77.9	97.9	7.8	6.8	0.0	54.7	81.0	2
22.4	73.3	63.4	1.4	8.4	3.5	51.6	69.2	2
31.9	67.5	84.2	1.8	5.4	3.0	64.5	99.3	2
17.1	81.9	81.4	1.4	7.3	2.2	45.1	71.1	1
25.0	91.9	79.2	5.8	7.4	2.0	48.6	87.3	3
28.1	97.8	88.6	0.1	6.9	3.7	53.1	82.1	3
31.4	79.5	66.0	5.6	6.9	2.3	71.3	88.2	0
34.0	92.3	59.5	6.3	5.0	4.2	70.1	98.7	0
37.6	91.4	72.5	8.1	6.0	2.4	59.0	100.0	0
24.5	97.2	74.2	7.3	8.1	2.3	66.5	90.9	0
34.5	81.5	75.7	8.3	4.6	3.1	61.2	100.0	0
22.3	67.0	99.0	7.0	6.9	4.6	55.1	78.6	2
32.2	85.7	91.6	5.2	6.6	4.3	62.4	98.7	0
28.6	77.8	83.3	3.9	9.0	1.9	51.9	93.7	2
28.4	82.0	73.5	6.6	5.8	0.7	68.7	73.4	2
12.2	81.6	67.2	2.0	7.7	3.5	53.4	68.1	1
16.0	86.4	62.0	8.7	6.4	0.0	42.3	77.2	1
25.8	92.0	69.6	3.6	6.0	5.1	59.7	100.0	0
11.5	81.3	79.4	6.4	6.7	3.8	44.2	62.8	1
31.6	89.0	62.7	6.8	6.6	1.4	70.6	81.8	0
32.0	85.1	82.5	8.9	6.8	4.3	60.2	100.0	0
27.6	94.4	77.1	1.8	6.1	3.3	54.1	79.6	3
16.0	83.1	74.0	5.2	5.8	3.2	55.0	77.3	3
36.0	84.2	97.4	7.4	8.2	2.1	73.6	100.0	0
41.3	81.3	43.1	10.4	7.0	3.3	71.1	100.0	0
25.0	83.4	74.2	5.9	6.9	0.4	61.4	71.2	2
29.1	77.2	44.7	4.5	5.9	2.6	49.4	81.2	2
25.0	76.2	83.6	11.1	8.9	1.5	46.8	67.8	1
29.2	92.8	91.4	8.0	6.9	2.1	50.7	93.3	3
24.0	74.2	59.7	9.4	4.7	1.5	62.0	76.0	2
24.7	81.8	61.7	3.0	7.3	1.5	52.9	65.4	2
32.2	95.2	54.5	7.3	6.1	4.4	69.7	100.0	0
43.8	81.5	81.0	3.3	8.1	0.4	65.5	98.6	0
24.2	79.1	75.8	7.5	8.1	0.8	48.9	73.8	2
15.6	74.5	74.5	7.6	6.4	4.5	45.4	73.2	1
37.7	69.1	65.4	4.8	6.9	3.1	50.8	98.2	2
25.0	98.1	97.0	9.6	7.3	0.4	52.6	84.6	3
13.5	73.6	84.1	6.0	8.1	3.0	43.1	62.4	1
30.1	92.5	62.2	5.3	5.8	1.5	48.7	86.4	3
39.0	75.0	69.5	5.9	7.1	2.8	68.7	92.3	0
30.3	98.2	66.9	6.0	9.2	0.5	66.8	94.6	0
26.6	100.0	100.0	9.2	6.4	4.3	55.0	93.8	3
28.3	68.1	90.7	3.4	7.0	0.0	47.4	96.1	2
36.3	74.2	78.1	4.1	10.0	1.3	76.3	100.0	0
18.0	92.7	100.0	3.0	6.7	0.9	54.3	84.8	3
24.1	90.1	100.0	10.7	5.2	3.1	38.7	77.3	3
21.4	92.8	76.5	5.2	6.9	1.8	51.7	85.7	3
15.7	79.3	73.8	4.1	9.0	2.2	43.7	50.6	1
22.4	100.0	74.6	5.3	8.3	1.5	51.3	78.9	3
33.9	86.2	65.7	8.1	5.8	0.4	71.5	100.0	0
29.5	72.8	100.0	7.7	7.5	2.2	60.0	93.4	2
30.2	82.5	64.9	4.6	6.8	0.5	64.8	89.3	2
26.2	73.0	93.0	5.0	8.0	0.0	54.5	72.0	2
29.2	100.0	90.4	2.4	6.3	3.4	68.3	97.8	0
18.6	78.4	75.4	6.3	7.6	0.6	47.9	69.5	1
22.5	89.9	100.0	9.2	9.3	4.7	57.1	90.7	3
26.5	80.3	56.6	4.5	3.9	4.6	60.6	91.8	3
27.2	78.8	78.8	7.6	7.7	3.8	52.6	95.9	2
27.6	65.9	72.7	4.5	8.6	0.8	39.8	84.7	2
23.9	91.0	94.4	3.3	5.1	5.7	43.9	77.2	3
22.0	98.0	85.3	7.7	6.1	0.0	73.5	95.8	0
50.3	75.8	54.1	11.9	6.5	1.2	79.0	100.0	0
32.3	69.5	98.6	7.4	6.1	3.7	64.9	88.0	0
28.3	93.0	87.3	5.0	6.0	3.6	70.8	97.7	0
23.1	68.5	64.5	5.1	6.6	1.4	44.2	73.2	2
21.4	97.2	74.8	10.8	8.0	1.3	50.2	82.5	3
24.0	76.0	60.5	6.8	8.8	2.2	46.1	69.9	2
27.3	74.0	77.4	4.1	8.6	2.4	74.3	100.0	0
10.0	87.5	82.3	6.0	8.2	1.8	38.1	54.6	1
12.4	74.6	75.0	6.5	9.2	5.0	54.9	81.4	1
19.9	77.9	73.2	7.2	9.4	1.5	46.7	86.6	2
26.7	88.5	55.8	9.8	7.2	4.7	58.9	90.0	3
23.1	60.7	85.1	9.2	8.7	3.1	60.9	77.1	2
36.8	100.0	51.1	6.5	7.5	4.0	69.8	100.0	0
19.0	72.1	53.0	7.0	6.9	4.0	67.1	86.8	2
37.2	74.8	80.8	4.5	8.2	4.0	50.3	86.8	2
26.0	94.9	79.9	8.5	8.8	1.5	51.7	99.1	3
32.1	91.0	86.1	5.5	7.7	3.8	60.4	100.0	0
41.4	98.9	92.9	7.2	6.5	0.3	78.7	100.0	0
19.4	78.2	95.7	6.0	6.4	1.8	47.5	79.7	1
24.2	88.0	55.8	6.0	4.8	4.3	63.6	79.9	3
22.8	89.3	79.1	6.6	7.4	2.2	42.6	77.4	1
9.4	92.0	100.0	6.0	7.4	2.1	54.4	86.8	3
22.5	96.3	81.8	5.8	5.7	4.6	63.0	97.0	3
32.0	77.8	67.5	3.2	7.6	0.0	52.6	93.6	2
29.3	83.9	78.8	7.3	7.5	2.2	59.3	91.0	0
30.0	78.9	74.2	0.7	5.2	2.4	57.3	88.2	2
22.0	84.5	62.4	8.4	6.6	1.3	57.5	81.9	3
19.8	92.0	93.0	7.8	8.7	4.6	62.3	76.7	3
25.0	68.5	88.8	6.2	6.2	1.1	56.5	96.7	2
21.0	96.1	60.0	4.7	7.0	1.2	58.0	93.1	3
27.4	73.6	78.6	6.0	7.2	0.0	58.4	83.5	2
26.3	81.9	71.5	1.6	7.0	4.2	58.0	89.2	2
36.7	97.4	56.0	8.1	7.8	2.0	78.1	100.0	0
32.8	88.3	58.8	5.6	8.1	2.0	64.0	97.0	0
14.6	88.4	61.0	9.8	8.5	2.2	40.1	61.2	1
15.5	73.2	79.1	7.0	6.6	4.3	53.1	67.2	1
29.6	74.6	73.1	6.6	7.6	4.9	70.4	92.6	0
24.5	94.4	65.6	6.0	8.0	0.0	58.6	93.5	3
21.4	79.1	74.1	3.6	6.9	1.8	63.0	77.0	2
33.1	80.1	91.2	4.9	6.1	0.8	58.7	97.5	0
26.5	94.6	85.4	6.3	7.2	2.2	62.2	84.1	3
25.4	74.5	95.0	5.2	6.3	2.4	43.5	79.5	2
31.2	87.7	76.6	4.6	6.2	0.0	57.0	100.0	0
22.0	85.4	100.0	5.3	7.3	3.1	55.6	78.2	3
37.5	85.0	85.2	6.1	6.8	1.8	70.9	93.9	0
18.7	79.8	72.7	11.8	7.2	3.7	54.3	82.3	3
30.3	79.2	81.4	5.2	5.1	2.5	69.2	96.2	0
36.5	74.2	61.3	6.0	6.8	0.0	52.0	96.9	2
14.0	89.8	75.4	5.6	4.3	3.4	60.0	85.5	3
22.3	78.3	86.4	9.8	5.7	0.5	48.1	71.4	1
34.1	94.7	89.2	9.9	6.9	0.7	55.6	92.5	3
34.3	82.8	73.8	10.9	8.5	2.0	70.9	100.0	0
23.6	74.4	100.0	6.2	7.6	2.1	45.5	84.2	2
19.1	82.6	77.4	7.6	7.1	0.0	62.3	82.7	2
32.6	80.9	54.8	3.4	6.5	2.3	45.3	87.0	2
15.7	81.3	89.1	3.2	8.6	2.3	55.5	79.0	2
15.4	82.2	83.5	7.2	5.7	0.0	53.9	61.6	1
26.8	99.1	73.0	6.1	6.1	2.7	40.2	76.6	3
30.0	90.1	85.9	6.6	8.3	3.4	56.1	90.7	0
22.6	100.0	100.0	3.9	6.6	0.5	44.1	87.9	3
30.4	97.6	83.0	8.1	9.3	0.9	63.5	100.0	0
19.3	76.1	57.9	0.0	7.8	3.7	51.3	72.6	2
8.1	94.9	28.2	6.0	8.4	4.9	43.4	65.2	1
21.6	100.0	85.8	5.7	5.0	2.3	55.4	79.9	3
25.5	100.0	65.2	0.9	8.3	1.8	50.9	93.1	2
22.8	94.9	78.5	7.0	6.0	2.8	50.8	74.2	3
15.7	94.7	67.9	5.6	7.9	4.5	59.0	77.9	3
10.5	82.0	66.8	6.0	6.6	1.2	41.5	54.7	1
20.9	76.6	68.5	11.0	7.3	1.8	47.9	57.7	1
32.2	81.5	69.9	6.8	5.7	1.7	69.9	100.0	0
35.0	68.4	91.6	8.4	4.9	0.4	52.7	96.4	2
34.5	98.4	88.6	9.5	7.2	3.8	76.7	100.0	0
18.5	82.2	61.9	7.2	6.6	2.9	62.9	86.5	2
15.8	97.9	63.9	3.8	5.9	0.0	43.9	85.7	3
29.0	72.7	85.7	1.9	5.0	2.5	64.5	90.0	2
28.2	80.1	95.6	5.0	7.6	2.9	58.9	83.7	2
25.0	72.2	65.0	9.2	6.7	4.9	34.9	52.5	1
18.1	100.0	94.8	4.8	6.3	1.7	57.3	70.0	3
24.8	96.1	53.4	6.0	7.3	3.9	60.3	90.6	3
28.9	87.1	77.0	3.1	8.2	4.5	57.7	85.4	2
31.1	85.3	87.3	5.1	7.3	2.4	53.0	89.3	2
26.2	89.4	48.8	3.6	6.5	1.9	64.9	97.6	0
27.6	86.9	100.0	3.9	9.6	4.1	58.5	91.1	0
25.7	77.1	99.9	5.9	6.2	3.3	50.5	88.8	3
30.5	80.9	89.7	4.5	5.3	3.9	56.1	84.4	3
27.5	100.0	65.5	12.6	7.1	3.1	59.9	96.3	3
25.5	100.0	79.0	8.1	6.7	2.4	58.4	85.6	3
25.7	89.8	63.2	6.0	6.4	2.0	64.9	88.1	3
28.9	81.6	77.3	6.3	6.8	3.1	66.8	83.9	0
27.1	77.0	93.7	4.9	6.0	2.2	55.2	81.1	2
28.0	77.7	57.6	12.6	8.0	2.9	60.9	92.3	2
35.7	79.5	85.0	5.7	7.2	1.3	62.2	90.3	0
27.1	100.0	53.7	4.5	6.7	1.2	69.4	91.9	0
19.8	100.0	65.8	4.1	6.8	3.4	53.9	92.3	3
25.0	92.5	72.4	6.8	7.0	3.1	63.8	100.0	0
14.1	75.4	87.7	9.6	5.3	1.9	46.7	72.9	1
25.0	93.9	69.5	8.7	8.4	4.6	54.8	90.4	3
27.7	82.6	81.9	6.0	8.3	1.3	62.9	100.0	0
29.1	63.5	69.7	4.0	7.0	3.2	66.8	86.1	2
15.0	87.9	72.0	9.1	6.9	3.2	58.5	91.3	3
21.9	76.6	98.8	6.0	5.8	2.6	53.3	90.1	3
20.2	76.9	62.7	5.6	9.1	4.4	51.3	73.9	1
21.1	82.5	91.4	9.0	8.8	4.9	51.5	79.1	1
32.5	80.0	80.0	2.3	7.5	0.8	69.0	91.9	0
30.7	84.7	71.4	3.9	8.0	0.0	62.5	93.4	2
24.8	84.2	61.7	3.5	8.5	1.8	74.7	79.5	2
20.6	66.2	62.8	7.0	8.2	1.0	49.9	67.5	2
14.2	100.0	68.9	5.6	6.0	1.8	62.1	86.2	3
36.4	75.2	77.7	6.6	6.6	5.2	75.0	92.8	0
29.7	75.5	89.1	9.0	7.6	6.5	69.9	88.8	0
19.3	81.7	75.5	4.4	7.2	1.1	49.3	79.7	2
30.8	83.9	76.5	6.2	7.9	2.8	60.0	89.8	0
24.4	99.6	78.7	2.7	7.8	2.8	57.1	98.0	0
22.7	87.7	87.2	8.9	7.3	3.0	66.2	96.4	0
28.5	90.7	89.7	8.7	3.9	0.4	56.6	86.1	3
19.1	87.7	59.2	6.9	8.4	4.4	48.1	71.7	1
22.2	87.3	75.8	6.3	8.0	3.9	60.0	83.9	3
25.0	88.1	98.4	4.7	9.5	1.8	47.7	78.2	2
21.0	65.7	60.3	6.0	6.4	4.3	56.4	87.1	2
30.4	82.5	81.1	6.8	4.8	0.3	51.6	85.4	3
40.0	96.6	77.4	7.9	6.8	0.0	66.4	100.0	0
19.0	100.0	71.5	11.0	7.5	2.9	62.9	73.2	3
11.7	73.0	100.0	5.0	6.5	3.1	40.5	53.8	1
9.0	89.2	80.6	6.7	8.6	2.3	47.4	56.3	1
23.8	79.3	100.0	8.8	6.2	4.2	63.8	74.3	3
19.7	100.0	80.1	8.9	6.9	1.5	46.2	75.6	3
26.7	71.5	86.9	4.4	6.7	4.3	57.0	85.2	2
26.1	91.2	71.3	5.3	10.0	3.7	63.1	100.0	0
12.2	70.9	71.5	4.7	5.9	5.3	34.1	55.1	1
10.5	81.8	86.1	3.7	7.7	0.0	37.4	61.7	1
26.1	95.7	89.0	6.2	7.4	1.1	50.3	81.4	3
21.6	74.2	85.7	5.8	5.9	3.7	49.7	74.6	1
11.7	91.6	60.0	6.6	8.3	4.9	32.4	78.6	1
28.8	85.2	67.9	6.1	8.1	1.9	53.5	91.1	2
35.2	87.7	92.7	6.0	7.3	3.4	70.4	100.0	0
27.2	94.6	50.6	4.1	5.3	4.7	66.8	93.8	0
18.2	72.2	84.4	9.9	6.9	3.0	55.4	68.0	1
25.4	93.1	78.3	4.6	6.6	3.6	57.7	96.2	3
14.1	79.3	92.7	3.7	8.0	0.0	39.4	75.1	1
33.5	96.0	86.2	5.8	5.9	4.8	67.6	97.2	0
25.7	88.3	70.0	11.4	8.4	2.1	54.2	88.7	3
10.9	82.9	69.4	3.9	8.2	6.5	33.5	57.8	1
22.6	79.1	72.2	6.0	5.4	1.2	54.0	68.8	2
28.7	93.2	88.7	5.4	6.7	3.2	70.0	86.0	0
22.3	97.6	45.5	6.6	6.9	3.7	64.7	87.0	3
15.2	73.7	66.8	1.7	6.2	5.2	49.7	74.0	1
29.5	91.9	82.9	3.8	7.2	3.6	54.0	83.2	3
19.8	70.5	85.2	8.3	8.3	0.3	54.8	65.8	2
7.7	71.9	55.1	6.2	7.3	3.1	42.7	49.3	1
22.0	74.4	76.6	6.5	4.8	3.0	50.8	68.3	1
32.8	80.8	82.3	7.8	6.4	2.3	66.8	89.3	0
21.9	71.6	81.3	3.8	8.1	1.6	55.6	61.1	2
38.9	65.6	78.2	8.6	7.9	2.4	59.4	76.0	2
28.4	73.6	61.7	8.0	4.3	3.8	52.4	62.7	1
27.7	91.4	64.0	6.6	7.2	3.7	50.9	74.7	3
22.9	100.0	78.3	4.5	7.8	2.3	52.7	100.0	3
22.6	84.5	79.2	7.7	9.5	1.0	46.6	80.5	2
29.2	88.4	54.4	10.4	6.9	2.4	64.0	87.4	0
17.5	75.5	79.5	7.6	7.4	1.4	61.3	72.6	2
16.4	100.0	89.5	5.4	5.9	1.0	67.2	85.7	3
16.0	79.6	52.4	11.8	6.2	0.0	60.3	92.2	2
41.4	82.7	72.0	6.6	6.6	1.9	68.1	99.0	0
29.2	98.2	56.4	9.5	8.0	3.7	54.9	92.5	3
27.4	83.2	73.7	4.9	6.1	4.3	62.6	89.7	0
16.5	85.5	66.5	8.7	8.5	3.2	49.7	72.1	1
30.0	82.2	85.7	4.6	5.7	0.6	58.3	74.7	2
24.1	82.3	82.5	6.8	7.8	2.3	69.6	86.1	0
26.7	88.7	99.4	4.5	7.7	0.8	68.7	82.4	0
17.2	90.5	79.2	10.8	7.3	5.4	56.2	95.3	3
26.3	78.6	85.1	5.4	8.2	1.9	55.8	88.8	2
21.6	77.3	71.6	3.2	6.1	1.8	52.9	86.5	2
18.9	78.9	63.5	6.2	6.4	3.9	39.4	62.0	1
30.9	71.0	92.5	7.3	5.8	2.4	66.6	87.6	0
12.7	69.1	98.6	6.0	7.0	4.1	54.6	81.6	1
29.5	88.0	90.6	4.0	6.9	0.8	54.6	98.6	0
30.5	94.4	82.0	8.6	8.0	2.6	57.3	97.3	0
18.0	93.7	65.4	9.1	7.5	3.3	59.8	91.6	3
18.4	61.2	97.1	1.9	7.8	0.0	45.6	82.6	2
23.2	82.5	88.7	3.8	6.8	1.5	63.3	97.3	0
27.3	74.0	100.0	5.6	7.5	1.6	50.7	90.4	2
23.8	86.4	62.7	4.7	9.2	2.6	53.5	91.9	2
25.0	80.8	92.9	7.3	5.4	2.0	62.4	87.3	3
39.1	90.9	88.2	10.6	4.8	2.9	65.5	100.0	0
20.9	84.8	74.9	5.0	7.8	2.1	50.6	83.5	2
11.3	66.0	100.0	9.9	6.0	4.2	40.3	59.6	1
31.6	75.3	86.0	2.3	5.3	5.7	65.2	95.8	0
38.5	85.1	65.9	7.1	7.6	0.2	73.8	100.0	0
28.1	85.9	78.2	4.5	5.8	2.5	62.7	69.2	3
16.3	70.9	65.8	7.2	8.8	4.1	42.6	70.4	1
24.0	69.6	73.0	1.6	7.2	1.4	63.7	83.2	2
16.1	85.6	90.6	6.0	6.8	2.9	51.8	74.2	1
30.1	71.0	94.8	7.2	6.0	1.9	66.1	100.0	0
14.2	68.3	83.3	4.4	7.3	1.0	36.2	63.1	1
22.6	80.5	68.7	5.2	5.1	1.0	62.8	77.4	2
17.0	80.1	85.7	10.6	4.0	0.0	46.9	77.0	3
26.0	76.2	90.9	6.3	5.1	2.7	52.6	82.4	3
22.1	78.0	50.4	8.3	8.4	2.8	56.3	88.3	2
26.4	85.1	81.7	4.1	5.9	1.1	42.2	76.4	3
25.2	77.8	77.1	2.6	5.3	2.1	58.2	77.2	2
17.1	85.7	94.3	5.8	6.9	0.3	48.6	69.6	1
30.0	81.2	85.8	2.3	9.7	3.3	70.3	80.7	2
24.6	86.7	87.3	4.3	8.3	1.9	58.5	82.4	2
17.1	93.8	72.8	6.6	6.0	3.7	44.4	86.3	3
28.8	97.9	94.2	6.8	6.0	1.0	42.8	77.0	3
25.0	93.4	79.0	6.0	5.9	1.7	75.1	89.5	0
36.3	87.4	82.6	3.0	7.7	4.8	46.6	95.1	0
39.7	80.7	57.0	3.6	6.6	5.6	62.8	95.4	0
23.8	81.1	79.0	0.6	5.7	0.2	60.6	85.3	2
25.0	76.2	49.8	5.1	5.4	3.9	68.3	91.6	2
17.1	85.0	72.3	7.8	9.8	0.8	64.1	79.7	2
23.8	92.0	81.0	9.7	7.9	1.4	55.9	85.0	3
23.4	77.7	91.5	6.0	6.0	2.8	58.0	95.5	3
26.5	84.6	65.0	9.4	8.5	3.2	55.3	87.1	2
27.7	78.2	85.6	7.0	5.6	1.4	45.8	75.5	3
29.5	87.1	100.0	6.3	6.8	3.4	52.3	94.5	3
26.9	79.5	70.4	4.5	6.7	4.3	44.2	79.4	2
15.3	77.6	56.8	0.0	7.2	3.6	50.5	69.8	1
17.5	78.2	84.3	9.1	5.9	1.1	47.3	79.4	1
20.6	90.0	62.1	5.9	7.2	1.8	52.6	90.9	3
22.7	84.0	67.7	9.5	4.9	3.8	59.7	73.8	3
33.4	80.7	93.9	3.6	6.5	4.8	64.0	100.0	0
15.7	87.6	100.0	12.1	8.6	0.6	54.9	74.8	3
22.1	80.9	65.0	5.4	8.2	3.0	67.3	84.2	2
32.6	96.3	68.9	4.3	6.2	3.6	58.0	88.8	0
22.6	75.3	73.4	5.5	5.2	0.4	39.2	79.0	2
28.7	83.1	71.8	6.4	4.4	4.0	54.6	75.8	3
23.9	71.0	100.0	6.0	7.7	5.7	52.0	81.0	2
27.1	81.5	72.0	4.7	7.3	3.5	60.8	100.0	0
30.3	92.5	100.0	4.0	9.0	1.4	53.6	100.0	0
12.6	92.7	88.7	8.7	7.2	1.8	39.3	67.5	1
22.1	92.8	94.8	3.8	7.3	1.5	65.7	76.9	3
27.4	85.3	66.4	1.7	5.3	1.2	60.7	90.6	2
25.0	76.2	72.0	3.4	8.9	2.1	61.0	87.3	2
36.9	77.0	64.4	5.8	6.8	3.0	66.2	100.0	0
21.9	100.0	92.0	4.1	6.0	1.2	57.5	83.8	3
36.8	99.4	98.4	5.3	7.2	2.0	65.8	100.0	0
19.7	86.2	71.0	4.0	9.4	3.0	47.4	67.2	1
35.6	79.8	74.5	8.5	9.6	0.0	59.7	100.0	0
31.5	98.7	75.2	7.2	5.8	3.9	79.7	100.0	0
17.7	78.1	56.8	11.5	8.4	2.8	63.5	76.4	2
27.5	87.3	69.9	5.0	7.4	2.8	65.6	92.0	0
24.6	98.5	91.6	5.3	8.2	4.2	57.7	86.1	3
30.0	76.6	66.9	9.0	7.3	3.9	63.2	91.3	0
23.2	93.3	81.4	7.0	7.7	3.4	45.7	79.2	3
22.5	90.2	60.4	3.6	8.6	2.9	62.9	78.4	2
36.0	84.6	77.8	6.0	4.9	2.5	62.9	89.0	0
31.6	77.8	61.7	1.5	5.6	1.1	61.1	89.7	2
23.2	87.9	91.9	4.4	6.4	3.1	54.2	58.6	1
38.3	70.8	92.7	6.5	7.0	3.1	70.4	100.0	0
19.6	86.3	65.5	9.6	5.8	2.7	64.6	100.0	3
20.1	90.4	76.8	7.7	6.3	0.5	60.1	88.6	3
37.2	94.9	80.7	4.6	5.3	0.0	67.6	100.0	0
21.4	71.0	52.8	4.2	6.3	2.6	43.7	65.1	1
37.8	98.2	59.0	8.0	7.6	0.0	68.4	94.8	0
25.0	100.0	99.3	0.0	8.0	3.0	63.5	100.0	0
23.8	89.1	64.0	4.0	6.1	5.4	62.4	89.6	3
10.5	74.6	98.9	9.5	8.6	3.0	39.2	48.8	1
25.0	81.7	59.8	6.7	7.7	1.8	49.2	88.7	2
25.8	84.5	89.9	4.1	8.7	0.9	59.3	93.9	2
34.3	87.7	75.3	3.0	4.9	1.6	70.8	96.5	0
37.7	85.2	77.4	8.1	7.4	2.4	67.2	100.0	0
19.5	87.8	100.0	6.2	7.7	4.1	60.1	82.6	3
31.4	84.1	61.2	5.5	4.9	2.7	51.6	94.0	3
31.1	87.7	88.9	6.9	9.9	2.1	65.0	87.2	0
33.6	80.4	88.3	6.4	6.2	3.5	52.6	95.6	0
29.0	81.6	100.0	6.2	7.7	4.7	79.0	97.0	0
9.5	79.2	63.8	2.7	8.1	3.0	54.0	73.8	1
23.8	100.0	70.6	3.4	7.1	2.8	60.7	95.7	3
15.8	99.6	92.2	7.9	8.7	0.0	39.7	73.6	1
23.4	90.6	77.0	7.4	9.4	0.5	45.8	88.4	2
32.8	98.3	73.1	7.0	5.7	0.3	78.6	94.9	0
27.4	93.0	94.4	4.5	7.1	2.2	50.8	84.8	3
34.2	86.8	76.0	7.9	8.1	1.2	67.4	92.5	0
27.7	69.9	66.6	5.1	5.0	1.8	70.0	84.5	2
14.6	82.4	90.9	9.3	8.3	1.2	49.1	65.5	1
4.8	81.6	85.6	4.1	9.0	1.4	31.9	42.1	1
26.2	73.7	75.3	4.7	8.5	0.0	42.4	85.5	2
23.3	70.1	74.6	5.6	7.5	2.8	55.9	84.2	2
17.2	89.9	66.3	8.1	8.8	3.6	43.1	67.2	1
11.4	88.2	90.9	5.9	7.4	2.6	46.8	48.4	1
23.4	77.5	68.5	5.0	6.4	3.2	49.7	77.6	2
30.3	96.6	60.7	6.7	6.7	3.1	58.0	100.0	0
26.5	76.2	85.9	5.8	6.9	3.8	54.4	78.1	2
37.9	86.7	72.4	4.0	6.9	4.3	60.9	100.0	0
16.7	83.1	49.8	6.3	6.6	4.9	52.1	68.7	1
32.0	90.1	62.0	6.4	7.3	0.0	70.0	100.0	0
25.4	76.4	76.5	11.9	8.8	3.2	52.8	87.5	2
21.5	86.7	76.3	3.9	7.8	4.6	47.1	69.5	1
33.6	87.3	74.3	6.7	4.4	2.6	51.5	90.0	3
27.4	85.8	57.9	3.5	7.2	2.9	61.4	94.2	2
19.6	88.4	66.9	3.3	8.3	2.7	59.5	68.4	2
24.9	100.0	97.8	2.4	8.5	2.8	44.3	90.6	3
23.1	100.0	95.5	4.1	8.4	5.0	56.6	76.9	3
28.9	78.6	88.7	6.0	7.4	4.4	61.7	78.0	2
15.6	61.8	87.3	2.8	7.5	4.9	48.1	59.2	1
24.8	91.0	93.6	5.4	6.2	2.2	52.8	79.5	3
28.2	86.9	63.2	0.1	8.0	0.0	59.5	92.3	2
25.3	95.6	80.5	7.2	6.2	3.6	65.2	93.6	3
35.8	87.8	63.2	4.6	7.8	0.8	58.6	99.4	0
31.2	85.6	63.5	5.0	7.0	2.0	72.9	90.7	0
24.9	96.3	85.5	7.5	7.0	2.4	47.7	94.4	3
26.7	97.7	94.2	6.9	8.2	2.5	66.4	95.1	0
25.0	71.1	77.1	4.4	7.7	3.5	56.6	90.5	2
28.2	76.8	100.0	7.1	7.3	1.1	53.8	66.9	2
10.4	83.9	83.2	9.9	6.4	3.4	31.6	62.5	1
22.6	86.0	68.3	3.5	8.9	2.2	63.8	80.9	2
13.1	82.7	63.7	7.9	7.4	6.4	40.2	69.5	1
25.0	95.0	81.9	8.9	7.1	2.7	61.2	79.8	3
23.5	100.0	90.1	4.2	6.2	3.4	75.4	100.0	0
32.2	90.8	40.1	4.1	7.4	1.9	60.1	91.3	0
28.4	76.5	83.7	8.9	6.3	1.6	58.1	72.0	2
16.0	83.5	72.3	7.8	7.5	4.5	52.6	79.7	1
24.4	84.2	59.1	4.3	3.1	3.8	56.8	98.3	3
22.3	90.1	79.1	6.0	6.5	1.3	49.6	97.9	3
11.0	88.9	96.4	4.2	7.0	0.3	57.8	74.2	3
19.5	100.0	100.0	6.0	5.9	3.4	51.2	69.3	3
23.5	80.4	83.6	6.5	7.4	3.0	58.2	80.7	2
24.1	88.8	69.4	5.1	6.5	3.4	54.8	83.2	3
13.1	100.0	68.5	3.6	7.0	2.3	45.3	80.7	3
34.2	79.1	94.4	9.3	6.3	3.8	70.4	98.2	0
24.2	86.5	65.0	3.7	8.2	4.9	58.1	67.7	2
25.3	75.6	89.3	6.4	7.7	4.8	38.9	79.7	1
28.2	85.8	84.4	8.7	7.4	1.3	61.3	91.5	0
18.7	77.2	82.7	5.4	7.1	6.2	45.9	77.4	1
28.7	95.5	56.5	4.2	10.0	3.5	48.9	90.7	2
22.1	86.5	74.6	6.7	6.8	0.4	61.7	90.3	3
17.8	75.6	58.1	7.1	6.2	3.2	44.0	69.1	1
29.6	93.4	71.2	8.2	5.6	2.8	63.2	97.3	0
36.9	86.8	93.8	10.7	8.1	2.3	72.6	97.6	0
30.8	94.5	98.5	4.9	9.0	2.2	60.5	98.6	0
32.4	73.5	83.2	6.5	6.0	3.6	62.2	90.0	0
20.8	88.7	71.4	6.0	6.7	3.6	48.8	81.9	3
12.2	92.7	100.0	7.7	6.6	1.6	56.4	63.9	1
36.9	80.8	71.2	6.5	6.9	1.7	63.4	100.0	0
41.4	72.4	63.0	5.6	4.9	1.6	71.0	100.0	0
37.3	84.6	90.4	4.5	8.0	2.2	77.0	100.0	0
22.3	97.3	86.9	5.1	8.4	3.8	42.4	79.6	3
16.5	80.7	81.5	3.6	9.1	2.2	48.2	53.0	1
11.5	72.2	86.6	5.2	8.9	4.1	45.4	60.4	1
25.0	80.7	83.1	6.0	3.3	3.2	59.8	77.4	3
23.9	89.5	72.4	3.4	6.8	5.3	50.7	89.9	3
27.4	83.9	87.9	4.3	8.6	3.0	56.6	74.3	2
36.0	77.5	80.3	9.9	7.3	2.3	72.0	100.0	0
25.0	96.0	72.9	3.9	7.0	3.8	58.3	88.6	3
41.3	86.4	76.3	5.9	7.7	0.7	56.2	100.0	0
40.9	89.4	78.5	3.4	6.0	2.2	55.7	86.9	0
24.0	67.8	58.3	4.1	8.5	2.9	49.5	80.3	2
20.4	60.8	70.5	2.4	6.9	3.6	53.5	73.0	2
30.6	70.6	81.0	7.7	5.0	2.9	62.5	88.6	2
22.2	80.2	59.7	2.7	6.0	0.6	47.0	88.7	2
15.7	90.8	70.7	6.0	7.4	1.2	55.4	59.5	1
25.0	61.6	100.0	7.2	6.7	1.9	62.6	92.7	2
34.7	100.0	63.1	5.8	6.5	2.9	57.9	100.0	0
26.2	86.7	74.2	8.4	7.2	0.6	53.2	73.0	3
14.9	98.6	67.5	13.8	7.4	4.6	36.4	73.9	1
25.9	90.0	67.8	3.2	8.5	2.9	43.8	65.0	1
21.0	85.9	76.4	9.7	6.8	2.2	42.0	83.8	3
25.0	93.2	69.2	6.5	7.5	0.3	68.3	82.5	0
33.2	82.7	95.8	11.3	7.1	2.6	59.3	100.0	0
30.9	89.7	81.2	4.7	6.5	3.6	48.3	93.7	3
36.0	96.0	65.0	9.2	8.1	2.3	69.6	100.0	0
17.1	78.5	92.6	6.0	7.1	4.1	51.8	79.9	1
25.0	87.4	65.6	12.6	7.1	2.4	56.3	89.6	3
31.1	66.1	56.5	5.3	4.0	3.5	51.7	67.9	2
28.6	92.0	80.0	13.5	8.0	2.3	64.9	80.7	3
37.3	100.0	100.0	7.1	6.8	3.1	59.7	100.0	0
28.4	72.6	52.6	8.1	7.9	3.8	63.1	78.5	2
25.0	84.1	60.0	10.3	9.0	0.9	74.1	100.0	0
29.3	93.8	91.3	4.0	8.0	3.5	60.6	85.7	0
33.5	85.3	70.4	8.4	7.1	4.1	51.9	92.7	0
22.4	86.7	89.2	5.3	6.7	5.8	60.8	87.9	3
25.1	81.1	67.4	6.4	10.0	2.6	51.6	100.0	2
32.3	80.7	82.1	6.2	7.6	0.0	63.4	100.0	0
37.9	84.1	100.0	7.4	7.3	0.0	71.2	100.0	0
30.8	85.4	62.1	7.3	6.8	1.2	54.9	95.3	2
24.3	73.2	95.4	6.0	5.9	4.4	70.3	91.1	0
36.0	84.3	90.2	6.3	4.7	5.8	64.3	100.0	0
7.5	100.0	57.7	0.2	8.8	1.9	40.6	56.0	1
13.6	80.8	88.4	8.5	6.1	2.6	54.8	86.6	3
30.5	72.6	81.1	10.2	6.8	0.0	70.4	83.6	2
25.1	83.5	81.4	6.5	6.9	3.5	40.9	83.4	3
29.8	77.9	85.0	2.0	8.7	2.7	48.7	77.8	2
25.5	71.6	74.7	7.9	6.1	2.1	49.1	81.7	2
29.6	86.4	81.1	4.1	7.3	1.1	76.0	97.0	0
18.5	77.9	83.6	6.5	7.6	2.0	47.0	61.5	1
29.6	78.8	91.2	7.7	5.3	0.5	70.4	74.4	3
33.0	86.5	57.1	7.4	5.2	1.2	64.3	100.0	0
34.8	69.7	99.4	6.0	6.1	0.6	50.6	84.7	2
41.1	67.6	62.7	6.4	7.3	1.0	72.6	100.0	0
27.0	91.7	91.4	6.4	7.1	0.8	61.3	100.0	0
27.2	65.7	81.2	7.8	6.9	3.4	48.8	83.1	2
12.8	75.2	60.8	5.8	7.8	0.8	40.9	39.6	1
20.7	67.0	87.9	4.3	6.0	2.4	42.7	59.5	1
23.5	80.1	65.8	7.1	6.8	0.9	49.9	64.8	1
33.4	89.3	96.0	3.2	6.9	0.9	68.4	93.9	0
20.1	86.1	69.3	5.8	6.0	0.9	46.2	74.0	1
31.4	100.0	57.6	2.6	9.8	4.0	64.2	100.0	0
25.0	95.9	100.0	6.0	4.4	2.2	60.5	97.8	3
23.6	75.7	82.7	4.7	8.5	1.4	53.6	82.5	2
27.0	73.0	93.0	3.5	8.0	1.0	44.1	82.5	2
21.9	100.0	67.2	8.8	8.0	0.5	62.0	92.5	3
25.0	95.6	51.6	8.5	7.1	1.4	46.8	66.7	1
11.4	90.9	100.0	9.3	8.6	0.3	42.8	55.5	1
23.0	85.7	79.9	5.5	6.5	1.8	51.7	84.8	3
21.2	87.7	87.4	4.9	7.5	1.4	53.8	80.7	3
20.9	70.2	89.8	8.0	7.1	1.3	51.9	76.8	2
28.3	86.6	75.0	6.3	6.7	4.4	64.4	100.0	0
30.3	85.7	83.4	6.3	7.1	2.1	58.2	86.1	3
26.9	76.0	100.0	0.0	5.9	2.2	47.4	77.7	2
29.6	100.0	94.1	7.6	8.9	0.5	59.2	82.5	3
22.6	83.7	50.1	6.0	10.0	1.8	53.2	69.0	2
21.3	100.0	96.9	8.0	7.6	0.2	48.5	93.7	3
27.5	67.6	57.2	7.5	8.0	2.6	49.3	77.1	2
29.6	79.8	95.1	4.3	7.3	3.4	70.0	89.5	0
36.2	69.5	85.9	5.5	7.5	0.0	52.3	93.5	2
34.5	72.9	78.6	3.5	7.7	3.8	52.6	76.4	2
20.7	76.7	78.5	9.7	8.2	3.0	48.5	71.8	1
24.2	88.2	76.2	8.4	8.8	2.6	58.7	81.2	3
30.4	87.7	67.7	4.0	5.9	0.6	53.7	93.9	2
33.5	78.2	76.9	7.5	10.0	3.7	50.1	72.4	2
32.5	62.7	100.0	6.7	7.2	5.0	49.6	76.5	2
24.5	99.8	99.5	4.3	7.2	1.9	55.2	84.7	3
15.0	82.1	66.9	6.3	6.5	2.0	41.0	63.0	1
17.0	73.8	84.0	8.1	6.5	2.5	65.5	84.7	2
27.2	87.7	81.4	8.3	7.7	1.9	73.4	88.7	0
27.7	87.0	77.9	11.8	7.8	2.2	67.6	100.0	0
16.2	81.8	65.0	6.2	7.7	4.0	52.2	78.0	1
25.4	86.5	86.7	6.0	6.5	2.4	59.8	83.2	3
30.0	73.4	92.7	7.4	3.8	2.9	68.5	96.4	0
25.0	92.6	67.5	5.5	4.8	5.5	51.7	80.0	3
33.8	75.0	100.0	4.5	7.0	4.7	55.5	88.0	2
22.0	78.9	100.0	3.7	7.4	0.9	69.3	94.5	2
35.1	91.5	88.2	0.0	6.5	5.1	69.3	94.4	0
20.7	97.0	61.5	7.8	6.2	4.6	66.0	91.6	3
16.8	100.0	86.0	1.9	7.4	4.7	66.2	82.7	3
21.3	95.6	84.2	3.8	6.9	1.6	42.0	80.8	3
24.2	81.8	87.7	6.7	6.4	2.8	49.0	81.8	3
21.9	69.6	100.0	5.2	5.1	1.9	50.3	74.7	2
23.3	99.1	77.4	11.4	6.0	2.7	61.1	100.0	3
27.7	98.7	100.0	2.2	8.1	5.1	67.4	90.8	0
23.6	78.3	86.1	11.6	5.8	2.7	54.0	73.9	3
11.3	81.7	100.0	8.3	8.7	1.9	50.3	76.9	1
28.1	100.0	92.4	9.6	6.1	1.5	65.6	97.0	3
24.3	79.9	73.2	7.0	6.5	5.2	53.1	79.8	3
37.9	100.0	81.3	1.7	8.2	1.3	70.8	100.0	0
17.5	92.9	89.5	7.3	8.5	1.9	54.4	74.4	3
10.5	100.0	77.7	6.0	6.2	1.9	55.1	81.6	3
29.9	80.4	82.0	4.7	5.1	4.9	49.6	84.9	3
25.0	89.1	67.7	6.0	8.5	3.9	64.5	93.9	0
16.9	75.3	54.7	3.7	7.7	3.4	36.6	59.3	1
12.8	93.4	81.6	8.4	7.5	2.8	42.2	74.3	1
37.3	94.0	82.1	5.5	8.1	2.8	71.6	100.0	0
36.3	100.0	87.9	7.0	5.6	2.6	60.9	96.1	0
5.1	89.8	71.4	6.0	7.5	5.6	42.5	50.7	1
21.3	92.2	59.9	6.3	6.7	0.6	47.9	73.4	3
38.3	80.3	65.5	3.8	7.7	0.0	70.3	100.0	0
21.2	90.4	95.8	6.0	8.0	3.2	54.8	73.7	3
21.1	81.2	70.0	5.6	8.2	4.6	52.8	74.5	1
25.0	86.2	73.4	3.6	7.7	2.8	63.2	77.4	2
16.0	86.7	75.3	9.5	7.3	0.0	53.2	88.5	3
11.4	81.5	70.7	2.6	7.3	3.6	49.4	61.4	1
33.4	85.6	69.6	11.8	7.4	0.9	71.2	100.0	0
10.3	81.2	66.9	6.8	6.3	0.6	54.0	66.9	1
32.1	95.8	90.2	4.6	7.5	0.1	69.0	100.0	0
13.4	86.8	98.7	7.6	7.8	2.8	51.3	70.1	1
25.0	88.5	100.0	5.5	6.2	1.5	61.3	91.3	3
34.7	70.4	44.8	6.8	5.7	0.5	51.9	88.2	2
29.3	89.2	85.2	8.1	5.0	6.1	55.2	85.6	3
20.1	90.3	71.2	7.7	5.5	1.7	52.1	75.8	3
34.6	81.0	96.8	9.1	6.4	2.6	73.6	100.0	0
34.7	100.0	68.9	7.3	6.5	4.8	63.8	100.0	0
27.2	62.1	64.2	3.6	6.7	3.5	54.4	73.3	2
17.8	92.8	58.5	0.8	5.6	5.4	47.1	63.2	1
21.7	92.1	75.5	6.5	4.8	1.5	61.0	87.1	3
27.3	90.4	93.7	6.6	7.2	4.1	64.1	84.1	3
23.5	86.8	83.8	10.8	7.2	3.2	51.6	67.4	1
32.5	90.5	62.0	5.7	7.7	4.0	55.1	100.0	0
12.8	93.7	100.0	6.9	8.0	3.8	54.4	62.9	1
13.0	77.7	89.7	7.9	7.5	1.3	50.3	53.1	1
26.4	88.0	91.7	7.3	7.1	6.7	53.1	83.6	3
21.1	83.2	99.3	8.1	8.1	0.0	58.5	79.1	3
20.0	74.1	55.4	4.0	8.7	1.2	55.9	69.2	2
10.9	92.2	66.3	3.6	6.2	3.5	56.2	72.8	1
25.2	79.4	92.3	5.3	7.9	2.9	62.1	83.1	2
24.6	70.0	67.8	0.6	6.3	2.7	51.4	95.4	2
30.2	79.6	75.9	5.9	7.3	3.6	53.9	86.1	2
25.0	77.0	78.8	4.4	8.3	1.2	70.8	79.0	2
23.9	95.3	60.8	6.8	6.7	3.8	53.4	87.5	3
34.4	86.5	74.6	5.3	5.9	2.3	50.0	96.2	0
14.5	98.8	93.7	3.5	6.4	4.6	41.6	68.2	1
29.3	78.3	90.9	9.3	5.9	2.0	43.5	69.2	1
11.6	93.7	96.7	6.2	5.7	3.2	56.9	85.1	3
15.3	88.6	86.1	6.5	7.6	3.9	51.6	80.0	3
31.3	93.6	84.9	7.2	6.1	2.6	50.5	100.0	3
24.5	91.9	83.8	2.6	5.8	2.1	66.2	87.9	3
24.9	70.8	70.6	9.2	5.9	1.3	57.8	88.4	2
16.1	90.9	64.6	8.2	6.1	3.2	60.0	85.8	3
22.6	88.1	69.7	6.0	8.4	0.0	59.6	76.5	2
18.9	82.4	75.1	6.7	6.9	3.0	41.1	82.8	1
28.1	76.2	70.2	8.5	9.6	3.1	62.4	90.4	2
17.1	91.9	86.2	5.1	7.0	5.3	39.9	53.4	1
35.6	75.3	83.0	2.0	6.3	1.5	57.2	95.8	2
11.6	100.0	84.6	5.1	8.1	2.8	56.4	70.0	1
38.4	72.8	97.9	5.9	7.2	0.8	57.6	91.8	2
21.5	79.9	79.9	9.3	5.5	2.5	44.6	69.6	1
14.5	82.2	95.1	3.6	4.4	0.5	48.4	61.5	1
26.8	100.0	87.7	3.9	6.9	3.9	75.1	100.0	0
21.2	76.2	96.9	3.4	8.0	3.4	56.5	81.9	2
18.3	83.8	100.0	7.1	7.3	3.1	69.0	81.9	3
16.2	79.6	88.6	2.2	7.1	1.5	47.9	68.1	1
47.1	90.0	81.6	7.9	3.9	4.6	80.5	100.0	0
23.0	79.8	81.5	6.0	6.8	0.9	51.8	88.1	2
9.6	73.6	72.9	4.1	6.8	2.6	37.2	48.4	1
36.9	83.0	72.4	10.4	7.7	0.7	58.0	87.9	0
29.9	82.0	93.5	9.1	5.7	2.2	62.4	82.2	3
18.9	79.1	65.5	6.3	8.0	4.4	60.7	64.3	1
17.5	79.6	100.0	2.7	6.4	3.2	47.6	63.2	1
30.4	96.8	77.7	11.0	6.6	1.1	73.0	100.0	0
23.0	81.8	100.0	5.5	7.6	1.7	68.3	73.1	2
25.0	73.7	69.6	6.0	5.6	1.9	49.8	60.0	1
39.3	80.4	83.8	8.3	8.0	1.2	69.0	100.0	0
21.5	85.5	74.7	1.1	5.4	2.9	48.9	78.1	3
37.0	71.6	68.1	4.4	7.8	5.8	73.2	100.0	0
35.2	100.0	96.0	5.8	6.7	1.7	57.9	96.8	0
17.0	93.7	63.4	6.3	6.8	5.4	56.3	73.8	3
33.3	99.3	69.9	2.7	3.3	2.5	55.2	94.6	3
19.8	88.9	88.8	6.8	6.3	3.0	45.2	80.1	3
25.0	64.1	91.2	6.1	6.7	2.9	41.7	77.9	2
21.6	100.0	59.1	10.2	8.9	0.0	61.5	88.3	3
28.2	76.4	88.7	8.5	7.0	3.2	65.1	87.1	0
21.3	77.2	81.9	5.3	6.2	0.0	52.6	69.9	2
22.5	86.6	66.2	5.5	8.0	2.8	51.8	94.5	2
34.1	98.8	68.2	8.5	6.4	2.7	59.5	97.1	0
25.9	95.5	49.5	6.7	8.2	0.2	64.0	87.7	0
18.3	94.1	100.0	2.6	7.3	2.6	57.8	78.9	3
30.6	81.9	95.2	11.2	5.9	2.1	61.6	100.0	0
26.6	81.7	60.7	3.5	8.1	2.3	59.5	82.4	2
4.8	88.5	92.0	12.2	7.7	2.3	53.9	62.5	1
28.1	93.9	93.7	6.0	6.8	2.6	49.6	96.0	3
25.2	93.3	72.6	6.0	7.7	3.8	64.5	88.0	0
32.1	90.9	74.5	7.9	9.3	2.1	73.1	100.0	0
19.6	59.7	75.7	2.1	7.2	2.4	42.5	70.9	2
27.7	86.3	70.1	6.9	6.5	3.5	65.8	92.9	0
12.5	83.9	100.0	10.8	8.9	5.9	69.5	71.3	3
28.3	86.7	93.5	3.2	7.8	2.2	62.8	92.1	0
40.6	77.5	81.6	7.8	6.5	0.0	65.3	93.3	0
17.0	71.8	95.4	4.0	9.1	1.2	47.8	70.8	1
18.9	89.6	55.6	8.8	5.6	3.4	53.6	82.6	3
19.3	81.4	61.6	6.2	7.6	4.8	39.9	70.9	1
26.0	90.7	87.1	6.0	8.4	1.1	46.0	84.2	3
16.5	78.3	91.0	9.0	8.3	2.4	51.1	66.5	1
28.4	99.2	84.2	7.6	5.9	2.5	60.8	93.2	3
31.8	95.0	51.8	4.0	5.5	1.3	68.1	91.5	0
29.3	88.0	64.1	10.5	7.3	4.8	58.0	86.0	3
10.9	82.9	86.2	2.2	7.8	4.2	46.2	80.5	1
33.0	93.5	100.0	6.7	5.7	3.0	70.9	100.0	0
32.5	88.9	98.3	3.9	7.4	1.9	45.6	94.0	3
31.6	87.4	100.0	2.3	5.3	3.9	55.0	91.6	3
28.0	95.4	85.1	3.2	8.3	3.3	56.4	91.5	0
26.8	99.3	85.0	5.9	6.3	1.8	58.8	93.2	3
33.3	72.5	64.5	6.9	6.8	4.0	50.2	85.3	2
40.4	74.5	94.3	8.6	8.0	3.1	59.7	100.0	0
17.4	77.2	78.9	9.7	7.9	0.0	54.9	68.5	1
33.6	70.0	90.4	6.0	7.6	1.0	64.2	81.5	2
25.0	84.4	80.5	4.9	8.2	0.5	34.9	77.5	1
25.0	91.0	84.2	6.0	7.5	4.0	54.9	93.4	3
12.7	84.8	78.7	4.5	8.7	1.4	46.2	62.3	1
22.7	79.7	83.4	2.0	4.9	3.4	47.1	83.0	3
17.0	96.3	95.0	8.3	6.9	5.8	51.1	81.7	3
21.3	86.4	61.0	9.3	6.9	3.7	56.9	93.5	3
16.2	88.4	57.6	3.9	6.7	1.9	55.8	91.0	2
21.4	96.5	86.4	10.9	7.6	1.4	56.3	89.3	3
21.8	83.8	100.0	7.5	7.3	2.0	58.7	81.0	3
25.8	100.0	100.0	7.1	8.0	1.0	59.4	78.9	3
12.1	80.5	61.6	4.7	5.6	0.8	29.0	66.6	1
13.4	100.0	74.0	8.5	9.8	1.3	49.1	83.1	3
27.9	75.3	57.8	2.2	6.5	3.3	48.0	79.4	2
18.6	90.2	71.7	5.2	7.3	1.7	53.3	81.2	3
25.0	78.6	96.8	4.2	6.8	2.2	60.3	85.8	2
26.8	96.2	79.8	2.7	7.1	3.2	57.8	85.7	3
29.9	80.2	74.4	8.2	6.4	3.6	53.1	76.5	3
36.3	87.9	88.2	6.9	7.2	0.0	62.4	100.0	0
22.5	78.5	68.1	8.0	7.7	0.0	56.0	77.5	2
20.4	94.4	100.0	5.3	4.1	1.9	47.6	89.2	3
32.0	78.4	80.1	8.5	6.6	0.8	56.1	92.8	2
29.1	100.0	74.0	6.2	6.6	3.8	48.7	93.1	3
23.5	75.0	88.8	4.8	9.8	1.8	56.0	80.3	2
25.0	71.5	94.1	4.4	8.0	5.2	53.3	100.0	2
23.3	94.5	100.0	1.0	8.8	1.8	56.9	97.8	0
25.3	79.1	76.9	6.0	7.7	3.0	61.1	83.7	2
25.2	84.9	96.3	8.6	7.1	1.5	66.2	91.6	0
17.5	81.8	81.5	6.0	7.4	3.2	48.0	83.4	1
25.6	71.9	70.8	5.2	8.3	3.3	59.7	73.2	2
28.6	97.6	63.5	1.7	7.4	2.3	47.0	86.0	3
25.2	95.0	68.9	8.4	6.3	4.4	47.0	95.6	3
23.7	87.3	96.7	7.8	8.1	2.9	62.2	90.5	3
27.6	96.1	90.6	9.9	6.0	1.5	68.8	82.4	3
31.0	74.4	61.4	3.7	7.5	1.5	43.5	80.0	2
29.9	81.7	53.8	7.8	7.8	3.6	62.2	100.0	0
22.3	89.0	63.3	4.7	6.9	4.4	57.1	89.9	3
27.6	83.7	68.3	9.4	5.9	0.8	52.2	77.8	3
25.0	82.5	75.5	7.3	6.5	3.6	53.1	78.8	3
16.9	73.0	97.6	2.1	6.6	0.3	40.7	67.4	1
26.3	64.2	71.8	5.7	5.7	1.6	40.0	73.3	2
7.7	93.2	100.0	1.1	6.5	3.2	36.9	58.2	1
28.9	87.4	54.8	3.1	5.3	1.2	65.0	90.4	0
30.3	94.0	74.8	3.2	7.7	4.7	59.2	89.1	0
31.0	80.6	91.8	4.4	7.4	3.4	65.8	100.0	0
21.8	77.9	92.7	5.3	7.3	0.7	38.1	69.5	1
27.5	85.1	75.0	6.4	6.5	3.5	61.7	84.1	3
36.4	93.5	95.0	6.3	6.7	0.5	72.2	100.0	0
36.3	82.7	92.2	5.9	6.0	2.5	45.0	91.2	3
24.8	93.0	69.8	6.8	7.6	3.8	53.6	78.1	3
26.1	74.9	84.7	2.9	5.4	3.6	58.4	81.5	2
33.9	83.4	90.6	6.2	7.1	2.4	72.7	100.0	0
13.0	84.3	70.8	9.6	6.2	2.0	37.0	67.2	1
22.4	97.3	100.0	5.6	9.1	0.8	66.8	92.8	0
35.7	87.1	67.5	7.2	7.6	2.8	68.1	93.7	0
32.8	100.0	82.2	7.0	7.0	3.7	57.1	100.0	0
28.0	71.5	61.3	8.2	5.7	5.6	64.1	93.3	0
13.0	86.3	81.6	6.7	5.4	1.8	64.9	67.0	3
24.6	86.8	64.0	8.1	7.6	3.8	54.0	77.3	3
20.3	91.2	75.6	7.3	9.2	3.6	50.8	77.5	1
27.6	76.9	56.2	7.6	7.5	1.8	50.1	84.7	2
18.5	100.0	92.0	7.1	7.2	3.6	67.7	88.4	3
16.8	85.1	85.3	3.5	7.2	1.3	44.9	71.2	1
8.5	74.1	96.3	3.1	7.1	2.9	35.2	43.3	1
34.8	84.8	74.8	5.1	7.2	2.2	59.1	100.0	0
21.8	81.9	97.0	9.9	6.2	3.2	49.0	69.3	1
26.3	100.0	80.6	5.6	5.8	3.3	55.4	100.0	3
25.0	95.5	81.7	6.8	7.1	1.7	52.1	95.8	3
16.5	85.5	100.0	1.1	8.8	2.5	44.8	62.0	1
14.9	83.9	72.7	6.5	7.9	2.3	49.9	73.7	1
17.0	94.5	98.4	6.2	5.5	0.9	62.0	92.4	3
19.2	95.0	87.2	0.0	6.7	1.9	46.2	82.2	3
27.9	55.9	71.4	6.7	7.9	1.6	44.6	61.2	2
18.6	91.4	60.3	1.9	8.8	0.8	55.1	79.4	2
39.0	85.3	64.5	4.2	9.1	1.3	71.0	100.0	0
33.2	71.9	97.0	8.5	6.7	2.1	72.3	100.0	0
31.5	93.8	100.0	6.4	8.0	2.6	73.2	100.0	0
24.0	100.0	81.4	4.9	7.3	0.6	46.1	71.4	3
37.1	90.6	82.2	4.7	6.9	4.3	51.4	100.0	0
23.3	96.0	91.6	5.0	7.1	3.4	61.1	86.8	3
24.7	100.0	81.1	6.4	7.1	2.4	62.6	100.0	0
26.4	76.7	96.5	3.0	8.4	0.7	67.4	86.7	2
30.6	66.4	84.4	8.8	5.3	2.2	60.9	91.7	2
30.1	91.6	82.0	3.1	7.6	2.1	57.1	87.3	0
21.2	82.5	69.5	1.7	8.8	0.9	61.1	76.9	2
20.7	71.3	65.8	8.5	8.7	0.8	43.4	85.8	2
30.1	84.2	32.6	4.9	7.7	3.6	75.3	100.0	0
30.7	92.3	98.5	6.2	6.1	2.0	63.9	96.2	0
21.9	83.5	77.8	7.6	7.9	3.8	48.4	84.8	3
12.3	77.1	74.0	4.2	8.6	2.5	39.1	56.2	1
23.3	82.8	50.7	6.3	6.4	3.6	56.4	82.0	2
30.0	84.8	70.4	7.6	7.4	3.6	59.6	92.0	0
15.4	83.6	68.1	4.7	6.3	4.3	39.3	59.3	1
21.6	71.6	85.0	4.8	6.6	2.7	50.7	59.6	1
21.9	91.6	81.8	7.4	7.2	0.3	61.4	78.3	3
35.8	69.4	59.6	6.5	5.9	0.5	56.6	100.0	2
24.7	95.1	60.5	5.7	5.7	1.5	59.7	75.0	3
17.7	80.9	60.5	10.0	5.9	3.6	58.8	76.0	3
25.0	79.6	100.0	1.8	7.4	1.9	63.8	92.4	2
21.8	87.9	100.0	2.4	5.2	2.8	45.4	75.7	3
15.2	76.3	67.2	1.8	4.3	3.3	50.3	75.7	1
17.9	87.8	50.4	9.0	8.6	2.7	62.5	78.0	2
38.9	77.7	81.9	7.3	5.8	0.0	69.5	100.0	0
28.1	79.4	80.7	2.6	6.8	0.7	66.8	95.6	2
25.9	89.1	84.8	5.7	8.1	5.1	65.1	78.8	3
23.0	73.6	91.1	5.9	5.3	3.0	44.8	83.7	3
27.3	72.4	86.8	0.5	5.3	0.0	69.7	87.2	2
27.2	87.5	63.3	6.5	6.2	2.6	68.0	78.3	3
27.3	84.7	84.4	3.1	8.2	5.2	56.1	90.1	2
25.9	86.7	92.8	7.8	7.0	2.9	67.2	88.2	0
32.0	88.3	69.1	3.1	7.0	2.6	61.2	100.0	0
25.2	85.6	84.5	6.5	6.6	0.0	56.1	94.6	3
17.2	91.1	71.7	9.2	7.7	2.1	44.8	66.3	1
20.1	86.0	100.0	8.4	8.7	0.0	45.2	83.6	3
9.2	64.9	60.1	7.3	10.0	0.7	42.7	50.9	1
41.2	67.5	97.3	5.8	6.8	0.3	64.1	87.9	2
31.9	100.0	54.9	2.2	8.8	5.1	52.8	89.8	0
18.4	85.0	100.0	4.9	8.2	3.6	54.1	65.6	1
19.9	81.5	82.8	5.3	4.3	0.5	54.4	93.4	3
37.3	84.4	55.6	2.2	6.5	2.8	67.8	100.0	0
13.6	80.5	59.8	7.1	6.6	1.0	50.4	72.7	1
25.9	100.0	93.5	3.0	7.4	1.1	60.7	84.4	3
24.1	87.5	95.4	9.9	6.8	3.2	58.8	81.1	3
31.6	79.7	83.6	6.4	6.3	2.8	64.5	98.0	0
24.2	68.5	91.1	8.4	9.4	2.9	49.0	75.3	2
10.9	100.0	95.7	8.4	8.6	0.6	38.7	61.6	1
23.0	83.4	69.7	11.2	4.6	2.7	57.1	90.4	3
17.2	92.4	59.0	6.5	6.7	3.0	52.9	78.1	3
25.6	93.6	79.8	5.0	7.8	1.5	61.7	100.0	0
36.5	80.4	71.3	5.1	8.6	2.1	72.9	100.0	0
11.1	91.7	85.8	9.7	6.5	0.0	46.8	59.3	1
18.6	79.0	88.2	2.7	6.7	0.0	49.8	75.0	2
20.6	75.1	69.8	3.8	7.1	5.5	55.2	66.0	1
30.9	83.4	89.8	5.6	5.2	2.0	61.0	84.9	3
23.6	90.2	90.8	8.4	4.6	3.7	55.5	93.0	3
28.3	89.1	73.9	2.7	8.5	1.2	66.2	100.0	0
25.0	91.4	91.7	5.8	5.8	2.7	50.3	73.3	3
26.8	69.4	87.8	5.5	9.5	4.2	56.2	84.2	2
31.2	79.1	89.6	3.3	6.0	0.8	59.1	93.5	2
19.1	81.8	100.0	8.2	6.8	1.8	33.0	74.9	1
31.3	76.7	84.9	5.8	7.4	0.4	56.0	91.1	2
25.4	89.3	70.9	5.7	4.4	3.8	57.4	81.2	3
33.4	96.9	63.3	3.9	10.0	2.8	57.9	100.0	0
23.4	98.5	96.9	5.1	6.5	4.3	56.4	91.1	3
28.0	81.6	85.4	6.0	6.0	3.8	68.3	84.1	0
24.7	87.9	100.0	8.2	5.6	2.1	63.9	70.0	3
27.1	91.2	93.7	10.2	7.3	3.1	64.7	95.1	0
29.3	76.2	76.1	7.1	5.6	3.6	62.6	92.5	0
15.0	100.0	74.7	5.2	5.4	4.7	50.6	85.9	3
36.5	94.3	68.5	4.8	8.3	0.9	48.9	100.0	0
10.1	94.5	93.5	7.2	6.2	0.0	52.6	80.9	3
19.5	97.0	89.2	6.5	4.9	0.9	51.0	87.0	3
24.2	90.3	62.9	5.6	6.8	3.2	58.3	87.3	3
28.3	74.7	82.5	5.3	6.5	3.1	50.2	72.8	2
37.6	83.6	90.6	6.0	9.3	1.6	60.2	100.0	0
10.1	68.5	82.7	4.9	6.4	2.1	49.9	59.3	1
20.9	89.2	96.6	9.4	6.6	1.2	66.2	81.1	3
8.0	83.3	75.6	6.5	7.3	2.3	40.3	64.3	1
25.3	84.6	46.2	5.1	6.3	1.5	68.0	75.2	2
27.2	97.0	82.8	4.0	7.5	5.0	56.7	84.3	3
37.7	80.4	82.7	5.6	5.8	4.5	62.1	94.1	0
26.0	82.5	84.7	6.0	6.7	3.6	46.2	75.5	1
25.0	85.2	96.6	5.1	7.5	2.5	66.5	100.0	0
29.7	66.6	50.7	8.1	8.4	4.2	55.8	83.0	2
25.0	82.3	76.4	4.9	6.3	2.6	52.4	73.4	2
13.7	60.1	66.2	6.0	6.3	2.7	41.5	58.5	1
27.2	79.1	61.9	2.8	8.8	0.0	49.8	90.4	2
13.1	93.6	78.9	7.4	6.3	2.9	53.5	57.7	1
35.4	89.5	90.5	5.3	6.9	0.6	64.5	100.0	0
23.7	79.1	84.5	9.9	9.1	1.9	60.7	79.9	2
34.6	85.4	69.7	7.8	7.1	2.8	56.7	97.6	0
21.2	74.3	77.8	6.0	6.7	1.2	53.8	67.6	2
27.2	85.0	93.9	9.1	6.8	3.2	74.1	92.6	0
26.7	100.0	90.2	7.0	6.1	4.1	54.7	88.9	3
21.5	85.5	70.7	3.8	5.9	2.7	50.3	93.6	3
28.1	86.6	54.3	7.2	7.9	0.6	51.3	90.6	2
17.6	75.2	73.6	7.3	7.0	0.7	61.9	83.8	2
15.3	77.0	54.0	2.1	7.3	3.0	30.8	58.5	1
34.9	88.6	100.0	9.8	9.1	3.6	55.3	97.8	0
30.8	79.8	67.2	3.1	5.3	0.2	63.6	83.6	2
25.5	94.0	96.6	2.8	7.0	5.6	52.8	80.6	3
25.0	100.0	100.0	0.0	7.8	1.8	68.5	100.0	0
22.9	88.3	83.2	7.2	6.3	2.8	55.2	85.2	3
35.6	86.0	78.5	1.9	8.1	1.7	68.3	100.0	0
26.4	68.2	60.2	6.0	6.3	2.1	55.6	88.4	2
16.8	92.5	72.4	8.1	7.3	4.8	48.6	88.7	3
39.8	73.6	100.0	6.5	6.9	4.8	66.8	100.0	0
32.9	80.8	85.3	4.4	7.2	0.0	60.5	98.0	0
24.0	94.6	80.4	2.0	7.1	1.7	69.9	84.9	0
30.8	95.3	99.7	5.7	7.0	6.9	58.1	96.2	0
21.8	80.3	90.4	8.1	6.4	1.9	57.5	76.7	3
31.6	80.9	77.8	7.8	6.2	3.1	67.7	100.0	0
5.9	78.0	83.2	10.5	7.4	4.2	31.2	40.2	1
16.8	73.0	68.5	4.4	7.1	3.8	40.2	64.5	1
32.8	78.7	71.6	2.7	6.2	0.0	75.9	100.0	0
23.0	68.9	76.9	6.8	7.4	3.0	47.5	88.4	2
26.7	91.8	88.4	6.5	6.4	5.1	58.9	80.7	3
14.2	88.9	61.3	6.0	8.9	2.5	47.7	80.0	1
39.8	90.6	81.1	4.1	10.0	0.9	68.1	100.0	0
34.5	75.5	74.2	0.0	8.7	1.0	59.4	92.0	2
23.4	73.0	66.5	3.5	8.6	2.2	54.4	82.0	2
21.8	85.5	74.2	7.4	8.0	3.5	48.1	75.8	1
33.2	85.6	45.2	6.0	6.7	6.8	61.1	94.8	0
40.9	83.5	68.6	8.4	4.7	2.1	53.4	100.0	0
32.6	82.1	63.5	6.9	5.8	3.3	60.9	100.0	0
42.4	100.0	75.8	7.8	6.2	0.2	74.3	100.0	0
25.0	89.3	45.8	7.9	8.4	0.0	58.8	81.7	2
18.4	100.0	82.9	6.1	7.3	1.8	62.4	96.1	3
15.5	97.7	93.6	6.1	6.2	3.2	48.4	63.4	1
28.5	100.0	78.2	0.0	4.8	2.4	67.7	94.5	0
26.4	74.3	87.5	4.4	9.8	2.6	47.3	80.0	2
23.8	90.9	72.3	4.5	7.6	2.1	52.6	75.5	3
31.5	80.7	56.7	5.7	8.1	2.5	72.9	92.9	0
34.9	68.4	80.0	3.7	6.4	2.1	62.8	80.1	2
12.8	100.0	90.2	8.3	6.8	0.5	51.3	64.2	1
20.2	82.1	60.1	3.8	6.6	0.3	51.1	75.3	2
31.6	74.4	73.0	8.8	7.1	4.5	73.9	87.7	0
21.3	80.9	76.3	3.6	9.2	1.3	57.1	83.4	2
18.6	77.0	100.0	4.5	5.6	2.1	61.7	79.7	3
33.1	78.1	83.4	4.3	7.0	4.3	57.1	94.3	0
14.7	82.8	51.4	4.8	7.4	2.1	41.1	62.8	1
22.6	100.0	47.7	8.9	6.9	3.8	51.2	92.8	3
27.6	78.3	91.0	5.2	8.2	1.2	62.2	92.4	2
20.4	100.0	100.0	5.2	4.9	4.8	67.7	89.9	3
31.3	93.5	75.8	4.1	9.3	2.8	68.1	100.0	0
20.4	89.0	74.9	5.4	5.4	2.5	60.3	80.9	3
36.3	92.5	86.5	6.5	5.6	2.3	67.4	100.0	0
24.0	85.1	68.0	5.5	6.5	3.6	46.2	88.5	3
30.4	97.9	41.8	5.6	6.2	2.9	77.6	100.0	0
31.0	90.7	95.6	8.5	7.5	0.0	66.8	99.3	0
20.0	68.4	70.8	6.7	7.4	1.8	54.2	70.4	2
8.6	88.0	95.8	3.1	7.1	3.0	51.2	85.1	1
27.9	92.8	68.6	5.8	5.3	1.0	47.0	85.0	3
25.6	82.1	81.8	4.7	6.8	1.7	52.7	92.9	2
29.4	86.3	92.8	7.3	7.0	1.9	64.7	100.0	0
25.0	78.9	96.1	6.3	8.5	4.9	53.1	81.5	2
21.6	71.2	83.5	8.8	7.2	3.4	51.3	60.6	1
41.1	69.5	82.7	4.1	7.5	3.0	75.8	100.0	0
13.2	69.6	89.3	5.5	9.4	0.8	46.2	59.6	1
30.9	91.7	87.0	3.3	5.6	1.5	79.7	97.4	0
20.4	60.1	60.6	5.9	6.5	3.8	49.0	83.2	2
22.3	78.3	60.9	2.2	5.6	3.5	59.5	70.4	2
25.0	77.3	48.4	6.8	8.9	0.4	57.1	92.1	2
18.6	82.2	91.5	5.9	9.0	4.6	46.9	70.7	1
29.6	66.4	74.1	6.4	8.8	1.2	49.4	67.0	2
36.1	89.0	92.3	8.0	7.7	3.0	65.7	100.0	0
25.0	96.3	65.0	2.8	6.5	1.9	55.9	88.7	3
17.1	78.8	78.2	4.6	7.9	2.8	53.5	60.0	1
29.1	84.0	73.2	5.8	5.5	1.7	57.5	87.1	3
42.3	85.0	70.9	5.2	5.5	2.8	71.1	100.0	0
22.0	87.4	93.7	5.5	6.5	4.6	63.1	87.6	3
25.0	85.4	100.0	10.1	9.3	2.2	55.2	82.9	3
20.5	80.7	96.7	6.3	6.4	2.1	47.9	83.4	3
21.1	88.4	79.6	7.0	6.5	4.2	66.1	84.9	3
3.0	89.7	98.9	1.0	7.3	0.6	36.2	52.8	1
28.2	77.3	100.0	6.0	8.1	2.6	62.9	90.9	0
18.2	89.3	59.1	13.1	8.5	1.4	40.9	67.5	1
12.1	96.9	98.4	9.4	5.7	2.1	58.3	82.0	3
31.0	92.1	91.5	4.9	6.9	1.2	81.6	100.0	0
16.3	94.3	97.8	11.7	7.3	0.4	51.2	82.4	3
22.3	86.7	92.2	6.1	7.4	0.0	47.0	77.9	3
25.0	75.6	76.6	6.8	8.0	1.8	69.7	100.0	0
13.7	76.9	100.0	5.3	8.0	2.8	47.5	71.6	1
12.7	88.2	85.1	5.3	7.0	3.7	63.8	58.7	1
27.2	94.4	73.5	0.4	8.4	0.5	55.0	78.4	2
34.2	100.0	87.6	8.0	8.2	2.7	55.6	94.6	0
12.4	94.8	94.6	5.3	8.1	3.3	50.8	70.4	1
29.6	77.3	85.9	6.7	7.9	2.9	53.1	89.8	2
8.5	100.0	81.3	5.0	8.4	0.0	53.6	75.0	1
32.0	85.5	67.7	9.0	7.2	2.4	59.8	100.0	0
22.5	75.4	59.0	7.0	8.9	3.3	57.3	71.2	2
35.0	100.0	100.0	5.6	7.5	4.6	64.1	100.0	0
34.1	90.0	76.6	5.7	6.9	2.1	58.6	98.1	0
25.8	77.3	28.6	6.5	8.8	2.0	43.9	74.4	2
21.4	75.1	85.9	3.9	6.4	2.7	47.7	72.0	1
17.2	88.1	85.6	6.0	5.0	2.5	69.8	77.5	3
24.7	85.4	52.0	7.7	6.1	3.1	56.6	85.6	3
29.6	93.3	67.5	6.2	8.4	3.3	53.5	90.3	0
22.4	90.5	66.9	4.9	7.6	2.2	64.9	97.0	0
7.4	82.4	68.9	5.3	7.1	3.2	42.6	74.4	1
35.1	79.6	98.2	7.6	8.3	2.2	65.5	94.8	0
26.5	83.4	77.8	3.2	7.2	0.3	59.5	77.5	2
22.0	79.5	73.6	4.0	6.7	0.8	64.5	88.9	2
31.9	83.7	96.8	2.0	8.0	0.0	51.5	98.3	2
37.2	85.2	87.4	6.0	6.5	5.0	76.6	100.0	0
2.6	76.0	53.9	8.2	7.6	4.4	43.9	39.6	1
28.5	91.3	70.8	9.3	6.0	4.1	60.6	85.4	3
13.6	81.3	84.8	9.9	5.7	2.2	41.0	66.3	1
29.0	76.6	66.0	4.3	6.0	4.0	56.4	81.3	2
26.0	81.5	100.0	6.6	7.0	3.8	57.1	76.8	3
30.1	87.4	81.7	5.0	6.2	0.3	74.2	100.0	0
25.0	85.8	68.7	10.1	6.3	1.3	64.4	76.2	3
10.0	89.2	63.2	9.3	6.8	3.3	43.0	73.6	1
21.4	94.0	93.9	6.4	6.9	1.8	70.2	92.6	3
28.3	98.0	70.3	4.5	5.1	1.4	68.0	100.0	0
33.1	87.9	85.7	0.0	4.0	3.7	66.6	100.0	0
25.0	74.3	62.7	2.4	7.5	1.3	45.8	61.9	2
33.2	82.3	81.1	1.4	7.2	6.2	57.9	90.1	0
19.8	75.0	70.5	2.4	5.4	4.9	55.2	78.7	2
25.0	100.0	75.3	10.7	7.5	2.2	63.8	80.8	3
20.9	100.0	68.1	2.8	7.5	4.4	52.8	96.0	3
26.5	91.5	95.4	3.3	6.6	2.8	66.9	93.4	0
32.1	93.6	72.6	3.7	9.4	1.9	64.4	91.1	0
15.2	87.5	77.8	12.5	8.5	5.5	52.6	81.1	1
19.6	88.7	78.6	5.8	6.5	3.1	61.0	82.3	3
26.5	69.0	100.0	8.5	6.5	1.2	61.4	78.3	2
44.2	84.3	93.4	6.4	5.3	3.2	58.7	100.0	0
25.0	76.2	91.9	1.0	8.5	5.0	55.7	54.9	1
41.3	87.8	56.3	9.8	7.3	2.5	69.4	100.0	0
41.0	84.4	70.2	7.0	8.0	2.8	65.1	100.0	0
22.6	94.2	62.4	10.4	7.9	3.0	53.8	73.5	3
19.5	87.8	81.3	5.1	6.4	1.0	53.7	82.3	3
24.5	82.3	64.0	5.6	7.7	1.3	55.5	78.0	2
13.7	100.0	65.5	5.1	7.6	2.0	55.5	94.7	3
24.4	84.7	100.0	8.7	7.0	2.8	44.5	75.0	3
37.0	88.3	90.8	8.0	6.2	4.2	67.4	100.0	0
20.1	85.4	94.7	6.7	7.5	2.3	52.7	82.3	3
23.1	81.0	91.8	3.4	6.0	3.7	71.3	72.5	3
11.4	85.4	77.9	5.1	8.3	1.8	31.7	60.7	1
28.0	65.4	69.6	3.4	6.1	3.4	62.7	93.4	2
27.1	69.5	74.0	8.9	7.0	4.3	59.0	82.4	2
25.5	88.5	77.1	2.1	6.1	2.3	63.2	80.0	3
23.3	100.0	100.0	10.0	7.2	3.0	54.1	82.8	3
22.7	88.5	60.0	9.2	5.8	1.6	57.7	68.7	3
29.0	77.8	71.7	6.0	6.0	3.4	59.5	85.7	2
24.8	70.6	66.3	5.0	9.8	0.0	80.7	99.6	2
27.5	92.8	95.8	4.2	8.0	0.1	57.2	86.0	3
26.7	79.3	100.0	7.1	7.4	3.4	51.1	88.2	3
34.0	91.4	84.6	9.5	7.6	0.0	79.2	94.6	0
26.5	89.8	81.4	4.9	6.9	4.6	62.2	98.7	0
37.1	85.3	86.6	9.1	7.9	3.8	74.1	100.0	0
28.4	88.8	91.6	8.9	6.0	6.1	60.2	79.5	3
35.4	83.8	86.4	5.5	8.9	2.6	61.0	93.7	0
29.9	78.6	87.5	6.0	7.1	2.4	60.2	92.1	0
10.3	75.4	91.6	9.9	8.0	2.5	37.7	66.9	1
35.4	61.1	53.3	8.6	8.9	1.1	49.9	70.1	2
26.1	83.2	80.0	9.1	7.6	2.2	50.7	92.9	3
24.6	100.0	84.6	12.5	6.0	0.6	40.7	85.2	3
27.3	92.3	86.2	7.4	8.5	4.3	56.6	79.7	3
22.2	87.3	77.4	6.8	9.0	3.6	51.0	59.6	1
26.8	77.7	82.4	9.4	4.7	0.8	61.3	88.2	3
35.2	83.8	53.4	4.5	7.3	3.1	62.9	93.2	0
24.1	100.0	94.7	5.5	6.7	2.9	66.9	99.7	0
21.9	75.2	63.0	3.5	5.5	0.9	49.6	92.5	2
17.6	77.5	77.6	6.9	5.9	2.6	41.5	65.2	1
27.2	76.5	68.8	8.2	4.8	3.4	37.9	71.0	1
26.5	70.2	100.0	3.6	8.1	3.4	55.6	95.1	2
28.1	75.6	78.8	8.8	8.6	5.0	57.0	83.1	2
12.2	77.9	91.2	4.7	7.0	0.6	39.3	57.5	1
30.0	46.4	100.0	8.8	7.3	0.9	60.1	89.8	2
36.9	95.7	86.1	4.4	8.3	4.4	48.4	87.4	0
16.8	68.2	74.3	2.5	6.7	4.9	38.1	63.8	1
37.7	90.9	90.4	7.9	5.9	2.4	69.8	100.0	0
27.3	85.3	56.4	5.7	6.3	3.1	63.4	88.6	0
24.9	100.0	80.7	9.0	7.2	2.6	46.3	80.1	3
21.8	95.0	100.0	8.1	6.1	2.1	49.7	96.1	3
13.9	80.0	82.4	1.6	7.6	0.3	47.8	74.8	1
32.9	78.0	81.6	9.3	5.4	3.2	60.7	86.0	3
18.8	100.0	80.3	10.7	6.7	5.2	58.2	67.3	3
18.8	70.2	74.1	8.6	7.5	2.8	56.5	85.3	2
32.9	86.9	84.7	8.7	7.2	2.0	53.2	85.5	3
9.9	83.7	91.6	5.4	6.1	1.9	48.3	65.3	1
12.8	81.6	75.0	4.8	7.9	3.2	41.4	64.9	1
24.9	88.5	42.6	6.0	7.3	4.2	59.4	88.7	2
27.3	86.9	87.0	8.3	4.5	3.3	55.0	73.7	3
28.9	89.6	100.0	8.2	7.5	0.0	68.2	93.1	0
25.0	86.4	74.4	4.9	6.5	5.1	59.3	82.8	3
45.2	89.2	57.9	4.7	6.4	3.7	64.9	100.0	0
23.2	85.9	90.2	2.3	6.0	2.2	42.7	83.4	3
23.2	78.4	100.0	7.6	5.8	1.7	63.0	85.0	3
18.6	85.0	87.9	5.0	7.2	1.8	46.4	77.6	1
26.0	77.9	100.0	5.2	7.7	3.8	51.7	76.7	2
29.9	77.2	91.9	10.3	7.2	0.0	64.6	100.0	0
34.6	81.6	90.6	7.5	8.1	3.3	55.5	91.5	0
13.1	83.8	72.2	6.8	7.7	2.9	48.9	70.8	1
23.0	85.4	84.3	8.1	4.6	2.9	55.2	83.1	3
28.6	94.2	79.6	9.6	5.9	0.8	59.9	97.0	3
25.1	87.0	76.2	4.6	5.5	5.9	60.3	79.3	3
29.3	86.2	83.4	5.4	3.7	2.7	67.3	100.0	0
18.5	78.9	60.6	3.6	9.2	5.4	48.9	77.9	1
37.5	85.7	92.2	5.3	7.4	3.9	60.5	100.0	0
32.9	95.0	66.8	6.0	6.2	2.7	71.8	100.0	0
14.2	86.9	76.2	8.3	6.0	2.8	44.4	59.4	1
16.4	87.3	85.0	4.7	7.8	4.1	51.3	70.8	1
16.6	77.9	66.1	6.5	7.6	4.3	52.3	56.1	1
30.4	100.0	50.5	6.1	7.4	3.2	57.0	92.9	0
14.7	78.5	74.3	7.4	6.8	4.1	42.1	64.8	1
22.4	68.3	58.5	6.0	5.5	4.2	50.0	62.6	1
28.6	93.6	90.7	7.1	7.0	3.0	66.1	97.5	0
24.5	83.9	62.7	5.3	8.3	1.6	58.5	94.7	2
27.1	82.0	100.0	7.0	6.3	3.2	47.4	84.1	3
16.5	79.5	79.9	3.1	7.7	1.4	63.9	77.1	2
29.8	100.0	80.9	7.0	6.5	1.9	65.2	94.0	0
20.1	88.5	50.3	9.2	8.0	3.1	50.2	80.8	3
22.4	90.5	82.2	6.5	5.8	2.4	54.2	74.6	3
26.9	86.6	78.8	4.2	7.0	4.5	56.4	67.5	3
25.8	87.7	60.5	4.3	7.5	1.5	54.7	98.8	2
25.2	99.0	81.3	7.4	6.2	0.0	67.5	100.0	0
19.0	82.5	74.0	7.4	7.4	4.5	69.4	73.3	3
22.6	70.4	76.7	6.9	7.0	2.6	48.7	63.1	1
25.0	93.7	80.4	5.9	6.9	2.6	54.4	87.4	3
21.3	86.1	83.7	5.8	8.2	0.0	43.6	83.2	2
28.1	89.7	78.7	5.0	5.9	1.3	63.5	90.2	0
14.8	81.3	87.1	7.9	7.3	3.4	49.7	78.8	1
34.3	85.2	72.1	6.0	6.0	2.2	64.6	96.7	0
35.2	83.7	64.0	9.2	6.9	2.0	50.0	100.0	0
15.0	79.1	69.4	8.8	7.8	0.0	31.2	61.3	1
35.9	96.9	100.0	6.7	6.7	5.2	63.7	95.5	0
23.9	70.9	94.3	7.5	3.3	2.4	58.5	77.2	3
28.3	100.0	98.2	3.6	5.4	6.0	47.9	93.8	3
21.0	93.8	99.2	5.8	4.4	3.1	61.6	87.8	3
32.4	67.2	73.0	6.9	7.1	4.8	57.1	87.6	2
28.2	82.8	84.4	2.0	7.0	1.4	52.4	78.1	2
18.5	83.3	81.1	7.1	6.6	0.2	52.0	75.6	3
15.7	88.9	89.9	3.6	6.2	2.2	40.4	64.2	1
13.3	75.1	75.7	3.9	7.3	3.3	27.2	51.6	1
26.5	85.3	81.4	4.7	5.3	3.5	66.7	98.4	0
29.6	83.8	81.1	5.9	8.1	3.1	59.4	84.4	2
30.2	77.6	88.0	2.7	7.1	5.9	53.9	79.7	2
24.1	76.2	89.8	8.1	5.9	3.1	50.1	81.0	3
15.7	94.2	81.4	6.4	6.5	2.0	45.1	65.7	1
19.5	68.0	81.9	10.8	6.8	2.1	47.2	65.7	1
34.2	89.8	83.4	6.8	5.3	1.3	63.3	100.0	0
21.1	93.0	100.0	6.0	7.8	2.9	59.9	82.9	3
26.1	82.8	54.1	3.9	8.2	4.1	51.8	88.5	2
25.0	85.5	65.5	3.0	7.1	4.6	42.2	89.3	2
27.7	96.6	90.1	7.5	8.1	2.1	56.2	92.9	3
21.3	78.0	84.0	3.3	10.0	2.4	71.2	88.8	2
33.4	79.0	83.9	7.6	4.7	1.5	63.1	97.7	0
31.2	80.0	90.0	10.3	7.1	4.0	63.4	89.9	0
25.0	96.7	83.2	8.4	5.4	0.6	53.4	84.3	3
24.0	97.9	71.6	7.4	8.9	1.4	70.7	92.2	0
20.6	71.0	89.4	6.7	7.3	0.0	57.5	69.7	2
13.6	95.1	80.3	5.0	6.2	0.7	41.7	76.6	1
18.1	93.2	73.3	5.7	6.7	1.6	53.8	64.5	1
26.6	100.0	90.4	4.6	8.6	1.7	57.0	91.6	3
27.6	88.9	89.8	2.7	7.5	0.6	62.1	89.5	0
26.2	84.6	83.2	6.1	7.7	0.8	64.8	81.6	2
22.6	96.5	100.0	8.8	8.8	4.4	47.2	86.3	3
32.5	92.0	99.9	2.8	8.1	1.3	65.8	91.1	0
25.0	100.0	95.0	9.5	8.3	0.0	53.1	86.0	3
30.6	94.6	100.0	9.0	6.8	0.9	72.8	100.0	0
10.8	86.5	77.8	7.0	4.3	1.0	53.3	53.5	1
0.0	73.3	73.0	7.0	7.1	2.4	21.1	48.3	1
13.6	70.6	76.2	6.1	7.9	0.5	35.7	57.8	1
23.3	82.8	80.2	4.8	4.9	3.0	54.4	70.3	3
22.6	94.3	65.2	6.1	8.0	4.6	58.3	85.8	3
37.7	85.0	89.1	6.3	7.2	4.0	72.0	100.0	0
28.2	95.2	57.9	10.7	7.4	3.4	58.6	96.4	0
26.3	88.4	78.6	7.4	7.7	3.1	55.9	83.1	3
31.7	81.0	79.8	6.0	7.0	2.0	63.0	86.0	0
27.9	85.9	73.5	5.8	6.6	4.6	82.5	100.0	0
21.3	89.7	53.6	4.2	8.4	3.1	43.1	72.1	1
33.6	86.4	53.5	4.6	7.7	1.3	49.0	96.1	2
16.1	86.5	68.8	8.3	7.8	2.3	46.0	63.2	1
27.6	77.3	88.1	4.8	6.9	1.5	51.9	90.2	2
26.6	100.0	79.8	4.5	7.0	4.3	59.9	90.6	3
26.5	97.3	66.7	4.2	4.9	2.2	50.7	98.8	3
38.4	70.3	85.1	8.8	5.3	1.3	59.9	100.0	0
12.5	61.3	53.0	6.4	6.9	4.1	41.4	60.1	1
20.2	85.8	44.1	5.3	4.7	4.4	51.0	76.9	3
31.6	93.9	76.4	6.1	6.9	1.3	61.7	92.9	0
27.7	79.8	71.8	6.5	5.9	4.7	56.6	95.2	3
26.4	95.2	95.2	4.1	6.9	3.9	53.1	95.7	3
17.4	85.6	82.4	2.5	7.2	1.7	48.9	65.5	1
20.3	83.4	100.0	9.3	4.8	4.3	52.7	78.0	3
35.0	92.6	71.8	8.5	7.4	0.7	72.3	98.4	0
24.6	79.7	87.3	6.9	6.5	1.8	44.3	81.9	3
28.0	82.1	76.2	8.3	4.2	0.9	58.5	94.6	3
24.1	91.7	100.0	10.8	6.4	1.0	58.0	74.4	3
15.5	84.7	76.9	6.0	7.5	3.8	50.7	71.0	1
32.5	100.0	92.8	3.2	6.5	2.5	66.1	100.0	0
29.0	91.9	63.8	7.7	6.4	0.8	50.7	90.3	3
43.4	91.3	73.8	2.3	7.2	1.6	72.5	100.0	0
16.9	84.5	78.7	6.1	6.4	1.5	51.1	61.3	1
31.6	93.7	99.0	5.3	6.7	2.9	66.9	100.0	0
14.5	81.8	47.0	7.7	5.4	5.9	46.9	60.4	1
26.3	87.8	75.0	4.8	6.4	2.8	53.8	68.8	3
8.4	95.4	48.8	4.1	7.2	4.8	36.5	60.0	1
20.5	100.0	56.9	4.3	6.2	4.5	46.1	83.8	3
28.1	92.6	76.1	3.5	6.7	2.0	54.5	85.7	3
34.0	85.7	75.6	5.9	8.0	2.0	62.5	100.0	0
26.6	94.0	83.8	6.3	6.5	2.2	50.3	86.2	3
25.9	87.1	66.8	6.0	7.0	3.0	44.7	90.7	3
25.0	90.4	100.0	5.9	6.7	1.9	63.5	91.8	3
16.3	100.0	79.5	4.7	7.9	2.7	46.0	75.9	1
33.9	76.8	99.3	6.4	7.6	0.1	53.1	88.8	2
27.4	75.8	54.8	7.5	6.9	3.7	56.1	86.9	2
18.5	93.2	90.3	7.3	7.6	2.8	46.4	81.1	3
21.3	90.5	76.6	3.7	6.1	3.6	58.8	78.9	3
23.6	76.0	63.9	3.0	7.0	1.2	48.3	89.9	2
12.7	92.6	52.4	7.3	6.8	4.8	42.2	71.6	1
11.5	73.0	91.0	9.3	5.8	2.8	30.6	70.4	1
20.2	76.6	89.8	6.5	6.7	0.1	33.2	65.4	1
29.2	83.8	83.6	2.6	8.4	4.3	61.2	100.0	0
19.8	79.5	72.6	4.3	8.3	3.6	41.8	61.1	1
16.8	93.9	63.3	5.0	8.1	5.3	50.6	81.1	1
18.5	87.9	79.2	6.5	7.9	5.0	66.5	80.9	3
25.0	100.0	60.3	5.8	7.2	4.5	59.5	86.9	3
22.2	82.5	68.7	7.2	6.3	3.2	54.2	85.7	3
42.3	83.8	98.9	8.5	7.7	3.6	72.5	100.0	0
33.4	97.1	52.2	6.9	5.0	0.9	80.8	100.0	0
33.2	84.1	90.2	8.2	6.2	2.1	48.4	93.3	3
34.3	99.9	100.0	5.3	8.3	7.0	64.7	100.0	0
17.0	90.4	92.2	14.2	6.4	0.0	62.4	79.0	3
15.2	61.5	86.0	7.4	7.8	3.0	47.9	58.3	1
16.1	96.8	73.0	7.7	6.6	2.4	60.7	81.7	3
35.7	94.1	70.3	10.4	7.7	3.8	61.2	83.7	0
20.6	94.5	46.3	6.2	5.2	2.8	45.3	81.7	3
15.0	65.9	80.6	4.4	8.5	4.3	60.5	76.1	2
21.6	78.4	74.0	9.3	5.7	2.5	53.5	82.8	3
23.1	79.1	69.5	9.4	5.4	3.7	60.4	77.3	3
27.1	76.6	79.7	6.4	8.5	3.0	63.5	71.0	2
27.0	100.0	80.9	10.4	7.0	2.1	69.9	100.0	0
25.0	84.9	70.5	5.8	6.6	1.8	53.7	70.3	2
30.5	84.6	100.0	6.0	8.9	4.4	63.1	82.5	0
19.9	90.5	91.0	9.8	7.9	3.4	57.2	88.5	3
23.7	90.7	93.4	6.2	6.5	4.0	51.6	71.9	3
30.5	51.7	78.5	7.1	6.8	4.4	63.5	81.8	2
19.9	78.5	87.7	8.6	8.3	1.7	47.4	88.1	2
20.4	70.9	66.6	5.1	5.8	2.1	59.3	71.5	2
29.7	89.0	90.0	4.0	8.7	2.0	66.6	86.9	0
18.1	82.1	76.9	9.3	6.5	4.0	34.4	71.2	1
21.9	85.2	64.7	6.8	6.0	2.6	60.3	85.6	3
29.4	64.2	79.7	4.7	8.3	2.8	58.5	71.0	2
41.4	81.9	75.6	6.2	7.9	0.9	78.4	100.0	0
29.8	96.2	100.0	7.3	4.9	3.7	74.8	100.0	0
28.8	99.1	86.5	2.1	6.9	3.8	62.3	100.0	0
25.0	92.2	100.0	7.8	5.7	3.3	63.4	92.1	3
16.4	71.6	97.0	7.0	8.0	2.7	38.4	68.1	1
25.9	97.6	80.6	10.1	9.1	4.1	57.8	94.0	3
24.8	92.2	73.3	5.5	7.6	2.4	69.8	100.0	0
27.6	83.8	53.9	9.4	6.1	4.6	58.3	86.7	3
25.9	64.7	66.9	5.9	8.1	3.6	61.1	91.7	2
28.0	94.5	89.9	6.3	6.9	0.6	60.0	87.2	3
22.5	79.1	75.5	6.7	6.9	2.3	52.9	85.2	2
25.5	88.5	85.6	11.2	6.4	3.0	61.7	80.3	3
15.2	85.7	49.5	2.9	7.1	1.5	27.4	48.6	1
25.0	100.0	86.8	6.0	6.9	4.1	59.6	92.2	3
36.1	83.7	96.4	6.1	4.1	0.0	47.8	100.0	3
27.6	84.8	53.4	5.9	7.0	3.7	57.8	90.3	2
24.8	100.0	85.6	7.5	6.8	3.5	52.4	85.5	3
40.2	78.4	100.0	8.8	7.4	0.0	58.2	100.0	0
14.1	93.1	100.0	7.3	4.6	2.7	60.6	73.4	3
16.1	83.0	72.4	9.1	7.6	1.8	57.9	61.1	1
38.7	75.0	91.7	5.4	7.0	4.6	62.6	100.0	0
25.4	85.0	100.0	6.0	7.6	1.2	74.6	100.0	0
23.1	91.9	86.0	3.5	5.0	3.7	63.5	88.3	3
15.4	98.5	99.3	11.0	5.5	4.0	50.1	77.9	3
28.6	99.7	79.5	5.5	4.8	1.9	47.2	84.8	3
29.4	82.1	85.9	5.3	7.2	4.4	58.6	87.7	0
16.2	75.1	70.7	7.5	6.6	1.9	43.7	69.1	1
23.9	81.8	77.5	8.8	6.8	4.5	51.7	80.5	3
22.3	73.2	86.5	4.3	5.3	6.4	55.8	77.2	3
27.0	82.8	69.6	9.0	5.5	3.9	53.0	59.5	1
16.0	81.6	76.6	5.2	4.0	3.4	59.2	76.1	3
35.0	92.3	91.4	9.6	5.4	1.8	61.1	89.5	3
32.3	62.9	100.0	4.6	6.2	5.3	51.0	87.1	2
22.1	77.7	49.3	7.8	6.3	3.8	58.1	88.2	2
23.3	77.7	100.0	6.1	6.9	1.8	53.9	84.4	2
23.9	96.9	76.1	3.2	7.9	4.7	63.9	80.3	3
18.8	73.9	94.5	2.5	6.2	2.7	51.4	65.9	1
22.8	83.7	100.0	8.5	7.9	1.9	57.0	89.3	3
37.9	95.4	69.1	1.1	8.4	1.1	60.9	100.0	0
32.6	91.0	76.6	6.8	7.6	1.2	64.2	100.0	0
32.5	86.2	79.2	6.6	7.1	1.9	57.8	86.4	0
28.0	79.5	74.6	1.8	5.7	3.3	56.3	95.5	2
16.1	66.5	99.8	4.0	7.3	2.1	47.3	65.7	1
24.7	87.5	78.8	4.0	6.5	1.3	62.1	84.7	3
32.8	90.3	55.7	6.1	8.7	1.1	59.0	92.5	0
14.9	69.3	70.5	6.0	7.1	4.4	25.7	44.0	1
30.1	72.7	56.3	8.7	6.8	2.3	51.3	93.5	2
43.6	87.5	76.6	5.1	8.7	0.0	71.8	100.0	0
33.5	88.4	90.1	3.9	6.4	2.5	72.2	96.0	0
36.3	75.1	70.2	2.1	7.0	1.9	65.7	100.0	0
26.7	79.3	74.0	5.1	9.4	2.8	64.4	94.4	2
32.7	66.6	75.9	3.8	7.3	1.6	60.7	75.9	2
19.3	98.8	82.1	5.9	8.4	4.4	55.9	94.2	3
31.4	72.0	87.7	6.0	8.8	2.3	57.5	100.0	2
30.2	90.4	92.1	6.0	6.3	2.2	69.1	98.2	0
35.5	97.9	81.9	4.3	6.6	3.2	59.1	100.0	0
20.7	77.1	91.0	4.7	9.4	3.1	53.8	67.7	1
23.5	85.6	56.2	9.6	8.7	1.9	46.5	75.4	1
25.8	68.0	74.3	7.3	7.9	2.5	67.1	89.5	2
25.0	65.6	75.9	7.3	8.3	2.1	48.7	76.1	2
26.8	91.0	64.7	8.5	6.2	3.8	58.6	89.4	3
11.2	67.1	72.0	8.3	9.1	0.6	35.0	49.8	1
33.4	82.7	78.4	9.6	5.9	2.0	60.7	100.0	0
25.4	95.1	72.4	7.5	7.5	2.2	57.7	88.8	3
20.8	92.5	100.0	6.5	6.1	4.6	46.4	77.9	3
18.3	78.4	87.7	4.5	8.0	4.3	51.6	80.5	1
23.1	69.1	100.0	3.9	9.1	3.1	46.3	85.8	2
30.5	90.1	100.0	8.2	7.5	1.0	64.7	98.1	0
29.4	98.4	70.4	5.7	7.4	2.6	54.4	96.7	0
19.4	78.4	80.6	2.6	6.9	5.3	52.5	82.6	2
18.2	77.0	73.5	0.8	7.1	2.3	48.8	70.2	1
25.0	79.8	77.6	11.4	6.6	2.7	61.9	86.8	3
19.2	90.7	65.4	3.5	9.0	2.8	54.3	76.3	2
25.5	97.3	73.4	4.3	8.0	1.2	59.4	83.2	3
26.0	72.6	85.4	9.1	6.6	1.3	49.8	71.2	2
27.5	70.0	85.0	3.0	7.1	1.3	60.3	100.0	2
31.9	100.0	83.8	6.0	10.0	2.1	66.1	93.7	0
9.7	87.5	92.9	11.3	8.7	2.8	45.2	63.5	1
20.5	78.1	76.1	4.9	6.3	3.3	50.7	83.6	2
39.4	89.9	100.0	6.0	7.6	5.7	60.4	100.0	0
41.2	94.6	52.3	6.0	6.3	6.4	65.1	100.0	0
39.6	88.0	89.9	6.0	6.4	2.6	64.4	100.0	0
23.5	100.0	87.3	9.2	8.0	3.9	64.8	92.5	3
10.7	81.7	69.9	2.5	5.9	3.5	36.0	65.7	1
6.3	82.4	74.7	7.6	5.6	4.1	32.0	54.8	1
20.1	87.3	87.0	5.5	7.8	4.1	52.6	82.3	3
23.4	89.6	93.7	9.4	6.4	1.7	50.3	84.5	3
35.4	87.3	53.8	9.3	6.7	5.5	61.8	86.9	0
31.9	72.2	89.4	5.0	4.8	4.8	56.5	94.1	0
26.8	88.1	73.1	5.7	5.5	3.9	53.6	95.6	3
17.9	81.3	96.9	8.2	7.3	3.5	44.9	69.9	1
25.0	79.2	52.4	8.5	6.7	3.1	42.9	67.4	1
27.0	85.3	100.0	0.0	8.1	2.8	55.3	89.0	2
30.6	75.4	66.7	8.2	5.9	3.7	48.3	100.0	2
28.1	73.6	100.0	6.0	6.8	2.9	61.7	84.6	2
16.7	58.8	79.0	6.6	7.1	3.1	39.7	66.0	1
30.2	100.0	67.7	8.4	6.8	2.5	66.1	97.5	0
28.4	90.6	84.0	9.2	7.7	2.3	54.9	94.5	3
16.4	83.8	95.4	6.6	5.7	5.4	57.7	64.5	1
18.7	78.3	56.7	8.0	7.6	2.8	51.1	88.1	2
30.5	56.2	90.5	6.0	8.4	2.1	48.2	82.0	2
25.0	77.7	79.8	5.9	6.0	2.9	72.7	84.7	0
37.7	92.2	88.7	4.3	7.5	0.9	64.0	100.0	0
29.0	94.4	80.2	6.4	7.4	4.1	56.7	93.9	0
21.1	91.4	71.4	10.7	7.7	2.7	50.9	96.2	3
25.0	86.6	63.3	3.7	7.0	2.2	59.7	99.0	2
25.5	98.0	90.1	7.5	8.7	2.0	47.9	83.9	3
19.2	81.7	90.0	6.8	9.5	0.3	52.7	77.3	2
17.7	95.9	89.9	9.7	7.8	5.4	40.0	73.8	1
30.6	81.2	86.4	10.2	7.4	3.0	59.6	75.3	3
31.8	76.2	94.2	3.7	7.0	5.4	68.7	91.8	0
29.8	74.9	100.0	4.6	5.4	2.3	54.5	88.1	2
37.1	74.4	51.9	4.7	5.3	3.4	70.7	93.1	0
20.7	91.6	44.9	4.8	5.6	3.8	41.7	89.6	3
38.4	77.6	100.0	5.0	7.3	3.4	60.8	89.8	0
17.8	74.7	59.9	6.9	6.8	2.0	40.4	59.4	1
16.9	92.1	63.7	6.0	8.8	0.0	65.8	88.1	2
10.9	88.3	75.7	4.2	4.0	6.1	43.4	66.3	1
21.4	94.6	55.2	4.0	7.0	1.6	50.4	78.0	3
21.0	90.1	74.3	6.0	7.5	6.5	52.3	87.1	3
29.2	77.5	65.8	5.8	8.1	1.8	58.6	90.2	2
27.0	85.8	76.5	5.4	7.2	4.8	55.3	100.0	0
15.5	86.3	84.2	3.9	7.4	3.6	40.6	53.8	1
21.9	75.8	74.8	2.0	7.2	3.6	62.9	76.7	2
22.0	74.0	74.1	10.1	7.5	1.8	60.8	93.4	2
10.8	78.2	83.9	5.3	7.0	2.1	47.3	67.5	1
17.2	100.0	95.7	12.8	9.5	2.1	55.0	79.4	3
18.8	80.9	100.0	7.9	7.7	2.9	52.9	72.0	1
36.5	97.3	76.7	10.6	7.2	2.4	63.5	100.0	0
26.5	80.3	100.0	8.5	6.1	1.9	52.7	74.6	3
30.3	93.9	93.2	6.4	6.6	1.3	73.8	89.1	0
13.0	94.0	61.5	4.5	8.8	1.4	53.6	78.0	1
25.0	94.5	61.1	3.6	4.0	3.3	55.1	100.0	3
35.4	88.9	71.3	8.8	7.1	1.4	61.5	100.0	0
9.0	98.8	100.0	6.7	7.0	0.9	50.2	66.0	1
19.4	88.8	72.5	6.0	7.6	2.7	55.6	75.6	3
29.0	100.0	51.6	8.0	7.3	0.0	65.7	98.1	0
30.2	68.8	76.6	6.9	8.8	2.5	46.8	73.8	2
19.6	88.5	50.3	4.8	7.1	2.6	55.4	84.7	2
20.2	75.6	71.2	5.5	8.1	3.0	40.2	69.6	1
25.9	90.8	82.2	6.2	8.8	0.6	71.1	92.6	0
34.6	70.1	95.4	7.8	7.8	2.2	63.9	98.1	0
18.8	78.5	90.4	5.9	8.2	3.5	51.7	76.2	1
33.0	65.0	62.3	1.5	6.7	3.1	52.4	100.0	2
18.7	100.0	74.4	8.6	7.2	1.3	49.3	76.9	3
18.2	82.7	81.1	9.1	8.8	3.1	48.2	87.5	1
31.5	100.0	76.1	1.4	7.6	3.9	53.0	80.2	3
32.4	93.0	76.0	3.4	6.7	1.0	60.9	100.0	0
31.8	89.5	54.2	11.1	7.0	0.0	55.6	81.4	3
14.5	79.1	62.7	6.6	8.2	5.2	52.8	61.1	1
21.3	74.5	74.0	6.0	8.4	3.0	29.3	58.8	1
31.6	90.2	33.6	4.9	6.0	1.8	60.4	87.0	2
25.3	84.3	89.6	3.4	7.4	1.8	49.4	77.5	2
16.4	71.6	59.4	6.0	7.0	2.7	48.1	85.5	2
28.7	69.8	90.3	8.4	6.9	4.1	74.6	84.1	0
19.3	75.4	89.0	6.0	8.6	0.2	63.3	66.2	2
39.4	100.0	71.8	7.5	6.7	1.9	65.8	100.0	0
37.4	100.0	95.0	10.4	6.3	5.0	66.6	100.0	0
29.8	87.0	91.1	4.5	6.0	3.7	54.1	100.0	0
35.9	86.5	75.4	6.8	6.8	3.6	63.8	99.5	0
25.5	81.6	73.7	8.5	6.1	3.1	61.9	68.1	3
31.1	75.7	96.5	3.7	6.0	3.0	49.8	82.6	2
36.8	98.8	83.5	6.4	5.9	1.8	79.2	100.0	0
25.0	100.0	95.7	10.7	6.0	1.7	67.1	86.1	3
23.0	76.1	44.2	5.1	6.1	3.7	60.2	76.5	2
11.4	84.2	81.5	8.7	7.5	1.7	49.0	65.7	1
24.3	80.5	56.3	5.6	4.6	2.9	48.5	79.0	3
31.6	80.8	79.6	10.5	6.2	2.7	68.4	84.5	0
29.0	71.9	100.0	6.2	8.4	2.3	44.9	93.9	2
20.7	89.7	65.9	6.0	6.7	4.3	54.5	82.4	3
9.2	92.3	72.1	4.2	6.8	3.6	37.0	70.4	1
21.0	83.6	78.6	4.2	6.9	2.3	48.8	78.5	2
22.5	86.5	94.7	3.0	7.8	2.4	53.9	83.7	2
29.9	97.2	78.9	5.8	7.7	3.8	61.8	91.6	0
40.9	69.8	81.8	7.2	8.0	0.7	74.9	96.8	0
26.0	81.5	89.3	2.2	10.0	3.8	39.8	77.2	1
23.3	84.3	78.9	4.4	5.4	4.5	63.5	91.5	3
22.9	58.3	67.7	12.4	5.2	2.6	52.0	70.0	2
26.0	74.1	79.1	6.8	7.8	3.9	55.1	97.2	2
18.4	76.9	67.2	1.5	6.6	2.7	50.0	80.1	2
26.0	94.5	81.6	2.5	5.8	3.4	63.4	86.9	3
28.6	77.9	95.0	6.6	6.7	4.7	65.8	85.1	0
26.7	76.8	62.4	6.3	6.3	0.2	54.8	100.0	2
25.0	93.2	57.0	4.5	9.1	1.4	59.5	90.2	2
28.5	68.8	80.7	11.5	9.7	4.4	61.2	88.1	2
10.8	64.3	68.5	12.5	5.0	4.7	27.0	54.0	1
30.1	81.4	80.5	5.3	5.2	0.4	59.0	77.2	2
19.6	70.5	84.8	8.2	6.1	4.8	54.0	59.2	1
16.2	70.9	47.8	8.3	6.2	0.0	44.1	73.6	1
28.5	93.8	62.5	4.4	6.8	2.8	59.3	92.4	0
23.2	92.9	79.7	10.8	6.5	1.4	52.0	71.7	3
11.5	96.1	70.1	5.8	5.4	1.5	46.2	66.9	1
28.8	97.4	71.7	7.1	5.8	1.5	57.7	95.3	3
13.5	63.7	100.0	6.0	8.9	2.2	56.4	49.4	1
26.1	89.5	84.8	5.7	6.6	5.5	49.5	84.2	3
26.9	79.7	93.6	6.7	6.5	3.7	63.4	88.6	0
39.3	90.6	89.3	1.1	6.4	2.0	70.5	99.1	0
14.1	67.7	86.3	5.5	8.2	2.8	50.6	62.2	1
24.6	67.5	83.8	3.8	7.7	0.9	65.0	80.0	2
22.8	91.3	96.6	7.4	8.0	2.1	58.7	100.0	3
28.5	89.9	82.3	7.1	5.6	1.7	56.9	89.6	3
26.7	86.4	100.0	6.0	5.5	3.2	58.5	84.0	3
22.2	76.2	94.4	9.7	8.4	1.4	67.5	82.8	2
21.5	92.4	62.9	6.0	8.0	1.2	56.2	86.8	3
16.1	91.8	77.4	2.4	6.7	3.1	41.0	73.8	1
32.9	85.9	86.0	5.4	8.0	2.4	59.7	98.7	0
28.7	73.2	80.7	8.9	5.6	1.4	54.4	89.7	2
32.3	80.7	90.3	1.3	5.5	1.2	66.8	84.5	0
22.5	93.4	92.0	5.8	5.1	1.4	46.7	85.2	3
19.7	98.3	59.6	6.0	7.4	3.7	50.7	81.9	3
16.4	81.7	99.2	12.6	7.3	3.1	51.1	67.1	1
27.9	82.5	72.5	6.0	6.4	1.4	56.2	88.3	2
25.0	83.4	71.1	6.3	6.1	1.4	50.7	72.3	2
14.5	79.2	92.1	1.3	6.7	1.9	49.4	70.3	1
27.2	56.1	76.0	3.4	8.7	2.7	46.8	61.2	2
37.5	96.9	70.0	7.6	6.8	1.2	73.7	100.0	0
26.4	78.9	53.1	6.7	8.7	3.4	56.5	86.2	2
17.3	74.3	67.4	6.1	7.9	2.5	40.0	60.7	1
13.9	83.6	61.4	6.0	7.0	2.6	48.3	62.1	1
31.2	83.1	76.0	6.3	8.4	0.4	62.3	95.5	0
37.0	95.0	90.0	3.4	10.0	0.7	67.3	100.0	0
21.5	85.5	88.3	5.4	6.1	4.5	48.1	87.7	3
15.9	77.1	98.9	2.9	7.6	5.0	56.9	78.0	1
5.3	71.8	95.5	4.5	6.5	0.0	44.1	59.2	1
17.2	93.7	72.1	9.0	5.9	3.2	50.9	56.0	1
25.0	91.0	80.3	5.5	5.8	4.6	55.6	79.8	3
37.8	95.6	79.5	7.5	8.9	2.0	62.1	100.0	0
30.4	75.3	47.7	6.3	4.8	4.8	54.4	80.9	2
27.4	100.0	61.7	5.0	7.6	3.7	71.5	90.3	0
21.8	67.6	77.5	3.5	6.0	3.2	48.8	64.3	1
20.3	92.1	77.4	5.0	9.1	2.1	74.8	100.0	0
36.2	65.9	87.7	6.5	6.7	2.6	53.4	79.8	2
25.0	93.3	87.8	7.6	8.1	2.9	54.0	73.4	3
18.1	79.5	82.7	2.2	7.7	1.8	38.6	72.0	1
20.6	79.8	89.4	8.2	8.0	0.0	42.2	80.1	1
29.5	86.0	96.0	3.2	5.7	2.2	61.5	82.8	3
24.1	90.1	77.9	8.5	7.9	1.0	48.9	83.3	3
24.4	97.5	98.7	7.3	6.8	0.8	67.0	91.7	3
35.5	80.4	66.7	1.3	7.4	1.5	62.0	93.9	2
19.4	68.9	65.8	7.8	7.6	3.7	51.8	64.2	1
39.9	86.6	86.4	8.5	5.7	0.8	67.6	100.0	0
25.7	72.0	83.9	4.1	6.8	3.6	66.5	75.0	2
25.0	88.0	100.0	6.4	5.5	1.4	63.4	95.2	3
26.0	82.9	85.9	6.0	6.8	0.8	58.1	88.0	2
28.6	88.1	83.2	7.8	7.0	3.7	64.7	83.1	3
28.5	76.1	67.0	7.0	7.7	2.3	66.6	89.4	2
19.0	89.9	54.5	4.9	4.1	2.6	48.2	71.4	3
16.0	71.8	78.9	8.5	7.5	2.2	36.1	74.9	1
45.0	76.7	96.0	8.5	6.4	3.1	74.4	100.0	0
21.1	82.6	75.2	5.6	8.0	3.5	62.6	86.2	2
30.6	100.0	86.0	4.0	7.0	2.3	50.1	92.8	3
12.1	92.8	100.0	4.2	6.6	0.3	43.5	80.0	3
22.8	95.8	100.0	9.4	6.8	2.9	54.6	86.4	3
24.0	99.2	86.4	8.4	7.4	2.0	50.5	95.0	3
28.8	100.0	82.6	5.9	8.1	3.8	60.5	99.1	0
3.2	85.4	57.2	5.5	5.9	1.2	31.9	47.1	1
26.3	99.2	70.5	1.6	6.6	2.0	57.2	91.0	3
15.8	95.1	75.8	5.8	8.8	0.3	56.4	76.7	3
27.6	95.0	67.2	3.0	6.6	3.7	44.4	80.9	3
16.7	100.0	83.7	6.4	7.4	4.3	44.6	66.3	1
18.2	80.8	100.0	9.0	5.5	1.8	61.2	89.1	3
22.8	80.0	100.0	3.5	4.9	2.2	47.9	61.1	1
16.6	88.2	83.7	6.6	5.8	1.3	31.2	77.4	1
21.2	83.2	91.7	8.5	6.2	1.4	54.7	69.0	3
15.5	88.2	69.1	6.6	8.2	3.5	49.3	76.4	1
10.3	100.0	100.0	4.7	8.4	1.7	48.9	65.7	1
33.1	80.2	56.6	6.0	4.7	3.2	62.3	81.2	2
14.6	82.0	93.7	8.4	6.4	2.5	57.8	82.2	3
23.6	86.7	87.4	6.7	7.8	3.6	50.4	61.8	1
31.0	82.7	68.7	6.0	6.9	1.9	60.0	98.7	0
25.0	65.9	76.9	8.9	8.8	4.1	46.7	70.3	1
18.4	79.2	63.0	7.3	7.8	5.3	55.8	83.1	2
26.8	91.9	63.6	3.0	6.7	0.0	64.7	98.0	0
33.9	99.4	56.1	6.0	6.8	2.4	68.2	100.0	0
15.6	73.5	91.5	6.0	6.9	2.4	63.9	81.3	2
23.8	73.4	98.1	2.9	6.0	1.4	58.0	87.7	2
11.1	85.3	47.6	0.3	8.1	3.1	55.6	72.7	1
21.9	64.2	100.0	3.4	7.9	4.2	44.4	67.1	1
25.3	80.6	79.8	5.7	7.5	0.0	50.8	80.5	2
18.2	67.6	84.3	8.5	7.3	0.0	63.6	76.6	2
13.7	77.3	99.8	7.4	7.6	2.1	52.7	86.2	3
25.6	100.0	83.0	0.0	7.2	2.6	68.9	94.2	0
33.4	96.1	97.1	6.5	9.4	0.9	73.3	95.5	0
16.2	78.5	98.3	5.0	5.4	2.6	37.0	64.5	1
20.0	74.3	100.0	11.2	6.1	4.6	48.5	65.6	1
29.0	83.1	70.3	1.3	5.1	3.2	63.9	100.0	0
34.7	84.0	76.9	6.0	6.7	2.8	69.2	100.0	0
25.0	88.5	70.8	1.3	4.9	0.0	48.0	75.2	2
23.6	77.2	93.4	4.6	8.4	3.6	49.1	81.9	2
27.3	92.5	85.0	1.7	8.3	2.5	57.3	97.4	0
24.2	87.7	96.0	6.0	6.8	1.6	51.6	85.0	3
5.2	81.6	96.7	6.0	5.8	3.5	31.8	48.7	1
29.0	77.9	54.1	5.5	5.2	1.2	56.2	87.8	2
37.2	83.2	100.0	5.9	6.2	3.3	79.2	96.7	0
25.9	76.8	94.3	3.2	7.8	4.3	53.9	80.6	2
16.8	85.6	74.5	8.6	6.1	2.7	39.1	83.3	1
39.2	87.6	78.1	8.3	8.8	1.6	80.5	100.0	0
32.3	100.0	89.2	3.0	7.0	3.1	52.3	100.0	0
30.1	83.7	74.4	8.8	6.4	1.9	60.1	86.9	3
27.9	95.0	87.2	8.5	6.3	6.0	65.7	96.3	0
19.7	87.3	81.0	6.0	8.9	0.4	44.3	73.1	1
24.4	83.8	82.9	6.0	8.1	2.9	49.0	83.8	2
29.4	84.4	100.0	2.0	7.0	2.7	50.5	91.7	2
37.1	87.8	69.7	5.5	7.9	1.7	70.6	100.0	0
33.9	75.4	76.3	4.8	6.0	4.3	75.4	92.1	0
13.6	70.3	70.0	6.2	6.6	3.5	42.9	76.9	1
26.8	91.5	71.6	8.6	7.0	3.6	63.2	91.9	0
30.9	94.0	92.2	1.9	6.2	1.5	65.9	89.8	0
30.0	92.5	90.7	4.9	8.5	1.9	62.6	87.0	0
20.0	86.5	79.9	3.9	6.1	3.2	47.8	92.0	3
48.3	92.7	95.4	4.1	6.3	0.8	67.5	100.0	0
14.8	92.1	91.9	3.9	8.6	3.5	43.9	73.1	1
41.9	74.0	92.4	6.9	4.7	1.9	58.9	98.9	0
18.3	81.1	82.5	6.5	7.2	5.2	49.4	77.2	1
22.9	84.8	80.3	7.6	7.1	3.1	50.1	82.5	3
33.6	82.6	73.0	12.0	6.3	3.3	66.8	97.2	0
24.9	66.2	91.2	6.3	7.4	1.5	50.6	76.4	2
25.0	100.0	85.2	8.6	6.6	2.9	63.1	87.2	3
29.5	82.3	76.4	8.4	7.2	1.7	61.2	98.7	0
27.2	86.7	61.6	10.4	10.0	0.2	54.7	86.2	2
33.2	97.4	96.0	7.4	7.4	2.2	63.3	100.0	0
35.3	61.6	89.1	3.9	7.4	4.2	59.7	100.0	2
27.5	79.9	83.8	6.8	8.0	2.4	58.8	83.9	2
27.3	81.1	40.1	6.0	7.2	2.1	60.4	85.1	2
26.7	81.6	79.4	8.0	5.7	2.0	53.9	84.4	3
28.9	83.3	76.4	6.0	5.0	5.9	57.4	82.8	3
25.4	99.5	70.7	9.2	7.0	3.4	59.9	97.6	3
25.0	91.7	91.3	6.0	6.7	0.1	35.3	88.6	3
34.6	94.6	90.7	8.1	4.6	1.7	69.3	100.0	0
37.1	85.5	86.6	6.8	9.0	1.9	58.5	97.7	0
25.0	71.0	95.6	6.3	7.1	1.4	43.2	60.6	1
25.1	64.2	64.7	6.0	8.7	2.6	48.4	59.5	2
19.5	69.7	73.2	6.0	4.3	1.6	55.7	68.9	2
22.5	88.6	81.1	10.9	8.8	1.7	62.9	78.5	3
25.0	85.3	70.7	1.0	6.4	2.7	58.1	80.2	2
30.4	82.9	90.9	7.4	8.5	0.2	59.5	88.1	2
24.1	81.3	72.2	6.1	7.3	0.0	55.0	80.4	2
9.7	100.0	99.5	5.6	7.5	4.4	47.2	68.0	1
17.3	76.8	66.0	0.1	7.5	3.8	57.0	84.6	2
32.2	94.3	100.0	7.5	6.5	3.1	85.8	100.0	0
3.1	85.0	100.0	5.7	6.2	3.0	38.8	44.5	1
34.5	84.4	78.6	3.9	6.6	2.2	67.8	100.0	0
29.2	96.8	97.2	6.1	5.2	7.0	55.0	84.6	3
35.5	99.6	74.0	5.3	6.4	2.8	60.9	100.0	0
23.4	82.6	95.2	1.6	6.2	6.4	47.3	88.0	3
8.5	93.0	77.4	6.2	5.2	5.6	55.4	63.8	1
28.4	88.6	60.7	7.5	7.6	3.2	64.9	85.0	0
32.4	87.0	76.0	6.7	7.3	2.5	64.0	100.0	0
19.7	78.1	84.2	6.3	7.8	1.9	57.2	93.5	2
25.7	81.9	100.0	8.6	6.7	3.2	65.5	83.2	3
20.7	79.2	80.5	5.7	5.9	3.5	55.5	78.8	3
18.4	94.0	95.0	8.0	7.4	0.7	53.6	81.9	3
32.6	84.0	73.2	5.2	3.5	6.4	72.0	86.6	0
15.4	72.0	74.9	10.9	6.9	1.3	39.1	52.0	1
17.8	77.8	95.8	4.9	7.9	0.0	35.6	69.8	1
16.2	53.0	43.0	4.3	8.3	2.4	54.5	61.8	2
13.1	80.1	80.2	5.7	6.4	0.8	43.4	54.3	1
26.2	85.4	74.0	4.2	4.3	2.4	67.5	96.2	0
34.3	83.6	100.0	2.9	3.8	2.6	77.7	100.0	0
23.5	100.0	72.1	7.8	7.8	3.2	71.5	93.6	0
13.0	90.7	87.7	0.0	6.6	4.0	25.7	51.8	1
38.5	68.6	57.6	2.6	5.3	2.0	60.3	91.7	2
19.8	81.4	77.9	6.4	7.4	3.5	47.2	74.4	1
21.2	80.1	73.5	0.5	9.0	1.5	55.7	73.5	2
29.1	77.1	94.2	7.4	7.2	0.0	53.7	77.9	2
38.0	77.0	90.1	7.6	5.1	3.4	70.7	99.1	0
20.8	66.9	76.5	1.9	10.0	1.7	60.6	77.0	2
30.1	93.7	95.6	7.3	6.7	2.7	64.3	97.3	0
25.0	79.9	55.7	6.0	8.0	4.0	59.3	67.9	2
20.5	84.9	57.0	6.0	7.8	0.6	63.8	63.8	2
33.0	96.7	86.6	6.0	5.3	5.9	67.3	100.0	0
29.2	85.0	60.9	3.9	7.4	0.4	58.8	82.6	2
18.9	90.4	100.0	4.7	8.8	1.9	62.5	86.3	3
25.4	76.5	65.9	7.6	7.6	1.2	52.5	91.0	2
14.2	78.8	80.0	3.1	7.5	2.6	44.6	71.0	1
30.5	88.5	82.4	5.3	6.4	2.5	56.2	90.0	3
22.9	100.0	69.1	8.2	5.9	2.7	45.4	97.3	3
21.5	99.3	46.4	2.4	5.1	2.9	49.6	78.7	3
24.7	90.8	82.9	4.7	7.9	4.5	57.6	78.9	3
25.3	86.5	68.7	3.2	6.7	2.7	58.7	89.1	2
32.2	99.0	81.7	4.1	5.4	4.6	56.7	100.0	0
29.7	92.9	78.2	9.0	8.2	0.0	57.4	72.9	3
23.7	62.1	83.9	9.5	6.3	0.0	37.9	78.8	2
31.1	74.5	100.0	6.6	6.0	2.7	75.9	83.1	0
28.2	88.4	71.8	7.3	6.4	3.0	70.4	78.4	0
21.6	67.1	73.0	7.3	6.8	1.7	45.9	69.0	1
24.0	76.0	55.0	4.3	7.5	2.5	55.4	72.1	2
23.8	78.0	77.1	6.6	5.9	4.1	48.0	80.9	3
29.0	82.4	86.1	6.0	8.2	3.5	66.8	95.2	0
22.1	82.1	72.7	3.6	7.6	2.0	58.7	84.3	2
21.9	82.1	86.2	5.8	6.4	2.8	43.9	85.2	3
40.8	93.3	77.3	3.3	6.8	3.6	62.2	100.0	0
32.5	82.3	60.5	2.8	6.5	0.7	61.2	97.7	2
18.9	81.2	84.7	4.2	7.1	1.3	61.7	66.1	2
25.9	95.2	81.8	6.0	6.5	0.0	68.6	90.5	0
28.1	78.3	71.5	5.9	7.2	0.9	60.2	86.0	2
26.1	74.1	70.2	7.5	6.2	0.7	49.4	77.8	2
34.5	87.1	82.4	4.6	7.6	3.9	60.8	96.5	0
27.8	77.3	76.5	0.8	7.3	0.9	62.2	85.4	2
24.5	79.7	100.0	3.8	8.6	3.7	61.6	67.1	2
33.3	87.6	92.0	5.2	6.0	2.0	70.1	100.0	0
26.9	81.7	88.2	6.4	7.8	5.2	59.0	80.9	3
26.0	100.0	77.3	5.7	8.5	2.7	62.8	89.9	0
27.5	84.3	49.6	5.3	6.5	4.1	75.2	92.8	0
24.3	91.2	67.9	6.0	6.8	3.2	74.9	97.2	0
25.1	65.6	70.3	6.9	7.2	1.8	54.0	74.4	2
20.3	76.4	75.9	2.6	6.7	2.5	38.4	78.4	1
19.0	74.1	79.5	8.0	7.2	2.5	51.3	87.9	2
17.0	75.5	89.8	4.5	7.8	1.8	49.9	83.9	2
13.9	89.2	84.1	11.2	6.9	3.8	39.3	68.6	1
18.0	95.4	97.4	5.2	6.9	6.3	53.7	73.4	3
23.6	88.4	75.3	4.8	7.3	2.7	48.1	76.1	3
25.8	82.7	83.9	4.6	6.5	3.6	59.6	83.0	3
22.8	78.7	85.2	4.8	6.6	3.3	58.4	74.3	2
6.2	96.1	83.7	7.5	5.9	0.0	48.0	68.1	1
37.6	100.0	99.2	5.9	6.9	3.2	75.6	100.0	0
33.7	86.4	92.1	8.5	7.5	3.2	66.7	98.6	0
28.6	94.4	60.2	7.2	6.7	0.6	66.5	93.7	0
40.3	88.4	78.3	6.0	6.1	0.0	78.1	100.0	0
17.2	92.6	79.8	6.9	6.9	3.1	48.5	77.2	3
40.1	73.4	100.0	9.0	7.5	5.0	65.0	97.8	0
17.3	80.1	75.1	7.6	7.2	1.9	47.3	70.2	1
26.9	89.0	65.3	6.7	9.7	2.0	52.9	85.7	2
14.8	97.1	86.6	7.1	6.2	6.0	48.4	78.4	3
25.1	76.8	87.5	3.1	6.8	3.8	61.6	77.9	2
28.1	64.7	78.9	12.4	7.9	0.7	61.2	80.9	2
23.8	80.0	76.7	7.3	6.2	1.4	42.1	61.4	1
30.7	95.1	94.2	7.6	9.3	5.8	75.2	92.0	0
25.8	69.2	67.2	5.9	7.0	1.5	61.1	81.2	2
20.8	73.2	74.9	0.3	7.7	1.7	53.3	72.2	2
20.5	86.6	72.2	5.3	7.0	3.5	43.0	58.9	1
31.5	83.8	96.4	6.2	8.2	2.1	52.3	94.3	0
19.8	90.9	84.3	3.9	5.7	3.2	64.7	76.9	3
32.3	72.7	64.0	3.9	8.9	2.9	67.7	80.6	2
34.8	81.8	65.5	5.2	7.3	2.3	71.8	100.0	0
11.7	97.0	100.0	7.9	7.8	4.3	47.3	76.2	1
34.1	73.1	96.2	9.1	6.1	0.6	71.3	78.2	0
41.5	99.8	92.6	6.4	7.4	2.7	60.8	100.0	0
27.0	74.3	80.2	4.6	5.8	1.6	47.2	78.7	2
29.8	93.5	100.0	5.1	8.4	5.0	68.9	94.9	0
25.0	81.3	63.4	6.2	5.5	2.2	55.3	83.5	2
22.8	73.6	91.3	6.0	7.2	5.4	52.8	75.4	1
26.5	80.0	73.4	7.1	6.5	1.9	43.5	79.2	2
14.5	90.4	76.3	4.9	5.1	2.7	28.1	81.5	1
26.1	84.9	90.9	7.3	5.9	4.1	49.7	87.0	3
29.0	96.2	77.8	7.1	7.5	1.1	58.3	93.7	0
29.1	99.4	73.5	5.0	5.9	4.8	54.8	100.0	3
18.8	72.4	50.2	3.8	7.4	3.1	57.5	62.9	2
20.7	72.0	91.4	9.9	8.1	3.3	55.9	81.1	2
40.2	76.0	64.9	1.8	7.8	2.4	57.9	100.0	0
23.8	96.0	100.0	9.3	6.9	1.3	61.2	83.5	3
26.6	90.6	75.7	1.7	7.3	2.6	49.3	77.1	2
24.5	79.5	99.6	4.1	7.1	0.0	69.3	87.3	2
25.0	84.9	52.9	5.1	5.8	0.5	51.9	76.3	2
38.0	99.0	91.0	10.5	7.3	2.3	61.9	100.0	0
20.8	100.0	94.8	6.0	5.7	4.8	56.0	65.8	3
16.0	87.6	99.6	5.5	7.7	4.8	51.4	62.9	1
21.4	58.4	57.1	3.7	7.2	4.0	55.1	73.5	2
9.0	88.0	69.5	7.3	4.4	0.2	30.8	57.4	1
19.8	94.3	88.6	4.7	8.2	3.0	48.8	79.6	3
17.3	87.2	82.2	5.4	6.4	1.2	54.6	73.0	3
29.9	92.3	84.4	5.1	6.3	2.4	67.1	98.7	0
19.6	88.6	74.6	7.8	8.1	3.9	77.5	75.3	3
32.1	72.7	100.0	7.9	6.8	3.5	70.3	100.0	0
36.2	76.1	100.0	3.8	7.7	4.4	58.4	98.0	0
31.2	81.8	81.6	4.4	6.2	0.4	74.0	100.0	0
23.3	95.7	86.8	4.2	8.0	1.0	61.2	79.9	3
26.1	77.3	80.8	6.5	7.2	4.8	66.4	82.4	2
12.8	89.6	99.3	8.3	7.5	4.8	51.5	74.2	1
18.1	100.0	64.0	0.5	9.0	2.5	61.7	86.0	2
30.6	84.6	70.8	7.9	9.2	4.3	64.7	87.4	0
45.6	67.5	64.9	2.6	4.4	3.3	66.0	95.1	0
29.0	91.5	100.0	4.2	8.1	3.4	57.2	100.0	0
9.1	100.0	89.5	6.5	5.7	1.1	39.7	58.3	1
22.1	92.1	71.1	5.8	7.6	4.2	54.8	89.9	3
26.0	77.1	69.9	8.2	4.9	2.2	64.4	80.1	3
25.7	74.2	92.1	4.5	7.5	0.4	59.8	83.0	2
19.2	75.5	93.6	3.6	6.0	1.3	44.9	68.2	1
27.0	100.0	92.0	5.2	6.4	1.6	67.5	94.5	0
15.1	81.7	73.6	8.4	6.5	4.7	39.7	71.6	1
17.4	78.4	84.6	7.6	6.1	1.5	52.3	86.2	3
30.2	83.4	81.7	6.2	6.2	3.1	70.6	94.0	0
16.9	81.8	66.0	9.3	6.5	0.0	41.1	70.5	1
29.3	100.0	66.1	8.9	6.8	3.9	63.3	94.2	0
14.0	74.9	86.2	8.0	7.4	1.3	41.5	64.8	1
39.1	96.8	82.9	3.1	9.2	3.1	81.1	100.0	0
18.8	86.2	88.3	8.0	5.9	3.1	68.9	74.9	3
23.2	97.1	91.9	5.5	7.2	3.4	61.1	90.7	3
27.6	100.0	100.0	5.0	7.9	3.0	67.3	98.2	0
20.5	85.8	68.4	4.3	6.1	5.4	63.5	91.1	3
26.1	81.8	89.5	5.6	4.3	2.8	62.6	87.9	3
29.6	85.7	91.2	4.4	4.7	5.9	53.9	87.7	3
32.7	84.1	75.3	6.4	4.3	3.5	58.8	97.8	0
31.3	68.4	81.8	5.6	8.8	2.9	55.4	94.1	2
23.6	100.0	75.7	6.6	7.7	3.8	44.7	81.5	3
23.8	87.5	100.0	7.4	7.9	2.8	63.3	66.3	3
43.8	73.4	81.6	5.3	8.2	3.2	59.5	94.6	0
32.6	64.3	86.8	4.2	6.3	3.0	65.3	98.9	2
17.6	61.7	76.0	1.0	9.8	2.9	42.0	77.5	2
22.3	78.8	60.5	6.2	6.9	5.9	57.7	76.0	2
15.2	89.9	91.5	8.9	7.8	4.4	56.4	80.8	3
21.7	79.8	75.5	2.8	8.6	4.3	52.4	82.3	2
39.5	90.5	66.5	6.1	8.7	4.1	67.9	86.6	0
29.6	86.0	82.7	3.6	6.6	3.3	51.3	88.2	3
5.1	84.2	72.5	7.6	7.2	3.5	46.2	57.8	1
34.7	69.3	76.7	0.4	5.9	3.4	60.8	83.1	2
22.1	91.0	83.3	7.9	8.0	2.4	61.1	87.5	3
30.7	78.2	83.6	3.7	8.1	0.7	70.4	93.5	0
25.0	97.1	96.4	6.2	4.6	3.4	51.8	86.2	3
21.2	100.0	77.7	3.7	6.1	3.1	51.7	97.2	3
25.0	91.6	75.0	7.1	7.1	3.5	62.1	100.0	0
25.0	99.9	56.6	8.1	7.2	1.3	60.1	92.3	3
10.0	92.2	96.5	3.5	9.5	3.9	37.4	61.3	1
24.5	79.7	93.4	2.8	6.2	3.2	55.9	88.6	2
24.4	87.0	80.4	8.7	6.8	5.8	53.3	77.5	3
34.6	100.0	60.1	10.9	7.8	3.7	69.7	100.0	0
25.0	79.8	61.8	7.2	6.6	1.6	60.2	75.3	2
21.6	74.6	71.8	7.4	6.4	0.5	44.0	61.2	1
33.4	73.7	94.5	6.0	6.3	2.8	66.1	100.0	0
26.0	82.8	84.4	6.5	7.3	1.0	60.3	89.4	2
19.0	75.0	57.6	6.9	6.8	1.4	49.1	76.8	2
34.2	100.0	86.1	6.0	7.8	1.1	62.5	100.0	0
26.5	87.2	67.4	9.4	7.4	1.6	54.8	100.0	3
25.0	94.7	72.2	6.4	3.5	4.7	56.7	100.0	3
26.4	82.0	94.6	6.8	4.9	1.0	50.1	83.3	3
25.0	73.6	91.5	5.6	6.4	1.9	43.2	66.7	1
20.8	71.9	96.4	5.8	8.2	0.4	52.9	73.7	2
25.0	75.9	79.7	9.0	6.2	0.0	50.9	71.7	2
35.2	90.2	71.2	6.4	7.7	2.8	63.9	98.0	0
26.7	91.0	76.1	6.5	7.6	0.8	55.1	70.8	3
31.8	70.1	75.1	5.1	6.3	0.2	61.9	72.5	2
25.1	85.0	80.4	2.5	5.6	0.0	53.5	84.0	2
33.5	74.7	60.7	6.0	5.4	2.7	55.5	97.2	2
28.2	89.0	76.6	8.7	10.0	3.9	57.0	83.2	2
25.1	89.8	100.0	9.1	7.5	0.4	42.0	95.2	3
24.9	73.3	63.6	3.3	9.2	1.5	39.9	72.6	2
17.4	94.7	60.1	9.6	6.0	4.1	45.3	67.6	1
29.1	100.0	61.3	10.9	8.5	2.2	52.8	81.1	3
25.0	93.3	100.0	8.6	6.4	2.3	62.4	90.2	3
21.0	83.4	87.0	10.1	7.0	3.1	62.7	66.2	3
33.9	81.8	75.9	8.0	6.7	1.8	65.1	91.3	0
15.0	82.9	81.0	3.9	5.9	1.3	34.5	65.1	1
25.0	77.4	83.4	7.3	6.0	3.0	42.3	61.8	1
25.0	87.5	70.4	3.4	7.0	0.4	65.7	94.8	0
27.5	73.6	72.2	4.5	6.3	0.1	55.4	84.7	2
24.6	66.1	77.6	6.8	7.2	1.5	39.5	62.5	1
27.0	87.2	69.1	6.5	6.0	3.6	51.9	90.8	3
26.4	85.2	74.0	7.2	7.8	4.2	49.5	90.7	3
12.9	79.3	85.3	1.5	6.4	1.8	57.5	62.3	1
22.2	72.2	65.0	5.6	9.0	3.7	57.8	76.5	2
37.9	87.9	100.0	7.4	6.9	4.6	64.5	100.0	0
19.7	75.1	91.3	7.9	6.9	2.6	52.8	77.3	1
22.5	83.6	60.9	8.0	8.9	3.5	55.5	78.6	2
20.7	100.0	42.8	6.6	6.4	5.3	56.1	77.8	3
24.3	91.5	69.7	5.1	6.5	1.4	70.7	83.6	0
20.3	71.3	90.3	7.3	6.2	2.1	61.5	84.4	2
28.9	72.3	87.4	5.3	7.2	4.9	68.9	84.9	2
26.6	86.5	78.3	8.3	6.1	1.1	60.4	82.8	3
31.2	71.2	71.0	7.1	7.9	2.7	56.5	95.9	2
16.6	65.0	66.4	5.8	6.9	1.6	37.9	63.6	1
25.0	90.3	74.0	4.1	8.0	4.5	47.8	71.2	1
23.2	88.2	64.8	6.0	7.9	0.7	63.2	85.5	2
28.6	89.5	74.0	6.0	6.4	2.4	50.4	80.0	3
18.7	87.6	100.0	11.3	6.1	0.9	50.8	67.4	3
32.3	84.3	68.4	7.3	6.6	0.3	51.5	87.0	2
17.1	90.2	91.5	2.3	7.4	2.3	43.4	67.6	1
21.1	100.0	63.8	6.8	7.5	3.2	60.8	90.9	3
20.7	80.0	67.3	5.2	7.0	2.5	50.7	81.6	2
46.1	74.8	96.0	8.1	6.2	2.9	64.7	100.0	0
21.6	73.6	66.1	6.8	6.3	1.8	45.0	71.9	1
38.4	76.3	79.1	8.5	7.6	4.0	66.3	96.7	0
14.9	87.0	100.0	11.3	6.2	3.6	49.6	63.3	1
17.1	63.6	94.7	4.0	7.7	2.7	43.2	65.6	1
19.5	89.4	81.3	8.4	7.7	2.8	50.7	62.7	1
18.2	91.4	92.6	7.7	8.8	1.8	48.7	68.8	1
22.9	67.0	79.2	10.9	6.4	5.4	35.9	58.7	1
19.3	75.2	95.3	7.8	6.6	3.7	50.5	65.7	1
18.4	85.8	49.3	7.5	4.2	2.3	40.0	62.7	1
34.3	83.6	77.9	6.0	5.9	2.2	56.6	81.8	3
34.8	90.2	48.7	8.3	5.9	1.9	67.0	99.2	0
32.6	83.6	82.4	9.6	7.6	2.1	60.2	91.4	0
29.2	97.6	76.5	4.0	9.2	2.9	73.0	99.7	0
25.7	81.8	100.0	5.0	7.7	0.0	50.6	85.0	2
21.0	75.2	90.7	10.3	8.2	2.1	49.0	77.9	1
25.0	74.4	72.1	1.1	6.1	2.3	50.4	64.5	2
27.9	92.4	73.9	5.8	5.6	2.5	59.5	91.9	3
15.6	85.3	85.7	6.4	6.7	2.8	57.4	72.8	3
17.0	91.3	71.4	5.6	6.3	2.5	56.3	77.0	3
34.2	91.1	79.5	10.0	6.0	3.1	74.7	100.0	0
40.2	64.8	99.8	7.2	7.3	2.3	52.8	87.7	2
28.1	73.6	67.6	5.0	5.6	4.0	63.0	85.1	2
33.9	74.8	73.3	4.4	8.0	3.5	54.2	86.5	2
23.0	76.8	75.4	6.7	6.5	5.9	57.1	81.9	3
29.9	95.0	89.1	6.3	7.1	1.4	56.5	86.0	3
29.6	97.0	97.0	5.7	6.4	2.3	70.5	94.8	0
25.6	82.1	91.5	4.3	8.5	1.7	43.9	98.3	2
23.1	82.5	92.5	6.9	5.1	2.5	68.3	72.1	3
32.7	77.9	87.1	6.8	8.5	4.1	65.9	81.6	0
17.1	85.9	85.5	4.2	6.6	2.0	52.0	83.2	3
18.8	87.0	58.2	6.0	8.1	1.6	51.0	92.0	2
16.9	93.1	85.4	10.3	7.2	3.3	48.9	86.7	3
25.7	93.0	78.4	6.1	8.0	1.3	61.7	93.0	0
16.3	62.0	88.2	6.8	6.9	1.2	36.1	57.1	1
19.5	83.5	78.9	3.2	7.3	3.1	29.1	65.1	1
19.4	98.8	91.4	7.8	8.3	0.0	55.0	86.1	3
13.1	96.4	36.3	5.2	8.6	3.8	42.4	73.5	1
25.7	81.9	73.5	6.0	7.4	0.0	44.7	64.6	1
35.0	86.7	52.1	10.6	6.1	0.0	73.3	94.4	0
26.1	73.6	83.6	7.0	6.6	0.3	69.3	90.6	2
37.3	74.0	75.5	3.7	8.1	0.0	63.7	87.7	2
35.7	92.3	100.0	8.1	5.5	5.3	64.4	85.8	0
31.2	93.8	83.1	6.6	8.0	2.7	65.7	100.0	0
25.6	85.3	72.7	6.1	6.6	1.5	59.7	89.2	2
25.2	72.7	94.1	8.4	5.5	0.6	50.9	92.1	2
31.1	85.4	75.2	0.0	7.2	5.8	70.2	100.0	0
21.9	97.6	72.5	1.5	6.2	3.5	64.5	83.1	3
9.9	100.0	85.9	9.4	6.3	2.3	53.0	73.4	3
28.9	81.8	100.0	5.7	6.2	4.3	72.3	87.7	0
25.0	68.4	92.8	4.9	7.1	3.1	53.0	55.4	1
17.3	93.4	88.5	2.7	6.5	1.7	47.1	84.9	3
24.2	94.4	69.0	6.8	8.2	1.6	64.4	100.0	0
13.7	87.8	68.7	9.6	7.7	1.0	40.6	68.2	1
26.3	76.2	82.2	6.9	9.2	4.2	54.1	84.4	2
32.7	85.6	100.0	5.2	9.5	1.7	50.5	96.0	0
16.0	98.1	65.9	7.0	6.7	4.5	66.8	80.9	3
35.2	83.5	100.0	8.8	5.6	1.3	67.0	98.3	0
12.5	74.7	58.4	8.2	6.7	1.6	50.1	67.6	1
41.9	69.1	78.2	7.6	7.1	1.8	55.5	100.0	0
21.7	77.3	82.6	6.7	9.7	1.2	61.2	85.2	2
26.2	80.9	66.8	4.5	6.6	1.6	59.1	86.3	2
9.9	93.2	70.7	3.4	7.3	3.3	32.9	57.7	1
25.0	73.8	91.9	3.0	6.2	4.3	57.9	80.0	2
26.8	100.0	100.0	7.0	6.6	2.9	52.8	82.8	3
24.3	71.6	48.3	7.2	5.5	0.7	54.4	71.9	2
17.4	100.0	78.3	7.4	8.6	1.6	54.5	80.5	3
34.0	86.4	81.6	8.6	8.3	5.1	49.7	97.5	0
25.2	68.5	75.2	5.7	6.6	4.0	56.2	70.6	2
25.0	84.4	60.6	7.9	8.3	4.3	72.1	100.0	0
20.8	81.1	100.0	3.5	5.4	1.4	51.3	80.7	3
21.5	72.3	97.4	5.8	6.8	0.6	55.8	69.7	2
12.0	76.8	72.7	6.1	8.5	1.8	30.4	63.9	1
15.3	77.9	70.9	9.1	7.2	2.9	57.5	71.8	1
33.8	83.0	41.2	6.2	7.7	3.1	58.6	78.4	2
15.6	79.3	85.3	7.8	6.4	1.9	43.2	73.9	1
10.4	100.0	91.7	6.7	7.3	4.0	42.6	68.1	1
39.9	79.6	82.1	4.6	8.5	0.3	76.1	95.3	0
13.8	89.4	78.7	5.5	5.1	2.7	59.9	68.2	3
26.5	86.5	82.0	8.9	8.4	3.5	61.4	87.5	0
25.6	88.5	67.2	7.8	6.7	5.1	53.8	87.2	3
25.0	89.3	72.5	6.0	5.3	2.7	62.1	71.8	3
22.9	93.8	77.5	2.5	6.7	4.4	56.1	77.2	3
28.6	87.7	90.5	6.5	8.5	4.3	54.7	84.7	3
27.8	87.2	100.0	4.5	6.4	6.0	66.6	98.7	0
32.2	85.6	76.6	5.6	7.4	3.0	61.1	100.0	0
21.9	83.6	64.3	2.4	5.1	5.6	69.6	82.8	3
30.7	75.9	80.5	8.6	4.8	3.7	53.1	82.4	3
25.0	84.4	100.0	5.8	5.7	0.2	50.9	81.1	3
13.7	87.4	65.6	6.1	8.2	2.5	59.9	57.9	1
14.6	89.0	93.3	3.9	6.9	1.1	53.0	73.5	1
13.3	86.8	100.0	5.3	8.3	4.8	45.8	67.3	1
33.1	82.7	74.6	6.3	8.4	2.8	55.3	88.7	2
12.9	84.4	69.5	4.5	6.1	0.5	38.8	68.6	1
25.0	79.5	88.6	5.5	8.9	3.8	47.6	90.4	2
22.9	88.1	85.3	9.5	6.3	4.5	62.7	77.5	3
25.0	82.8	90.4	1.6	8.2	1.9	61.4	79.6	2
35.9	86.8	100.0	6.5	8.2	1.8	68.9	100.0	0
21.5	95.0	82.5	4.0	7.1	2.8	47.1	68.5	1
29.9	77.9	62.1	9.3	7.1	0.0	56.9	84.8	2
25.3	91.0	81.0	5.5	7.4	3.6	60.1	100.0	0
43.4	100.0	99.0	5.5	6.5	1.5	75.3	100.0	0
13.5	82.8	77.0	6.9	6.4	5.3	48.5	53.7	1
35.3	92.0	73.9	12.9	6.5	4.0	58.3	79.3	3
30.3	85.2	59.4	0.7	8.5	2.4	67.2	100.0	0
21.2	71.1	88.2	3.0	5.1	3.5	49.5	64.1	1
38.0	79.8	100.0	9.3	6.4	4.9	54.9	96.6	0
10.2	93.8	76.7	2.2	6.6	2.7	40.1	74.8	1
20.8	80.7	86.8	6.0	6.7	3.1	57.8	75.3	3
15.3	62.8	71.8	4.8	7.4	1.7	51.3	62.0	1
28.3	84.7	60.8	4.4	5.4	2.3	38.8	86.9	2
16.1	74.1	86.5	5.6	8.2	3.6	47.5	78.7	1
28.5	86.3	80.4	5.2	8.1	2.2	49.6	93.2	2
23.5	100.0	44.2	8.6	7.8	1.7	60.6	100.0	0
21.2	92.7	100.0	9.3	6.8	4.2	59.2	65.0	3
28.1	100.0	86.2	7.1	6.1	3.2	53.0	94.5	3
25.0	79.4	81.1	5.4	6.6	1.8	54.1	90.3	2
16.3	83.6	73.7	6.6	7.1	5.1	56.0	77.5	1
47.4	74.6	86.1	8.0	7.8	5.7	79.4	100.0	0
21.1	78.2	86.8	8.5	6.9	4.0	46.2	64.1	1
18.3	71.9	96.0	9.8	6.5	3.1	51.4	83.3	3
14.9	98.7	99.4	4.5	7.3	3.4	47.2	73.5	3
31.6	64.1	100.0	8.8	6.7	0.1	57.6	82.0	2
27.6	98.7	67.4	7.8	7.3	4.3	66.5	82.8	3
22.0	90.0	85.4	6.6	7.6	4.2	61.8	78.3	3
22.8	73.9	68.3	6.8	7.6	2.0	48.1	75.6	2
22.0	69.2	70.7	5.6	7.6	3.2	53.6	89.3	2
31.7	91.3	93.5	2.2	6.1	2.8	64.0	100.0	0
29.0	74.6	77.1	5.4	7.4	2.3	69.8	97.2	0
29.0	96.5	86.9	6.0	7.8	0.7	61.1	100.0	0
27.3	82.7	80.3	8.7	8.6	1.6	61.2	88.6	2
27.9	86.1	67.8	5.7	8.6	3.7	67.1	86.7	0
34.5	69.9	65.9	11.4	7.2	0.9	61.7	88.5	2
19.7	80.9	90.0	6.6	7.4	4.1	49.5	73.3	1
18.2	90.1	67.5	8.6	5.0	4.6	58.8	71.5	3
15.5	88.5	53.3	5.5	6.4	3.2	63.0	74.9	3
26.5	79.9	79.5	4.3	5.5	2.3	67.5	94.9	0
10.2	82.3	100.0	6.7	5.9	4.0	37.6	58.9	1
28.7	80.5	38.1	9.2	7.6	4.2	64.4	84.0	2
24.1	82.2	75.7	5.8	7.9	2.2	54.9	88.8	2
34.1	89.2	90.1	7.1	8.0	2.6	73.5	95.5	0
25.0	65.3	52.6	6.6	7.3	1.3	63.3	67.3	2
23.4	84.3	76.8	5.8	7.6	2.9	37.4	84.7	1
34.0	88.5	62.9	5.9	5.1	0.0	63.9	100.0	0
36.1	79.3	64.9	3.5	5.5	2.1	60.5	94.3	0
19.6	80.2	74.0	6.0	6.7	1.2	46.4	88.9	2
26.5	80.5	63.2	7.6	7.7	2.4	50.0	78.0	2
27.4	80.2	61.9	6.7	6.5	1.3	54.2	90.9	2
28.0	85.1	79.1	6.0	5.4	0.0	56.6	76.3	3
22.9	86.3	100.0	7.8	6.2	1.5	52.5	73.5	3
9.9	91.5	95.2	6.0	4.9	4.1	47.1	77.3	3
21.6	82.1	92.0	7.8	9.7	1.5	61.5	81.3	2
28.6	100.0	69.5	6.3	8.5	1.2	57.3	100.0	0
28.7	73.1	84.7	5.4	4.6	0.7	45.1	91.8	2
35.8	76.3	96.5	7.2	4.7	4.2	64.0	91.1	0
34.6	83.0	92.4	5.9	6.0	2.2	71.3	97.8	0
22.7	89.1	82.9	5.3	5.2	2.9	56.6	72.4	3
35.4	65.5	87.8	6.4	9.9	0.2	55.9	87.4	2
19.3	76.7	100.0	6.4	6.0	0.0	43.1	73.4	1
32.4	90.9	92.6	3.2	7.4	1.1	68.3	100.0	0
39.5	75.5	75.3	6.8	6.4	4.9	64.2	100.0	0
34.7	98.7	78.9	10.6	5.6	0.9	62.0	100.0	0
25.8	80.5	64.2	3.6	8.3	1.6	51.9	84.2	2
22.3	76.0	100.0	4.7	7.8	2.5	54.8	84.0	2
12.8	91.1	100.0	13.0	6.9	1.6	49.1	74.1	3
27.5	100.0	81.2	3.9	9.9	3.2	61.0	96.0	0
18.7	97.6	89.5	5.4	6.5	0.8	45.9	84.3	3
15.5	100.0	73.5	6.2	9.3	6.6	46.7	64.7	1
21.3	75.8	93.6	5.7	7.5	1.1	54.5	92.2	2
24.8	94.4	86.0	7.1	9.0	3.7	61.9	90.2	0
27.2	69.8	92.6	2.1	7.0	1.1	66.9	79.6	2
25.0	89.2	59.5	6.5	3.4	0.2	47.3	77.3	3
33.6	84.3	67.8	5.0	5.1	2.4	68.3	100.0	0
23.3	97.4	100.0	1.3	8.3	0.5	44.2	87.1	3
18.7	96.7	100.0	8.8	6.3	1.9	56.2	89.2	3
26.8	90.7	100.0	0.7	7.3	1.3	47.4	91.4	3
40.7	88.0	100.0	11.4	8.4	4.4	59.5	100.0	0
27.7	90.1	88.7	7.5	7.2	0.2	64.9	94.2	0
22.1	85.6	87.6	2.6	6.0	3.5	55.6	79.9	3
23.2	99.4	71.3	4.1	7.1	2.2	46.9	91.3	3
26.9	100.0	50.2	4.2	6.5	1.4	62.9	99.2	0
21.9	83.6	75.2	1.5	5.3	2.8	54.6	75.7	2
11.7	87.4	49.1	3.8	6.6	2.8	52.3	71.1	1
18.2	85.8	96.2	4.1	6.9	3.1	38.5	70.1	1
36.6	68.9	85.8	8.0	5.3	2.1	67.5	98.7	0
36.5	81.6	49.6	8.9	5.9	0.8	60.5	96.4	0
17.9	100.0	77.2	2.9	6.1	3.8	55.6	81.7	3
30.4	77.5	100.0	6.7	4.8	2.5	58.9	77.3	3
15.6	100.0	78.1	1.4	7.2	1.6	45.3	71.5	1
36.2	96.7	65.0	6.7	7.3	1.0	63.6	100.0	0
27.0	89.0	53.2	11.4	6.3	3.9	52.0	80.4	3
32.6	90.6	53.7	1.6	5.4	4.6	59.1	98.4	0
11.3	75.8	88.0	3.5	7.5	3.4	38.0	75.9	1
30.4	82.3	73.5	7.8	7.7	3.5	63.2	83.2	0
24.9	99.4	74.7	8.1	7.1	4.3	52.2	72.2	3
31.8	78.9	73.6	3.6	7.0	2.0	64.9	100.0	0
32.3	95.6	77.9	9.7	7.7	5.7	88.1	100.0	0
25.5	71.2	61.6	4.0	6.9	0.9	52.9	83.3	2
20.2	73.0	84.7	10.2	5.9	2.1	39.2	69.2	1
25.0	84.9	68.7	9.2	6.5	2.6	58.7	89.5	3
18.0	79.6	95.2	6.9	6.9	5.1	49.5	71.8	1
17.6	98.6	85.6	7.6	8.1	2.1	50.2	85.2	3
13.2	97.5	90.3	7.8	5.6	3.1	41.6	55.7	1
20.9	94.2	100.0	6.0	7.2	0.0	52.3	84.8	3
33.8	79.3	79.1	5.9	5.5	3.1	56.4	85.9	2
26.4	82.1	80.3	3.8	5.9	4.0	51.4	90.6	3
20.8	88.1	76.0	5.8	8.9	2.7	58.2	72.6	2
31.4	91.9	73.3	4.3	7.5	0.9	69.7	100.0	0
18.3	79.9	64.8	4.5	7.2	0.7	49.0	68.9	1
25.8	86.7	81.3	10.1	5.0	1.7	61.1	84.8	3
31.2	97.9	86.2	7.4	4.5	4.9	56.8	88.6	3
12.4	92.5	81.0	8.7	7.0	3.2	35.9	52.8	1
18.2	69.9	93.9	7.5	5.5	4.7	55.4	72.3	1
11.9	82.9	80.4	10.7	7.7	2.1	40.8	58.4	1
34.7	90.7	66.1	6.0	5.5	1.4	65.5	100.0	0
21.0	94.2	56.8	4.2	7.5	1.8	64.1	88.8	3
32.0	82.3	69.5	6.3	6.8	4.3	45.4	90.8	2
33.5	85.7	66.1	6.4	8.1	3.9	65.7	81.8	0
24.3	87.1	73.7	10.9	4.5	2.9	58.0	79.1	3
30.5	78.6	75.8	8.3	7.6	0.0	53.2	90.6	2
16.4	72.8	100.0	4.7	6.3	2.9	35.4	71.4	1
36.0	64.5	75.1	7.2	6.7	2.0	58.8	93.8	2
42.2	97.7	100.0	1.4	7.7	4.6	54.0	100.0	0
29.2	90.0	81.0	6.4	6.7	3.8	47.0	81.3	3
8.3	88.6	100.0	6.2	5.1	2.7	34.4	53.8	1
20.5	97.7	93.4	3.7	8.8	0.0	45.7	77.2	3
29.9	72.4	85.4	5.5	5.3	2.3	64.9	89.2	2
21.6	67.6	100.0	4.3	6.0	1.5	50.2	59.5	1
35.2	88.8	96.8	6.0	7.2	3.1	67.3	100.0	0
29.7	87.9	89.5	7.7	7.2	0.8	62.0	93.4	0
19.3	67.7	100.0	8.6	7.5	2.9	38.1	61.1	1
25.3	88.6	72.5	7.3	7.2	0.0	53.0	79.4	3
17.8	81.0	65.1	4.9	8.4	0.4	48.8	75.5	2
23.5	76.9	69.9	4.3	7.6	1.2	53.2	84.6	2
20.6	81.7	100.0	5.0	5.6	1.7	56.3	80.3	3
34.4	60.6	100.0	5.4	3.9	3.1	66.8	93.0	0
41.9	79.1	72.1	3.8	7.2	0.0	71.1	100.0	0
13.6	78.0	44.7	8.6	8.8	1.5	60.1	72.0	2
9.6	90.6	76.9	5.5	5.5	1.6	49.1	72.4	1
23.0	83.4	64.8	7.9	5.7	3.5	50.8	92.6	3
12.9	91.4	72.6	2.5	7.4	2.2	58.0	86.0	3
25.4	59.5	64.2	4.3	7.6	1.0	43.8	64.3	2
31.0	76.6	55.9	8.1	8.3	0.9	63.7	75.4	2
37.0	90.6	100.0	8.2	9.0	1.7	65.2	100.0	0
26.6	81.9	69.7	3.0	7.3	0.0	50.8	84.3	2
23.5	93.5	100.0	6.0	5.9	4.9	58.2	85.1	3
9.2	67.0	76.7	6.8	5.9	2.5	39.8	58.4	1
25.2	92.3	63.0	4.2	6.3	1.1	43.9	80.7	3
25.6	78.6	87.6	6.9	8.2	0.9	57.4	71.4	2
30.1	77.6	74.1	2.0	6.4	0.7	51.5	77.7	2
19.3	94.9	76.9	3.7	8.2	3.1	54.7	72.0	3
21.5	96.6	82.2	7.5	5.2	0.0	54.7	89.9	3
13.2	95.3	67.8	6.1	7.3	2.2	52.4	88.5	3
6.7	100.0	55.7	6.0	6.1	3.4	28.0	53.8	1
16.1	97.7	79.2	5.6	7.6	1.6	44.3	95.1	3
12.4	77.0	94.5	7.3	6.7	1.0	46.7	50.0	1
27.7	86.4	66.5	7.5	8.0	3.8	80.4	93.3	0
25.0	100.0	100.0	6.3	7.0	2.1	52.2	62.6	3
17.1	96.0	78.7	5.0	8.0	2.7	58.8	92.5	3
0.0	83.1	81.3	4.6	6.9	1.6	33.0	42.1	1
37.1	93.8	80.8	3.4	7.1	0.7	70.1	100.0	0
17.0	72.7	69.8	5.0	7.9	1.7	49.0	73.2	2
21.7	87.5	65.1	4.5	6.9	3.0	62.4	71.5	2
13.4	75.6	65.2	10.0	5.1	1.4	51.3	87.0	3
32.8	68.1	85.5	3.4	6.3	3.2	56.2	89.1	2
26.1	92.8	91.4	8.6	4.7	2.1	47.3	82.2	3
18.4	94.1	92.1	5.3	6.7	1.6	44.9	67.0	1
21.9	89.6	74.3	5.5	7.6	1.4	57.1	85.0	3
38.4	83.2	96.4	7.0	7.1	2.8	65.9	90.1	0
24.4	72.3	84.6	2.5	8.7	4.2	54.4	80.2	2
23.5	73.4	81.1	4.0	8.5	2.7	55.6	90.5	2
17.5	75.3	29.9	2.9	7.3	1.1	43.3	78.1	2
9.8	82.7	67.7	5.0	4.1	4.1	44.0	57.5	1
23.7	95.8	57.2	3.7	7.8	1.2	57.1	85.1	2
27.6	95.6	89.4	9.3	6.1	5.1	49.3	91.6	3
7.0	78.1	63.9	6.0	7.4	1.2	44.9	71.0	1
16.0	77.8	84.6	5.2	7.8	3.3	53.9	84.5	2
20.4	59.7	58.6	8.0	7.6	2.0	43.2	59.5	1
25.0	90.7	64.3	10.1	9.9	3.2	61.1	94.2	0
23.8	82.5	69.3	5.4	7.6	2.6	50.7	69.4	1
24.0	83.9	88.1	4.7	5.5	0.4	49.0	77.4	3
28.3	98.5	100.0	6.0	8.3	2.4	75.3	90.6	0
25.0	85.9	71.2	7.0	6.5	3.3	48.1	64.4	1
32.5	80.7	99.8	3.2	8.6	2.7	50.4	91.2	2
28.5	90.7	80.7	5.4	8.9	4.4	56.7	84.3	0
22.4	95.6	83.5	5.9	7.7	3.0	54.2	86.4	3
25.0	88.0	79.0	6.1	5.5	2.1	73.4	97.0	0
37.5	91.9	77.0	5.6	6.4	2.8	64.2	100.0	0
32.5	83.5	86.6	3.7	8.6	1.8	64.7	92.7	0
0.9	84.2	91.1	6.8	9.4	3.0	46.2	51.4	1
25.0	86.1	66.7	5.9	7.1	3.0	61.8	90.6	2
31.4	77.5	77.2	5.9	6.7	0.6	62.3	100.0	0
41.1	79.3	100.0	3.3	5.6	3.7	67.2	100.0	0
34.9	98.8	82.7	7.6	5.6	5.9	67.7	100.0	0
37.6	100.0	84.3	3.6	7.3	3.3	69.0	97.8	0
32.0	100.0	97.5	10.0	7.8	0.0	65.1	100.0	0
35.8	71.8	72.5	3.1	5.2	1.9	60.5	94.9	2
26.7	73.1	92.3	1.2	8.6	2.1	54.0	93.3	2
22.5	56.9	44.5	4.6	9.0	1.4	55.0	77.1	2
28.1	79.1	68.9	0.4	7.4	5.3	58.0	70.5	2
25.6	99.1	65.0	7.8	7.4	0.0	56.5	99.1	3
15.0	94.8	78.1	5.9	7.4	2.1	57.8	81.1	3
12.0	79.9	66.2	9.5	8.6	3.1	39.8	72.0	1
19.1	80.7	90.0	5.6	7.6	0.7	41.8	66.9	1
31.5	90.7	82.6	6.6	6.4	0.9	52.0	86.6	3
37.6	94.4	93.3	5.3	7.5	3.6	77.1	100.0	0
32.3	79.7	94.3	3.8	7.5	5.4	70.5	100.0	0
33.5	82.7	90.2	5.0	6.7	5.6	63.7	84.0	0
24.4	79.3	75.0	3.0	8.2	2.0	51.0	80.5	2
11.1	71.7	81.6	7.0	7.1	4.5	39.9	66.5	1
25.0	82.8	73.1	5.2	7.8	2.4	68.8	86.5	2
22.9	82.0	59.5	5.7	7.6	3.9	53.8	75.8	2
21.0	72.4	94.3	13.1	6.1	2.2	54.2	70.5	1
25.4	91.5	78.7	5.0	5.8	0.8	54.5	87.5	3
28.5	89.8	57.5	6.8	6.1	4.9	60.6	99.3	0
31.8	92.0	88.1	5.9	6.9	5.3	65.5	89.2	0
22.8	77.3	76.6	8.9	8.9	1.9	67.2	67.5	2
9.8	65.2	49.1	6.6	6.9	3.9	41.5	52.5	1
21.1	89.7	59.4	5.3	7.4	2.3	58.2	86.3	2
25.3	78.4	69.5	11.7	8.0	5.8	53.1	86.3	3
34.8	76.1	83.2	3.9	6.6	0.3	63.9	88.5	2
20.5	72.4	91.8	5.5	6.5	2.2	53.8	77.2	2
29.1	82.2	91.3	6.0	8.3	0.3	57.6	84.5	2
27.3	100.0	89.0	4.0	7.7	0.1	62.3	100.0	0
25.4	79.9	79.5	7.9	6.3	2.3	50.7	80.4	3
32.4	74.1	100.0	4.8	6.5	1.8	64.2	99.8	0
25.0	86.7	83.3	8.4	7.4	3.8	49.2	81.0	3
24.9	63.8	88.5	5.8	8.5	4.4	52.4	72.6	2
19.9	91.6	74.0	6.0	7.6	3.3	63.5	78.1	3
29.1	100.0	79.1	5.0	5.8	0.0	61.0	94.1	3
19.3	59.0	48.8	6.0	6.1	3.0	51.5	73.6	2
26.8	72.6	74.2	8.2	7.4	3.0	59.2	100.0	2
24.2	56.5	100.0	6.8	7.2	1.2	56.0	85.7	2
26.7	84.2	82.2	7.3	6.0	3.0	49.4	95.7	3
21.3	94.9	81.6	6.9	8.3	1.7	47.5	79.6	3
22.3	86.1	95.0	8.1	4.3	1.3	49.0	75.3	3
25.8	98.9	85.4	5.5	7.4	0.7	63.7	75.7	3
26.6	93.3	68.2	6.4	5.1	3.8	60.9	85.7	3
25.0	100.0	80.4	6.1	8.1	4.4	60.3	79.2	3
38.6	96.6	63.0	4.9	6.7	2.3	67.6	100.0	0
17.1	81.0	82.8	8.5	7.9	4.0	40.0	66.3	1
24.5	85.7	67.4	8.5	6.5	4.8	51.7	71.3	3
12.4	76.3	93.9	9.0	8.6	2.7	47.3	69.0	1
28.0	82.7	72.3	4.1	4.8	2.4	57.1	90.2	3
16.1	85.6	67.6	6.9	8.1	3.2	51.2	63.8	1
22.8	84.2	78.3	8.7	6.3	1.2	43.0	89.2	3
22.0	98.4	85.5	9.8	7.5	3.3	56.2	79.2	3
27.2	81.7	61.9	2.2	7.5	2.7	42.0	85.3	2
20.6	75.7	72.2	6.0	5.3	0.5	42.0	71.0	1
20.2	76.3	81.6	5.5	8.2	0.6	44.3	85.9	2
36.5	91.6	100.0	10.0	7.5	1.0	52.3	100.0	0
27.3	71.0	42.1	0.5	7.1	3.3	50.1	71.6	2
20.5	83.0	89.2	3.4	7.5	2.0	54.9	93.4	2
25.0	98.3	74.2	9.6	7.2	2.5	65.7	80.2	3
38.2	87.9	72.6	4.8	8.0	4.5	62.8	93.6	0
23.1	84.3	69.8	2.7	6.4	3.2	50.1	92.8	2
19.5	84.6	74.5	9.8	8.0	1.5	51.4	76.7	1
19.5	74.7	89.3	2.4	7.7	1.0	48.8	75.6	2
20.6	76.4	71.9	8.6	6.8	3.0	44.3	75.8	1
20.2	83.0	100.0	2.1	9.2	1.0	56.7	70.9	2
14.8	87.7	89.4	6.0	7.5	4.4	47.0	85.1	3
16.0	94.5	83.0	6.5	7.2	2.9	46.2	91.1	3
18.4	85.9	77.5	3.9	7.7	2.7	47.4	59.2	1
29.7	98.5	97.8	6.7	6.9	1.1	79.7	100.0	0
22.0	100.0	100.0	10.5	8.4	3.4	62.3	93.5	3
23.3	93.0	62.6	5.6	7.0	4.2	53.9	83.0	3
35.2	97.2	69.5	10.1	8.0	2.3	47.7	91.9	3
35.4	75.1	89.5	6.8	5.7	3.9	50.0	94.8	0
22.7	73.5	94.1	8.4	4.8	1.9	53.7	83.3	3
20.0	90.2	75.5	0.1	7.5	2.4	51.3	92.3	2
18.1	71.6	68.9	7.6	6.5	5.6	40.7	52.1	1
30.5	82.1	81.2	6.0	6.8	1.9	59.2	83.3	2
23.4	92.7	100.0	5.1	4.2	3.3	50.8	76.8	3
21.9	99.1	80.6	10.7	9.0	1.9	51.5	100.0	3
18.5	82.5	61.0	4.8	7.1	2.9	49.9	86.3	2
18.8	78.5	81.6	2.0	8.6	3.5	43.3	72.7	1
27.6	88.2	91.7	6.0	5.3	1.1	48.5	85.2	3
14.5	74.3	78.5	6.0	7.1	1.4	36.8	66.0	1
33.0	83.3	98.9	6.2	7.5	3.4	59.2	100.0	0
20.7	84.9	93.0	9.3	7.2	2.7	41.4	72.0	1
23.8	84.7	79.1	7.2	7.3	4.3	72.0	91.3	0
14.3	85.9	80.6	5.4	5.3	2.9	55.6	70.2	1
24.9	76.7	52.4	5.1	7.4	5.3	60.6	71.9	2
22.4	77.7	98.2	9.2	6.0	3.5	46.8	61.3	1
24.6	77.5	75.1	3.0	6.3	5.3	48.7	72.7	1
36.8	68.8	74.0	7.9	7.0	5.0	52.3	87.5	2
26.4	88.4	71.8	11.5	6.6	1.5	71.9	97.4	0
18.6	93.9	86.9	7.4	6.6	4.7	63.1	84.7	3
19.3	93.0	63.1	5.4	8.3	3.9	58.5	70.2	1
29.8	82.4	65.2	5.6	6.8	3.8	58.8	89.9	2
35.4	76.9	79.2	4.8	6.5	4.3	60.2	90.4	0
27.3	92.4	70.6	4.4	6.9	2.0	63.1	90.3	0
30.5	91.4	85.0	6.3	5.7	3.0	73.6	100.0	0
29.9	87.2	71.2	7.7	7.2	1.9	65.3	100.0	0
36.4	100.0	100.0	10.0	7.9	6.0	58.9	98.1	0
9.4	84.7	90.4	1.1	7.4	1.4	39.0	74.4	1
30.3	82.4	90.2	0.0	7.0	0.6	63.6	83.0	2
32.9	81.0	70.9	10.1	7.7	1.3	55.3	85.2	2
14.3	69.4	100.0	6.1	6.3	2.4	42.6	62.1	1
17.9	91.6	73.4	6.3	7.0	2.4	63.5	72.5	3
18.2	83.9	69.3	7.3	8.7	3.8	48.9	63.0	1
19.2	90.1	90.6	5.5	6.6	2.5	41.1	74.4	1
21.1	100.0	82.9	10.9	7.7	1.8	77.5	83.1	3
26.9	81.1	67.7	7.2	7.8	3.2	65.5	81.5	2
31.9	61.6	100.0	4.9	6.1	4.2	57.7	84.8	2
25.0	89.8	94.6	6.0	7.8	2.8	63.7	100.0	0
18.3	86.7	80.1	5.6	6.3	3.8	35.8	67.8	1
18.2	77.7	100.0	4.1	7.5	2.6	47.4	72.6	1
35.5	89.0	92.2	10.2	6.3	2.1	59.4	89.7	0
30.2	92.9	79.8	6.3	7.3	3.5	62.3	86.5	0
25.7	75.5	100.0	3.1	7.2	2.8	67.8	68.8	2
25.0	82.0	89.9	7.0	7.1	4.0	62.2	82.1	3
24.8	99.8	89.2	9.6	7.3	4.8	73.8	100.0	0
29.2	77.8	74.2	8.7	6.4	2.3	48.1	79.4	2
22.3	85.7	80.7	4.1	5.6	3.5	43.0	77.6	1
27.2	58.8	73.8	3.2	7.1	4.1	63.5	83.4	2
12.9	70.2	100.0	9.6	8.3	3.1	46.0	68.6	1
19.5	86.6	55.9	1.9	7.7	3.3	56.1	92.2	2
19.6	97.3	100.0	6.9	7.5	2.7	54.1	86.4	3
22.0	71.4	66.8	4.6	6.4	2.9	53.7	74.3	2
17.6	85.7	79.1	9.3	7.2	3.3	56.2	82.9	3
20.7	81.2	75.6	3.4	6.0	1.6	54.6	81.0	2
12.9	94.5	72.2	4.0	6.5	0.0	44.6	52.4	1
29.4	72.8	90.3	6.0	7.4	2.4	75.4	84.0	0
24.3	89.3	79.9	8.0	4.8	2.2	57.4	84.0	3
11.4	78.5	70.0	9.4	9.1	4.9	43.8	57.4	1
18.3	87.2	82.3	7.2	5.4	2.9	49.2	74.1	3
20.7	82.5	71.9	8.6	6.0	1.9	51.0	84.0	3
24.4	85.4	73.2	3.8	6.5	1.2	54.2	93.5	2
27.7	83.7	87.4	2.8	6.5	0.6	50.2	85.7	2
13.5	81.4	80.6	0.0	6.3	3.6	49.4	69.6	1
29.4	85.8	100.0	8.1	6.6	3.0	59.7	82.8	3
18.6	87.2	100.0	9.6	7.1	4.7	47.1	64.4	1
24.9	75.1	73.0	7.4	5.9	3.3	62.0	84.7	2
24.7	81.5	67.5	7.0	8.0	2.9	55.2	82.9	2
20.8	74.4	96.9	6.2	8.7	0.0	48.9	61.6	1
16.8	84.6	85.0	6.0	4.7	5.4	47.6	78.8	3
22.7	79.1	97.0	10.2	9.2	2.6	51.0	78.7	1
38.0	92.7	86.0	9.9	7.9	0.0	71.2	100.0	0
14.1	91.7	77.1	4.5	7.3	2.8	43.5	62.6	1
25.0	75.8	77.2	8.8	6.3	1.3	65.8	100.0	0
22.9	85.0	86.5	9.1	7.2	1.2	51.2	75.2	3
25.3	91.4	76.8	7.6	8.1	2.9	52.8	87.4	3
16.3	83.2	98.3	7.0	10.0	1.6	53.3	72.4	1
21.0	74.1	98.2	2.3	5.2	2.3	55.7	66.5	1
16.6	93.5	51.9	2.1	6.8	3.1	53.8	87.4	3
23.3	94.0	82.2	6.0	7.1	3.3	66.6	81.4	3
21.7	82.9	75.0	3.2	8.6	2.9	40.6	67.3	1
39.8	92.7	57.3	2.5	6.9	2.8	76.4	100.0	0
15.7	55.3	49.1	0.8	6.1	2.7	42.8	59.3	1
25.0	83.4	80.7	6.9	6.5	3.8	52.8	96.8	3
16.4	86.4	71.0	7.1	8.2	1.5	54.1	87.1	2
30.5	81.8	64.4	8.1	9.9	0.8	59.5	87.2	2
21.8	99.0	100.0	5.0	8.1	1.3	66.3	99.0	0
5.1	74.4	61.5	6.3	8.1	3.1	37.4	39.1	1
30.3	99.7	90.2	8.1	8.5	0.8	62.4	83.9	0
16.1	89.0	66.7	7.2	7.5	1.5	49.0	73.9	1
16.6	91.2	63.2	6.0	6.5	0.5	43.5	72.2	1
30.5	81.7	70.9	6.7	6.6	3.9	59.9	96.0	0
22.2	71.9	89.3	1.0	8.3	3.5	50.8	79.6	2
32.3	94.3	59.4	6.0	7.3	3.8	64.1	100.0	0
34.7	88.1	84.3	4.5	5.8	1.8	64.7	100.0	0
19.8	98.6	65.6	9.8	8.6	0.0	54.7	99.0	3
31.3	83.1	68.3	3.6	6.1	1.2	61.7	100.0	0
19.0	80.8	86.0	6.3	5.6	0.5	59.6	78.6	3
42.9	98.9	100.0	4.9	5.9	0.5	64.6	100.0	0
19.5	100.0	66.3	4.6	7.4	4.2	49.2	79.7	3
33.2	85.1	90.8	6.9	8.2	2.1	73.3	96.1	0
31.8	77.5	75.3	5.0	7.3	2.9	70.0	100.0	0
27.5	93.1	72.9	10.6	6.3	4.2	61.6	99.9	0
19.6	82.5	96.1	1.1	6.0	1.0	67.3	77.9	2
23.8	91.0	67.3	6.0	7.9	3.4	60.2	85.2	3
7.8	82.4	62.7	5.8	6.9	0.3	57.2	51.9	1
26.8	100.0	86.9	5.9	7.4	2.9	71.0	96.3	0
27.8	78.0	100.0	6.8	6.8	4.1	69.8	91.0	0
26.1	89.8	91.2	8.5	7.4	0.8	49.4	76.3	3
1.2	80.1	58.9	6.7	7.5	3.7	42.9	47.2	1
14.9	82.2	70.8	8.5	9.9	2.8	47.9	60.1	1
19.0	80.9	94.7	6.1	7.5	1.8	41.4	58.6	1
27.3	94.2	83.4	5.8	7.2	2.9	68.6	82.3	0
23.6	90.6	71.3	8.9	5.9	3.2	55.2	85.2	3
30.1	83.9	100.0	5.0	5.8	2.0	55.5	97.7	3
29.9	94.0	70.9	7.5	7.4	3.6	47.9	80.6	3
28.8	94.3	68.4	6.8	8.3	4.3	50.6	99.2	0
28.0	58.1	62.1	4.1	5.1	3.9	52.5	79.4	2
39.6	82.8	100.0	5.5	7.4	1.5	65.8	100.0	0
28.9	91.7	70.2	6.0	6.0	0.4	56.3	96.6	3
17.3	84.3	100.0	7.6	5.3	3.1	44.4	63.7	1
27.0	92.2	88.0	6.0	5.7	1.9	77.4	81.3	0
31.0	74.2	87.1	7.7	6.6	4.0	51.3	90.8	2
33.7	94.0	72.3	10.2	9.1	1.1	60.1	92.6	0
28.1	70.3	79.4	10.2	5.7	2.6	60.5	86.8	2
6.3	100.0	50.5	3.9	5.8	2.8	45.5	53.4	1
27.4	96.9	72.7	2.9	5.3	3.5	54.5	92.8	3
21.8	85.0	80.1	6.0	7.7	2.4	55.5	70.2	1
29.3	76.7	99.6	6.6	7.1	0.0	66.8	100.0	0
32.6	83.2	70.8	7.4	5.8	7.7	63.4	100.0	0
26.6	85.8	92.2	6.0	6.0	2.6	59.0	90.1	3
38.3	89.4	49.1	5.7	6.9	6.8	68.3	100.0	0
23.6	100.0	97.5	5.1	6.9	2.3	52.1	90.8	3
30.0	80.2	66.5	6.8	5.8	0.9	62.9	94.2	0
31.4	90.6	82.0	2.9	7.2	2.0	70.0	90.4	0
31.2	80.9	83.2	2.9	7.1	3.4	63.8	96.7	0
20.2	88.8	78.4	4.7	6.8	3.0	53.6	83.9	3
21.6	91.9	61.4	5.8	7.5	2.4	69.1	96.3	0
14.5	77.5	66.7	7.3	8.5	2.7	48.4	75.5	1
25.0	80.6	94.9	6.0	6.6	2.3	53.7	94.5	3
27.6	99.6	71.0	7.9	7.0	4.3	55.5	94.8	3
34.4	96.6	78.5	2.3	4.6	3.9	59.3	92.5	0
31.3	87.1	57.6	9.2	9.4	1.1	57.8	96.7	0
22.7	62.6	92.9	4.4	4.8	0.3	65.9	79.9	2
15.6	100.0	60.2	4.6	6.9	0.7	46.0	68.3	1
28.5	84.8	93.7	6.7	3.9	2.0	70.5	100.0	0
33.9	81.9	64.1	5.2	6.0	2.8	61.2	94.2	0
31.0	79.8	95.2	6.9	9.1	2.4	68.1	96.4	0
33.7	88.8	80.2	7.4	8.4	3.4	55.5	89.0	0
23.3	88.9	71.6	4.1	8.2	2.5	55.7	83.4	2
21.3	94.5	100.0	5.5	6.8	4.9	43.0	84.9	3
19.1	75.7	79.0	5.6	9.0	3.3	50.9	89.5	2
24.6	81.9	74.6	8.4	7.3	2.5	61.6	73.8	2
24.4	100.0	93.6	4.8	7.8	0.2	65.5	93.1	0
24.0	83.3	42.1	3.4	8.3	3.2	52.8	78.0	2
23.9	75.6	97.4	3.7	6.9	1.4	54.9	81.5	2
32.5	95.3	93.0	4.2	8.7	4.1	59.4	100.0	0
25.6	93.7	80.7	10.0	7.7	1.0	55.2	86.2	3
23.6	82.4	62.5	7.7	7.9	2.7	56.8	95.1	2
25.0	88.6	89.1	9.2	8.5	2.5	63.3	84.0	3
35.5	95.7	63.8	1.1	5.9	1.1	63.6	100.0	0
29.4	77.2	64.2	6.8	7.8	2.3	52.5	86.9	2
12.0	59.5	54.0	10.6	7.6	1.0	37.4	57.3	1
31.1	88.0	86.0	4.8	6.5	2.6	50.4	84.4	3
32.4	93.0	66.0	6.3	6.2	3.3	68.7	94.3	0
26.0	74.1	79.5	2.1	9.0	3.8	45.2	86.8	2
37.8	84.9	77.3	6.1	5.8	4.7	49.1	100.0	0
26.7	82.4	65.9	5.7	5.3	2.1	62.9	82.0	2
13.7	86.0	57.2	0.8	6.3	2.1	53.3	70.5	1
27.9	79.6	100.0	3.4	4.9	4.4	49.8	86.2	3
27.0	97.9	79.3	3.2	6.0	3.4	62.2	99.4	0
20.2	86.5	100.0	6.0	5.7	4.4	43.2	75.6	3
29.6	76.2	97.5	4.2	7.1	5.4	57.9	96.2	0
11.7	94.2	75.2	7.3	8.7	1.2	50.6	70.3	1
32.9	72.4	82.7	4.4	6.3	3.7	65.7	100.0	0
18.0	97.8	82.3	8.9	8.0	1.6	56.1	100.0	3
17.1	94.9	100.0	5.1	7.9	4.8	37.9	71.6	1
24.1	98.9	92.4	6.8	4.3	0.7	60.2	93.0	3
28.5	83.4	67.9	7.2	6.3	3.9	75.2	87.7	0
26.3	80.0	85.3	9.8	6.5	1.7	59.7	85.0	3
21.0	84.2	62.4	7.1	7.7	4.4	48.0	81.8	1
23.2	79.5	100.0	10.3	5.9	0.3	36.8	80.0	3
33.6	81.3	67.1	3.4	6.2	2.1	63.2	93.0	0
25.0	73.3	69.2	7.0	5.2	1.9	52.1	87.8	2
31.9	91.8	97.4	9.9	7.1	0.6	60.4	99.9	0
36.6	84.5	74.7	3.0	6.6	0.0	64.2	100.0	0
20.3	81.9	65.3	7.5	7.6	4.3	47.1	70.8	1
23.5	73.9	93.2	3.5	7.8	4.7	60.1	80.0	2
42.4	73.4	88.7	11.8	6.6	1.6	69.2	100.0	0
36.6	100.0	81.4	1.3	7.3	2.1	63.4	100.0	0
11.6	78.7	96.9	2.2	6.7	3.7	48.9	54.0	1
25.0	91.1	97.9	3.2	5.7	3.7	62.4	86.4	3
25.0	86.6	78.8	3.3	6.0	5.2	49.6	91.4	3
31.6	57.2	100.0	7.3	4.3	3.4	56.0	84.8	2
19.0	100.0	100.0	10.5	6.5	1.0	53.0	91.6	3
18.3	91.8	50.2	8.9	6.3	3.7	48.1	82.4	3
19.6	77.3	64.5	6.6	5.7	1.5	41.1	78.2	1
20.4	84.7	46.2	6.0	8.0	2.4	48.4	79.9	2
31.5	73.5	75.1	4.5	7.6	4.2	69.2	87.9	0
15.6	100.0	61.8	7.0	7.7	1.1	46.8	76.1	3
20.0	75.9	67.8	5.5	7.8	2.4	58.1	67.4	2
10.7	79.8	96.4	6.5	7.0	0.7	44.7	62.1	1
33.1	77.7	53.7	4.1	7.0	1.0	62.7	90.1	2
35.2	85.8	81.9	6.0	8.0	1.7	55.1	81.1	2
22.4	98.7	81.9	6.1	7.8	4.9	65.3	92.3	3
22.6	100.0	78.8	6.0	8.2	2.6	72.4	95.7	0
28.6	81.0	82.0	4.5	6.9	6.5	53.4	95.3	0
36.8	88.8	46.5	4.1	5.8	3.9	75.7	96.4	0
28.3	85.8	67.9	7.4	7.3	4.0	49.6	94.1	3
19.4	75.2	100.0	7.1	6.3	0.9	50.4	55.3	1
12.0	100.0	62.0	10.7	7.8	2.3	40.2	67.5	1
16.1	98.6	100.0	9.5	7.3	0.8	54.7	94.7	3
25.6	86.9	58.9	3.0	7.1	2.0	55.7	85.6	2
19.8	100.0	57.1	5.5	6.5	1.8	54.4	77.1	3
26.6	97.1	65.7	6.0	8.2	2.4	69.3	94.7	0
20.6	85.8	96.9	1.4	8.1	3.7	62.6	89.1	2
16.5	88.3	71.8	11.5	6.3	2.1	49.3	71.5	1
15.6	100.0	85.2	9.7	5.5	3.8	60.0	83.1	3
37.5	75.5	81.1	4.4	7.2	0.3	73.1	100.0	0
32.1	100.0	79.2	9.1	8.4	3.2	72.4	100.0	0
38.8	82.7	99.1	9.5	5.5	1.8	67.7	100.0	0
29.3	100.0	91.6	1.2	7.6	2.9	64.5	100.0	0
21.6	84.9	62.9	8.1	6.0	3.8	51.8	79.5	3
35.6	88.4	75.9	4.8	5.8	0.3	82.5	100.0	0
24.7	84.7	100.0	7.0	8.1	4.7	59.2	75.4	3
26.8	79.7	84.8	13.5	7.8	2.2	56.4	92.8	3
24.7	82.3	57.4	10.0	6.8	5.3	59.6	95.0	3
1.4	98.8	58.4	5.7	7.9	2.6	42.9	63.1	1
37.8	61.9	93.4	9.6	7.8	4.5	78.1	89.0	0
28.9	72.6	90.5	1.2	5.2	2.6	57.4	82.6	2
27.6	77.7	66.2	7.3	7.1	2.9	63.1	88.5	2
24.5	74.2	91.2	7.3	8.7	2.7	53.6	73.0	2
26.3	100.0	100.0	7.8	7.6	2.2	47.1	100.0	3
20.2	97.6	100.0	6.0	3.9	2.1	54.8	86.1	3
29.9	90.9	100.0	7.0	5.7	2.8	67.5	100.0	0
14.5	78.6	88.3	8.1	8.2	3.3	48.7	75.7	1
26.5	98.4	77.3	0.2	6.3	2.9	50.9	89.1	3
29.5	69.1	74.0	5.2	8.3	3.3	69.4	80.3	2
23.4	100.0	79.7	3.7	9.5	0.2	48.6	91.4	3
28.0	78.2	66.9	7.7	6.7	3.9	51.9	99.9	2
17.1	82.4	74.6	9.4	6.3	1.4	41.7	66.7	1
17.3	80.7	99.1	4.5	5.8	0.0	42.3	65.6	1
26.9	74.3	55.9	3.3	7.9	5.3	56.6	89.7	2
30.4	100.0	56.9	6.3	6.3	4.6	67.4	100.0	0
10.0	92.9	92.5	3.1	6.5	2.5	42.0	74.1	1
29.2	97.2	74.7	5.4	5.7	4.1	65.7	95.2	0
20.7	72.8	51.1	5.2	6.5	2.0	57.2	75.7	2
23.5	86.8	79.1	7.5	6.2	1.8	53.1	61.5	1
14.3	90.2	76.9	6.8	4.6	1.6	37.9	67.9	1
18.2	87.7	73.5	6.4	6.0	1.5	63.2	76.6	3
32.7	73.4	90.3	10.1	7.9	2.1	55.5	71.9	2
25.3	95.8	60.0	6.7	8.6	1.4	41.7	97.9	3
21.9	86.2	80.2	5.0	6.9	0.0	51.5	82.5	2
28.9	66.4	80.6	4.1	7.3	1.0	62.2	89.3	2
28.5	91.1	54.0	3.5	9.4	2.9	51.5	100.0	2
24.4	100.0	72.2	2.5	5.8	2.1	44.4	93.6	3
33.7	74.8	80.3	8.8	5.5	3.5	63.8	100.0	0
32.8	86.7	88.1	4.2	6.9	2.5	66.5	88.0	0
25.0	96.1	100.0	6.0	7.5	0.6	69.0	93.0	0
25.4	72.3	92.1	5.3	7.0	0.6	62.4	77.5	2
27.5	76.4	99.1	8.9	8.1	1.2	50.2	89.1	2
33.5	94.8	75.4	6.4	6.8	1.4	60.7	100.0	0
32.2	98.3	100.0	3.7	7.7	3.9	62.1	91.3	0
16.9	86.6	96.8	4.6	8.9	2.8	43.8	69.7	1
16.3	76.6	73.3	8.1	5.2	0.0	56.8	82.0	2
19.4	80.6	100.0	7.2	4.9	1.2	59.3	83.0	3
32.8	78.7	86.7	8.3	7.7	2.4	50.9	92.5	2
12.4	75.2	100.0	5.4	4.6	1.0	43.2	56.1	1
28.2	84.0	84.5	2.5	6.5	2.6	74.2	96.3	0
27.9	90.7	71.6	7.3	6.3	1.2	68.3	85.8	0
34.3	89.9	68.5	6.6	7.4	2.3	65.6	93.7	0
26.4	84.9	74.7	6.7	6.2	1.6	65.8	78.6	3
14.3	85.6	71.4	2.5	7.6	2.7	60.9	88.7	2
17.3	84.2	99.1	4.4	5.7	4.7	51.3	87.6	3
15.5	72.0	79.6	3.7	5.5	3.8	37.3	54.4	1
20.7	86.6	55.8	7.0	7.0	0.9	60.0	76.3	2
23.5	79.2	83.2	7.1	7.1	6.3	61.4	79.8	3
15.7	71.5	81.9	5.9	7.4	4.3	39.9	73.1	1
36.8	88.7	73.0	8.4	8.8	1.5	67.8	100.0	0
14.4	78.9	84.0	9.7	8.5	1.2	41.7	76.9	1
35.8	87.3	79.3	6.9	7.5	3.0	52.6	100.0	0
34.5	93.5	89.5	7.7	8.0	3.6	66.5	100.0	0
32.2	75.5	88.6	4.6	7.3	5.2	71.4	97.4	0
19.4	85.9	85.5	4.2	8.4	3.3	54.9	89.0	2
27.7	66.9	60.5	8.5	7.4	1.5	57.2	91.6	2
14.8	100.0	100.0	3.8	6.3	1.7	41.1	80.8	3
32.3	71.4	56.7	7.7	6.1	3.4	64.6	95.6	2
24.4	79.9	78.1	10.3	8.4	0.5	51.1	89.4	2
21.7	98.4	63.6	7.6	6.8	4.7	50.2	79.7	3
15.2	82.7	85.9	5.8	9.3	1.7	55.4	68.7	1
5.2	73.0	82.1	2.6	5.7	3.9	30.7	46.0	1
16.7	92.1	77.5	6.4	8.5	4.3	49.7	92.8	3
33.9	91.9	100.0	6.0	6.5	7.1	55.6	86.6	3
21.8	78.7	96.6	5.6	7.5	2.0	50.9	84.8	2
23.6	79.8	75.1	8.6	5.4	2.1	38.3	90.5	3
30.2	80.6	92.1	6.9	4.8	2.0	63.8	95.6	0
39.4	82.9	100.0	6.7	8.8	2.8	69.9	100.0	0
35.6	66.1	96.5	5.2	6.5	1.5	77.9	100.0	0
17.2	83.2	78.0	2.4	8.2	4.3	52.2	69.5	1
9.5	100.0	56.1	4.9	6.2	4.0	40.3	58.1	1
43.9	76.0	84.9	4.9	8.2	2.1	76.8	100.0	0
43.2	79.2	90.0	7.4	6.5	1.4	76.5	100.0	0
26.5	73.2	68.5	6.0	5.5	1.8	65.7	84.3	2
14.8	91.1	80.3	8.7	7.8	1.8	35.1	63.2	1
32.7	97.0	78.8	6.7	8.1	3.2	58.8	99.4	0
24.1	96.8	100.0	4.7	7.8	2.8	50.8	84.3	3
24.1	72.5	100.0	4.0	6.8	3.7	65.4	76.8	2
32.2	90.0	97.6	4.5	4.9	4.7	68.7	86.2	0
27.7	99.3	78.7	6.0	5.7	2.9	69.1	85.3	3
15.5	90.1	97.2	5.1	6.2	3.4	42.0	60.3	1
22.4	89.8	89.7	3.3	6.7	6.2	56.3	73.9	3
30.3	80.3	78.9	8.5	8.4	3.4	47.6	87.1	2
29.1	87.2	100.0	6.4	6.9	1.8	51.6	81.8	3
27.1	97.4	68.9	6.7	4.5	2.4	60.9	86.4	3
32.5	88.3	89.1	3.9	3.9	0.0	64.3	87.9	3
22.1	72.5	92.6	3.4	6.2	3.3	55.4	67.4	2
26.4	80.4	75.7	5.6	6.4	1.7	52.0	73.4	2
0.0	97.1	88.4	0.9	7.4	1.2	42.8	55.2	1
21.4	88.2	94.2	7.9	5.3	1.2	54.3	89.7	3
31.1	86.2	83.7	4.2	5.3	4.2	73.0	100.0	0
21.9	79.5	87.1	5.3	7.5	2.1	50.1	77.7	2
25.0	96.9	81.6	7.1	8.6	3.6	41.7	86.6	3
16.7	100.0	92.0	5.4	4.6	3.1	57.1	74.0	3
33.0	97.6	76.6	3.1	6.1	2.8	66.9	100.0	0
29.4	99.4	75.3	9.8	8.3	1.9	55.3	86.7	3
31.6	81.4	80.3	6.0	8.1	3.2	58.5	95.1	0
11.2	80.0	97.8	0.4	5.9	1.9	46.8	57.9	1
23.7	83.4	53.8	8.2	8.4	2.7	52.5	75.4	2
22.8	85.4	66.4	2.4	7.1	4.2	46.5	77.6	1
22.8	99.3	100.0	9.1	7.8	4.5	55.5	98.6	3
20.1	96.7	84.1	6.9	6.2	1.8	61.2	91.8	3
22.2	90.4	73.9	6.7	7.4	3.1	52.5	75.8	3
31.8	70.7	91.9	4.6	5.6	3.4	61.0	81.2	2
9.7	68.1	68.2	3.9	6.3	2.9	41.1	50.2	1
39.2	87.4	48.5	5.1	6.6	3.6	58.3	100.0	0
28.9	93.8	85.3	3.8	7.2	3.7	59.9	94.5	0
24.7	84.2	69.0	9.0	9.9	5.3	52.8	87.1	2
32.3	100.0	81.5	4.1	10.0	5.7	69.9	97.6	0
19.7	72.9	82.1	8.5	8.8	5.0	57.3	77.1	2
24.0	78.4	54.4	3.8	5.7	3.2	49.3	88.8	2
35.9	78.0	80.4	6.9	7.5	2.2	54.9	100.0	0
25.0	90.3	86.7	3.8	6.2	3.4	45.7	88.6	3
28.6	80.8	59.0	5.6	6.5	2.2	59.8	99.1	2
20.3	69.5	57.2	4.9	10.0	2.4	45.3	70.4	2
28.9	93.9	64.0	4.3	6.5	0.9	52.4	85.1	3
38.4	67.4	91.2	6.4	6.2	2.6	78.6	100.0	0
33.0	74.3	50.0	3.0	5.8	3.9	64.5	92.1	2
24.3	68.8	92.4	8.3	6.1	3.6	56.1	77.2	2
30.4	87.1	85.9	3.3	5.3	3.0	63.0	93.8	0
29.6	86.9	76.1	2.8	7.3	5.1	72.4	94.7	0
29.1	100.0	57.8	5.4	7.2	5.7	60.5	90.8	0
33.9	94.1	68.1	5.1	7.4	3.2	69.2	100.0	0
33.8	99.4	91.7	6.9	7.0	4.9	72.1	100.0	0
24.0	87.9	98.9	6.2	6.3	3.0	70.1	83.0	3
30.1	75.2	64.5	1.9	6.2	2.6	58.9	99.2	2
21.9	86.3	97.1	8.5	7.2	3.9	63.7	93.0	3
25.0	90.9	90.3	5.3	6.9	2.4	38.1	71.9	1
22.8	92.0	79.9	6.6	6.2	0.0	71.8	72.4	3
24.4	80.3	68.9	11.5	6.7	2.1	58.5	66.3	3
11.7	89.9	71.3	9.2	8.8	0.2	52.9	71.8	1
31.9	75.7	100.0	6.5	9.4	1.9	50.6	92.9	2
2.9	74.6	82.7	2.6	6.7	1.7	28.2	60.5	1
46.7	73.8	99.9	2.6	6.1	1.7	66.3	100.0	0
37.0	85.2	83.6	8.9	6.9	0.9	65.7	98.2	0
22.9	73.2	73.2	5.0	8.4	0.7	51.3	67.7	2
25.1	80.8	88.8	5.6	6.9	1.5	52.8	87.3	2
27.4	94.0	100.0	3.1	7.4	1.9	58.2	91.1	3
20.3	74.7	70.3	6.0	6.2	2.1	33.9	63.9	1
26.5	80.0	93.7	8.9	5.6	2.9	60.1	86.5	3
23.8	85.7	82.9	9.8	7.9	3.6	54.5	81.9	3
24.2	87.5	58.3	4.9	7.2	1.0	63.4	95.7	2
26.5	80.0	57.9	7.6	7.8	1.2	53.3	80.6	2
14.5	92.9	73.2	5.8	4.9	5.0	47.0	71.1	1
26.3	96.4	93.2	6.0	7.3	1.3	64.3	91.1	0
26.0	84.2	56.4	3.9	4.8	0.6	65.8	84.1	2
34.1	78.2	78.2	6.2	6.6	2.1	65.5	88.2	0
22.2	88.1	80.0	5.1	7.0	3.5	55.1	76.6	3
26.8	81.2	88.8	6.4	6.4	0.0	55.1	93.6	2
35.4	79.3	100.0	4.2	6.9	1.1	49.0	86.1	2
24.4	80.5	84.6	7.0	6.9	5.2	56.9	80.4	3
26.7	78.2	59.6	5.5	5.0	2.5	49.9	73.8	2
24.2	87.0	77.2	4.0	8.0	2.6	62.8	87.5	2
34.9	70.9	92.8	11.9	7.1	1.7	55.3	93.6	0
22.9	88.0	93.3	3.5	7.5	3.7	51.1	83.8	3
35.3	91.8	90.0	6.9	8.0	0.0	59.1	100.0	0
24.2	79.2	72.3	6.1	7.1	1.9	59.0	83.3	2
25.0	85.2	88.8	5.2	5.2	2.5	64.9	89.7	3
22.6	69.4	61.8	6.0	6.0	1.8	32.3	85.4	2
30.0	82.2	90.4	11.2	7.1	0.1	74.8	100.0	0
3.2	85.6	90.4	5.3	7.2	4.0	32.6	58.1	1
25.0	89.5	73.0	5.5	7.5	3.5	63.0	97.2	0
21.3	82.4	78.3	10.9	8.7	4.0	57.1	85.8	3
16.5	74.9	83.0	3.9	6.9	0.2	53.9	81.2	2
20.6	74.1	70.8	9.2	7.4	1.0	45.4	71.2	1
20.4	78.5	59.3	7.5	7.1	4.3	49.5	92.6	2
24.6	79.4	79.4	1.1	6.7	3.7	58.4	70.8	2
14.1	73.7	81.0	5.1	6.7	4.6	46.6	62.6	1
27.5	77.7	100.0	7.1	6.1	2.1	50.5	97.0	3
35.9	91.6	68.3	6.1	6.9	2.3	70.0	100.0	0
27.2	100.0	96.0	6.1	6.7	3.4	77.6	100.0	0
31.5	92.6	62.8	4.5	6.8	0.5	59.3	92.2	0
34.9	94.7	75.5	5.2	6.9	6.3	67.1	98.9	0
40.0	93.3	65.9	10.9	5.9	2.0	66.2	100.0	0
21.0	81.6	59.6	3.7	6.9	0.1	59.0	83.5	2
19.3	86.4	100.0	4.8	5.7	3.1	58.3	65.5	3
31.3	80.8	73.2	6.1	7.1	1.1	56.4	84.4	2
30.7	82.8	100.0	2.3	6.6	2.3	71.2	88.5	0
31.2	85.7	65.1	7.1	6.2	4.1	61.3	100.0	0
40.1	92.1	54.4	2.8	7.3	3.3	77.0	100.0	0
25.1	89.2	99.4	3.3	7.5	1.8	59.8	85.6	3
28.4	83.4	69.1	3.2	6.9	3.8	59.1	100.0	0
17.2	85.6	82.1	1.9	7.7	0.0	50.6	84.8	2
42.1	89.3	59.7	9.2	6.5	2.8	75.0	100.0	0
22.3	91.7	79.4	7.3	7.5	1.9	47.2	73.3	3
22.5	69.8	59.4	8.3	6.9	0.0	55.2	69.9	2
22.2	74.2	78.9	8.1	5.8	0.7	62.6	83.2	2
19.8	96.1	72.9	5.6	6.0	2.5	58.1	79.2	3
19.2	84.4	83.5	5.9	8.4	3.6	38.9	72.7	1
20.8	80.8	89.4	8.5	8.9	2.5	42.3	75.8	1
14.1	82.4	83.6	10.1	7.9	2.1	48.1	69.2	1
18.7	82.4	86.8	2.9	6.3	3.7	45.5	73.6	1
40.6	90.6	78.4	12.3	8.7	2.9	75.7	100.0	0
30.9	73.9	73.5	2.7	7.7	4.0	55.7	81.1	2
32.4	85.2	87.1	4.8	7.4	3.4	66.2	85.1	0
34.4	87.5	78.3	6.2	9.2	1.4	78.5	100.0	0
39.7	89.0	78.9	6.4	6.0	3.5	68.3	100.0	0
10.8	87.2	86.0	6.0	7.9	3.9	38.6	70.2	1
15.2	90.2	64.5	8.5	6.0	4.6	52.9	63.5	1
18.6	79.3	100.0	6.0	6.3	1.7	52.9	72.0	1
21.2	75.6	76.3	8.6	10.0	2.0	54.1	78.4	2
22.6	100.0	81.9	6.9	7.6	3.8	67.2	100.0	0
21.4	82.0	79.3	4.3	9.2	3.8	44.5	71.7	1
26.8	83.2	89.8	7.2	7.7	1.7	65.0	91.3	0
25.3	91.8	85.1	6.2	7.5	1.5	53.2	91.1	3
19.2	100.0	79.3	3.9	6.2	1.9	64.8	92.6	3
7.6	79.6	100.0	9.2	8.2	2.6	26.7	55.1	1
17.1	75.0	31.9	5.9	7.0	1.2	65.8	91.7	2
20.6	72.6	98.6	3.2	7.1	3.1	49.3	70.0	1
23.0	100.0	93.8	3.6	6.7	0.0	48.2	98.4	3
16.0	74.6	52.5	7.3	6.9	1.3	55.0	77.1	2
21.1	84.7	93.9	8.6	7.0	2.8	57.4	82.7	3
16.0	75.2	95.9	7.2	7.1	1.1	51.6	73.0	1
24.0	70.5	88.4	7.2	6.9	1.9	60.5	88.7	2
16.4	82.1	56.6	4.0	5.1	2.3	49.9	66.2	1
18.2	75.6	90.2	6.2	7.7	5.7	47.8	71.3	1
14.5	78.1	95.1	5.2	6.9	0.5	38.9	62.9	1
23.8	100.0	71.4	5.5	3.0	2.9	57.0	100.0	3
18.1	89.2	86.6	5.7	5.1	1.0	48.1	70.4	3
32.3	94.3	74.7	4.4	6.4	0.9	63.3	100.0	0
28.2	93.2	93.3	7.9	8.5	1.2	61.0	89.5	0
24.4	84.0	75.3	3.5	7.7	2.3	69.0	77.9	2
18.6	80.6	71.3	2.8	6.2	4.7	45.5	64.5	1
28.0	87.5	79.4	4.0	6.8	4.3	58.1	82.3	3
30.5	86.7	59.9	8.2	8.3	1.8	57.6	100.0	0
26.1	79.3	77.9	6.8	6.3	2.1	46.0	69.6	1
37.8	86.3	85.4	1.5	5.7	3.4	88.2	100.0	0
28.7	77.9	93.0	7.5	8.1	2.6	51.2	96.4	2
32.3	83.3	83.7	5.9	8.3	1.5	64.5	100.0	0
26.1	81.6	58.5	5.0	6.3	3.5	69.6	89.1	0
30.4	72.3	100.0	5.4	7.6	4.9	49.4	84.3	2
21.3	75.6	81.7	6.0	6.3	4.5	40.8	68.1	1
27.8	100.0	68.7	2.8	8.4	2.3	54.8	100.0	0
27.7	81.9	72.0	5.1	6.2	0.9	62.3	96.7	0
29.1	92.8	76.9	5.1	7.9	0.0	58.7	100.0	0
33.8	63.8	84.2	7.9	7.1	0.0	70.8	99.8	0
13.6	74.9	75.4	6.1	6.8	2.2	47.4	74.3	1
17.2	71.5	67.1	7.8	6.3	3.3	52.5	85.9	2
26.8	83.0	95.3	3.0	5.8	3.8	52.4	80.6	3
19.2	100.0	83.9	5.7	6.7	2.9	46.6	84.8	3
52.0	89.6	64.2	7.3	6.4	1.4	68.8	100.0	0
29.1	100.0	84.4	9.1	7.1	3.5	54.8	76.6	3
24.4	82.5	82.4	3.2	5.6	0.7	50.4	83.6	2
20.9	98.6	69.2	3.9	6.8	0.8	64.1	89.0	3
21.2	100.0	97.9	7.3	7.5	3.4	58.9	85.2	3
25.2	83.9	82.0	10.0	6.2	0.7	46.9	76.4	3
25.9	79.6	76.8	6.7	7.9	1.4	53.3	84.4	2
21.3	71.8	78.7	3.2	8.0	1.0	51.6	78.7	2
22.8	81.9	86.7	3.3	5.6	2.8	76.4	100.0	0
35.8	85.8	78.9	6.3	6.1	3.4	64.8	100.0	0
36.1	100.0	78.8	6.9	5.4	3.4	70.5	100.0	0
27.0	72.1	96.0	5.4	7.5	1.6	48.6	74.3	2
14.3	85.6	58.7	3.3	7.2	2.2	53.9	64.6	1
29.3	66.9	61.2	8.8	5.1	3.6	67.4	80.3	2
37.4	80.7	91.7	5.1	6.2	1.7	64.1	98.1	0
36.0	88.1	100.0	7.3	7.4	1.1	69.8	100.0	0
30.9	90.1	93.1	1.6	7.1	1.5	66.0	98.7	0
36.4	90.9	100.0	9.0	8.5	1.6	66.4	96.8	0
25.4	89.0	73.5	4.3	5.6	2.5	67.1	72.8	3
30.0	90.8	70.4	9.4	7.0	2.5	55.1	88.2	3
19.6	85.5	86.8	7.5	5.8	2.2	45.9	82.3	3
27.3	74.5	94.3	2.4	7.1	1.3	56.7	81.7	2
35.6	66.5	60.3	6.6	6.8	1.1	58.9	91.8	2
20.3	79.5	76.8	10.1	7.3	3.5	30.3	54.5	1
18.1	83.7	79.6	4.5	6.5	3.0	45.6	73.4	1
25.8	97.5	69.8	10.1	7.9	1.8	43.0	87.5	3
23.2	84.0	71.6	7.0	6.1	2.4	52.6	76.5	3
30.2	83.0	92.6	9.4	5.8	4.3	65.4	100.0	0
21.4	88.9	87.0	6.4	7.3	2.4	54.8	90.9	3
38.7	82.3	92.0	5.7	9.2	2.5	67.4	100.0	0
14.7	93.1	85.1	10.6	5.2	4.8	48.8	64.8	1
35.0	100.0	66.9	7.8	5.6	4.1	67.9	100.0	0
18.9	100.0	86.3	5.4	7.3	1.5	75.3	80.9	3
10.6	86.0	65.7	7.1	8.4	4.1	43.2	68.4	1
26.9	88.4	75.3	4.6	7.4	2.2	58.3	92.6	0
23.0	100.0	64.5	6.3	6.3	0.9	50.7	69.9	3
16.1	83.5	70.8	9.0	7.5	4.5	35.3	67.8	1
25.0	91.8	81.4	5.6	7.6	1.4	49.4	68.0	3
24.9	73.6	73.1	3.8	6.2	1.7	63.2	74.8	2
25.0	81.9	66.8	6.0	8.0	1.9	79.3	99.5	0
29.7	96.6	97.1	6.2	7.0	5.6	60.3	100.0	0
28.8	83.7	72.1	2.4	6.8	1.6	66.2	86.2	2
24.8	69.3	63.8	3.0	6.3	2.0	66.8	81.5	2
13.6	100.0	51.9	8.9	8.6	3.3	40.9	54.8	1
13.6	97.6	76.7	5.6	5.4	2.4	54.9	66.9	3
23.4	86.9	59.3	6.1	6.4	1.5	69.3	100.0	0
23.7	90.1	90.7	3.6	7.3	3.4	54.4	91.2	3
31.8	89.0	80.4	6.0	9.9	4.5	53.5	95.3	0
31.1	98.8	100.0	4.5	9.3	0.1	69.0	100.0	0
22.8	92.3	69.1	1.9	7.4	3.3	64.8	90.3	0
14.0	95.8	51.8	8.7	7.7	0.7	64.8	77.5	3
28.3	97.2	92.1	6.0	5.8	2.3	57.0	91.7	3
29.2	62.4	60.5	6.5	7.0	4.4	68.7	84.9	2
5.9	79.0	73.9	8.3	8.6	3.4	46.0	55.4	1
18.3	74.8	100.0	8.1	7.2	3.3	60.4	89.3	3
19.5	86.5	89.2	4.6	9.3	3.6	47.7	66.9	1
25.9	64.8	85.8	7.5	6.5	3.0	58.9	76.6	2
18.6	64.5	94.2	7.5	6.9	2.0	50.4	54.8	1
24.7	100.0	93.6	6.8	6.9	3.9	52.6	95.1	3
23.3	91.2	100.0	8.7	5.4	1.8	53.5	86.6	3
23.7	86.2	71.0	8.0	8.3	2.3	60.0	99.2	0
19.3	88.6	74.3	6.0	6.6	0.0	44.3	70.4	1
19.9	86.5	66.2	9.4	7.3	1.8	43.9	68.5	1
16.4	95.0	79.5	6.1	6.3	2.6	41.9	63.2	1
29.6	86.9	53.7	8.0	8.5	3.9	62.4	89.6	0
18.8	87.3	70.2	5.6	7.1	1.8	48.4	78.1	1
37.2	74.5	100.0	7.2	5.5	1.9	73.6	98.7	0
37.2	80.5	90.7	0.3	8.3	2.9	68.9	100.0	0
19.9	95.2	78.2	7.5	5.9	4.8	51.4	80.2	3
8.8	86.1	51.7	2.1	6.8	0.0	43.7	71.4	1
28.2	100.0	78.1	4.3	7.1	1.8	66.3	96.0	0
27.0	74.6	95.6	8.1	8.3	2.0	36.7	75.8	1
25.3	74.2	62.2	8.1	6.8	0.0	39.0	58.4	1
19.9	75.9	91.2	8.9	8.2	2.3	50.8	78.3	1
24.7	86.3	54.5	1.0	6.1	2.0	54.8	84.6	2
20.9	100.0	80.3	6.7	5.7	1.8	45.0	87.5	3
22.6	100.0	88.2	5.4	9.2	0.8	72.0	99.1	0
31.7	61.9	75.3	8.5	5.4	2.4	49.4	76.5	2
26.5	87.5	100.0	9.7	6.1	0.8	54.0	85.2	3
29.9	52.9	72.6	2.7	7.9	1.2	64.0	80.1	2
23.1	93.0	71.3	6.0	6.4	2.2	51.2	91.5	3
22.3	96.2	83.1	8.1	6.3	4.0	49.6	94.6	3
15.8	84.6	68.7	6.0	6.8	3.1	52.4	79.2	1
22.0	85.8	58.4	10.4	4.4	3.4	48.8	94.4	3
0.0	85.7	63.5	5.0	8.3	5.4	40.8	54.6	1
20.3	77.2	91.4	5.2	7.2	3.2	55.6	69.0	1
24.3	89.3	75.4	3.3	6.0	0.9	59.5	76.0	3
29.5	82.7	100.0	6.4	4.9	1.7	68.4	86.8	0
22.9	94.3	73.4	0.0	5.4	1.2	53.4	80.8	3
27.8	83.9	90.7	5.4	5.1	2.3	54.6	81.5	3
7.6	76.4	87.7	9.2	7.3	1.9	41.5	57.7	1
24.5	69.6	73.2	2.5	7.3	1.1	32.6	69.2	1
11.6	66.4	66.8	2.0	7.7	3.9	45.2	60.2	1
15.3	98.1	54.0	8.8	7.9	4.0	48.7	94.1	3
23.5	80.4	88.3	9.1	7.8	2.8	57.6	89.2	3
35.2	88.4	98.0	2.6	8.8	1.0	57.9	100.0	0
28.0	100.0	56.2	10.3	8.4	2.7	71.1	100.0	0
24.8	78.7	70.0	8.6	7.3	4.4	61.7	77.5	2
19.3	83.7	88.3	4.0	7.9	0.7	48.2	82.7	2
20.6	85.3	75.1	9.7	6.5	3.5	56.8	80.0	3
28.4	100.0	99.8	5.3	6.7	3.5	49.7	91.1	3
13.9	100.0	74.2	5.2	9.1	3.8	34.0	58.6	1
29.7	91.2	61.5	7.2	6.3	2.8	59.4	89.2	3
21.9	99.5	73.0	5.0	6.2	2.0	56.2	82.5	3
31.6	83.2	74.6	2.2	6.6	6.1	60.5	88.2	0
32.7	88.0	87.9	6.3	6.3	1.2	60.5	100.0	0
11.6	82.0	74.4	5.2	6.4	3.6	43.0	80.5	1
20.3	72.1	86.6	4.1	7.3	2.5	56.1	84.8	2
18.2	97.0	68.1	9.1	7.3	3.0	66.6	85.6	3
10.5	90.3	75.6	12.0	8.1	3.0	65.8	69.4	3
16.7	85.2	68.2	3.7	9.6	0.9	58.5	68.8	2
44.5	85.0	67.3	6.5	6.6	0.5	54.0	100.0	0
29.9	69.9	99.1	5.0	6.9	0.6	65.8	100.0	0
40.3	75.2	69.3	11.7	4.8	1.8	74.3	100.0	0
31.6	88.4	74.8	7.2	5.4	2.9	61.2	95.7	0
19.1	79.7	95.7	8.3	6.8	1.5	58.2	83.1	3
21.9	82.8	91.3	9.0	7.6	0.3	56.6	81.4	3
29.7	84.0	100.0	6.3	7.6	3.9	59.8	88.4	0
20.4	75.3	71.0	9.8	8.5	3.2	47.4	70.4	1
12.9	68.9	100.0	7.9	9.0	1.4	31.2	59.4	1
51.3	83.5	88.7	3.9	6.7	4.3	61.9	100.0	0
23.9	91.2	77.7	4.2	6.0	1.7	63.5	79.3	3
22.4	68.6	80.9	5.0	7.8	0.0	44.4	73.9	2
25.9	84.8	82.7	8.9	8.1	2.4	45.7	83.9	3
23.1	87.8	76.4	9.7	7.2	1.2	43.8	75.9	3
26.0	75.1	59.4	11.4	6.8	3.7	52.2	80.7	2
35.3	99.2	100.0	4.2	6.4	3.0	77.7	88.5	0
23.7	83.4	100.0	5.5	6.2	0.9	66.4	98.7	0
21.3	67.3	69.8	8.3	6.0	1.6	53.5	72.8	2
36.4	95.1	89.8	5.9	7.7	4.5	64.0	100.0	0
34.4	75.4	68.1	9.3	6.0	2.3	65.7	100.0	0
25.9	82.6	84.8	4.7	7.2	3.9	56.9	85.0	2
14.8	91.0	83.0	7.9	7.1	0.3	44.3	73.9	1
15.2	99.6	91.9	4.9	7.0	0.0	47.2	76.6	3
25.1	74.2	98.1	1.4	6.2	1.1	45.7	65.1	1
27.7	80.5	71.3	3.4	9.1	3.5	54.3	88.4	2
22.0	98.8	100.0	6.3	7.5	2.1	63.3	81.0	3
21.2	89.6	100.0	10.8	6.4	3.8	61.1	76.6	3
20.3	91.7	76.3	4.9	7.4	4.4	52.6	83.7	3
24.8	74.5	79.9	5.6	9.2	1.1	53.5	91.1	2
5.9	81.2	72.6	7.2	7.1	3.8	33.9	59.6	1
16.2	83.3	75.4	4.5	8.8	4.6	52.6	77.1	1
20.0	76.4	61.9	4.8	5.6	4.1	41.1	72.8	1
34.7	68.3	91.7	6.2	6.0	0.1	67.5	100.0	0
18.5	79.9	49.2	4.9	4.4	0.0	54.0	89.4	2
26.4	98.5	69.5	6.0	9.4	1.8	57.6	86.5	3
26.8	85.6	79.3	4.4	5.0	1.9	61.2	84.7	3
35.4	98.7	99.5	7.5	7.2	3.8	63.8	100.0	0
24.5	77.4	86.4	9.3	8.2	3.1	56.6	81.1	2
21.2	97.8	78.8	9.1	7.5	0.9	64.3	90.2	3
19.7	87.1	94.2	3.7	8.5	3.0	56.5	75.2	2
23.1	94.6	85.6	4.1	6.2	1.8	64.4	73.6	3
21.5	74.3	92.5	4.2	7.6	3.0	55.2	88.2	2
29.4	95.4	71.7	5.6	6.9	2.0	60.9	90.0	0
28.4	95.7	64.8	4.4	6.8	0.0	64.5	91.3	0
29.7	87.9	85.5	5.6	7.2	3.3	63.1	100.0	0
25.0	76.9	72.7	3.8	8.4	4.3	60.1	70.8	2
39.9	84.5	80.5	8.0	8.9	1.2	57.1	100.0	0
26.0	91.1	84.8	3.6	6.7	3.7	54.2	100.0	3
33.8	87.3	98.6	3.5	5.7	1.6	59.5	89.6	0
22.2	91.0	91.8	7.3	6.0	0.5	59.5	81.4	3
33.5	78.5	62.8	5.4	8.8	2.2	55.8	94.1	2
33.1	73.4	100.0	6.0	5.7	0.5	59.6	100.0	0
25.8	84.6	56.3	8.0	9.0	4.5	54.6	88.2	2
19.7	81.7	73.2	10.7	6.1	0.2	45.1	80.8	3
13.8	92.9	89.7	7.8	7.8	1.7	60.3	100.0	3
24.7	74.3	100.0	10.3	6.1	1.1	53.3	67.6	3
37.3	95.2	77.2	6.2	9.6	4.5	61.3	100.0	0
25.0	98.5	80.4	9.5	6.3	0.2	44.2	93.8	3
31.3	85.0	66.9	9.6	5.7	3.7	61.9	84.8	3
31.8	85.6	81.9	5.6	6.5	2.8	65.5	89.6	0
22.7	77.3	62.7	4.3	10.0	0.6	48.8	81.5	2
35.5	79.6	68.7	4.7	7.3	2.0	64.6	88.2	0
1.7	80.9	91.5	7.0	5.8	2.2	30.3	42.7	1
15.2	99.4	73.5	3.1	6.1	3.4	49.6	77.3	3
17.7	84.3	93.8	4.9	4.9	1.5	59.0	72.4	3
18.4	71.8	77.7	9.0	7.6	3.4	47.8	68.1	1
27.7	87.6	59.5	7.7	5.5	2.6	54.1	80.6	3
27.3	93.3	97.5	0.1	8.3	3.2	69.5	87.4	0
28.2	84.7	60.3	2.7	7.9	1.2	60.3	93.9	2
29.8	99.7	71.0	11.4	6.9	2.1	58.5	94.6	3
17.4	92.8	77.0	8.9	8.5	2.7	45.5	75.3	1
15.3	74.5	95.1	4.5	8.1	2.6	39.0	69.6	1
28.2	79.5	72.1	2.3	7.2	2.4	61.3	90.1	2
20.0	87.3	66.1	2.9	6.1	5.6	58.8	77.3	3
25.0	68.3	82.4	7.3	7.5	3.4	44.6	54.0	1
25.0	88.4	76.8	10.9	7.5	3.6	61.3	99.6	0
25.0	67.4	73.0	10.8	7.6	2.9	66.6	100.0	2
37.5	95.2	83.2	2.1	7.1	3.3	56.7	100.0	0
26.5	94.1	61.9	5.3	7.4	2.8	59.6	78.3	3
30.0	90.0	54.2	6.0	7.4	5.2	61.1	76.7	3
36.0	78.2	100.0	6.3	8.6	2.4	66.8	93.1	0
19.9	86.7	81.6	6.0	5.5	3.7	56.5	67.0	3
27.2	74.7	68.3	3.8	7.1	3.5	70.5	70.5	2
32.3	81.6	93.5	7.3	6.1	2.1	53.3	92.6	3
26.5	92.0	72.0	4.7	7.3	1.4	55.1	79.1	3
35.4	85.4	38.2	5.1	5.7	1.8	70.8	93.0	0
26.8	99.5	71.5	7.3	5.9	3.1	55.3	85.2	3
13.1	92.7	75.8	10.1	9.5	5.2	49.6	65.4	1
36.6	91.6	77.4	11.3	6.7	3.4	62.2	99.5	0
35.0	82.1	70.3	5.8	6.9	2.0	53.9	100.0	0
24.3	74.4	68.9	9.3	8.2	2.3	60.1	84.6	2
34.4	83.2	75.5	8.9	8.4	0.5	69.2	100.0	0
34.1	78.1	55.3	8.2	5.2	1.8	68.1	94.1	0
28.4	81.2	50.6	2.1	6.1	1.7	55.3	95.8	2
29.1	95.6	81.5	9.0	7.3	6.7	63.6	98.0	0
28.4	89.8	81.7	6.9	7.0	3.9	74.7	98.4	0
25.9	69.0	76.2	6.0	5.3	0.1	46.1	64.3	2
16.1	85.6	62.1	6.0	5.7	0.5	43.5	72.1	1
26.4	94.7	50.9	0.0	4.9	4.6	52.2	81.6	3
15.9	100.0	66.6	5.7	6.4	0.5	61.8	76.2	3
15.5	69.5	86.3	4.4	8.4	4.9	50.0	72.9	1
37.8	81.5	100.0	4.1	6.2	2.9	53.8	100.0	0
33.6	95.3	80.8	4.9	8.3	2.1	74.2	100.0	0
25.0	83.1	61.8	2.3	7.0	0.8	60.4	86.4	2
26.5	75.9	66.8	8.6	6.8	4.4	57.6	81.0	2
23.0	69.5	67.3	0.7	5.0	3.3	64.1	90.7	2
29.6	75.5	73.9	6.4	8.4	3.9	56.8	78.9	2
19.6	68.1	96.8	3.9	7.1	2.1	60.1	89.0	2
32.9	85.6	98.0	11.0	5.1	3.5	46.0	86.2	3
23.0	94.0	77.4	6.1	7.5	4.7	50.8	82.0	3
21.6	72.4	82.7	0.7	6.3	3.4	58.0	73.5	2
25.2	87.6	68.0	7.4	7.1	0.9	69.6	91.8	0
20.3	93.5	54.4	3.3	7.3	3.3	45.1	70.1	1
27.6	85.0	100.0	8.5	8.5	3.6	55.3	83.9	3
20.7	68.9	45.2	7.5	5.6	5.0	52.1	74.0	1
28.7	88.9	52.5	9.7	7.7	3.4	52.8	87.6	3
34.7	84.5	100.0	6.5	8.6	4.2	61.7	77.1	0
19.2	83.4	80.2	8.0	10.0	3.4	63.8	100.0	0
24.0	79.5	63.1	6.1	8.3	0.5	47.2	91.6	2
28.7	85.9	90.2	4.5	7.4	3.7	57.6	79.9	3
28.7	100.0	60.0	2.9	8.9	5.5	65.0	94.6	0
29.4	86.1	72.0	5.9	6.7	0.3	53.5	94.8	2
33.7	100.0	93.1	4.6	8.0	0.8	63.9	100.0	0
20.2	88.6	67.7	8.1	9.6	3.6	51.2	69.4	1
17.5	84.0	84.2	3.6	6.9	4.8	53.0	92.9	3
22.5	86.5	100.0	5.0	4.6	2.3	46.1	75.3	3
25.0	72.8	44.1	6.1	6.0	2.3	58.4	87.9	2
29.5	88.1	74.9	9.7	7.4	2.8	62.3	88.1	0
15.7	65.1	83.9	4.7	6.0	1.8	54.5	76.5	2
43.7	76.4	53.1	5.0	6.6	4.0	64.9	100.0	0
35.4	86.1	72.1	2.6	6.6	1.8	55.3	89.5	2
25.1	96.9	95.7	3.5	7.7	3.6	51.2	90.8	3
31.9	99.3	69.4	7.0	5.9	0.5	69.1	100.0	0
11.9	82.6	57.7	6.1	6.3	5.1	43.0	70.9	1
45.2	86.6	97.0	6.1	8.7	0.0	59.7	100.0	0
20.3	94.8	86.7	10.4	6.4	0.9	55.8	82.1	3
24.0	71.7	79.0	1.8	7.9	5.9	51.4	83.2	2
10.2	89.0	78.5	11.8	7.0	2.7	43.8	50.0	1
28.9	76.7	95.4	8.9	7.0	1.5	45.3	73.2	2
16.1	83.3	84.4	5.2	7.9	0.6	38.3	68.2	1
25.8	80.4	89.7	7.0	4.8	1.8	52.3	84.3	3
20.6	89.4	69.6	4.3	7.5	2.9	46.9	76.6	1
16.4	90.5	51.2	6.8	7.7	3.2	46.6	79.2	1
18.6	93.9	89.3	11.4	8.0	3.0	59.3	80.6	3
26.8	88.5	96.5	4.4	6.5	0.0	50.4	94.4	3
14.7	86.7	76.6	5.4	7.0	2.7	42.3	70.9	1
19.0	100.0	93.3	4.1	4.1	3.0	50.3	71.2	3
30.3	69.8	75.0	4.5	6.2	3.0	51.0	85.0	2
45.8	100.0	78.6	5.0	7.2	2.5	72.7	100.0	0
28.8	82.1	100.0	3.3	8.8	0.7	66.6	87.4	2
17.7	90.7	75.6	5.3	9.2	1.1	49.7	64.0	1
22.1	81.7	74.7	6.1	6.6	4.3	55.7	70.4	1
25.3	78.0	52.0	5.0	8.0	1.3	38.2	69.3	1
22.2	89.8	90.4	0.3	6.8	1.4	55.7	91.7	3
32.2	95.4	69.4	5.6	5.1	2.1	74.6	100.0	0
26.7	89.7	82.2	6.0	7.7	0.7	59.3	99.6	0
35.6	97.0	78.2	8.3	5.9	4.1	78.0	100.0	0
23.7	94.3	79.4	4.9	7.1	0.5	67.1	88.7	0
17.2	81.5	97.6	9.2	6.9	2.1	42.5	71.7	1
42.4	78.7	100.0	3.6	10.0	3.0	77.6	100.0	0
19.1	95.8	99.1	8.1	7.2	2.2	40.9	57.8	1
20.0	75.1	92.8	7.7	3.5	1.4	51.4	90.8	3
39.5	90.4	100.0	4.5	9.2	2.8	47.1	99.3	0
37.0	88.2	60.4	9.5	7.1	2.2	60.8	100.0	0
22.4	77.3	69.7	8.9	8.0	0.0	48.0	82.1	2
27.9	99.4	75.5	10.6	6.4	2.5	68.7	100.0	0
32.8	88.6	90.3	5.6	9.0	0.5	62.5	100.0	0
24.6	72.1	87.5	6.0	6.2	2.6	54.9	70.0	2
23.0	81.4	71.2	2.8	7.0	3.2	73.0	82.2	2
23.3	92.3	74.8	7.9	8.7	1.0	63.8	80.8	3
29.9	91.0	83.0	7.5	5.2	1.0	60.9	75.2	3
27.9	96.3	100.0	5.7	7.3	2.7	58.4	84.7	3
24.7	70.1	69.3	10.4	7.1	1.2	48.9	69.1	2
37.1	87.2	78.8	4.9	5.2	2.2	58.6	92.3	0
1.3	99.3	63.8	1.7	7.9	5.2	31.9	57.7	1
30.7	88.6	63.7	8.5	8.1	4.0	54.6	97.8	0
34.2	100.0	83.7	7.6	8.4	0.6	70.4	93.0	0
24.5	91.1	86.4	5.2	6.9	1.3	53.2	79.9	3
26.7	95.4	90.3	6.9	6.3	1.3	53.7	85.9	3
32.9	85.4	68.7	2.8	5.3	0.8	60.0	100.0	0
36.9	77.2	87.6	5.4	6.2	0.0	77.7	100.0	0
22.6	76.2	81.7	3.7	7.0	2.8	76.2	89.7	0
25.0	86.8	79.1	6.7	5.8	3.1	55.6	78.4	3
38.4	82.9	61.4	8.3	7.7	1.1	62.8	100.0	0
8.0	67.3	82.3	3.4	5.9	1.4	48.3	57.4	1
25.0	74.7	82.8	7.8	4.9	2.6	52.0	59.8	1
36.7	81.8	81.5	6.5	6.3	2.5	59.9	100.0	0
33.7	92.3	86.0	7.7	7.2	4.0	67.8	100.0	0
29.2	84.8	90.4	5.4	5.5	4.2	65.4	89.7	0
21.4	84.3	63.5	7.8	5.9	1.5	51.9	76.4	3
17.9	75.1	76.7	4.3	6.2	2.4	48.1	62.3	1
20.3	85.2	87.7	1.8	6.4	1.0	65.8	93.2	2
37.4	98.2	76.0	2.4	7.4	4.8	61.6	100.0	0
20.0	86.6	94.4	4.7	7.8	2.9	48.9	68.2	1
25.8	69.9	81.4	2.0	6.4	4.0	51.4	79.1	2
19.0	72.5	50.7	9.9	5.8	2.0	62.8	71.5	2
31.7	90.9	92.6	5.8	7.2	4.0	47.6	79.8	3
20.7	82.8	78.2	8.3	7.6	3.6	59.1	92.6	3
24.2	84.3	53.5	8.0	8.9	4.4	55.6	80.0	2
11.5	78.9	76.2	6.0	8.4	0.5	59.1	63.1	1
12.1	90.0	61.0	14.8	5.5	2.6	50.2	60.1	1
25.1	82.0	91.3	13.3	6.8	4.1	40.0	75.0	1
14.4	83.1	79.5	9.5	7.5	1.1	60.4	57.6	1
41.8	76.5	66.1	3.7	6.0	3.3	66.1	100.0	0
25.0	94.2	92.2	9.6	6.6	3.4	30.2	68.4	1
18.6	82.8	86.9	1.6	7.8	3.6	48.3	81.0	1
25.1	91.1	76.5	9.5	7.3	3.0	57.8	91.0	3
22.1	73.1	61.3	0.0	7.0	3.4	44.7	92.3	2
17.1	65.9	91.2	7.0	6.6	1.4	38.4	70.1	1
22.7	77.0	54.8	2.3	6.9	3.0	45.9	76.6	2
40.6	89.8	79.3	6.4	5.2	4.3	79.1	100.0	0
25.0	71.8	76.2	6.0	7.1	1.3	52.5	82.7	2
34.5	83.7	95.5	6.5	7.5	1.5	54.3	91.1	0
29.1	89.3	83.5	5.0	6.2	3.3	53.5	100.0	3
33.9	83.2	88.0	8.1	7.5	4.6	65.8	84.2	0
2.6	90.4	72.1	8.9	7.3	2.3	43.7	63.3	1
22.6	78.1	61.5	5.6	6.6	2.6	58.6	82.0	2
25.0	62.6	75.1	6.0	6.5	3.0	67.0	97.3	2
20.4	94.8	91.7	5.6	6.6	1.8	57.0	80.2	3
39.1	94.8	91.6	4.8	6.0	5.8	73.1	100.0	0
36.9	100.0	73.5	9.4	7.4	1.1	64.1	100.0	0
21.2	62.9	67.1	9.3	6.0	2.6	42.0	62.1	1
21.0	92.5	64.1	4.4	6.1	2.7	64.8	94.9	3
16.9	65.3	78.0	4.1	7.6	0.0	54.1	72.2	2
20.0	100.0	82.0	10.4	6.7	1.2	52.9	78.1	3
15.1	89.9	100.0	5.7	7.1	0.5	44.9	57.9	1
28.4	75.5	81.8	6.0	4.9	3.6	74.8	98.9	0
13.4	92.8	89.2	5.4	6.4	0.0	42.2	63.6	1
29.8	79.5	68.3	9.3	9.0	3.9	61.0	94.1	0
30.0	88.0	80.6	11.4	4.9	0.7	55.7	100.0	3
11.7	87.1	82.1	6.2	9.1	3.9	43.8	58.8	1
37.4	100.0	77.9	12.0	7.3	0.4	62.4	100.0	0
29.1	100.0	79.7	4.6	6.4	3.1	45.6	80.1	3
31.0	79.0	81.9	5.3	6.8	3.9	63.0	100.0	0
25.0	95.6	87.2	7.7	8.5	3.4	58.5	96.4	3
30.0	88.5	97.5	4.0	4.3	0.7	55.8	98.9	3
34.0	70.9	46.0	7.7	8.7	4.2	80.7	100.0	0
24.2	78.0	96.7	4.7	7.3	3.3	57.0	89.0	2
41.0	100.0	54.3	2.1	8.2	0.0	72.0	100.0	0
25.4	88.6	84.6	1.6	4.9	2.7	60.2	77.1	3
34.1	95.0	100.0	5.2	6.7	6.8	60.4	92.3	0
27.3	82.9	79.4	7.0	4.2	4.2	50.6	100.0	3
29.7	79.6	82.7	2.6	8.4	1.8	53.5	78.1	2
11.6	85.3	75.3	6.4	5.8	3.3	42.4	72.0	1
28.0	82.3	90.0	6.5	5.8	1.9	62.5	89.0	3
19.1	70.1	85.4	5.6	4.7	4.0	47.0	66.8	1
18.2	75.0	69.9	3.7	7.5	1.3	54.6	87.5	2
39.0	92.1	78.3	6.6	7.1	4.3	58.6	100.0	0
23.3	81.2	63.2	5.6	6.1	3.9	49.8	86.2	2
17.0	85.3	78.2	8.5	7.3	3.5	45.2	90.5	3
22.1	87.3	73.7	2.8	6.1	5.6	26.1	67.6	1
14.6	88.1	82.0	6.3	4.9	4.0	45.7	73.4	1
36.5	96.5	69.4	2.8	6.6	4.0	59.0	100.0	0
19.4	74.0	76.8	5.4	9.0	4.2	54.1	71.4	1
29.2	90.7	80.1	3.3	8.2	3.6	66.0	98.6	0
35.8	92.6	81.2	3.7	7.5	3.2	55.3	100.0	0
21.0	94.9	84.1	6.0	7.3	1.5	53.1	88.6	3
29.3	70.9	77.4	4.6	6.6	1.5	48.0	83.1	2
16.8	87.5	68.2	9.7	7.9	3.1	53.1	51.9	1
44.6	100.0	81.2	8.9	7.7	3.4	68.3	100.0	0
32.5	84.0	77.3	8.0	6.9	2.5	58.0	100.0	0
23.5	89.8	95.4	8.0	7.2	1.8	54.4	76.4	3
25.0	92.8	97.3	6.3	5.1	2.3	55.2	89.3	3
24.1	74.7	59.4	9.3	6.4	2.4	54.7	70.3	2
22.3	100.0	89.3	5.3	5.6	2.9	59.7	79.8	3
40.6	90.0	92.3	11.3	5.5	2.2	74.4	100.0	0
15.2	90.2	59.8	3.6	7.6	4.2	48.9	84.5	1
24.9	92.9	93.4	2.5	7.9	1.5	45.6	85.8	3
24.1	90.1	65.8	2.9	8.2	2.4	50.8	72.2	2
24.1	100.0	76.5	6.0	6.9	0.8	59.8	73.2	3
24.1	81.9	82.8	6.5	6.3	5.5	45.0	73.9	1
32.0	75.1	88.6	6.0	8.2	3.5	68.3	95.2	0
29.9	78.2	65.2	6.1	7.7	2.5	51.2	85.7	2
28.4	80.0	97.4	2.5	8.4	4.6	57.4	100.0	0
0.7	73.8	49.6	4.8	5.7	2.2	47.7	39.0	1
11.8	98.3	88.3	5.1	6.7	1.4	40.4	81.5	3
30.2	83.0	70.7	4.0	7.3	1.1	41.3	89.5	2
36.8	81.1	93.0	2.2	7.7	2.8	67.8	92.3	0
17.6	66.8	64.3	4.9	7.2	4.1	50.5	50.7	1
22.9	92.0	81.7	4.2	8.6	1.2	60.3	83.4	2
20.2	100.0	83.6	5.8	6.6	2.1	56.0	75.9	3
34.9	78.6	83.5	7.2	5.7	2.2	58.9	91.3	0
25.8	83.8	67.4	5.3	6.2	3.7	51.0	100.0	3
38.8	89.3	72.6	6.5	6.1	1.9	67.8	98.0	0
28.3	100.0	81.9	7.2	6.5	3.6	68.7	92.3	0
26.9	87.0	69.1	2.9	6.7	3.6	36.1	86.4	2
25.5	87.0	84.1	10.7	6.7	1.5	64.2	91.8	3
31.5	86.8	70.8	4.1	7.3	2.1	59.5	100.0	0
11.1	70.7	95.0	7.3	6.4	2.6	42.7	66.3	1
25.7	70.5	100.0	3.2	8.3	1.8	60.1	77.4	2
24.4	76.9	75.5	6.3	4.7	1.2	53.6	85.2	2
30.8	95.1	93.8	6.4	4.3	4.7	64.1	97.6	3
23.5	81.6	76.8	10.1	8.2	0.0	42.6	63.3	1
16.7	79.7	66.0	6.0	8.1	2.8	47.4	87.7	2
25.1	79.5	73.6	6.0	8.5	4.5	59.5	75.4	2
25.0	83.6	81.3	6.7	7.8	1.3	46.9	70.6	1
9.6	100.0	53.2	6.0	7.0	2.5	44.7	63.9	1
30.8	83.5	89.4	1.5	6.7	3.9	61.9	93.5	0
29.6	77.1	81.3	7.2	5.1	0.0	62.0	92.1	2
28.7	85.3	95.0	0.0	7.2	2.4	70.8	99.4	0
35.4	100.0	89.1	5.9	5.3	0.1	69.9	100.0	0
19.7	80.0	81.8	8.6	10.0	3.9	61.9	87.9	2
13.6	73.2	74.7	6.0	5.8	1.3	45.4	59.2	1
25.0	80.0	100.0	7.8	6.9	5.2	37.6	70.1	1
22.2	86.3	100.0	5.3	8.8	1.1	51.4	66.8	1
18.3	91.9	74.9	7.4	6.6	3.2	46.4	77.1	3
24.4	95.1	95.6	12.3	6.6	1.2	57.1	99.9	3
20.1	74.5	69.4	6.2	3.9	2.1	48.9	71.4	1
10.3	75.5	71.2	8.4	5.4	2.5	46.0	75.8	1
21.5	81.8	74.2	4.9	7.7	2.5	48.3	68.0	1
15.9	91.8	90.3	8.7	9.0	5.0	52.3	63.6	1
26.9	72.4	63.9	8.3	5.9	4.6	58.8	94.5	2
19.8	78.9	100.0	4.5	7.2	1.4	51.9	74.4	2
33.9	79.1	94.1	7.9	10.0	2.6	51.3	83.0	2
37.8	94.4	89.9	8.1	7.7	0.8	74.2	100.0	0
30.4	90.3	75.6	7.8	8.2	0.4	66.0	99.5	0
12.6	94.0	92.4	5.9	6.1	1.5	47.1	78.0	3
37.0	98.4	36.2	9.1	8.9	5.0	54.0	97.7	0
25.0	81.9	86.6	3.7	6.2	0.0	67.8	92.2	2
25.2	73.1	82.4	6.0	6.0	3.4	50.9	76.8	2
35.6	73.2	51.7	6.3	8.8	3.2	58.5	93.4	2
20.6	66.6	86.1	8.9	6.2	1.4	49.8	81.2	2
10.1	80.4	88.9	3.6	7.0	3.5	55.5	54.3	1
18.9	81.2	52.2	6.6	9.0	3.5	52.5	72.1	1
38.8	92.9	62.2	4.8	5.9	2.4	67.2	100.0	0
25.0	80.1	77.2	7.0	6.3	2.1	56.0	77.9	2
25.3	83.8	94.6	2.8	6.6	1.2	56.5	78.7	2
20.9	74.6	96.9	9.2	7.0	2.7	56.4	82.4	3
21.5	95.3	85.9	7.1	8.6	1.7	51.4	64.0	1
25.6	77.1	95.3	3.9	9.0	2.7	49.7	75.8	2
20.5	73.6	48.3	5.1	7.2	1.6	48.1	78.1	2
13.6	93.2	76.5	9.7	6.1	1.5	48.5	74.7	3
26.7	90.7	33.8	7.0	7.8	1.7	58.5	91.1	2
33.6	67.8	53.8	3.6	7.0	4.4	60.3	76.9	2
32.0	93.6	71.8	4.0	7.0	0.4	55.6	85.1	3
18.5	77.6	70.0	7.6	5.8	5.2	49.9	82.8	1
15.0	81.3	80.6	7.9	5.1	3.7	53.6	70.4	1
22.7	86.9	79.7	6.9	7.0	0.2	64.6	85.1	3
37.5	90.9	82.0	5.3	5.7	1.6	74.2	100.0	0
30.2	89.5	82.6	8.0	6.4	0.1	60.6	94.4	0
30.6	84.5	85.0	5.2	8.8	3.5	59.5	87.9	0
32.1	80.8	65.6	3.9	6.9	4.4	70.5	100.0	0
28.4	89.1	69.1	10.0	8.3	2.8	58.8	82.2	3
26.0	83.8	79.4	7.2	7.4	4.3	63.5	94.5	0
20.6	90.9	63.8	6.3	6.3	4.0	36.1	78.2	1
13.7	75.8	96.2	6.1	8.4	2.9	51.6	57.7	1
34.9	85.5	67.1	6.6	6.7	3.7	61.5	93.6	0
16.1	98.0	76.9	3.7	7.4	2.3	43.1	69.4	1
25.0	99.1	100.0	8.2	6.1	4.7	75.0	100.0	0
38.4	81.0	82.4	6.0	6.6	2.0	64.9	100.0	0
25.0	75.7	85.9	6.0	6.9	3.4	52.5	76.5	2
18.5	74.4	70.9	5.4	6.4	1.4	53.4	79.0	2
26.0	87.5	75.3	4.5	8.9	0.1	78.1	97.0	0
20.6	100.0	100.0	0.0	6.5	3.0	59.1	70.1	3
20.1	90.4	81.7	5.6	9.5	0.0	54.9	89.4	2
28.5	69.1	78.9	8.6	7.1	5.7	57.2	92.8	2
12.2	77.7	80.1	5.7	6.7	2.0	58.2	74.2	1
13.4	78.8	100.0	7.8	6.4	2.4	50.9	73.3	1
25.2	76.8	80.6	6.0	7.5	2.0	61.9	83.1	2
24.8	81.1	67.5	4.9	8.1	2.7	58.1	74.5	2
27.7	88.7	70.2	6.0	4.0	3.0	63.1	92.9	3
40.0	91.8	91.7	2.8	7.0	1.2	66.7	100.0	0
25.8	95.9	58.6	8.3	4.6	0.0	60.0	93.4	3
29.8	90.2	86.8	7.8	8.2	0.8	55.7	100.0	0
17.2	65.5	69.1	5.3	8.2	1.8	43.9	79.3	2
31.1	74.4	52.1	0.9	7.0	2.9	63.2	90.7	2
20.8	83.4	65.3	7.2	7.3	2.8	47.8	72.5	1
25.6	86.5	80.4	3.7	5.3	3.6	58.1	82.8	3
24.1	93.6	100.0	6.4	6.3	0.0	54.4	85.4	3
25.0	85.4	93.7	2.1	6.3	1.2	54.3	85.8	3
14.5	85.5	75.6	6.2	6.5	1.8	50.4	75.7	1
6.7	87.4	94.6	5.7	8.0	4.8	49.0	69.4	1
23.3	82.4	74.6	0.0	8.5	6.6	45.0	61.6	1
28.7	85.9	58.0	10.0	7.7	0.5	64.0	100.0	0
25.0	96.3	80.3	5.2	6.6	4.1	50.7	82.5	3
34.9	84.2	57.4	5.4	6.1	2.6	73.9	100.0	0
28.5	84.7	91.9	7.3	7.1	3.3	63.3	93.6	0
20.5	84.7	92.1	5.9	7.4	0.5	43.2	68.4	1
6.4	98.0	66.8	6.9	6.7	4.5	50.9	60.7	1
23.1	73.9	82.2	3.1	6.2	0.0	48.8	70.5	2
33.2	100.0	82.0	5.6	7.7	0.5	57.7	99.4	0
21.9	73.2	93.1	6.0	7.9	2.1	57.8	73.9	2
25.2	78.5	61.3	5.4	5.4	1.6	64.7	89.7	2
28.4	92.4	89.0	9.6	6.5	2.5	63.7	83.1	3
16.9	95.3	60.2	6.0	7.9	1.5	49.2	79.9	3
30.0	71.0	91.7	5.1	8.2	2.0	59.4	78.4	2
38.1	74.1	95.9	0.7	7.1	2.2	60.3	100.0	0
23.6	87.8	70.0	6.0	7.4	2.2	54.6	90.0	3
16.0	100.0	98.3	6.0	7.3	2.7	55.0	61.6	3
24.5	97.5	56.4	7.0	8.1	3.8	47.3	90.6	3
7.2	82.5	96.5	4.5	5.7	1.4	46.1	39.8	1
27.7	60.8	100.0	0.6	7.3	4.5	44.3	65.7	2
28.6	85.8	85.2	2.9	5.9	2.6	49.8	94.6	3
38.4	88.6	77.1	9.1	8.3	4.4	72.0	100.0	0
23.4	81.2	84.7	8.2	5.7	2.0	48.4	91.4	3
28.3	76.5	70.9	5.8	7.5	1.2	50.2	89.4	2
18.1	86.6	100.0	6.4	5.9	2.6	49.4	71.4	3
22.1	75.6	71.2	3.4	7.9	6.3	48.5	70.0	1
12.8	100.0	99.8	6.0	7.5	0.5	51.3	86.5	3
23.4	100.0	68.9	4.2	7.3	3.5	58.9	84.5	3
22.6	91.6	100.0	6.0	9.4	2.8	48.3	65.9	1
27.4	85.9	100.0	2.7	6.2	3.1	45.6	75.8	3
20.0	78.4	85.8	5.6	8.1	0.7	50.2	76.4	2
25.7	84.8	84.3	9.1	8.4	3.2	65.2	82.5	0
22.3	100.0	65.7	3.6	8.1	2.9	56.3	100.0	3
22.3	93.7	63.9	7.9	6.2	0.3	53.2	78.7	3
25.0	87.0	84.5	3.3	6.7	2.7	70.3	86.6	0
25.3	94.2	100.0	3.7	6.3	2.1	63.8	83.1	3
31.1	90.5	71.8	6.0	6.6	2.0	48.9	97.4	3
24.0	89.0	100.0	8.4	6.0	2.4	54.3	81.9	3
22.2	94.8	70.8	5.3	6.6	4.1	57.5	91.2	3
23.6	90.2	83.4	7.5	8.8	3.2	48.2	90.5	3
19.3	93.6	83.5	8.9	6.6	0.9	51.3	82.4	3
22.1	86.6	78.5	4.1	7.1	3.2	54.7	83.7	3
25.0	82.5	49.3	2.2	6.1	2.4	66.6	96.4	2
17.7	79.5	70.7	5.1	7.0	1.6	41.1	57.2	1
22.8	78.3	83.0	9.2	8.0	0.6	64.8	72.3	2
21.9	68.9	78.6	4.0	7.6	3.7	53.8	75.7	2
23.0	75.9	89.5	8.5	8.7	1.6	47.2	94.9	2
22.4	75.6	91.4	5.3	5.5	3.9	59.7	75.4	3
27.2	79.9	76.4	10.4	6.1	0.9	56.8	94.6	3
11.3	100.0	65.6	6.0	6.5	5.5	55.9	77.4	3
33.3	83.4	100.0	8.6	8.8	6.5	61.7	94.7	0
30.1	87.4	59.7	1.9	7.4	3.3	49.6	86.2	2
15.1	87.7	71.1	0.0	5.3	4.4	41.4	64.7	1
6.8	100.0	67.3	6.2	8.3	1.8	53.7	64.9	1
23.1	82.8	99.8	7.3	8.1	4.3	44.7	83.7	3
45.6	83.9	77.4	4.2	8.9	2.7	82.3	100.0	0
29.3	96.4	83.4	2.3	5.8	0.4	69.2	95.2	0
10.5	98.4	86.4	8.3	8.9	2.6	42.9	62.8	1
19.5	89.7	100.0	6.0	6.9	0.7	52.5	87.2	3
24.6	97.3	53.4	4.3	6.5	2.2	41.5	89.2	3
27.0	86.8	91.2	8.1	7.2	4.1	53.0	97.6	3
14.5	83.3	85.6	12.5	5.6	4.7	46.8	61.7	1
23.9	96.8	74.4	5.5	7.0	2.9	59.8	83.4	3
19.3	89.9	84.9	5.6	6.7	4.5	52.1	90.9	3
16.2	77.6	91.1	7.4	5.9	1.8	49.8	81.1	3
27.1	95.0	88.7	5.3	6.2	5.1	52.3	79.8	3
31.2	82.9	100.0	9.3	8.4	1.4	63.3	86.9	0
31.7	81.7	81.9	5.0	6.8	1.3	73.7	100.0	0
21.0	84.1	77.3	2.4	7.5	1.4	53.6	72.2	2
30.7	88.9	88.3	6.0	7.9	3.3	55.8	92.5	0
27.5	91.6	79.5	3.5	7.0	4.4	56.7	97.8	0
26.1	77.2	80.2	6.9	5.5	2.5	46.3	78.0	3
20.1	88.8	80.3	1.8	3.9	3.0	42.6	74.3	3
21.0	98.5	78.0	8.4	5.9	0.4	55.0	95.9	3
25.6	75.4	70.9	3.8	8.3	2.6	59.7	80.5	2
44.5	89.5	86.3	10.5	8.2	5.2	65.4	100.0	0
27.4	76.7	75.7	9.4	6.0	4.6	66.0	87.0	0
20.1	95.2	89.2	7.3	6.7	0.9	50.2	71.8	3
18.3	95.1	81.7	2.2	7.8	1.8	52.3	83.6	3
21.1	81.5	74.2	4.4	6.8	7.6	60.1	74.4	1
42.4	100.0	100.0	3.8	8.1	3.1	69.5	100.0	0
21.8	96.1	78.5	4.1	6.9	4.8	60.5	100.0	3
32.3	92.1	89.3	9.9	7.6	4.9	67.3	100.0	0
22.0	91.5	69.5	5.6	6.6	0.8	50.2	78.9	3
27.1	94.8	49.6	4.4	6.1	3.6	54.7	86.6	3
31.3	75.0	71.5	4.1	8.4	2.8	68.9	100.0	0
20.4	86.9	47.9	4.7	5.2	5.1	63.3	95.2	3
19.9	88.8	76.4	7.3	6.3	5.4	57.9	75.7	3
25.0	81.0	100.0	1.9	6.9	1.3	59.3	100.0	2
32.9	89.6	66.4	6.2	8.0	7.7	69.6	95.7	0
31.3	97.3	48.4	7.1	5.9	2.8	61.0	100.0	0
31.3	80.8	100.0	1.7	7.2	3.4	51.1	85.2	2
28.7	84.5	72.9	6.0	5.3	0.0	54.4	73.2	3
41.1	76.8	79.8	5.9	7.5	4.0	65.7	95.1	0
25.0	67.1	91.8	9.6	9.2	0.0	62.2	91.3	2
29.6	92.8	87.8	9.0	4.6	2.3	55.1	86.0	3
13.4	84.7	91.3	4.5	6.1	1.7	40.5	72.1	1
18.4	85.5	93.5	9.5	8.0	3.2	48.0	77.1	1
15.4	75.1	53.8	5.2	10.0	2.8	46.9	61.7	1
35.2	83.1	58.8	5.2	7.7	3.4	68.9	99.0	0
4.6	96.0	97.6	6.2	6.1	4.4	47.1	56.4	1
21.8	85.0	68.3	8.1	6.8	1.0	37.2	71.0	1
1.1	85.3	69.9	4.5	5.5	2.2	35.9	36.2	1
18.3	87.1	61.1	5.0	8.0	1.2	52.8	76.1	2
21.1	72.6	73.9	2.9	8.3	1.1	45.2	68.1	2
36.1	91.2	74.8	6.9	8.7	5.4	59.9	100.0	0
28.2	72.4	65.9	8.3	6.6	0.6	61.7	91.4	2
18.3	75.6	64.2	8.5	6.0	1.3	55.2	79.5	2
33.5	74.5	84.8	2.6	8.8	5.8	60.0	87.0	2
25.1	83.2	67.9	5.0	8.7	2.3	59.4	80.5	2
25.3	81.5	70.9	9.1	5.8	2.4	59.7	84.2	3
15.4	85.0	47.2	6.6	6.5	3.1	41.1	76.7	1
17.1	75.9	100.0	6.1	7.9	0.7	41.1	63.7	1
25.4	93.3	72.6	7.4	7.0	1.6	52.8	77.8	3
25.6	83.3	66.5	6.7	5.2	4.1	52.2	86.9	3
37.4	80.2	80.2	4.6	5.7	3.5	64.3	97.5	0
28.1	79.2	79.8	6.0	6.9	1.6	57.3	79.0	2
3.3	81.9	60.9	3.0	6.2	2.3	20.6	39.4	1
27.1	71.0	41.7	9.3	5.6	3.7	56.7	88.0	2
13.4	75.4	72.1	3.8	6.6	0.0	44.5	66.3	1
17.3	93.6	56.5	7.4	5.9	3.0	53.7	72.3	3
18.5	88.0	82.6	5.6	7.0	3.6	47.3	79.2	1
19.7	100.0	82.7	4.8	8.2	1.1	50.0	89.6	3
14.0	82.0	65.4	9.4	6.6	3.5	44.9	72.2	1
26.6	81.4	72.0	7.9	6.5	2.5	65.2	90.7	0
13.7	80.9	100.0	5.9	8.3	5.2	44.3	78.9	1
27.9	81.8	91.6	10.4	7.9	1.7	66.5	100.0	0
42.9	78.4	73.2	8.4	8.0	3.4	76.3	100.0	0
14.4	87.7	100.0	6.0	4.0	0.3	46.4	78.7	3
22.7	85.3	62.0	0.3	6.5	2.6	51.0	85.4	2
4.8	79.9	67.8	6.3	6.3	3.7	37.0	48.7	1
22.6	97.5	78.3	9.5	6.0	1.7	55.5	98.6	3
30.1	100.0	57.0	7.5	8.3	4.2	58.4	100.0	0
30.8	96.7	100.0	9.9	6.3	3.9	68.1	100.0	0
25.6	90.6	82.7	4.5	5.3	2.7	53.0	90.8	3
32.1	92.6	68.2	5.7	7.3	2.1	69.5	100.0	0
45.4	100.0	86.7	5.8	7.0	0.0	67.0	100.0	0
38.7	92.6	82.2	6.6	5.9	1.5	55.4	100.0	0
20.8	79.1	75.4	7.9	8.2	4.2	39.0	60.7	1
13.4	88.9	61.9	10.1	7.6	2.1	44.3	65.9	1
21.8	91.3	58.5	10.6	7.6	3.2	48.9	59.9	1
17.4	75.1	100.0	10.2	7.6	1.8	42.9	71.5	1
28.6	82.2	59.7	7.7	8.3	0.4	66.2	100.0	0
15.6	96.0	100.0	5.1	6.8	3.6	45.6	86.2	3
24.2	83.2	87.0	6.3	5.0	3.0	65.7	86.8	3
17.4	88.5	90.0	3.7	5.7	1.5	54.7	91.6	3
34.4	71.4	91.0	4.8	8.9	4.9	56.5	93.1	2
10.0	83.7	55.8	8.2	5.7	5.5	46.3	77.8	1
22.4	96.5	69.9	5.4	5.6	1.3	50.2	93.2	3
24.7	85.7	59.5	6.1	7.8	1.3	49.1	88.1	2
25.1	94.4	82.8	5.8	8.0	1.8	56.5	83.6	3
26.4	79.1	60.1	3.8	5.0	4.2	56.3	75.4	2
29.9	76.9	50.3	5.6	7.3	3.2	57.4	88.7	2
24.7	93.5	76.4	4.9	6.3	3.6	70.1	93.0	0
22.1	88.7	46.9	4.3	7.4	4.5	55.2	72.3	2
21.7	73.1	83.9	6.0	6.6	1.1	59.5	88.0	2
20.1	77.0	61.1	5.7	5.4	3.3	68.4	83.1	2
31.3	100.0	67.4	6.0	6.4	2.6	59.9	100.0	0
19.8	75.8	45.8	8.8	7.8	3.1	52.3	88.1	2
31.8	94.3	100.0	6.0	9.3	4.2	69.1	93.4	0
25.2	80.2	58.1	10.0	7.5	2.3	56.8	67.1	2
20.8	85.0	74.5	6.7	6.5	1.5	51.3	73.8	3
29.9	87.9	53.1	3.2	5.6	0.9	78.2	100.0	0
25.0	64.0	67.5	5.0	6.8	5.1	58.0	72.0	2
30.1	70.4	100.0	1.3	6.5	2.4	42.4	78.9	2
26.7	85.9	84.5	1.9	7.4	0.4	68.1	88.1	2
20.2	77.8	69.1	10.3	6.9	4.6	63.8	79.7	3
29.2	95.0	79.5	4.3	7.6	0.0	70.1	94.1	0
29.4	68.9	71.6	7.3	6.6	0.2	63.0	84.2	2
34.3	90.7	78.6	5.7	9.1	2.0	75.9	100.0	0
28.9	81.5	75.0	6.9	6.2	3.0	63.3	83.9	3
16.0	74.4	83.3	0.8	8.2	0.0	49.1	65.3	1
44.6	100.0	83.5	9.3	5.6	3.0	65.4	100.0	0
13.8	71.6	75.1	5.8	6.0	4.4	35.8	72.3	1
32.6	83.8	69.0	6.0	6.0	1.0	67.8	100.0	0
28.5	67.7	72.1	7.2	8.6	1.9	62.2	83.8	2
15.6	100.0	90.5	6.0	6.8	1.3	51.4	73.3	3
24.0	89.0	91.7	6.5	6.2	3.0	49.9	94.7	3
24.4	86.4	62.9	5.6	7.2	0.9	47.8	81.9	2
35.4	99.7	76.1	6.0	7.7	0.7	63.8	100.0	0
19.3	86.5	68.7	5.5	8.9	2.3	57.7	62.3	1
22.9	87.2	92.0	3.4	5.2	3.0	72.0	95.6	0
6.3	86.3	72.9	6.9	8.5	2.7	42.5	59.0	1
38.9	90.6	100.0	5.3	4.5	1.8	69.9	100.0	0
16.4	80.1	83.3	6.0	8.1	3.5	57.8	75.0	1
27.6	82.9	97.7	6.5	8.4	2.8	57.7	95.0	0
24.2	93.1	64.8	4.7	8.5	0.7	59.9	70.4	2
24.2	87.8	80.2	6.9	7.7	0.0	62.5	78.4	2
31.5	83.9	89.2	3.9	5.7	3.3	69.5	100.0	0
38.4	71.0	64.5	3.0	7.9	2.1	64.8	89.0	2
27.0	100.0	80.3	9.0	5.7	0.8	56.7	86.0	3
30.2	78.4	95.8	8.1	5.9	4.9	61.0	99.7	0
27.6	94.9	75.1	6.0	6.5	4.9	47.2	86.7	3
33.1	86.8	67.2	7.1	6.6	4.4	65.1	97.7	0
21.3	72.1	100.0	8.0	7.3	2.8	58.3	90.2	2
33.9	87.5	82.3	3.0	7.4	4.3	70.5	96.2	0
33.7	98.4	69.4	6.7	5.4	1.1	45.8	100.0	3
19.7	83.2	65.9	8.5	7.0	1.7	62.7	82.5	2
23.7	92.0	91.1	7.5	6.7	3.8	67.5	97.7	0
26.9	67.4	76.9	6.1	8.2	5.5	48.4	72.4	2
14.0	80.0	86.1	7.4	8.3	4.8	44.5	67.4	1
37.8	72.3	46.2	5.4	6.8	2.8	75.0	100.0	0
24.9	81.3	87.5	8.6	4.6	3.6	56.3	80.1	3
27.3	89.7	69.2	9.4	5.2	0.8	54.5	78.2	3
25.0	93.6	100.0	8.8	6.8	4.1	69.6	76.2	3
25.0	76.4	89.0	11.6	9.1	3.0	57.5	87.2	2
26.8	93.9	83.4	7.3	8.1	0.3	57.1	94.8	3
30.4	98.1	98.7	8.5	7.3	2.4	73.2	100.0	0
26.3	95.1	83.7	4.4	7.2	3.4	58.3	88.3	3
27.8	81.6	68.0	6.0	5.6	3.9	67.1	83.6	0
22.3	63.7	77.4	5.5	6.2	3.4	55.6	76.7	2
29.0	90.8	69.8	5.0	7.5	2.0	57.8	100.0	0
36.9	83.7	72.5	2.7	6.6	1.2	68.9	96.0	0
30.6	75.2	61.1	5.6	7.6	2.7	63.3	94.4	2
27.4	99.3	93.4	2.8	6.8	3.9	72.6	97.7	0
13.0	73.6	85.0	6.4	6.5	4.9	62.4	68.6	1
25.0	89.7	72.5	6.4	5.9	2.6	54.0	79.7	3
28.6	87.2	64.6	5.2	8.0	0.8	45.2	84.3	2
24.9	81.4	73.9	7.2	7.9	4.1	62.5	81.6	2
38.4	100.0	81.9	5.1	7.2	0.6	56.1	100.0	0
30.8	82.0	94.2	8.7	6.9	3.4	65.6	98.6	0
35.1	82.6	100.0	7.4	7.6	4.6	67.0	99.3	0
25.8	91.2	63.5	9.9	6.7	3.1	52.0	85.0	3
18.5	94.2	93.6	5.8	5.9	4.6	44.1	86.8	3
24.5	83.7	69.4	5.2	7.1	1.8	66.4	100.0	0
18.6	81.9	63.1	5.5	7.5	1.4	55.0	85.2	2
25.0	62.8	63.1	8.9	7.6	3.8	56.6	94.2	2
31.3	77.2	82.1	5.6	7.5	2.0	65.0	93.8	0
29.2	73.6	66.0	5.8	8.3	4.3	54.8	76.3	2
34.9	91.8	70.9	10.9	7.6	2.8	69.0	87.5	0
8.8	82.6	73.4	2.6	7.3	4.3	46.4	72.7	1
29.7	82.2	68.9	6.9	5.5	3.4	40.4	83.4	3
14.5	84.9	67.8	5.8	7.3	1.1	49.4	98.0	2
25.0	76.3	43.6	5.4	6.8	0.0	53.9	77.2	2
22.5	100.0	81.3	3.6	5.7	3.7	51.3	87.6	3
30.3	98.0	81.0	4.3	7.6	3.3	52.9	100.0	0
26.8	100.0	68.0	5.0	7.6	1.0	58.5	87.4	3
35.8	91.8	85.4	7.2	7.5	3.7	63.0	98.8	0
20.2	84.7	100.0	8.1	7.7	4.6	57.7	77.8	3
30.7	100.0	80.4	1.6	7.1	1.4	61.9	94.8	0
26.3	78.2	100.0	3.0	6.7	0.0	57.1	88.4	2
11.9	76.3	100.0	7.4	9.1	4.0	47.8	64.4	1
17.7	79.0	100.0	7.6	7.2	4.4	46.6	54.1	1
23.8	90.2	62.2	2.3	3.9	1.4	48.9	83.3	3
33.9	77.4	62.3	8.2	4.1	3.7	78.6	100.0	0
28.7	83.4	73.3	6.0	8.4	3.0	58.5	88.8	2
15.7	69.0	81.9	7.9	4.8	2.3	45.5	78.6	1
23.9	89.8	100.0	3.9	6.3	3.4	67.0	91.8	3
41.1	69.8	89.4	2.5	5.5	1.7	80.5	100.0	0
25.9	75.7	62.0	5.2	6.6	0.8	66.6	94.8	2
22.4	97.2	70.8	5.3	7.5	3.1	53.4	100.0	3
28.9	96.8	79.4	5.2	6.2	2.9	63.8	94.4	0
31.1	88.7	57.7	5.0	6.0	0.0	66.0	100.0	0
21.4	87.8	80.2	10.2	7.9	0.7	71.0	100.0	0
29.0	79.7	62.2	1.8	10.0	1.5	61.9	88.3	2
22.4	77.3	55.2	3.9	7.6	3.3	56.9	70.2	2
30.8	81.4	65.8	5.0	5.9	0.2	52.7	92.8	2
26.4	69.9	86.2	6.1	8.0	2.0	45.8	88.5	2
28.9	87.5	86.1	7.8	9.1	5.4	69.9	92.1	0
18.9	85.5	81.4	8.2	8.3	2.6	54.6	86.3	3
18.4	75.7	94.9	8.7	5.1	2.7	53.5	66.7	1
32.6	100.0	93.3	7.2	7.6	2.4	72.5	100.0	0
24.4	91.1	83.1	6.0	6.4	4.0	63.3	87.5	3
27.3	91.9	81.0	1.8	7.1	2.6	64.7	91.6	0
22.5	80.1	81.9	8.9	6.6	2.2	58.7	74.8	3
32.2	85.0	77.8	8.7	7.9	2.7	62.9	92.6	0
20.1	91.3	47.4	7.6	6.6	4.5	55.4	64.6	1
25.0	86.5	97.0	3.9	8.7	3.1	62.8	92.0	0
31.3	100.0	86.0	5.2	7.0	2.6	56.4	96.5	0
34.4	83.0	61.8	5.0	6.7	4.3	55.4	100.0	0
20.8	80.0	100.0	3.4	7.7	1.7	53.2	76.9	2
40.7	91.3	71.2	6.6	7.4	0.0	70.3	95.9	0
27.5	72.4	78.4	11.4	7.7	3.2	61.9	88.3	2
16.7	94.2	95.4	6.0	6.8	3.2	50.0	70.3	3
28.0	72.0	83.3	9.2	8.6	1.6	50.9	90.8	2
25.0	91.4	100.0	3.8	8.2	2.1	59.7	83.1	3
28.5	78.5	74.7	2.2	7.0	4.4	68.2	100.0	0
24.7	89.8	100.0	8.5	8.0	3.2	59.7	79.8	3
25.6	94.1	68.3	5.5	6.7	4.7	47.4	85.9	3
17.7	86.5	99.8	9.2	7.7	2.9	53.3	80.7	3
32.9	73.0	46.0	9.7	8.0	2.3	46.2	83.3	2
16.1	77.7	84.5	9.4	6.0	3.1	33.7	62.0	1
27.9	66.0	74.0	3.8	5.6	3.2	52.6	66.1	2
37.8	96.3	78.9	3.8	7.4	2.2	71.6	100.0	0
22.2	86.1	80.6	6.0	6.1	1.6	52.4	79.3	3
30.6	73.6	62.1	2.1	8.3	1.7	67.6	100.0	2
33.6	99.6	63.3	6.0	5.2	3.3	66.8	100.0	0
31.5	78.0	83.5	9.1	8.6	3.5	51.9	84.6	2
22.5	87.5	70.0	6.0	7.1	0.0	61.8	82.0	2
16.3	76.7	100.0	4.9	6.0	1.4	53.9	67.6	1
7.3	64.8	77.1	8.5	6.5	0.1	49.8	64.8	1
22.9	71.4	90.8	3.2	6.8	1.8	58.2	67.5	2
34.4	80.5	86.6	4.3	7.6	1.6	66.4	91.3	0
25.0	94.0	71.0	6.6	5.5	2.7	43.7	60.5	1
30.6	88.5	50.3	6.9	5.8	2.8	67.3	100.0	0
17.4	86.4	97.8	3.4	6.6	5.7	49.9	85.4	3
25.8	64.9	65.3	10.7	7.0	3.1	60.2	85.6	2
25.0	97.7	73.9	1.3	7.9	3.5	79.4	100.0	0
19.7	87.2	77.7	6.1	7.3	0.4	61.9	78.3	2
26.4	83.8	79.2	6.5	6.5	2.0	59.5	91.2	3
21.7	96.3	94.4	1.6	7.3	0.9	56.3	79.0	3
30.6	97.5	80.1	9.3	7.2	3.4	59.5	91.1	3
26.9	96.5	78.1	4.1	6.7	2.6	42.2	84.3	3
25.5	82.5	95.3	6.2	7.1	2.0	56.8	85.2	3
30.3	94.9	69.0	2.4	8.1	2.1	64.4	100.0	0
19.5	71.3	62.8	3.3	7.7	4.5	46.4	71.0	1
24.3	100.0	67.6	9.9	8.8	4.5	59.9	100.0	0
24.4	85.3	79.3	5.8	6.0	1.5	65.4	100.0	0
25.6	74.4	61.3	0.0	7.7	4.2	56.6	82.1	2
45.2	72.7	81.4	6.0	4.7	2.7	61.7	100.0	0
28.0	72.2	78.1	5.9	4.9	1.9	50.6	72.2	2
8.7	86.4	41.9	6.5	6.7	3.1	49.7	65.8	1
25.0	84.9	58.9	1.0	6.3	0.1	58.9	76.3	2
9.5	72.6	36.7	5.9	8.3	1.7	36.5	41.3	1
25.0	81.4	74.8	3.9	8.4	3.1	53.8	87.5	2
9.1	71.3	96.1	6.6	8.5	2.1	49.3	61.4	1
18.0	90.9	51.6	7.3	7.7	4.1	65.1	74.9	3
12.8	84.5	60.2	7.0	7.8	1.9	48.6	53.7	1
28.1	81.2	77.5	9.5	5.5	2.7	56.7	82.3	3
25.0	72.1	64.0	11.5	8.7	2.3	51.8	73.8	2
27.4	82.0	64.0	3.2	8.5	0.2	58.9	87.4	2
24.2	80.9	88.1	5.0	5.3	3.1	65.7	72.2	3
13.8	88.2	72.6	7.9	7.6	3.0	49.7	74.1	1
25.0	86.7	57.7	5.7	6.3	0.0	63.6	98.6	0
25.0	92.9	48.7	0.0	9.2	0.0	58.6	95.3	2
28.3	80.2	100.0	5.5	5.8	1.8	70.2	79.1	0
21.6	66.4	96.9	9.1	7.1	4.3	61.2	85.0	2
13.6	94.9	73.2	2.5	7.2	6.6	47.2	69.1	1
17.7	75.6	81.3	6.6	6.9	0.0	48.9	76.9	2
28.6	73.9	72.7	1.2	9.6	4.9	66.4	89.6	2
33.6	84.6	87.7	8.2	9.0	4.2	85.0	100.0	0
27.1	88.0	67.2	6.6	5.0	1.6	45.9	92.3	3
31.4	79.7	71.9	4.6	7.6	5.3	56.7	96.2	0
30.7	79.6	86.8	5.0	7.0	3.2	57.0	92.5	2
19.7	99.2	91.1	8.5	7.3	0.0	57.3	80.9	3
25.0	85.0	98.5	4.0	6.0	2.7	53.7	89.6	3
18.2	75.3	75.3	7.3	5.8	2.6	39.3	80.0	1
25.1	75.4	70.7	3.6	6.5	5.9	62.8	91.8	2
27.6	82.5	50.9	11.5	6.9	1.1	56.6	72.5	2
14.5	89.8	85.7	11.2	6.3	1.7	44.3	74.4	1
28.9	86.2	75.5	11.5	9.0	6.5	56.4	97.3	0
36.8	76.6	68.3	6.0	7.6	0.8	61.9	100.0	0
31.1	80.8	98.7	3.8	8.0	4.5	52.6	92.1	2
29.7	73.5	99.7	5.6	5.8	3.1	76.1	93.3	0
35.4	80.3	65.7	8.1	8.1	2.6	66.1	92.3	0
16.3	91.0	69.4	4.4	5.8	1.5	47.8	64.6	1
13.9	93.8	98.0	4.5	4.6	3.6	52.3	84.5	3
24.9	83.1	79.3	8.1	7.7	1.3	57.4	81.2	2
7.7	80.9	71.5	1.1	6.1	0.1	36.1	73.1	1
34.8	71.8	72.5	8.0	6.6	2.0	47.5	85.2	2
34.8	90.3	79.8	7.3	7.8	1.1	60.6	93.5	0
21.5	98.2	95.0	4.7	5.9	2.9	54.5	88.9	3
22.0	100.0	77.6	6.1	5.1	2.1	55.7	85.3	3
24.4	88.9	91.9	6.5	8.5	4.8	42.9	81.5	3
25.4	84.5	87.0	6.6	6.9	2.0	75.3	88.5	0
26.0	75.8	66.8	7.7	8.5	2.9	73.9	85.7	2
29.5	66.2	66.8	4.0	7.8	0.8	60.4	82.3	2
23.6	86.8	73.2	12.7	7.8	1.9	55.9	75.5	3
32.5	100.0	59.9	6.0	7.2	1.1	60.2	100.0	0
28.6	97.7	72.3	5.7	7.2	4.3	65.4	97.3	0
20.1	96.2	100.0	6.0	8.4	1.4	53.7	83.3	3
35.7	87.5	79.5	1.4	8.0	1.5	74.3	100.0	0
14.1	88.6	68.5	10.8	6.3	2.9	55.7	76.4	3
24.3	60.8	100.0	6.2	7.6	1.4	45.9	91.0	2
32.7	92.6	66.0	4.7	6.3	4.6	58.3	99.1	0
19.2	79.2	65.6	3.2	6.6	5.4	58.6	60.3	1
27.5	78.0	98.4	2.8	7.7	1.2	62.5	84.3	2
29.3	81.8	89.9	5.1	6.2	3.8	50.9	78.6	3
18.1	81.4	78.0	6.7	7.2	1.2	47.4	76.7	1
24.4	77.8	92.5	7.6	7.5	2.0	53.8	77.8	2
25.0	85.1	84.5	6.0	6.6	3.5	55.3	86.7	3
20.6	79.4	62.2	4.7	7.9	2.7	51.8	70.9	2
43.4	86.0	44.0	9.3	6.5	2.7	77.2	100.0	0
18.9	70.1	71.5	12.7	8.1	4.1	50.8	66.7	1
33.0	82.9	96.3	9.7	7.2	4.1	62.8	92.4	0
21.9	74.0	73.6	5.1	7.2	2.6	46.8	76.0	2
16.3	78.6	86.9	7.3	5.9	1.5	50.3	74.8	1
25.8	86.4	82.8	7.4	6.7	2.5	57.1	97.9	3
30.2	69.0	54.6	10.0	7.2	1.0	54.4	94.4	2
32.4	76.8	73.9	5.2	8.2	3.7	52.2	95.9	2
37.5	90.7	85.4	3.6	6.6	2.2	76.3	100.0	0
48.6	70.9	68.2	8.8	8.2	0.8	85.4	100.0	0
27.0	100.0	74.6	7.0	6.1	4.5	62.1	98.2	3
19.7	97.0	85.9	3.2	7.4	2.5	65.1	95.6	3
28.6	80.1	81.1	7.8	6.4	1.4	60.2	98.7	0
22.9	77.1	95.7	10.6	8.9	4.2	43.3	74.5	1
25.0	87.0	85.8	4.3	8.6	4.4	64.6	93.5	0
14.6	70.5	65.7	3.8	7.3	0.0	44.0	71.2	1
25.0	65.0	72.8	6.1	6.4	4.2	71.3	85.6	2
31.8	80.4	80.3	7.7	5.2	2.7	72.7	100.0	0
11.5	83.7	100.0	6.0	7.5	4.0	42.4	73.4	1
19.3	85.9	72.9	8.8	7.2	2.4	55.3	76.2	3
31.5	78.9	54.0	6.7	8.0	3.1	66.9	91.5	0
34.4	97.7	86.6	8.5	5.2	2.0	75.6	100.0	0
14.8	70.0	68.7	4.2	7.2	4.0	54.0	59.5	1
30.7	73.6	60.7	2.9	7.5	1.5	50.7	83.6	2
9.4	89.9	80.3	5.1	5.9	4.0	37.2	75.0	1
24.3	73.4	94.6	2.6	7.1	2.8	60.0	73.3	2
33.9	73.0	71.4	7.0	6.1	3.6	58.5	92.8	2
20.6	86.2	87.4	1.0	6.0	1.0	46.0	74.7	1
26.2	83.7	91.9	5.3	6.7	3.3	54.4	80.3	3
20.2	78.0	69.0	3.4	8.5	5.3	64.0	68.8	2
30.0	76.4	63.2	5.2	6.6	3.5	55.7	89.1	2
17.9	64.0	65.2	6.0	6.0	1.6	42.4	61.0	1
18.8	86.4	91.9	9.2	8.0	1.6	51.6	81.6	3
8.8	72.5	90.0	3.4	8.2	3.6	48.2	63.1	1
23.7	79.9	100.0	7.4	8.6	1.7	69.0	100.0	0
15.5	82.9	63.9	5.9	7.2	1.2	50.3	66.8	1
26.6	83.5	95.0	4.8	7.2	2.7	56.1	81.9	3
33.2	86.9	100.0	3.2	6.2	2.8	74.3	100.0	0
23.3	77.7	81.6	10.7	8.7	2.0	58.6	94.8	2
27.2	66.5	68.8	5.2	6.6	3.4	57.2	78.0	2
15.4	82.7	76.1	11.3	6.5	5.1	50.6	78.1	1
41.5	93.4	96.2	6.6	7.8	2.7	68.6	100.0	0
21.2	89.8	62.0	12.4	7.1	1.4	55.8	83.4	3
30.2	75.3	52.4	6.0	7.2	1.0	49.3	82.0	2
31.2	76.9	85.4	5.4	6.6	2.3	57.2	93.5	2
23.9	74.9	88.7	2.6	6.8	3.6	57.4	70.6	2
29.9	91.0	100.0	5.7	6.8	2.1	57.1	94.9	3
13.7	87.6	78.0	4.9	4.8	4.6	48.1	74.6	1
22.3	87.6	97.4	6.1	7.5	1.3	51.4	76.8	3
20.1	100.0	81.8	5.0	8.3	0.9	45.2	91.5	3
21.3	88.1	77.1	5.7	4.8	3.9	44.5	59.7	1
25.0	76.9	91.8	4.1	6.9	2.9	50.5	63.1	1
34.0	70.4	71.0	9.6	8.2	3.0	61.7	100.0	0
37.8	82.2	92.8	3.2	6.1	3.5	68.1	100.0	0
32.8	83.8	61.2	6.5	7.3	0.2	59.9	100.0	0
35.2	62.9	57.2	3.0	5.9	3.2	49.5	87.9	2
22.2	77.9	75.9	3.9	7.0	2.8	46.8	89.6	2
19.9	88.0	41.6	4.2	8.5	3.2	50.7	76.1	2
25.0	79.7	81.3	5.7	9.0	1.1	54.3	77.7	2
30.2	94.7	54.0	6.0	7.3	2.6	48.7	97.3	3
24.4	91.8	82.8	5.0	6.6	4.1	67.9	75.5	3
35.4	94.1	79.0	3.5	4.8	2.4	70.1	100.0	0
28.2	94.6	86.5	3.4	6.6	1.6	53.8	83.6	3
18.3	69.3	83.1	8.8	8.2	1.0	47.4	69.1	1
19.6	88.1	75.6	2.5	5.4	3.8	49.7	72.4	1
30.5	78.3	100.0	6.2	6.8	4.0	61.8	72.6	3
33.3	70.9	85.9	10.2	6.0	5.4	56.8	97.5	0
29.4	80.9	91.6	9.0	9.2	2.0	50.6	75.7	2
40.2	76.0	96.1	7.1	7.5	1.0	70.2	100.0	0
38.1	94.2	90.0	6.0	8.0	2.3	81.3	100.0	0
28.5	90.1	100.0	7.8	7.4	1.5	63.9	87.2	0
18.3	73.5	82.5	6.9	7.9	1.6	50.3	76.9	2
14.5	77.8	79.9	9.6	8.3	3.2	45.9	63.8	1
21.9	81.2	70.3	5.7	7.0	4.1	47.7	70.6	1
31.0	84.3	76.2	8.5	6.4	3.1	57.9	80.0	3
39.6	95.1	69.0	5.2	5.9	2.7	71.9	100.0	0
28.3	91.9	90.2	10.7	9.1	3.7	68.9	98.6	0
34.3	85.5	66.3	5.6	8.0	2.2	72.8	85.9	0
23.0	82.4	81.1	2.0	4.3	4.7	55.9	94.4	3
31.6	97.9	82.3	7.9	7.5	1.6	63.8	92.2	0
9.2	80.5	66.6	10.1	9.0	4.3	48.2	67.0	1
21.7	100.0	90.5	3.5	5.7	4.3	56.6	81.9	3
32.6	87.0	78.7	1.6	7.5	3.3	63.0	100.0	0
27.2	100.0	36.9	7.2	6.5	4.4	53.9	81.7	3
15.4	91.1	65.2	7.2	5.6	3.0	43.6	62.9	1
5.6	70.7	100.0	2.5	8.6	3.5	34.6	54.9	1
22.1	78.9	100.0	5.2	5.8	2.6	55.2	88.8	3
24.4	83.3	87.9	5.3	8.2	2.7	53.5	84.0	2
17.9	76.3	91.8	8.1	5.1	3.5	69.3	81.1	3
26.1	81.2	68.3	6.0	6.4	3.1	59.7	79.4	2
29.1	71.3	76.1	4.9	7.7	0.9	69.3	86.7	2
30.4	85.1	98.5	6.3	7.9	3.3	71.7	91.3	0
6.2	87.4	86.4	2.6	7.5	2.1	45.9	71.1	1
14.5	75.0	81.0	10.8	8.2	1.7	46.8	77.8	1
25.0	85.6	97.6	6.0	8.7	1.1	55.5	100.0	0
28.9	76.8	96.8	3.2	7.4	2.1	64.5	95.0	0
25.0	68.7	89.7	3.4	7.9	0.9	58.9	95.0	2
21.9	85.6	81.0	7.5	7.4	1.9	49.5	77.3	3
22.4	82.4	74.6	3.5	7.6	6.1	52.6	77.3	1
19.2	92.8	90.4	5.4	5.8	1.4	55.8	79.6	3
31.1	83.6	63.5	1.8	5.9	2.3	61.1	85.6	2
17.6	73.1	66.6	7.4	6.4	4.6	47.4	65.4	1
31.8	100.0	58.2	7.4	7.6	3.2	63.4	100.0	0
26.7	89.4	98.5	5.5	6.3	2.3	40.3	76.8	3
24.6	82.5	69.2	6.5	6.6	1.5	56.0	88.2	2
19.7	86.6	86.1	8.0	6.9	3.5	44.9	68.7	1
14.2	89.7	78.1	6.4	8.7	2.0	51.8	66.3	1
19.8	70.7	100.0	8.0	7.7	5.8	51.5	72.0	1
22.4	86.6	86.6	3.1	5.2	2.1	60.4	67.8	3
6.0	80.5	52.1	6.9	7.2	5.0	47.3	66.8	1
23.4	90.1	97.6	6.5	6.6	3.8	69.0	94.9	0
32.4	77.6	74.2	9.0	6.7	3.8	46.1	92.7	2
29.5	79.0	77.0	6.1	7.0	2.3	58.1	94.7	2
21.0	100.0	69.9	5.8	8.4	1.8	40.5	77.9	1
25.0	97.3	82.9	4.6	6.0	2.1	62.3	93.3	3
20.6	52.0	82.7	9.7	7.2	4.1	47.0	68.9	1
26.2	96.6	70.3	0.1	7.3	3.3	55.6	77.4	3
37.3	84.3	72.4	7.3	6.7	0.0	67.6	100.0	0
32.7	77.9	81.5	5.9	6.2	0.6	53.4	87.6	2
29.2	74.9	44.9	5.5	6.1	2.3	72.0	100.0	0
21.1	75.5	58.4	5.2	6.5	3.3	50.3	73.4	2
31.0	78.2	100.0	5.9	7.9	2.2	60.6	90.1	0
11.5	73.7	84.9	7.2	6.6	1.7	43.7	52.0	1
23.0	71.5	72.1	4.0	6.9	1.0	59.9	77.2	2
29.7	74.6	54.6	6.0	5.6	3.9	49.4	66.7	2
30.9	88.2	79.2	6.9	6.4	2.6	67.6	100.0	0
25.0	85.5	94.8	3.6	7.3	5.0	56.7	94.9	3
27.4	90.6	100.0	7.3	5.0	0.6	55.3	86.3	3
23.4	84.3	100.0	6.9	8.3	3.5	61.8	88.8	3
29.3	71.9	66.7	4.0	6.3	3.3	55.8	77.4	2
17.4	89.9	72.6	3.0	9.1	3.8	56.1	76.0	1
18.2	75.0	57.9	4.0	7.5	3.7	54.7	64.4	1
25.0	91.5	67.4	6.3	4.8	1.7	55.2	74.8	3
26.4	73.3	76.8	5.8	7.3	2.2	57.5	89.5	2
10.4	78.1	74.5	9.5	6.6	2.7	40.9	59.6	1
28.6	81.4	100.0	5.1	7.3	1.0	58.5	75.2	2
31.2	91.7	60.3	3.8	8.9	4.0	65.7	90.3	0
24.4	86.8	79.3	7.6	7.8	0.0	49.1	92.9	2
44.0	85.2	49.0	3.5	6.7	0.8	74.1	100.0	0
19.5	100.0	85.0	4.0	5.3	0.0	57.0	89.3	3
22.1	66.6	59.9	4.1	8.0	4.1	40.4	63.3	1
21.8	74.6	96.5	0.0	7.6	2.8	47.0	76.3	2
24.4	74.2	75.6	7.4	8.4	1.7	49.2	82.5	2
22.4	67.3	59.0	8.3	6.8	2.6	48.5	68.1	1
13.7	77.8	48.5	8.3	7.4	2.9	39.8	62.4	1
20.6	91.9	65.3	10.7	6.7	0.6	61.3	87.0	3
24.2	79.1	83.6	9.8	7.1	2.7	63.0	80.2	3
34.8	81.7	86.3	5.2	5.2	4.6	57.5	92.7	0
42.6	67.8	72.5	8.8	7.4	4.8	58.5	91.6	0
35.7	77.0	93.9	6.0	7.5	3.8	63.2	97.4	0
18.8	80.4	63.0	4.9	6.4	2.9	61.1	87.0	2
19.4	91.4	36.1	4.1	7.7	3.9	69.4	76.1	2
23.7	68.3	84.2	5.3	8.0	3.6	48.0	69.0	1
23.7	95.9	99.5	10.0	5.8	1.1	46.0	87.0	3
21.0	63.8	71.8	4.1	8.6	1.5	53.4	77.2	2
31.1	97.8	90.9	3.4	6.6	1.0	63.7	100.0	0
30.5	92.3	70.6	6.0	8.7	4.4	63.4	100.0	0
23.4	93.7	81.6	8.3	6.1	2.6	65.0	92.0	3
30.5	67.6	69.3	9.1	7.1	2.4	70.2	79.1	2
6.8	100.0	63.7	5.3	4.9	0.7	51.4	66.8	1
25.8	77.3	66.6	7.2	4.8	1.8	61.5	87.2	2
31.9	79.9	94.3	8.1	5.1	2.0	49.8	92.7	3
18.3	78.0	80.2	2.6	8.7	1.1	46.6	76.4	2
18.3	94.5	99.1	6.7	6.1	0.7	63.3	80.2	3
10.1	83.2	87.8	8.3	6.1	5.1	40.9	60.0	1
37.7	89.8	100.0	7.3	7.5	4.6	75.1	100.0	0
19.2	85.8	92.3	5.8	6.1	2.3	53.2	67.3	1
29.8	75.5	78.2	10.8	9.2	0.0	52.2	85.8	2
37.1	100.0	100.0	6.0	4.3	1.8	73.5	100.0	0
23.8	70.4	81.7	5.5	7.6	0.0	48.6	65.0	2
20.7	89.1	50.4	7.8	4.5	1.8	55.6	69.0	3
26.4	88.8	84.0	5.9	5.4	0.0	57.9	94.4	3
35.3	96.5	65.3	9.2	7.6	2.4	74.9	100.0	0
23.6	98.9	95.3	6.0	5.9	2.8	63.8	91.5	3
17.4	83.6	90.9	5.4	7.3	2.2	37.3	65.8	1
12.7	90.3	77.1	7.7	7.0	5.8	42.0	61.4	1
15.2	100.0	66.7	8.5	5.0	2.2	46.7	58.6	1
31.9	84.3	82.2	2.3	7.8	5.1	66.8	100.0	0
22.4	74.3	70.4	3.6	7.4	2.9	49.3	72.5	2
20.1	81.2	91.8	1.8	7.0	5.5	44.1	77.5	1
19.3	72.0	88.3	3.8	6.2	0.0	40.0	61.3	1
25.7	88.7	100.0	2.8	7.5	0.9	63.0	100.0	0
23.1	95.6	73.3	7.3	5.4	2.1	41.1	81.4	3
22.8	83.8	75.4	6.6	5.8	4.9	62.6	82.8	3
35.8	68.8	77.7	5.6	7.4	2.1	52.5	82.2	2
37.3	95.2	78.3	6.1	8.2	1.5	63.9	100.0	0
12.1	67.2	95.4	9.0	6.4	3.4	35.4	61.6	1
27.6	69.5	75.9	6.0	7.5	3.9	49.3	61.9	1
18.8	83.2	100.0	1.2	7.2	1.3	49.9	74.1	1
23.0	87.5	88.7	7.8	7.5	1.5	54.4	81.9	3
27.5	89.2	72.7	5.0	6.2	5.0	47.4	88.0	3
23.3	84.3	68.9	3.5	6.8	4.4	52.1	67.0	1
26.8	100.0	95.6	7.4	7.0	4.8	60.9	98.9	3
30.4	85.7	80.4	1.1	8.8	3.9	64.1	99.5	0
27.4	95.3	80.1	3.9	5.7	1.2	44.5	92.3	3
19.8	92.9	71.0	0.0	5.3	2.5	50.2	73.7	3
20.0	72.1	79.1	6.6	10.0	0.9	35.4	76.4	1
13.5	83.3	70.4	9.9	7.4	4.0	43.8	59.6	1
18.2	100.0	100.0	4.6	7.7	1.7	50.4	62.7	1
40.7	80.0	90.8	6.0	7.8	0.0	72.2	100.0	0
18.7	78.3	77.4	10.5	7.9	2.7	58.0	75.9	1
15.5	86.7	77.2	7.6	8.1	4.2	41.9	78.3	1
27.6	80.3	81.4	12.0	7.9	0.4	59.9	80.0	2
23.4	80.2	65.6	6.6	7.2	1.7	49.0	75.4	2
36.3	99.3	51.5	9.6	8.3	4.0	72.9	100.0	0
29.4	83.6	68.0	5.6	9.3	0.0	60.6	83.0	2
20.8	71.7	78.1	6.6	7.2	4.2	49.3	83.0	2
21.6	69.9	68.9	0.0	7.6	1.4	52.7	69.5	2
21.0	100.0	92.3	10.3	6.3	2.3	43.9	76.4	3
32.0	82.8	76.6	7.0	6.8	3.8	62.5	94.2	0
22.5	89.3	100.0	6.0	7.4	4.7	49.0	71.6	3
10.7	77.3	71.6	8.3	6.5	2.6	44.8	65.2	1
12.7	99.6	75.7	6.0	7.4	1.7	51.6	69.0	1
42.5	78.5	86.6	7.4	8.8	4.2	77.6	100.0	0
25.0	89.6	96.0	6.1	6.0	1.2	52.3	79.0	3
23.7	70.9	89.1	7.1	7.5	3.0	60.9	85.4	2
27.1	100.0	49.5	6.6	6.3	2.5	52.6	98.9	3
22.7	87.7	87.5	7.6	7.9	3.6	65.9	89.9	3
22.7	80.9	64.8	2.7	8.0	2.6	46.5	80.9	2
28.4	82.0	75.4	9.2	9.0	1.8	49.2	76.1	2
37.2	79.9	90.3	4.8	6.5	1.7	62.8	87.2	0
31.1	80.4	63.2	6.1	7.2	1.7	57.1	86.3	2
36.8	60.5	97.3	4.5	8.0	0.4	49.8	91.1	2
16.6	84.0	74.7	5.3	7.8	3.3	41.6	72.5	1
26.2	89.9	81.0	7.8	6.2	0.3	48.0	86.0	3
25.0	79.8	100.0	8.3	7.7	1.9	52.9	94.1	3
25.0	77.3	98.0	7.1	6.7	2.1	74.8	100.0	0
23.2	84.9	70.8	4.5	8.0	1.6	60.5	96.3	2
25.0	68.9	60.5	6.9	8.3	2.3	54.1	71.4	2
29.3	86.4	81.7	6.6	6.7	2.3	76.2	93.3	0
10.8	66.4	71.3	6.1	7.7	3.8	29.6	56.4	1
23.1	96.2	100.0	7.3	8.7	2.5	56.3	92.5	3
23.9	91.8	76.3	2.8	8.2	3.4	72.0	100.0	0
17.6	75.7	75.5	0.9	6.1	0.4	45.8	75.1	2
33.5	91.6	59.1	9.0	6.8	0.9	57.6	87.3	0
16.5	86.1	86.3	5.7	7.0	0.4	56.4	65.3	1
23.9	74.9	62.4	7.0	5.9	1.9	50.0	89.9	2
27.3	64.8	86.6	3.8	8.3	2.6	64.7	83.3	2
35.8	88.2	88.7	9.2	6.2	5.0	71.3	95.1	0
24.9	77.1	68.8	6.9	6.9	1.3	53.8	72.6	2
32.5	95.9	94.3	5.6	8.3	3.8	71.1	97.5	0
30.6	85.1	75.9	6.7	6.5	1.3	59.0	100.0	0
26.0	78.0	57.9	1.6	6.6	2.5	57.2	82.2	2
16.3	100.0	100.0	6.9	7.4	2.3	56.6	85.7	3
13.5	90.8	66.1	9.7	6.5	1.1	45.8	72.9	1
25.9	48.4	87.6	6.8	8.8	1.2	63.0	77.3	2
20.7	80.1	86.4	6.5	5.9	4.9	53.0	60.7	1
32.4	71.2	85.8	5.2	4.2	1.7	62.1	98.0	0
31.0	77.0	85.6	8.7	8.0	4.0	49.9	80.0	2
23.5	83.6	65.4	9.1	6.6	3.5	50.3	66.8	1
15.7	88.5	100.0	4.9	6.0	1.6	51.3	59.1	1
29.1	87.6	94.3	6.9	7.5	2.5	66.5	98.8	0
16.9	95.8	87.1	6.6	7.5	2.7	62.6	88.0	3
18.9	91.4	60.0	7.0	6.1	3.2	44.9	57.0	1
17.2	90.7	65.3	4.1	8.4	1.9	45.3	69.5	1
23.9	87.0	89.9	8.9	8.0	0.2	46.7	83.9	3
34.4	97.9	49.9	7.4	9.4	1.4	69.2	100.0	0
25.0	81.8	85.1	9.0	6.4	4.2	66.6	83.3	3
21.5	82.1	60.0	3.2	7.2	2.5	52.2	77.7	2
12.8	65.9	67.0	3.4	7.3	1.9	44.9	68.8	1
18.8	84.2	83.7	8.9	7.5	4.4	48.2	79.0	1
25.9	100.0	96.7	4.0	7.6	2.2	50.3	84.5	3
22.2	80.9	85.2	8.2	7.6	4.1	61.7	71.9	3
24.5	74.0	90.2	0.7	6.3	5.0	77.0	83.1	0
28.9	88.6	87.0	5.9	6.1	2.7	59.9	93.4	3
41.9	85.3	39.3	9.9	6.9	2.3	56.4	100.0	0
32.1	82.0	93.6	9.8	8.8	4.8	66.3	81.7	0
24.3	96.7	92.0	9.2	9.4	3.8	43.9	80.9	3
25.0	76.0	74.6	8.1	8.6	1.4	58.7	84.7	2
20.8	87.7	50.4	6.8	6.4	4.1	57.1	77.1	3
17.4	99.5	83.6	8.9	7.5	4.8	63.3	91.6	3
20.6	77.9	84.9	1.0	4.5	0.0	44.6	63.9	1
18.8	82.0	73.4	8.5	6.8	0.6	49.2	92.0	3
30.2	100.0	82.8	3.2	6.5	1.3	62.2	97.7	0
35.7	79.9	100.0	7.7	7.3	3.7	67.0	100.0	0
31.0	93.0	82.2	8.3	7.1	3.3	66.1	85.5	0
25.2	79.3	85.0	6.0	6.9	3.8	64.9	100.0	0
25.0	69.4	67.6	7.6	6.7	0.8	52.5	73.6	2
20.5	98.7	72.5	7.4	7.6	0.7	66.2	95.6	3
27.2	74.0	78.0	5.2	6.2	4.4	55.8	83.1	2
33.7	100.0	97.7	6.4	7.7	2.7	72.0	96.9	0
19.4	80.1	92.3	11.2	8.7	4.3	47.8	81.3	1
12.7	100.0	100.0	5.3	7.1	1.5	54.0	79.4	3
30.6	71.3	57.6	5.4	6.6	0.9	67.4	100.0	2
27.6	95.3	60.1	6.4	6.9	0.6	51.9	92.6	3
16.0	90.0	96.5	5.5	8.4	3.7	57.6	71.5	1
19.1	93.4	100.0	8.0	7.2	4.2	54.7	64.8	3
18.1	94.7	80.5	9.7	6.3	3.3	68.1	78.6	3
19.2	80.0	13.0	5.4	8.0	1.8	49.4	76.4	2
22.4	71.9	68.8	3.9	6.1	3.5	54.8	74.1	2
22.9	84.5	85.0	10.9	6.7	3.4	53.7	87.0	3
19.8	87.2	66.5	6.3	7.3	0.0	57.9	84.0	2
18.9	80.3	82.8	1.7	6.0	2.0	34.9	58.3	1
23.2	87.8	100.0	10.7	4.9	2.9	45.0	75.7	3
26.3	88.3	100.0	8.8	7.5	4.2	63.0	82.5	3
22.5	75.9	92.1	10.0	4.4	2.4	53.4	80.9	3
34.3	88.9	79.0	9.6	5.9	2.7	49.0	96.6	3
29.1	82.3	72.6	12.6	7.9	2.4	54.4	82.9	3
12.3	78.0	91.4	3.4	7.5	2.9	43.0	50.1	1
29.2	92.9	80.4	6.0	6.8	0.4	57.2	100.0	0
29.8	77.2	80.9	4.8	5.9	1.6	66.0	94.5	0
21.5	80.4	56.7	4.7	6.5	0.0	62.6	85.4	2
13.0	85.7	69.3	6.3	7.7	1.8	30.9	46.9	1
25.1	98.7	91.3	4.8	6.8	3.2	57.7	95.1	3
24.9	86.9	63.5	3.0	5.5	1.3	57.6	94.7	2
16.0	90.3	84.0	3.8	5.9	2.1	39.5	72.6	1
13.4	82.0	86.2	5.3	6.5	3.1	56.7	72.2	1
24.3	84.2	87.1	8.9	7.4	6.6	58.6	84.6	3
23.1	84.5	88.4	4.6	7.1	2.4	61.4	77.5	3
21.7	87.9	89.4	8.0	5.5	3.6	51.1	74.0	3
24.3	82.0	70.6	2.7	8.6	2.2	49.7	78.8	2
16.2	98.4	58.0	0.0	6.1	3.0	47.6	84.3	3
21.5	81.3	66.9	5.7	7.5	2.5	52.5	80.5	2
29.3	67.9	90.9	4.5	5.9	1.9	53.9	77.7	2
22.2	100.0	62.0	3.8	10.0	2.2	63.4	84.0	2
11.6	81.7	64.4	3.5	8.6	4.4	66.0	55.1	1
16.4	99.0	52.3	3.5	7.1	0.7	37.6	70.9	1
27.1	94.5	62.8	3.8	5.8	1.9	60.7	93.4	3
27.6	83.0	95.0	2.6	6.6	1.2	49.2	100.0	2
11.7	87.9	69.2	6.0	7.5	3.9	43.9	62.1	1
31.1	72.3	53.8	0.5	8.0	1.4	58.9	90.7	2
16.1	100.0	72.3	12.2	5.5	3.8	50.1	71.6	3
37.5	76.5	87.7	5.8	6.1	4.0	56.8	94.4	0
24.6	82.5	52.5	6.0	8.1	2.7	59.7	77.1	2
15.0	86.0	94.3	5.6	8.6	3.3	34.2	56.2	1
15.9	83.9	58.4	5.6	6.1	1.7	52.4	58.6	1
27.8	78.4	74.1	6.8	8.1	3.8	50.8	74.6	2
21.9	98.9	73.9	7.6	5.5	0.6	58.3	88.7	3
24.2	94.5	71.6	2.9	6.6	1.8	47.3	80.9	3
37.9	88.2	79.0	5.1	5.6	2.0	68.4	100.0	0
19.4	81.0	91.7	6.8	6.5	4.0	62.0	75.7	3
25.5	95.6	79.4	6.0	9.3	5.1	54.0	88.0	3
36.4	80.4	70.9	9.2	6.9	1.8	59.7	98.2	0
27.2	100.0	86.9	8.7	6.7	2.4	63.6	94.9	3
12.1	86.1	83.1	0.7	6.3	0.7	48.6	65.8	1
29.0	97.3	70.0	3.8	6.6	2.4	51.0	96.7	3
15.7	83.9	80.6	6.0	6.0	4.2	57.7	58.2	1
36.3	85.7	68.7	8.1	7.2	0.0	71.1	97.9	0
18.4	97.3	67.0	9.8	7.0	2.5	63.0	77.5	3
48.8	100.0	92.1	4.4	6.5	3.6	80.7	100.0	0
36.7	100.0	86.7	11.8	6.3	2.6	81.7	100.0	0
18.6	93.8	91.6	5.9	7.2	2.2	39.0	65.8	1
25.2	90.9	89.5	5.4	6.1	3.8	68.9	92.8	0
31.0	79.9	66.7	7.4	6.7	1.3	57.3	97.1	2
31.3	88.0	95.0	6.8	6.5	1.3	57.6	99.3	0
28.5	75.9	75.5	6.6	4.4	0.0	52.4	92.6	2
25.0	88.8	93.9	11.0	8.0	3.0	68.4	100.0	0
24.0	89.4	78.1	6.6	4.8	2.8	62.4	89.6	3
22.2	85.4	85.1	3.9	8.1	1.2	56.5	79.7	2
31.9	89.1	92.2	9.7	5.7	2.4	83.0	96.5	0
27.9	84.2	55.5	7.7	4.5	2.6	53.5	92.1	3
27.3	88.6	56.4	2.1	8.6	0.7	55.8	74.4	2
31.4	71.6	90.1	2.0	6.2	0.0	69.9	83.5	2
8.6	77.2	85.3	6.1	8.5	0.0	31.2	70.0	1
27.5	95.3	68.4	7.5	5.9	0.3	61.8	92.5	3
26.7	85.0	85.5	6.0	5.0	0.7	39.7	81.7	3
38.4	88.4	58.9	1.8	6.6	2.4	56.7	91.0	0
25.0	79.5	100.0	6.0	5.6	2.6	37.6	66.0	1
37.5	85.2	99.7	10.1	7.5	2.2	59.3	100.0	0
25.6	62.0	89.3	7.2	7.8	3.0	44.1	85.1	2
38.4	100.0	70.7	8.9	6.6	3.0	79.3	100.0	0
29.5	74.3	60.3	4.4	8.7	2.6	73.6	93.5	2
28.2	75.6	78.3	5.1	5.9	0.9	49.8	63.1	2
25.0	89.4	67.1	5.6	7.2	0.5	64.1	79.6	2
21.1	99.7	68.0	7.0	6.8	1.7	64.9	73.6	3
24.8	85.0	58.7	8.7	9.4	4.2	57.2	89.2	2
19.3	72.7	83.7	10.7	8.4	6.0	55.7	72.0	1
24.6	82.9	74.3	8.0	7.0	3.3	59.4	79.5	3
6.3	74.7	88.0	8.1	7.2	3.0	44.4	55.4	1
28.4	78.3	86.9	10.8	8.8	4.1	52.5	98.6	0
24.0	82.0	83.4	5.5	6.1	4.8	40.4	73.4	1
22.3	75.7	100.0	9.0	4.6	1.1	50.5	79.7	3
26.8	77.2	92.4	7.4	5.8	6.9	50.9	85.9	3
40.4	87.2	86.9	5.5	8.6	0.5	75.6	100.0	0
24.2	70.8	79.2	2.5	8.2	1.0	64.5	90.7	2
23.8	89.0	59.9	6.9	6.9	6.7	57.3	91.8	3
17.3	81.2	58.7	6.9	7.6	4.1	41.3	67.5	1
25.2	92.2	86.8	4.6	6.1	1.6	54.8	94.3	3
36.1	92.8	90.5	5.8	9.5	2.6	60.2	100.0	0
33.3	79.6	64.3	3.8	8.5	3.6	62.8	95.1	0
31.8	91.1	94.6	3.8	7.1	3.8	59.0	100.0	0
29.4	76.6	84.3	4.8	6.9	4.6	65.3	100.0	0
22.1	98.2	97.9	2.7	7.8	2.9	50.0	90.3	3
13.4	77.0	96.3	4.5	6.9	2.9	63.0	71.6	1
23.4	88.5	77.6	7.8	4.8	2.0	44.8	75.7	3
23.1	83.1	100.0	9.6	8.8	1.1	57.1	87.1	3
33.4	74.8	63.1	11.2	8.4	1.0	49.2	89.8	2
27.5	94.0	100.0	5.0	7.4	2.3	67.6	100.0	0
25.0	78.9	66.8	9.0	6.5	3.0	65.6	93.1	0
34.6	68.0	79.3	6.8	7.0	0.3	62.7	100.0	2
21.3	56.2	71.5	5.4	3.8	5.6	42.7	54.6	1
10.6	76.2	74.3	7.0	5.7	1.5	52.6	63.8	1
36.1	98.8	100.0	8.8	9.1	1.2	71.7	100.0	0
35.9	97.6	73.1	4.8	7.6	2.5	62.5	100.0	0
25.0	77.8	92.8	4.7	4.7	0.0	47.1	71.2	2
37.1	81.3	76.5	5.0	6.0	3.0	58.3	100.0	0
28.1	80.4	94.0	4.4	4.7	1.0	50.8	80.5	3
26.3	71.7	71.8	9.0	6.1	0.0	50.8	69.5	2
37.9	75.5	83.8	4.1	6.8	2.7	62.7	89.6	0
35.8	94.8	89.4	4.5	8.9	2.7	66.1	100.0	0
30.2	90.0	69.2	6.8	7.9	5.4	60.8	100.0	0
28.8	87.7	100.0	6.6	6.6	2.8	53.3	85.9	3
29.9	71.6	90.2	5.0	6.7	2.8	63.9	100.0	0
21.8	86.0	76.6	10.2	6.0	2.6	62.4	73.8	3
24.6	62.0	69.5	4.4	8.3	0.0	59.6	65.4	2
17.8	93.4	81.4	5.6	8.5	2.6	57.6	81.7	3
22.3	87.6	61.8	1.2	5.4	2.4	36.1	70.0	1
22.1	71.5	100.0	5.2	4.9	2.3	44.8	67.0	1
19.9	100.0	86.5	2.7	6.6	1.2	43.8	79.2	3
26.1	67.0	78.7	3.7	6.8	3.3	41.3	64.5	1
29.0	90.6	69.2	6.0	5.0	3.6	73.1	98.8	0
12.0	72.6	62.7	5.8	6.1	3.1	45.0	59.2	1
24.1	84.6	78.0	5.4	6.9	4.6	59.3	85.9	3
26.1	68.6	81.9	6.0	6.1	1.8	52.1	94.9	2
25.0	56.5	88.0	5.2	8.0	4.5	59.1	72.1	2
23.6	74.3	57.9	4.7	9.2	2.8	56.0	75.9	2
12.3	78.8	73.2	5.9	6.4	2.4	42.2	68.7	1
27.9	91.4	33.7	5.7	8.1	1.2	63.8	87.9	2
30.2	85.7	62.3	6.7	6.6	3.1	59.1	95.5	0
28.9	85.9	90.7	5.5	5.9	1.8	61.1	98.1	0
33.3	74.9	94.4	4.9	6.1	2.5	66.4	100.0	0
26.6	79.7	62.9	7.9	7.9	3.7	85.1	93.6	0
28.8	75.7	75.1	7.5	6.2	2.5	71.4	81.7	2
26.2	72.8	80.4	5.9	6.5	3.0	56.7	80.4	2
30.5	79.1	96.2	9.0	5.6	4.8	52.7	88.3	3
25.0	85.7	100.0	6.2	7.8	3.3	30.2	55.5	1
17.9	79.3	82.3	5.6	7.5	1.5	59.9	78.0	2
37.7	81.8	76.1	5.8	8.7	1.9	73.9	100.0	0
5.3	91.9	58.3	6.4	7.7	2.7	38.1	53.3	1
23.9	80.0	81.6	3.7	7.5	5.7	54.3	73.8	1
34.4	71.7	100.0	1.3	7.7	0.5	63.1	100.0	2
24.3	90.6	99.4	6.7	6.7	2.8	61.2	77.6	3
21.8	87.7	82.6	8.1	7.1	4.5	66.9	85.7	3
26.0	88.3	84.6	3.5	8.1	3.4	48.0	79.1	2
22.2	91.3	69.7	8.7	6.0	2.3	60.4	72.0	3
25.2	89.6	74.6	1.9	9.0	0.0	59.0	87.1	2
19.5	85.3	82.2	4.6	7.8	4.8	48.6	70.1	1
33.9	100.0	82.3	10.3	9.4	1.8	71.5	100.0	0
36.4	72.2	95.2	6.9	5.6	1.1	62.3	97.9	0
23.9	79.1	94.4	5.2	5.6	2.9	54.2	82.3	3
13.9	94.7	87.8	6.6	7.4	4.6	52.0	65.5	1
20.8	86.4	65.0	9.0	7.1	3.1	50.1	73.4	1
23.5	92.6	65.6	2.4	6.5	2.0	61.4	89.7	3
29.0	86.7	66.7	9.3	5.5	2.9	56.8	82.7	3
16.9	98.7	83.5	4.8	6.7	2.7	65.2	83.2	3
18.8	74.9	49.6	7.8	7.3	1.8	52.1	76.3	2
29.1	98.4	79.9	4.5	5.4	2.6	56.6	99.4	3
32.5	96.7	100.0	10.2	6.5	1.3	66.2	96.6	0
20.0	72.9	90.0	5.9	7.5	1.0	58.4	73.8	2
14.3	91.3	74.7	2.7	7.9	3.3	37.6	68.8	1
25.0	84.6	69.5	7.2	6.7	1.9	85.6	100.0	0
31.3	78.9	92.1	9.3	6.0	2.5	62.8	81.4	3
22.9	66.1	84.6	9.0	7.1	1.3	51.8	78.1	2
32.0	74.9	76.3	6.2	6.8	1.6	55.1	87.0	2
24.0	92.1	71.2	8.0	5.2	1.8	59.4	91.6	3
31.9	93.1	81.1	4.9	6.5	1.6	56.3	90.5	3
26.3	82.9	75.5	7.5	6.3	1.9	42.2	80.8	3
25.7	93.2	91.8	6.0	7.0	2.8	52.9	72.2	3
24.1	94.5	98.6	0.0	6.1	4.6	55.2	90.4	3
13.4	86.5	59.5	3.5	6.3	3.6	52.6	66.4	1
40.5	77.8	61.6	6.5	6.8	2.0	65.4	100.0	0
17.5	89.4	100.0	6.4	7.8	1.6	42.9	71.5	1
23.3	91.7	63.0	6.2	10.0	1.5	56.4	85.8	2
17.3	93.7	94.7	9.0	5.5	0.9	56.9	79.7	3
24.6	71.4	85.1	6.9	8.1	2.6	60.2	83.5	2
30.5	79.9	100.0	0.2	6.9	5.0	49.6	75.8	2
33.0	66.0	76.5	10.9	5.3	1.9	60.0	95.7	2
22.6	82.9	58.3	8.4	5.2	2.2	47.8	80.9	3
25.4	89.3	100.0	2.1	7.1	1.8	70.9	91.5	0
28.3	70.2	94.2	9.6	6.6	4.4	53.0	73.5	2
10.9	99.0	100.0	5.3	6.2	0.0	55.7	94.3	3
13.3	92.7	78.5	1.0	8.2	3.6	43.8	56.3	1
41.3	86.2	62.4	7.8	6.8	0.1	69.0	100.0	0
21.8	83.1	71.0	7.0	7.3	3.4	64.0	80.3	2
23.5	82.3	53.6	7.5	7.2	1.5	51.0	79.2	2
18.8	78.6	66.2	8.4	7.1	4.0	52.3	60.9	1
20.0	98.0	86.4	6.0	6.6	2.4	43.4	78.2	3
32.5	72.3	76.6	4.0	9.7	3.4	57.2	100.0	2
12.6	81.2	68.1	4.9	8.7	2.5	50.6	66.8	1
37.0	86.3	53.4	9.0	7.0	0.6	59.4	100.0	0
34.5	94.0	82.7	3.9	6.9	1.7	67.4	100.0	0
22.8	79.0	85.7	1.4	8.3	0.1	51.3	82.8	2
27.5	79.6	65.1	3.5	6.1	1.2	37.7	80.1	2
24.9	85.2	72.0	7.5	9.1	0.0	57.1	94.6	2
40.8	93.7	100.0	5.2	7.9	6.0	79.1	100.0	0
25.0	71.3	97.4	7.5	6.7	2.5	41.4	73.7	1
26.2	90.1	57.7	1.0	7.3	3.3	53.3	82.8	2
21.6	80.4	78.7	0.0	7.8	1.2	63.2	83.5	2
13.5	81.8	100.0	6.7	6.5	3.3	51.6	59.4	1
42.5	100.0	76.8	8.5	8.2	3.7	69.4	100.0	0
15.5	83.0	76.0	6.0	8.5	3.9	51.3	70.8	1
26.8	92.5	96.4	7.3	6.7	2.4	54.3	96.8	3
11.1	92.2	94.8	9.0	6.4	4.0	65.7	73.3	3
21.8	73.2	94.0	6.0	6.9	1.6	59.0	92.6	2
28.4	66.5	76.1	8.3	5.6	3.1	69.1	91.1	2
18.4	93.2	89.9	6.5	5.0	2.6	53.5	77.5	3
22.8	68.4	79.3	8.1	5.8	0.0	56.2	88.6	2
34.3	95.3	73.9	10.8	9.1	2.1	74.4	94.5	0
35.9	74.8	98.5	4.6	6.5	2.1	72.9	100.0	0
20.3	77.3	100.0	5.8	7.5	2.1	39.2	74.7	1
25.6	100.0	100.0	3.5	6.2	4.1	60.8	97.0	3
26.5	68.4	74.4	6.4	9.1	4.6	43.1	80.4	2
30.0	72.4	75.9	5.6	6.8	3.5	53.9	83.9	2
25.1	80.4	64.6	8.9	5.5	3.4	60.3	82.4	3
26.5	82.6	81.8	9.5	7.8	2.4	67.3	89.3	0
23.1	76.1	63.9	8.0	7.3	2.8	55.4	73.5	2
25.9	73.4	72.1	8.6	8.4	3.1	46.8	67.4	1
35.4	100.0	90.5	4.2	6.8	2.7	71.0	100.0	0
30.2	87.6	85.8	3.6	7.1	3.4	54.4	94.8	0
30.6	90.9	52.8	7.1	5.2	2.6	59.4	100.0	0
30.8	83.6	100.0	6.1	8.0	1.8	61.3	88.2	0
23.8	87.9	63.7	11.0	7.1	2.9	51.0	85.0	3
27.6	94.3	65.6	1.2	6.9	2.1	64.6	91.8	0
16.3	75.0	61.4	7.5	6.7	4.7	54.1	69.5	1
35.2	87.6	70.1	7.5	6.7	1.9	72.2	98.2	0
24.3	100.0	66.9	3.6	5.9	5.0	57.2	99.2	3
34.1	100.0	43.0	5.2	7.9	0.8	56.4	96.4	0
14.1	85.7	81.9	1.9	5.1	4.4	39.9	69.1	1
28.2	96.4	83.5	9.6	4.7	2.3	73.6	93.9	0
19.6	58.3	100.0	12.8	8.7	3.3	60.5	60.5	1
22.0	100.0	87.3	5.1	5.8	4.9	66.6	88.2	3
32.6	77.7	72.6	4.4	7.1	1.3	56.7	100.0	2
26.6	82.6	62.0	2.7	6.7	1.8	70.0	84.9	2
8.7	89.4	78.6	3.3	7.4	3.6	43.7	55.1	1
25.0	87.0	72.4	9.0	8.3	0.0	68.8	100.0	0
28.6	100.0	80.9	14.0	5.3	3.9	70.9	100.0	0
39.0	81.2	100.0	6.0	7.8	3.1	70.5	100.0	0
38.5	74.1	74.2	3.7	6.9	2.5	75.3	100.0	0
22.3	100.0	51.7	3.1	5.2	2.7	56.8	93.7	3
45.0	90.3	93.1	7.1	6.4	5.9	70.8	100.0	0
25.2	100.0	84.7	6.9	5.1	4.0	56.5	85.5	3
17.3	93.6	54.4	6.3	5.0	1.2	43.4	82.3	3
19.9	71.8	86.4	4.9	6.5	2.7	29.7	65.4	1
6.9	91.5	65.0	9.4	8.4	4.3	51.7	57.2	1
37.9	75.2	86.6	7.9	7.4	4.2	62.9	100.0	0
37.8	85.1	100.0	7.8	8.6	0.2	71.7	100.0	0
16.9	84.2	77.3	6.9	7.1	1.7	54.8	84.1	3
23.2	68.8	96.2	5.5	8.9	0.8	53.9	69.7	2
25.8	76.9	61.6	4.2	8.7	3.5	62.9	90.1	2
17.3	100.0	57.2	7.3	5.9	1.1	61.0	84.4	3
11.0	87.4	100.0	7.1	7.1	4.8	39.2	64.0	1
23.3	83.2	84.6	7.4	6.1	4.4	66.5	88.1	3
22.4	100.0	89.6	2.1	6.8	2.1	63.3	87.8	3
21.9	81.0	97.3	6.8	9.0	0.6	47.0	81.0	2
26.8	84.1	72.1	5.2	6.2	1.3	52.8	87.7	2
36.4	94.9	92.4	3.8	5.6	3.2	57.2	100.0	0
22.6	81.0	90.1	6.0	5.7	3.8	58.8	91.2	3
26.4	77.5	60.6	6.4	6.5	2.4	55.1	72.8	2
30.8	62.5	100.0	11.9	10.0	0.0	38.8	82.8	2
29.4	75.6	99.6	7.2	8.8	3.5	54.3	87.5	2
20.1	75.5	60.7	5.3	3.6	0.0	48.5	78.2	2
25.8	86.6	83.0	5.7	7.0	0.0	58.1	92.4	2
29.4	78.9	76.5	3.1	6.2	4.0	47.3	89.0	2
16.0	100.0	100.0	9.1	8.2	0.7	52.9	75.4	3
36.5	99.0	100.0	6.8	5.8	2.6	68.6	100.0	0
19.2	87.2	77.4	3.3	6.3	1.3	56.9	91.5	3
26.5	93.1	91.1	6.0	6.2	2.8	70.6	92.9	0
30.1	92.5	100.0	3.7	7.8	1.7	60.8	86.6	0
28.9	84.9	78.3	6.3	8.2	1.9	62.0	84.7	2
26.3	82.4	72.5	4.5	6.0	1.7	50.4	85.8	2
13.3	73.7	66.7	4.0	8.0	1.5	40.8	54.5	1
25.0	89.6	84.1	5.9	5.6	1.2	44.7	83.6	3
16.2	100.0	78.0	8.5	7.7	3.8	69.3	84.3	3
32.5	58.3	72.4	8.2	6.4	1.8	64.4	86.1	2
19.6	79.7	73.2	7.8	8.1	0.8	44.6	74.9	1
23.7	72.5	88.6	7.2	4.1	1.9	61.3	84.4	3
36.0	85.7	68.0	4.8	6.1	1.7	58.8	94.2	0
29.0	81.7	76.3	8.8	8.4	1.9	59.5	85.2	2
16.4	78.9	93.5	1.7	6.8	3.6	49.6	80.6	1
16.9	91.9	83.7	7.1	5.0	1.6	48.1	73.0	3
20.2	100.0	64.3	8.1	6.2	1.9	49.1	83.6	3
28.2	100.0	79.6	5.8	7.5	3.5	70.2	87.0	0
27.9	77.6	86.6	4.2	6.0	3.2	58.2	100.0	0
18.3	66.8	94.8	5.9	8.4	1.5	61.3	77.9	2
15.7	90.6	68.7	4.1	8.3	3.9	42.5	54.0	1
23.5	93.1	69.6	8.4	8.2	3.8	56.3	79.5	3
42.3	100.0	70.3	7.1	6.4	3.0	80.0	100.0	0
25.3	82.7	86.1	6.0	8.8	2.2	50.5	100.0	2
39.5	78.9	88.9	7.9	8.3	0.9	70.8	100.0	0
15.6	86.2	95.8	8.2	6.8	0.4	52.2	82.6	3
12.4	81.7	78.6	4.1	5.0	2.4	57.3	80.4	3
16.0	91.6	58.9	2.2	4.2	2.5	54.5	67.4	3
34.5	94.7	90.0	6.7	8.2	2.1	51.6	95.8	0
39.0	95.5	82.4	8.3	5.1	2.3	61.0	100.0	0
18.7	90.1	80.9	2.0	5.9	4.5	45.3	85.5	3
21.3	87.5	60.7	6.2	7.6	4.9	50.7	95.3	3
15.6	92.9	77.1	8.8	5.4	0.8	60.6	96.8	3
30.7	87.1	87.2	9.8	7.3	2.6	61.4	96.8	0
26.8	85.5	73.6	9.3	8.8	3.5	56.2	83.0	2
25.1	87.1	72.2	5.5	8.3	5.1	60.9	87.0	0
13.8	84.1	56.9	5.1	4.0	5.8	42.6	74.2	1
38.1	89.3	95.4	5.1	7.9	3.6	65.7	100.0	0
21.0	79.3	76.1	6.3	7.0	2.6	51.2	81.0	2
29.3	96.3	81.3	3.1	6.9	2.0	60.9	88.1	0
13.4	89.7	69.0	2.6	7.0	6.2	44.2	82.9	1
23.5	86.5	55.2	0.3	8.3	1.3	45.6	83.4	2
27.3	78.0	72.0	5.9	9.0	3.7	64.2	89.6	2
27.6	93.2	74.4	6.0	5.6	2.1	58.8	98.4	3
26.2	87.1	84.4	1.0	7.1	0.5	66.2	86.2	2
29.0	77.4	74.7	5.5	8.7	5.1	61.9	82.5	2
16.0	84.4	69.2	5.5	6.8	0.0	53.5	71.3	1
25.9	90.5	80.7	9.1	7.3	3.6	77.5	96.5	0
25.0	89.9	68.1	3.8	9.5	2.0	68.4	77.0	2
25.6	85.9	99.8	1.1	7.9	3.1	63.7	84.6	2
14.8	95.3	82.3	4.7	9.5	2.5	52.6	59.4	1
14.5	97.4	88.4	4.3	9.1	3.4	59.9	76.0	3
7.3	92.4	76.3	0.4	6.7	2.1	38.7	58.9	1
31.5	79.1	83.0	6.6	7.4	3.9	64.9	100.0	0
25.0	74.4	66.6	3.0	9.5	3.9	69.5	96.0	2
31.7	79.6	62.3	5.8	5.6	4.8	67.9	88.3	0
27.5	100.0	80.2	5.1	7.9	4.4	60.0	89.8	3
7.9	87.8	88.6	3.3	7.9	2.3	47.5	74.8	1
16.8	100.0	50.8	8.2	6.7	3.5	50.1	68.7	1
26.4	83.8	72.5	5.3	6.5	3.1	51.6	100.0	3
26.1	82.4	100.0	6.1	6.7	3.1	67.8	93.0	0
23.2	84.3	87.2	7.5	7.8	0.5	51.8	71.0	2
28.0	84.1	100.0	6.7	8.8	3.6	55.3	78.7	3
25.1	77.3	70.5	6.4	7.9	3.4	52.3	87.3	2
26.0	73.5	73.1	3.9	5.5	5.2	50.3	85.1	2
19.9	90.0	94.5	3.2	8.8	4.2	48.0	80.2	1
32.9	95.5	89.4	6.4	8.4	2.7	51.0	95.3	0
21.6	100.0	78.6	3.6	6.7	2.3	44.5	80.0	3
14.4	80.7	61.1	8.0	6.2	1.0	46.4	62.0	1
18.8	81.5	97.4	5.7	5.9	5.2	54.8	78.6	3
22.2	77.3	100.0	7.6	8.3	0.9	40.7	86.6	2
33.0	96.3	56.4	3.5	4.7	0.0	65.5	100.0	0
24.7	93.1	100.0	3.1	8.3	3.8	67.1	92.9	0
23.5	76.2	73.0	6.0	6.5	2.6	50.5	86.4	2
15.0	76.0	75.0	5.6	7.3	2.9	40.2	60.4	1
31.3	94.5	84.0	8.3	3.0	2.8	62.2	100.0	3
19.8	88.8	61.9	2.5	4.9	0.9	57.1	87.4	3
24.2	92.6	79.4	5.3	6.2	3.1	52.8	78.7	3
36.8	76.2	55.8	9.3	5.9	2.0	71.2	90.9	0
29.1	66.2	87.1	2.1	7.9	1.8	60.3	83.6	2
12.0	76.3	100.0	11.7	7.4	4.6	58.4	74.9	1
10.8	91.9	70.4	6.5	9.3	3.7	34.3	50.4	1
24.5	100.0	77.5	4.0	7.6	0.0	47.8	88.0	3
15.3	80.7	78.2	6.9	6.2	2.8	45.4	66.9	1
30.2	100.0	94.8	8.8	8.5	4.1	52.6	91.2	3
25.3	93.3	86.1	3.9	6.4	0.6	69.8	96.0	0
26.3	71.1	93.8	4.3	6.4	1.2	57.1	69.2	2
19.3	87.1	72.4	6.6	7.0	4.0	50.1	85.8	3
47.7	60.7	29.5	5.5	8.3	0.0	72.1	100.0	2
22.8	91.4	90.0	7.0	8.2	4.3	54.2	88.5	3
27.8	96.7	61.7	8.1	9.4	2.2	54.5	100.0	0
25.8	89.0	75.1	6.4	8.2	3.1	61.9	88.6	0
22.9	84.4	91.2	4.3	5.5	2.4	58.8	71.6	3
25.0	83.3	57.0	5.9	7.6	4.2	56.4	63.7	1
16.3	82.7	96.3	10.4	8.9	0.9	55.7	85.0	3
15.9	73.2	78.1	6.8	5.2	3.5	58.8	67.5	1
28.2	78.1	100.0	9.1	7.0	4.5	51.7	80.8	3
20.8	80.8	66.5	4.7	5.7	0.5	69.5	75.8	2
4.4	86.1	52.8	6.0	7.2	1.4	54.7	59.0	1
28.6	79.4	79.6	8.0	8.4	5.0	71.2	100.0	0
24.7	76.3	88.8	9.7	8.6	4.1	53.4	80.4	2
35.8	92.6	90.1	9.1	6.8	1.3	60.4	94.4	0
28.0	88.7	63.0	3.2	7.8	0.7	60.1	99.6	0
13.2	79.6	55.6	8.9	5.2	2.9	48.9	47.1	1
7.2	90.1	75.3	10.2	4.9	3.0	50.3	64.0	1
19.2	80.5	87.7	4.6	8.3	2.4	50.3	71.8	1
20.0	85.6	87.0	3.8	3.4	6.0	59.8	77.6	3
32.5	94.8	100.0	5.9	6.2	3.5	61.0	86.1	3
24.9	79.0	74.4	6.4	7.8	1.2	55.9	81.9	2
34.1	73.3	52.3	5.1	7.3	4.1	67.0	91.8	2
14.4	83.5	97.9	3.0	3.6	2.6	49.2	62.2	1
32.7	71.4	82.9	9.7	7.6	1.5	55.2	85.8	2
30.8	82.2	84.2	3.9	6.0	3.9	53.6	73.3	3
35.6	60.4	99.0	6.3	6.3	2.8	64.5	64.8	2
25.7	90.3	79.7	2.3	6.2	1.0	68.3	91.2	0
28.1	83.2	97.6	2.1	4.8	2.7	67.2	90.6	0
18.1	96.8	88.3	4.9	6.6	1.1	51.0	74.5	3
35.2	87.2	70.2	8.1	8.5	2.8	72.0	100.0	0
31.7	96.9	89.3	0.9	6.5	0.0	62.4	88.8	0
31.6	83.7	69.4	9.5	6.2	3.6	81.1	87.0	0
17.2	85.0	93.3	8.0	5.5	1.9	68.2	76.9	3
40.9	69.3	82.4	6.5	5.8	1.7	70.9	81.8	0
26.9	97.4	85.7	6.4	7.3	0.5	53.4	82.9	3
30.2	83.5	100.0	7.7	10.0	0.9	56.6	86.4	2
12.8	74.9	85.3	11.8	8.2	5.1	41.8	62.4	1
41.9	92.4	81.1	8.2	7.7	3.8	76.4	100.0	0
33.2	80.7	78.0	2.9	7.6	1.2	59.7	97.0	0
17.0	94.1	84.7	6.4	8.3	5.2	67.4	76.6	3
20.0	80.6	100.0	7.9	7.3	2.4	48.9	70.2	1
31.3	77.8	70.8	5.7	7.5	1.3	74.1	92.4	0
33.2	80.8	69.7	4.7	5.3	0.9	70.8	97.8	0
14.8	64.9	99.3	7.4	6.6	0.9	50.7	62.2	1
33.7	92.2	71.5	3.5	6.3	1.4	58.3	100.0	0
33.4	83.8	83.2	8.2	6.3	1.2	74.6	100.0	0
17.5	82.3	71.1	4.9	6.2	3.9	65.3	89.1	3
37.8	82.3	54.8	0.7	8.7	6.4	67.5	100.0	0
13.3	85.1	83.0	4.9	6.6	2.1	57.1	75.0	1
20.0	91.5	96.7	5.9	6.8	2.2	54.5	89.9	3
28.8	84.5	79.1	7.4	9.7	0.0	70.6	100.0	0
18.2	71.4	57.8	7.1	7.9	1.1	42.2	65.1	1
27.1	90.8	81.6	2.8	7.0	0.1	66.4	85.2	0
26.9	90.0	68.7	6.3	8.3	3.7	39.8	77.6	1
23.5	87.1	40.7	6.0	6.2	5.4	46.9	72.5	1
31.7	95.8	78.8	5.1	6.5	0.9	55.2	96.3	0
23.2	85.3	87.8	3.5	6.6	2.2	55.3	86.4	3
26.9	96.1	97.7	5.9	7.3	2.1	52.9	85.7	3
34.2	99.1	100.0	13.8	7.6	3.5	58.9	96.9	0
31.3	90.8	89.8	10.6	5.9	2.7	60.8	74.0	3
31.3	77.5	94.0	3.5	7.5	5.7	59.1	85.1	2
29.2	97.4	100.0	5.2	6.4	3.8	51.4	99.7	3
18.0	70.0	99.0	6.4	6.8	1.6	42.6	78.0	1
14.7	81.1	74.5	8.3	5.6	0.1	55.7	76.7	3
24.4	81.6	90.2	5.7	5.2	4.6	75.3	97.5	0
17.8	76.3	88.7	4.2	5.6	5.3	60.7	72.4	1
31.3	93.7	100.0	8.9	7.9	3.1	59.9	89.1	0
31.5	88.8	77.7	2.9	7.6	1.6	65.1	100.0	0
9.8	77.9	68.8	6.5	9.3	0.8	44.0	52.8	1
18.4	91.1	72.7	2.3	7.0	3.3	51.4	81.0	3
25.0	83.4	93.5	3.4	7.1	0.0	48.3	83.3	2
21.3	76.1	51.2	7.9	7.4	3.8	54.5	84.6	2
28.6	77.9	35.0	4.3	5.7	1.9	45.1	80.3	2
23.1	89.4	93.4	1.3	8.1	1.8	51.1	92.3	2
20.3	94.4	84.1	4.2	7.5	0.9	54.1	83.7	3
35.4	80.1	80.3	3.9	5.9	0.3	81.5	100.0	0
25.0	90.4	60.4	2.8	7.4	2.4	48.3	68.9	1
34.9	100.0	54.4	7.4	7.9	2.8	74.4	100.0	0
20.6	72.4	70.5	2.1	5.4	2.4	50.5	62.4	1
24.4	88.6	85.4	6.0	8.3	4.1	67.4	87.2	0
20.8	93.3	71.2	6.3	6.5	2.6	56.7	77.5	3
37.3	84.0	93.5	5.1	3.3	3.6	71.8	92.3	0
15.2	97.4	65.7	5.0	8.2	0.3	52.3	77.0	3
25.1	100.0	72.2	4.2	8.6	1.8	63.0	87.9	0
29.2	88.4	90.5	3.0	5.7	4.7	56.6	82.3	3
12.1	82.7	74.3	4.4	5.0	4.0	60.2	70.9	1
17.6	94.8	75.1	7.6	8.6	3.0	48.8	68.9	1
23.8	93.4	70.3	4.9	6.3	1.9	49.8	92.8	3
17.9	59.8	67.6	6.4	8.6	1.1	48.6	81.0	2
18.5	85.0	85.3	8.8	4.8	1.7	65.7	87.2	3
22.2	81.1	87.3	7.5	8.7	3.5	48.7	73.8	1
30.2	89.0	83.4	2.8	8.3	0.0	59.6	97.0	0
22.3	83.1	70.8	7.1	7.6	5.2	56.1	74.9	1
33.6	84.1	77.0	8.6	4.6	4.4	52.9	97.4	3
17.0	76.4	100.0	4.5	6.6	4.3	38.9	71.7	1
40.4	100.0	100.0	4.9	5.0	2.7	70.9	100.0	0
19.7	76.5	81.5	6.5	6.4	3.1	43.3	76.7	1
25.0	71.0	77.3	6.0	7.5	2.0	44.2	68.3	1
25.0	85.2	94.3	4.7	5.6	5.7	41.9	64.9	1
33.6	84.7	49.0	0.9	8.6	2.3	63.0	97.6	0
22.3	96.7	100.0	2.8	8.3	1.8	57.7	77.5	3
23.0	72.7	100.0	6.9	7.3	2.1	37.0	74.6	1
23.7	79.6	96.3	11.0	7.5	1.4	64.7	83.2	3
33.1	63.5	48.5	5.9	6.4	3.7	59.9	78.1	2
23.6	98.7	91.5	9.3	7.7	1.7	52.7	80.5	3
43.8	87.5	100.0	3.4	6.3	2.3	77.6	100.0	0
26.1	80.4	100.0	4.4	6.8	4.5	48.8	77.1	3
33.5	71.8	58.9	0.1	6.4	4.1	58.5	86.0	2
25.0	72.7	95.2	6.9	8.7	1.0	50.4	69.6	2
24.7	89.1	100.0	3.8	8.4	4.3	62.5	96.4	0
20.3	73.9	80.4	7.5	5.8	0.4	60.3	69.7	2
27.7	86.0	58.2	4.7	8.6	0.2	61.5	91.2	2
29.1	100.0	92.4	11.1	6.0	2.0	60.4	91.8	3
20.4	81.5	95.8	10.5	9.2	2.9	43.0	75.4	1
26.3	75.4	77.9	0.2	8.9	2.2	52.6	84.0	2
25.0	88.8	62.1	7.5	9.6	3.2	66.2	98.9	0
41.6	72.7	94.7	4.1	7.4	1.9	62.8	100.0	0
31.8	100.0	68.5	7.6	6.7	0.0	60.5	99.4	0
39.9	99.0	86.0	2.6	6.6	2.2	61.4	96.5	0
20.0	83.4	100.0	9.6	7.5	0.2	46.9	85.3	3
30.6	76.0	55.1	8.6	5.8	2.5	48.4	97.2	2
35.7	80.7	93.6	2.5	4.1	0.6	66.0	92.7	0
17.8	82.0	76.9	5.5	6.5	3.3	51.1	61.3	1
21.1	88.8	77.3	6.4	7.0	4.5	54.9	90.5	3
38.9	95.4	87.7	7.8	7.7	0.0	65.8	99.1	0
17.2	74.6	68.4	6.0	7.5	0.0	44.7	79.5	2
14.3	95.1	62.4	8.0	7.2	2.0	47.7	82.0	3
25.0	91.2	53.2	5.8	8.4	4.2	63.4	100.0	0
34.6	79.9	98.5	7.5	6.0	2.7	64.1	95.4	0
28.5	74.1	74.4	2.6	6.2	1.9	71.2	83.5	2
25.0	86.2	88.5	5.9	9.5	0.9	55.0	85.2	2
21.5	74.4	72.7	8.9	3.2	3.6	47.8	78.0	3
27.3	95.2	62.6	9.5	8.3	4.8	57.9	93.1	0
37.6	73.8	89.8	6.4	7.7	0.0	60.6	100.0	0
26.9	90.5	84.9	5.8	7.0	2.9	55.0	96.4	3
42.3	84.2	76.4	9.4	8.1	6.3	65.0	100.0	0
17.8	79.4	84.5	5.7	7.9	1.6	55.4	97.7	2
24.8	84.0	65.6	8.9	5.2	2.2	61.3	90.0	3
22.0	95.8	95.9	5.7	5.8	2.4	62.6	90.5	3
16.3	73.1	99.4	6.1	6.4	1.9	56.6	75.1	1
23.8	80.9	91.4	3.2	4.5	4.1	52.2	83.3	3
25.0	77.5	74.4	2.9	7.0	5.2	46.1	84.5	2
29.2	84.6	80.9	8.4	7.8	0.0	74.4	100.0	0
42.4	78.2	100.0	10.3	8.4	1.1	51.6	80.3	2
25.0	67.3	99.2	6.3	7.1	4.4	54.1	80.2	2
34.2	74.4	100.0	5.6	6.1	3.4	51.1	76.2	2
25.5	100.0	68.3	8.6	7.3	3.2	62.2	100.0	0
38.4	87.5	66.9	6.8	6.9	3.5	59.8	90.1	0
44.2	87.1	82.0	0.0	7.9	2.6	79.7	100.0	0
29.2	82.2	86.1	8.5	6.9	3.2	61.0	84.9	3
17.1	84.5	77.9	2.7	8.1	2.0	61.8	68.5	2
20.6	80.7	74.2	6.0	6.7	2.2	53.3	75.1	2
27.3	90.3	99.0	4.9	8.5	2.4	67.7	76.6	0
28.7	86.0	78.6	4.4	7.2	1.9	51.2	99.5	2
30.6	73.3	61.8	6.1	6.3	3.2	66.3	94.6	2
28.7	87.5	63.5	8.2	6.6	2.9	58.6	84.3	3
25.1	60.4	83.7	6.1	7.9	0.0	54.6	82.1	2
19.9	89.1	100.0	9.5	5.5	2.2	60.3	84.7	3
28.2	70.9	65.4	9.8	6.8	2.5	59.7	77.9	2
39.8	84.0	75.3	9.8	8.3	4.8	61.6	100.0	0
33.2	73.1	100.0	5.9	7.6	2.1	57.2	88.9	2
29.3	85.0	72.7	4.8	5.6	2.6	51.8	96.7	3
33.2	90.8	86.8	5.9	7.4	2.4	68.9	96.8	0
22.0	100.0	100.0	8.8	5.4	4.5	53.9	73.7	3
20.9	69.6	65.7	8.7	7.2	0.7	47.8	80.6	2
19.0	94.8	75.4	0.0	8.7	1.3	55.0	79.1	2
24.0	86.3	72.7	6.8	7.1	1.2	54.2	83.4	3
21.6	80.5	57.2	0.1	5.6	2.5	62.1	84.1	2
34.7	92.6	100.0	6.0	6.8	0.3	70.8	96.3	0
21.2	82.6	71.2	4.7	7.2	4.7	58.7	77.8	2
18.6	92.2	66.9	3.9	8.3	3.1	49.6	72.7	1
40.5	75.1	73.3	8.1	8.3	3.4	72.0	100.0	0
21.4	78.7	93.9	4.4	5.7	5.7	56.6	88.1	3
26.2	94.4	81.7	6.0	6.6	2.0	49.7	80.3	3
28.6	99.9	68.1	3.7	7.5	3.8	59.6	87.5	0
15.9	84.6	86.1	6.2	6.3	3.4	48.3	82.4	3
34.9	57.1	92.2	8.4	7.6	4.8	70.9	84.6	2
30.1	83.0	79.6	3.8	5.4	3.5	56.9	90.2	3
19.6	82.7	95.2	6.1	8.2	3.1	61.8	85.5	3
25.0	88.4	77.3	6.0	7.1	1.5	50.7	73.5	3
25.3	80.2	100.0	5.1	7.2	1.8	58.1	78.9	2
27.1	93.4	68.6	7.9	8.0	2.5	74.6	83.0	0
13.4	73.3	68.3	7.7	6.5	2.2	34.3	66.4	1
25.9	97.4	66.4	5.7	7.7	1.2	54.5	97.5	3
27.9	75.9	80.0	7.9	5.9	2.9	60.0	86.3	2
8.0	75.9	60.1	7.4	8.1	3.1	43.5	56.2	1
10.2	89.1	81.5	5.2	8.7	3.0	50.1	62.6	1
31.5	73.1	88.5	8.9	8.4	5.4	69.1	80.5	0
20.6	80.1	58.0	8.2	8.1	0.2	52.9	82.0	2
17.1	96.0	72.2	11.3	7.6	4.8	51.7	69.1	1
35.2	92.4	88.5	2.1	7.4	6.2	69.7	86.0	0
27.6	100.0	63.7	7.8	6.9	5.1	75.6	100.0	0
32.0	86.7	75.3	8.9	6.2	2.0	66.5	92.3	0
23.7	78.9	96.3	8.5	4.5	3.2	62.4	85.7	3
46.4	85.5	100.0	5.4	5.1	1.3	60.9	100.0	0
20.2	83.5	86.6	2.6	7.0	1.5	51.3	86.4	2
39.0	83.6	77.5	9.8	5.5	5.1	57.7	87.7	0
24.5	84.8	72.5	4.8	7.5	3.5	56.2	89.9	2
11.8	75.7	93.7	5.3	9.1	3.6	55.9	66.5	1
28.9	87.8	97.0	11.2	3.1	0.8	50.1	91.5	3
27.5	70.9	62.7	2.8	5.8	0.3	69.3	85.9	2
16.6	77.8	93.7	8.0	9.6	4.1	49.1	67.0	1
17.6	83.8	70.9	4.1	8.0	3.1	57.5	83.9	2
25.0	62.4	67.1	4.1	6.9	2.1	60.7	73.7	2
27.8	92.7	77.7	6.4	6.4	5.1	74.7	92.5	0
5.2	64.5	94.9	7.7	7.7	3.4	43.0	49.3	1
33.4	91.7	84.6	8.4	8.2	1.2	57.3	85.2	0
21.0	72.1	84.2	8.7	5.5	0.0	59.2	76.3	2
14.3	81.0	85.3	4.2	8.8	3.4	27.9	58.5	1
24.8	100.0	78.3	5.1	8.1	2.3	54.3	84.1	3
34.7	86.2	89.5	6.9	8.2	2.2	48.2	77.6	2
28.5	65.2	70.1	5.5	7.4	4.6	68.8	87.3	2
25.0	94.5	89.8	0.0	7.5	3.8	67.9	88.1	0
23.8	82.7	92.9	1.4	7.6	2.4	58.6	74.2	2
28.9	85.7	90.5	5.4	6.6	2.3	66.8	96.1	0
18.2	62.7	87.0	3.7	6.7	4.5	54.5	74.2	2
29.9	85.1	97.6	7.8	7.0	2.6	69.6	98.5	0
25.3	97.2	92.8	6.0	7.0	0.7	65.4	95.6	0
33.7	92.3	100.0	6.7	7.5	2.4	72.6	100.0	0
24.1	68.7	70.7	7.2	6.8	0.7	48.9	88.3	2
25.1	97.6	69.0	3.5	6.6	3.0	56.8	90.6	3
20.2	89.5	99.3	2.1	9.3	3.2	47.8	63.4	1
28.4	69.5	66.1	6.0	5.2	4.3	59.1	99.5	2
27.8	85.6	70.0	2.2	7.1	2.2	61.6	88.1	2
25.0	95.3	82.5	4.1	5.6	4.0	64.9	100.0	0
20.4	72.9	68.0	9.5	8.5	4.9	45.5	74.7	1
21.3	98.8	93.1	6.4	6.9	2.6	66.1	87.8	3
31.3	69.9	68.1	6.0	6.4	5.9	54.6	81.7	2
27.0	77.1	85.4	7.6	4.8	4.7	61.0	83.1	3
17.8	75.6	84.3	7.5	8.9	1.8	55.6	52.4	1
11.4	80.1	97.5	3.7	7.6	2.4	48.1	61.2	1
31.3	73.4	72.1	12.7	8.1	4.6	68.9	93.0	0
14.9	89.5	61.0	5.3	9.6	3.4	49.5	76.7	1
40.1	91.6	92.6	6.8	6.3	3.0	75.5	100.0	0
12.6	91.7	70.2	7.1	6.0	4.5	43.1	72.8	1
34.2	82.3	75.0	6.0	6.5	2.7	70.9	98.0	0
24.3	87.5	64.1	4.9	6.3	2.4	47.9	78.6	3
22.1	78.5	90.2	9.7	4.7	2.4	53.2	78.8	3
26.5	100.0	70.3	4.2	9.0	0.8	69.1	100.0	0
17.8	95.8	79.7	8.2	6.8	1.5	43.0	77.9	3
18.5	92.9	82.8	5.5	7.8	2.8	51.2	83.8	3
30.2	90.2	89.9	5.8	8.7	2.5	56.7	96.5	0
11.3	72.6	76.4	8.4	5.6	3.4	53.2	59.2	1
20.3	91.3	68.9	5.7	7.4	2.5	53.4	76.5	3
49.3	86.1	52.1	0.8	5.5	2.1	76.0	100.0	0
17.3	97.6	81.5	6.0	7.4	3.1	56.2	78.7	3
34.2	93.1	77.6	3.6	7.4	3.0	55.5	90.6	0
20.3	90.5	69.3	6.5	6.4	0.9	56.1	82.0	3
30.2	84.1	92.8	4.7	7.3	4.4	56.6	97.1	0
34.0	79.4	96.7	4.9	6.9	6.2	59.1	100.0	0
23.4	87.5	57.0	6.4	6.8	0.0	59.3	86.0	2
40.9	80.8	74.6	3.8	5.4	3.7	61.9	100.0	0
20.3	82.2	94.4	11.0	5.7	2.7	49.0	84.6	3
26.9	89.6	100.0	6.1	6.3	1.6	61.0	85.3	3
27.0	80.7	67.7	8.2	5.8	1.9	67.7	98.2	0
16.0	86.2	100.0	6.0	6.3	1.1	53.2	80.0	3
22.7	69.8	59.7	8.5	6.9	0.5	61.0	85.8	2
26.3	76.7	97.2	0.7	7.1	3.1	40.3	63.6	1
21.5	91.6	75.8	4.2	7.7	5.2	65.7	81.5	3
44.5	72.7	100.0	4.7	7.2	3.0	62.9	100.0	0
18.3	97.5	73.0	4.7	7.1	2.8	48.8	89.4	3
34.4	94.7	75.4	7.3	7.6	1.6	79.6	100.0	0
31.9	82.3	78.0	7.5	5.9	1.1	62.5	85.9	0
24.9	100.0	56.9	5.8	6.0	2.5	53.0	78.1	3
18.1	97.4	53.6	5.9	6.6	1.0	48.6	75.3	3
18.9	75.5	87.7	12.1	6.2	4.2	40.1	71.4	1
20.9	92.5	94.8	6.8	4.9	1.6	54.6	96.7	3
10.7	85.7	89.1	0.4	7.7	1.2	43.4	61.4	1
17.0	77.2	61.2	7.9	5.8	5.9	54.3	65.7	1
13.1	74.3	87.2	7.4	9.2	4.4	58.9	81.4	1
35.8	94.9	65.1	8.9	7.2	0.7	56.7	100.0	0
29.9	79.0	86.1	7.5	5.2	1.2	63.8	77.7	3
31.3	84.0	97.0	3.7	7.8	2.2	49.6	84.6	2
29.7	75.8	85.5	8.2	7.0	2.3	61.9	91.2	2
26.3	77.5	100.0	6.2	7.3	1.8	47.6	82.2	2
20.1	88.9	76.8	9.9	5.9	2.8	72.5	82.6	3
25.9	59.1	81.0	5.7	5.2	2.4	69.4	74.0	2
25.0	85.2	59.9	6.0	5.5	1.6	55.7	85.2	3
14.4	77.5	74.0	8.6	5.4	0.9	61.7	82.3	3
49.8	99.0	75.3	6.4	6.6	1.6	76.9	100.0	0
25.2	100.0	75.7	10.9	6.9	1.2	48.6	99.7	3
26.1	81.4	84.0	8.6	5.1	0.6	61.7	92.8	3
32.3	86.2	62.8	6.7	7.2	3.9	67.8	100.0	0
25.3	82.9	97.0	8.2	9.9	1.9	43.7	89.3	2
26.0	100.0	49.9	10.8	6.5	4.5	51.0	99.4	3
13.0	100.0	89.2	7.6	9.7	3.4	56.8	64.7	1
20.5	93.7	74.4	6.7	7.9	0.9	45.8	81.0	3
29.1	79.1	82.4	9.2	4.6	0.3	66.4	83.3	3
28.6	91.8	100.0	5.5	5.6	3.0	57.5	88.7	3
34.8	87.7	78.0	3.5	7.4	3.2	51.9	92.5	0
24.0	87.4	89.4	7.8	4.9	0.6	46.2	83.2	3
13.9	69.4	80.9	5.1	5.9	1.7	49.2	69.1	1
33.5	95.6	78.4	12.8	5.1	3.8	68.2	96.8	0
32.2	84.0	90.5	7.8	8.3	2.6	61.9	100.0	0
23.7	79.0	69.0	4.4	6.6	2.6	53.1	81.7	2
33.4	77.1	63.0	9.2	8.8	1.8	75.1	100.0	0
52.4	88.2	81.1	5.9	8.5	4.7	71.3	100.0	0
25.9	67.5	82.9	5.7	8.6	3.3	52.4	63.9	2
14.5	92.9	52.6	5.7	6.3	1.2	53.4	67.4	1
20.3	74.5	79.8	2.8	6.6	3.7	44.7	67.9	1
30.0	64.4	61.6	5.4	5.7	1.4	60.5	93.5	2
12.2	100.0	89.4	6.0	6.9	1.1	49.2	64.9	1
26.4	76.4	52.9	2.1	6.0	1.8	64.7	86.8	2
28.0	77.8	100.0	8.6	5.7	1.2	54.6	100.0	3
37.3	96.3	74.9	5.3	8.4	1.1	62.6	100.0	0
25.0	100.0	67.0	6.6	7.8	0.4	81.0	100.0	0
31.9	69.7	75.8	0.4	5.9	1.5	65.8	82.3	2
7.7	75.4	88.3	6.6	8.1	1.7	50.2	44.5	1
32.4	76.2	93.4	3.4	7.4	0.5	67.0	82.2	2
30.6	94.3	75.9	5.1	6.6	3.3	57.1	100.0	0
27.0	100.0	58.4	2.1	8.9	0.0	53.1	89.1	2
11.2	74.2	61.8	3.8	7.4	1.9	37.4	56.3	1
25.0	77.9	94.8	5.3	7.7	4.2	57.4	81.0	2
8.9	88.4	96.8	8.2	7.8	1.6	44.7	67.4	1
25.0	72.3	82.5	1.3	5.7	4.0	61.6	92.2	2
18.6	83.8	94.5	5.9	6.3	1.9	57.7	76.9	3
46.0	83.9	100.0	5.8	8.7	5.9	84.1	100.0	0
23.6	81.8	97.9	4.9	8.4	0.3	61.0	75.2	2
35.4	88.8	93.8	3.7	6.6	1.0	66.4	95.7	0
12.4	74.9	67.9	6.0	5.4	2.7	35.8	57.5	1
20.8	76.2	94.4	6.0	9.0	0.6	66.6	81.9	2
25.8	89.4	86.9	1.7	8.3	1.4	65.7	98.9	0
21.6	84.8	98.9	3.5	5.6	2.8	55.5	100.0	3
23.3	90.0	85.4	5.3	9.2	2.4	42.6	97.3	3
39.8	93.3	64.0	7.3	6.4	0.0	64.9	95.9	0
28.0	75.5	75.6	5.6	6.2	2.7	45.0	92.1	2
28.8	77.2	83.2	6.0	7.4	1.5	54.6	100.0	2
29.3	78.1	84.2	5.2	5.3	1.9	60.5	90.4	2
29.9	100.0	83.7	7.8	7.3	0.1	65.2	85.4	0
24.3	90.1	94.4	8.2	5.3	3.5	47.9	83.6	3
22.4	89.6	93.0	7.5	5.3	3.3	45.1	85.7	3
26.3	88.7	79.1	0.5	5.4	0.8	55.8	89.6	2
34.3	71.8	67.3	6.0	5.4	2.8	65.7	91.4	0
34.0	100.0	85.8	5.5	7.9	5.0	59.6	99.1	0
23.1	89.8	100.0	8.5	7.9	2.7	52.4	92.8	3
31.1	92.2	84.8	6.6	6.8	0.0	63.6	100.0	0
23.4	67.3	75.6	7.4	6.2	1.6	46.5	85.9	2
25.3	92.8	88.0	4.8	8.7	2.7	42.8	90.7	3
21.2	81.4	88.9	8.3	7.8	5.7	55.5	76.7	3
23.5	71.8	88.8	9.1	5.6	0.7	40.3	80.1	1
35.7	75.5	100.0	1.9	7.4	2.3	65.6	100.0	0
25.7	72.4	85.8	2.8	7.4	0.9	53.5	82.4	2
26.1	72.2	99.9	7.9	7.9	3.8	53.7	86.1	2
13.4	85.6	83.5	5.6	10.0	2.0	39.6	53.6	1
22.5	81.1	100.0	8.6	6.0	0.0	51.6	76.2	3
25.0	88.3	98.1	6.6	7.7	1.9	49.0	79.7	3
18.4	100.0	93.8	7.7	8.8	2.3	75.1	81.4	3
21.6	62.6	100.0	6.8	7.2	2.8	58.3	88.6	2
26.0	96.9	67.3	4.3	4.8	2.3	60.8	100.0	3
17.4	84.1	83.7	8.5	8.0	2.6	50.7	79.5	1
21.8	100.0	76.0	1.3	7.4	2.5	55.1	99.0	3
25.6	89.5	100.0	6.5	7.2	1.9	56.2	86.4	3
34.5	66.6	98.8	2.8	7.3	3.4	62.7	86.6	2
27.1	86.1	100.0	3.4	8.2	3.8	68.5	98.1	0
19.7	88.0	68.6	8.5	7.7	2.4	44.5	62.6	1
28.2	95.8	96.5	3.3	7.5	1.8	47.3	92.9	3
38.7	100.0	59.5	3.1	6.3	0.9	62.8	89.7	0
32.3	94.1	56.1	7.5	8.2	3.0	64.3	91.6	0
29.4	89.4	74.0	3.2	6.3	1.0	58.2	94.9	0
30.8	91.8	100.0	8.5	8.2	2.7	73.4	89.8	0
36.5	83.3	65.1	7.6	6.5	2.7	75.5	100.0	0
33.6	70.4	79.7	4.1	7.7	4.1	57.3	79.3	2
25.0	85.4	97.8	8.5	9.1	4.6	71.5	100.0	0
33.5	88.7	92.7	1.2	7.8	0.0	66.6	100.0	0
16.3	73.0	100.0	7.2	8.7	2.2	42.7	66.3	1
13.0	98.3	80.1	2.9	6.6	0.0	48.6	90.8	3
26.3	95.1	73.4	4.7	7.1	4.2	57.5	87.3	3
25.5	71.3	63.6	4.9	6.6	2.5	49.3	67.8	2
20.6	98.7	74.5	9.2	5.0	4.2	50.5	69.8	3
31.6	81.9	63.4	4.7	8.3	2.9	64.4	93.1	0
10.1	77.2	53.1	5.8	7.7	0.5	41.2	63.2	1
20.7	95.8	100.0	4.9	7.6	1.0	52.8	100.0	3
11.9	100.0	100.0	3.4	5.6	3.4	47.7	66.1	1
37.0	76.5	67.4	6.8	5.3	2.6	71.1	100.0	0
14.1	67.7	73.6	5.9	8.5	2.8	39.5	61.6	1
20.3	82.2	68.4	7.9	6.9	2.0	54.3	73.3	1
32.3	92.9	70.4	5.4	7.3	4.2	51.8	92.5	0
30.2	75.7	93.1	5.5	5.2	2.7	55.1	78.0	2
16.1	71.7	88.5	7.9	8.8	2.6	38.0	60.1	1
30.5	87.3	93.1	6.0	7.8	2.9	73.1	89.2	0
27.3	70.4	100.0	2.4	6.3	1.9	57.0	91.8	2
28.2	81.6	64.9	4.3	5.4	3.2	45.4	82.3	2
23.9	89.9	72.1	6.2	6.6	3.7	46.3	80.8	3
18.1	71.2	81.8	4.4	8.2	3.8	55.7	74.2	2
19.0	98.0	100.0	3.6	8.4	2.2	56.6	78.7	3
18.4	83.2	91.6	1.3	5.2	2.7	40.5	57.1	1
36.0	92.6	81.6	6.8	6.7	1.6	55.1	96.2	0
25.1	94.6	90.1	0.0	7.9	3.7	71.9	97.6	0
29.5	73.4	71.0	9.2	8.8	1.1	68.3	99.1	0
37.1	93.8	83.9	8.6	8.7	2.8	69.1	100.0	0
6.1	70.7	94.3	3.7	7.8	3.8	41.1	48.4	1
35.2	71.3	79.6	10.0	7.1	2.7	60.9	98.2	0
25.4	100.0	68.7	11.2	6.8	3.0	49.7	88.4	3
28.5	96.1	78.8	6.0	7.6	2.1	67.2	88.1	0
18.4	100.0	75.2	7.0	8.7	0.0	52.3	66.7	1
19.0	81.3	59.6	6.3	6.7	1.5	56.9	73.2	2
28.9	86.0	71.4	9.8	6.7	2.6	56.6	100.0	0
44.1	90.3	59.1	2.5	8.4	1.5	74.3	100.0	0
33.0	84.9	61.4	5.4	8.3	3.2	58.9	100.0	0
35.1	77.5	62.9	8.3	6.4	0.3	63.5	96.9	0
23.5	76.0	94.3	8.0	5.4	0.0	60.0	82.3	3
20.2	87.1	100.0	5.9	4.9	3.5	49.2	55.4	1
25.0	74.3	57.0	9.5	7.2	2.0	65.4	63.2	2
21.1	74.1	100.0	6.6	5.7	3.0	47.6	77.2	1
25.0	88.9	63.1	6.3	8.1	1.7	45.8	65.5	1
19.2	84.0	91.2	7.7	4.9	3.3	62.4	62.1	3
20.5	94.4	83.9	5.8	8.9	4.5	65.4	86.7	3
23.6	80.8	89.5	6.1	6.6	4.6	58.3	90.2	3
26.1	79.2	62.5	4.0	6.0	1.5	58.4	87.8	2
27.9	89.2	52.8	13.3	6.4	1.9	59.8	86.6	3
24.9	76.9	68.0	4.8	6.0	2.8	65.4	65.8	2
20.3	78.4	86.4	7.8	8.8	5.3	59.2	81.2	2
9.3	78.8	100.0	10.8	7.8	0.8	52.0	57.3	1
17.2	100.0	78.5	7.5	5.6	3.8	56.4	85.9	3
28.7	71.2	68.8	6.1	6.9	1.5	54.2	91.6	2
32.3	98.0	79.7	10.5	6.1	3.5	66.5	100.0	0
32.5	92.4	51.0	3.7	3.8	1.6	63.7	95.7	0
31.1	100.0	100.0	4.1	6.2	3.0	61.9	100.0	0
23.9	100.0	80.4	5.9	7.7	1.7	54.9	79.7	3
20.8	99.3	93.8	4.8	6.5	1.0	59.6	96.8	3
19.0	94.3	76.5	4.9	6.8	2.7	58.2	76.2	3
12.9	71.9	82.9	11.1	8.2	0.7	40.3	76.2	1
32.9	73.1	96.9	6.3	8.0	3.2	63.0	90.4	0
23.6	88.6	82.0	4.0	9.4	2.1	68.2	93.1	0
15.0	68.0	82.5	5.0	4.4	0.5	40.9	64.2	1
18.4	91.2	68.1	6.0	6.0	2.9	62.7	67.4	3
18.1	63.7	72.0	6.8	8.1	2.9	41.5	69.0	1
25.3	96.5	64.8	4.6	7.5	0.0	61.2	85.2	3
33.5	81.8	68.9	1.9	7.1	2.4	49.1	89.4	2
22.2	86.3	98.8	5.9	6.3	2.5	59.4	83.7	3
7.0	77.5	100.0	5.8	7.3	2.6	40.2	48.0	1
23.5	66.0	61.3	4.4	7.2	0.0	39.4	66.6	2
23.8	97.3	85.9	9.2	4.8	3.0	53.9	96.0	3
23.2	98.4	75.2	7.4	7.3	3.3	70.4	81.7	3
20.0	81.5	100.0	6.3	6.4	1.1	56.5	83.4	3
26.7	91.6	82.0	5.1	8.0	0.4	59.6	87.6	2
25.5	81.1	79.9	10.3	7.4	1.0	60.3	94.2	3
24.8	87.9	68.8	3.1	9.3	2.7	64.4	94.2	0
28.3	92.6	57.0	4.8	7.0	0.6	71.5	91.8	0
21.6	90.6	91.4	4.9	5.7	0.5	52.6	87.2	3
21.1	98.4	85.3	6.7	4.0	5.6	60.0	80.5	3
36.0	90.2	85.7	7.7	5.9	2.5	69.1	100.0	0
29.5	85.3	71.0	2.7	7.5	2.0	60.7	92.6	2
31.6	77.4	77.8	4.3	7.8	1.5	58.9	88.4	2
34.8	80.2	91.9	7.1	6.3	1.9	75.2	98.5	0
29.2	93.1	94.7	4.3	6.5	5.2	62.8	90.8	0
32.4	70.0	62.3	5.0	7.1	3.7	50.7	83.5	2
25.0	96.1	70.5	6.4	7.5	6.1	26.9	67.1	1
26.6	82.2	59.2	3.6	8.2	3.1	64.5	84.8	2
38.4	74.0	93.3	7.5	6.1	2.9	63.8	100.0	0
32.4	91.7	75.8	6.1	9.4	3.3	66.1	100.0	0
20.0	84.9	70.1	9.6	9.1	3.4	71.2	78.6	2
28.0	100.0	75.0	7.8	6.4	1.8	71.1	96.4	0
28.6	79.2	97.9	5.2	9.6	0.6	63.8	94.3	2
16.8	84.1	91.0	10.4	8.6	3.0	45.7	83.9	1
27.9	77.5	84.8	4.3	6.1	2.1	63.3	94.2	2
23.2	85.1	79.8	5.3	7.1	1.3	49.0	84.1	2
27.3	88.2	66.4	5.0	4.9	2.9	60.0	86.7	3
19.2	89.8	64.1	7.0	5.8	4.4	54.5	70.7	3
20.3	100.0	71.5	11.6	7.0	3.1	47.4	70.7	3
34.4	72.0	65.7	6.6	7.3	2.9	57.2	91.2	2
16.6	88.4	70.9	5.2	6.2	0.0	34.4	79.8	1
17.2	78.5	78.5	6.5	3.7	3.9	46.8	61.6	1
24.6	89.3	79.6	6.0	7.2	1.9	65.2	88.4	0
18.8	89.3	70.7	5.5	7.9	3.3	67.5	70.2	3
17.9	75.1	87.4	10.3	7.9	3.9	60.9	86.5	3
25.8	76.0	77.2	7.7	6.8	2.8	52.9	75.1	2
13.0	90.1	83.2	9.1	6.8	0.0	48.2	88.7	3
25.0	82.8	90.4	4.2	7.5	5.2	66.9	100.0	0
28.7	91.6	72.0	10.8	6.9	3.7	67.6	81.0	3
19.0	92.3	100.0	1.6	4.2	1.4	49.0	58.0	1
28.3	79.7	76.6	6.8	8.7	4.3	69.1	88.4	0
29.5	76.5	78.6	0.9	6.4	2.1	59.7	89.0	2
24.0	85.3	92.2	8.3	6.5	4.3	55.1	95.0	3
32.8	70.8	93.8	4.3	7.1	3.5	63.8	89.3	2
8.7	86.0	100.0	9.1	6.3	0.0	51.7	62.7	1
16.5	97.2	89.9	0.6	6.4	2.8	57.6	77.7	3
26.3	81.5	79.0	5.8	6.6	4.3	54.6	86.9	3
27.6	79.6	72.1	3.0	7.4	0.5	53.8	75.7	2
17.7	100.0	78.0	5.2	6.0	4.0	66.3	70.4	3
27.1	100.0	100.0	9.9	7.4	0.0	60.5	96.6	3
20.0	77.4	59.2	10.5	5.3	2.2	43.1	61.0	1
22.8	86.4	67.7	7.3	9.4	3.3	50.7	89.4	2
33.2	88.3	76.7	2.0	8.3	2.1	48.4	74.1	2
32.3	87.0	67.5	3.0	6.7	4.3	50.0	84.1	2
16.5	85.9	100.0	4.0	5.6	3.7	44.3	65.2	1
21.7	87.4	75.5	7.6	7.7	2.6	49.2	72.0	1
24.8	91.9	86.2	10.2	8.0	1.2	63.1	98.7	0
19.7	96.9	55.1	3.5	7.3	3.2	60.9	100.0	3
33.3	94.4	63.5	3.8	8.1	2.4	55.4	86.6	0
27.8	90.4	94.0	3.0	7.0	4.7	73.6	90.1	0
14.9	80.1	83.3	6.1	6.2	3.1	48.2	60.3	1
34.3	93.2	75.4	6.1	7.7	1.5	58.8	100.0	0
2.4	87.5	87.4	8.2	6.0	2.7	37.7	42.1	1
31.7	93.3	41.0	7.0	7.5	1.6	78.0	100.0	0
32.5	100.0	83.4	5.9	7.4	2.4	56.2	98.2	0
21.5	73.2	64.3	6.1	8.6	4.4	54.1	82.1	2
25.0	96.4	91.9	6.2	7.7	2.1	61.8	100.0	0
24.5	81.7	47.1	5.9	4.9	0.3	42.1	84.0	2
25.5	94.4	70.6	4.3	6.2	3.2	46.8	88.3	3
27.7	84.6	79.4	3.0	6.2	3.7	63.1	88.5	0
50.5	100.0	68.6	6.4	6.1	4.9	64.9	100.0	0
25.0	86.3	74.4	4.8	8.2	3.8	55.5	100.0	0
30.6	78.6	93.6	7.3	4.4	2.1	65.9	78.7	3
17.7	89.2	79.6	6.2	8.7	2.9	56.9	61.9	1
26.1	88.2	66.0	6.0	8.2	3.1	58.3	98.0	0
18.5	96.4	94.1	8.5	7.2	3.2	44.5	83.3	3
31.6	89.5	83.8	2.5	7.4	0.0	53.2	100.0	0
26.1	100.0	84.4	10.4	7.1	1.6	49.7	87.2	3
16.0	83.9	66.6	0.5	7.2	3.2	48.6	85.3	2
25.6	84.0	41.8	9.6	8.4	4.1	61.6	100.0	0
18.2	79.0	66.4	6.5	6.7	1.5	47.3	81.4	2
26.2	85.9	64.9	4.7	7.7	1.9	64.2	94.3	0
18.1	87.3	70.8	2.3	6.0	2.1	63.8	86.9	3
25.2	87.8	67.4	4.5	7.6	2.3	60.0	88.8	2
31.0	85.7	81.7	5.6	6.7	3.8	51.7	91.9	3
24.6	78.9	93.2	6.5	7.5	1.4	55.9	86.2	2
21.9	76.2	96.1	9.6	6.0	3.8	63.0	99.1	3
26.6	81.2	92.6	6.2	7.5	4.6	52.4	77.2	3
30.6	96.4	66.5	6.8	6.9	1.9	57.5	93.2	0
16.1	98.6	80.9	6.9	8.9	1.9	60.4	81.0	3
27.1	84.2	100.0	5.2	7.3	2.7	47.2	88.1	3
35.5	75.6	56.2	5.5	7.6	1.6	64.5	99.0	0
29.6	84.2	100.0	6.0	6.5	2.4	55.2	78.9	3
25.5	100.0	65.1	7.6	7.4	0.3	55.9	90.9	3
30.1	95.0	84.4	3.7	7.6	3.8	74.6	99.5	0
28.6	90.5	86.2	4.7	6.6	5.0	56.4	89.6	3
31.0	94.6	82.8	6.9	6.5	1.5	63.4	100.0	0
25.0	100.0	100.0	3.3	6.0	0.0	54.3	81.0	3
12.6	73.5	75.5	6.3	6.9	3.9	35.8	52.3	1
33.0	81.1	55.4	4.6	6.2	1.9	68.2	100.0	0
13.0	79.7	85.3	7.3	7.4	1.5	43.3	53.1	1
28.2	90.9	77.4	9.4	6.1	2.3	50.2	82.0	3
22.2	86.6	88.3	4.6	6.9	0.7	50.9	78.8	3
17.0	92.6	93.2	7.9	5.9	3.2	52.1	82.0	3
27.8	79.9	79.5	6.5	8.4	0.6	59.6	74.4	2
26.6	98.7	86.5	5.0	7.0	0.7	54.1	100.0	3
41.9	84.3	82.2	6.0	7.0	0.7	67.4	93.8	0
20.0	91.9	100.0	9.2	7.7	2.7	43.3	88.5	3
36.5	97.0	74.4	5.6	9.1	0.0	61.6	100.0	0
27.8	96.2	69.7	9.3	7.1	5.6	50.1	88.5	3
19.7	88.6	93.2	5.7	5.2	1.9	52.5	60.9	1
31.4	93.2	66.1	2.5	8.4	0.0	56.2	100.0	0
25.0	100.0	85.9	5.6	5.4	0.9	77.7	100.0	0
25.0	90.1	77.5	2.3	6.4	3.4	60.4	97.4	0
27.1	77.7	78.5	5.2	8.4	4.5	44.8	68.6	1
18.4	84.6	98.5	10.5	6.3	2.6	56.8	63.8	3
31.1	61.5	95.3	10.0	7.3	0.2	59.4	88.3	2
23.2	89.6	88.0	6.2	7.0	4.7	44.1	66.9	1
24.4	86.2	69.6	9.0	6.2	3.3	50.3	97.4	3
27.2	96.6	83.9	5.0	8.1	3.0	64.7	100.0	0
27.1	77.5	88.7	2.4	8.5	2.5	59.8	99.0	2
13.6	69.9	83.0	7.3	8.7	3.3	50.0	62.8	1
35.3	86.7	81.4	6.9	7.7	1.3	62.4	96.9	0
26.0	88.8	74.0	3.7	6.2	3.9	51.4	84.3	3
23.4	85.9	84.1	3.8	5.5	3.7	45.9	77.6	3
28.4	85.2	72.1	8.3	4.2	2.4	66.2	89.5	3
26.9	74.3	90.6	1.8	8.2	2.1	70.9	87.9	2
29.3	81.5	100.0	5.2	6.5	0.0	66.2	100.0	0
25.0	88.8	64.0	8.5	5.6	3.9	65.0	100.0	0
32.1	82.2	86.1	3.8	4.9	4.1	60.9	81.9	3
23.7	100.0	88.1	3.1	8.7	0.5	60.7	100.0	0
23.1	83.3	79.4	6.8	9.0	1.6	60.8	89.3	2
21.2	100.0	82.9	8.3	6.1	2.7	65.7	86.3	3
25.0	85.9	100.0	3.6	7.4	0.0	48.2	64.2	1
27.7	86.2	100.0	8.3	7.4	1.6	42.8	81.1	3
26.2	83.6	77.2	7.6	6.9	3.3	60.5	91.0	3
12.9	87.0	88.1	6.0	6.6	2.6	55.9	78.6	3
28.6	97.0	78.9	9.6	7.0	5.1	71.5	100.0	0
21.0	93.5	78.6	6.2	6.7	0.3	54.3	96.7	3
46.5	85.3	100.0	7.9	7.3	2.3	61.9	100.0	0
20.4	100.0	66.1	6.1	7.3	0.8	53.2	85.6	3
21.5	93.7	45.0	6.4	6.4	4.8	44.3	73.8	1
25.0	80.6	84.8	3.2	8.3	2.9	60.2	82.4	2
35.2	71.2	98.0	5.4	6.0	2.5	65.5	100.0	0
22.0	80.8	83.3	1.5	7.5	2.3	49.8	86.9	2
19.2	89.1	87.5	5.7	6.6	1.2	58.3	83.1	3
30.7	91.0	91.3	6.0	6.0	4.3	72.7	94.0	0
14.0	98.6	81.7	7.9	6.7	2.8	56.1	77.7	3
25.0	80.6	88.1	5.5	7.8	3.4	59.9	100.0	0
29.5	73.2	50.6	4.6	6.9	1.2	65.4	92.2	2
30.1	71.6	81.7	3.7	8.6	5.5	47.4	89.5	2
32.0	78.7	56.4	8.0	5.9	4.9	75.0	100.0	0
38.7	88.7	79.4	2.2	4.4	2.4	72.8	100.0	0
34.7	92.7	72.6	2.1	7.5	2.0	62.1	95.6	0
28.5	75.5	95.5	8.3	9.1	3.5	49.0	96.2	2
32.2	76.9	83.7	6.5	7.6	4.2	56.7	95.7	0
17.9	67.2	87.1	6.1	5.9	5.1	46.6	71.4	1
31.2	87.1	77.1	6.5	5.8	3.5	63.1	90.3	0
17.0	77.7	95.8	11.0	9.4	2.7	49.2	54.4	1
22.1	100.0	56.0	6.0	6.5	2.7	51.8	88.0	3
0.3	89.1	66.6	6.7	5.8	0.0	47.3	59.9	1
28.2	83.3	99.3	11.1	8.4	1.9	45.9	89.3	3
19.8	78.6	73.5	5.8	6.8	3.0	56.0	76.9	2
25.0	70.1	47.8	10.3	4.6	0.0	62.3	88.7	2
28.1	71.3	100.0	0.7	9.5	2.8	56.7	86.4	2
34.0	78.8	96.2	3.1	7.7	1.3	67.0	100.0	0
16.3	78.0	90.7	4.3	5.2	4.9	43.9	71.9	1
33.3	75.0	81.4	7.5	8.7	2.1	55.5	80.0	2
41.8	88.8	100.0	10.4	5.7	2.1	67.5	100.0	0
31.1	90.1	98.9	4.5	5.7	2.3	57.9	88.6	3
25.0	80.4	100.0	8.4	5.9	2.5	58.8	100.0	3
26.4	100.0	90.4	11.6	9.3	3.7	65.2	92.2	0
20.8	67.5	81.8	9.9	9.5	2.0	51.6	85.2	2
31.1	85.6	74.0	5.0	6.3	2.5	61.4	95.4	0
13.0	82.8	61.0	8.2	9.0	3.7	48.9	64.2	1
21.7	79.5	87.5	6.8	4.3	2.5	50.7	69.5	3
10.8	78.0	88.8	4.4	8.1	3.5	51.6	62.1	1
19.4	84.9	74.8	7.1	8.6	1.8	56.5	78.9	2
30.1	82.7	89.2	4.8	8.8	3.0	60.1	82.1	2
29.0	81.1	75.0	6.3	7.1	4.5	50.5	90.2	2
25.4	72.0	93.0	2.6	7.7	3.4	64.7	77.6	2
26.4	68.8	66.8	1.6	6.1	0.0	60.1	72.0	2
22.0	81.0	76.4	6.8	6.8	0.8	66.4	81.0	2
19.5	83.0	92.4	3.2	6.7	1.1	57.3	83.4	2
19.7	83.9	62.6	7.3	8.4	3.2	52.0	89.8	2
29.8	79.8	95.7	6.1	7.3	1.0	55.5	86.7	2
18.1	82.9	55.4	7.6	9.0	0.8	46.9	76.0	1
20.2	76.5	76.3	8.4	7.3	2.5	53.7	75.3	2
8.3	100.0	58.8	9.4	9.6	1.6	53.5	53.0	1
22.6	77.0	40.9	7.5	8.5	0.1	60.9	85.4	2
16.3	81.3	85.5	5.3	6.9	3.3	39.1	66.8	1
25.6	77.8	77.3	6.0	7.2	4.0	62.8	72.8	2
17.4	77.6	59.0	11.8	6.0	3.9	47.5	83.8	1
25.8	85.2	72.3	8.5	7.2	1.2	52.8	89.5	3
25.0	84.0	86.6	6.2	5.8	3.1	58.2	70.4	3
38.4	80.4	74.5	5.6	8.6	1.8	71.8	100.0	0
29.0	82.2	77.0	4.5	6.6	0.6	49.8	100.0	2
25.0	89.0	71.3	10.3	4.3	0.0	37.4	73.5	3
25.4	100.0	71.1	7.2	6.7	0.9	65.0	89.2	3
17.6	76.3	70.6	2.8	6.6	0.3	41.3	65.0	1
1.3	88.9	68.7	5.7	8.1	2.8	40.7	66.0	1
30.8	91.7	74.3	4.9	8.2	0.0	57.5	100.0	0
29.2	92.0	70.4	4.0	7.5	3.7	45.7	84.9	3
20.1	87.1	63.9	6.9	8.5	1.6	42.7	78.5	1
28.4	84.6	91.5	7.6	7.5	0.9	58.4	89.1	3
19.4	80.7	98.5	4.9	5.3	0.0	44.6	78.3	3
26.6	77.4	80.0	4.5	6.9	1.3	54.2	82.9	2
17.6	84.0	81.0	7.2	7.0	2.3	44.9	86.1	3
37.1	72.2	69.6	3.2	3.1	4.0	61.6	94.0	0
12.4	79.1	96.0	4.7	5.8	2.3	37.2	65.0	1
34.9	96.1	100.0	5.7	9.5	2.0	62.0	86.9	0
25.3	86.0	77.5	7.8	6.7	3.4	54.9	94.1	3
21.1	93.9	72.2	4.9	6.9	2.7	55.1	73.2	3
26.3	99.7	85.1	7.4	4.4	0.2	46.0	82.0	3
30.9	83.2	81.9	8.9	5.4	1.8	61.0	82.9	3
35.9	87.1	72.5	4.7	7.6	1.6	56.7	86.4	0
27.5	82.0	87.1	14.1	6.4	2.3	47.7	91.0	3
17.9	76.9	94.1	9.5	5.7	1.8	59.2	69.5	3
25.4	75.5	68.2	6.7	8.6	1.3	60.9	72.9	2
39.5	93.4	100.0	5.5	6.2	4.7	72.8	97.1	0
35.8	87.1	57.0	4.6	5.4	2.4	63.2	100.0	0
32.3	100.0	67.2	10.2	7.0	3.2	59.8	95.6	0
31.4	94.7	83.5	6.5	6.0	2.3	73.9	100.0	0
30.6	77.7	100.0	2.4	6.0	3.7	60.6	97.5	0
34.3	93.4	71.6	1.7	6.9	2.4	58.0	100.0	0
21.3	81.9	64.0	6.3	6.2	4.0	45.8	76.8	1
14.2	97.2	88.2	6.3	5.0	0.0	52.5	85.9	3
25.6	80.1	76.3	3.7	7.7	2.6	53.6	72.5	2
18.5	74.5	90.0	2.2	8.0	2.9	57.8	72.4	2
16.6	77.0	78.9	1.1	6.7	3.0	49.5	77.5	2
19.2	77.6	67.1	4.1	7.7	0.9	42.1	85.7	2
44.9	76.6	100.0	5.1	6.6	1.4	84.1	100.0	0
26.1	79.3	35.7	7.7	4.7	0.9	48.8	72.2	2
27.9	93.6	100.0	5.7	8.1	3.2	50.8	88.7	3
15.2	100.0	94.0	6.0	6.9	3.9	50.8	79.8	3
10.2	71.7	68.8	7.5	7.2	0.0	46.9	60.2	1
25.0	97.6	100.0	7.3	6.9	2.8	46.7	83.0	3
36.5	80.2	59.4	8.4	6.8	1.2	69.6	100.0	0
27.7	88.5	95.1	2.5	7.2	5.1	55.3	80.4	3
29.8	68.5	48.8	4.7	7.2	3.3	75.9	82.6	2
30.9	90.2	62.8	12.0	8.5	2.0	64.2	100.0	0
20.3	64.9	62.8	1.2	7.5	2.3	41.8	64.1	1
36.1	88.1	68.7	5.3	8.4	4.4	60.0	100.0	0
19.9	87.6	80.2	7.2	8.8	2.6	56.8	81.7	3
36.2	86.9	67.6	1.3	5.1	0.0	59.1	98.1	0
28.5	77.7	49.5	4.1	8.5	4.8	57.5	80.7	2
19.0	88.9	80.7	6.4	7.6	1.7	57.4	76.9	3
10.7	82.9	86.1	4.6	8.2	3.4	49.9	74.5	1
34.3	91.7	82.6	6.5	6.7	1.6	79.4	100.0	0
24.8	84.0	94.3	4.6	7.7	1.5	50.5	72.0	2
28.0	83.7	95.2	3.5	5.3	3.4	56.3	86.3	3
20.7	87.2	68.4	6.0	7.6	3.2	48.9	94.2	3
25.0	90.7	69.2	2.3	6.9	3.9	46.5	67.0	1
38.4	81.0	100.0	5.3	7.0	3.2	62.6	94.2	0
25.9	72.7	100.0	6.0	6.0	4.7	50.4	76.6	3
22.7	87.8	88.6	9.0	7.5	5.1	52.9	80.1	3
21.8	96.9	66.7	3.5	6.5	3.0	51.0	80.5	3
12.9	88.0	65.5	7.2	6.9	2.0	50.3	65.0	1
14.6	88.2	99.9	6.2	6.4	2.2	42.0	65.0	1
35.3	84.6	99.1	1.3	6.0	0.0	71.8	100.0	0
21.2	92.4	79.0	4.2	6.8	2.5	60.2	82.4	3
25.2	83.1	100.0	4.1	8.4	1.6	59.7	100.0	0
8.6	80.5	86.9	10.2	6.4	1.4	40.1	67.6	1
14.5	96.1	63.4	7.4	6.8	2.4	50.6	73.7	3
29.9	79.7	75.9	6.4	6.7	0.0	58.4	95.4	2
28.0	93.9	80.1	0.0	6.2	2.2	60.3	88.2	0
39.0	96.1	81.3	1.2	8.5	2.8	58.6	100.0	0
35.7	90.7	98.8	7.8	5.4	0.2	66.2	100.0	0
23.2	72.5	65.7	8.0	6.9	4.5	55.7	82.9	2
28.8	85.3	60.0	4.1	6.0	3.2	70.2	90.3	0
22.5	83.0	89.0	6.1	7.7	4.4	46.7	81.7	1
41.4	80.0	72.4	5.9	7.2	3.2	59.2	96.8	0
34.2	86.4	100.0	6.4	8.4	3.0	71.0	89.9	0
26.4	92.7	94.1	5.1	7.9	4.8	47.3	86.4	3
26.6	80.4	72.1	8.0	7.1	4.5	67.9	76.2	2
36.6	83.3	98.2	8.8	7.9	5.4	73.8	99.8	0
29.6	82.6	91.0	6.0	8.0	2.3	64.0	95.2	0
37.5	96.6	89.5	3.0	5.9	1.3	56.2	100.0	0
28.7	72.7	86.3	6.1	7.4	1.0	57.0	77.8	2
20.9	69.3	48.5	6.9	7.6	3.5	53.2	80.3	2
39.1	88.6	99.8	8.0	6.5	6.6	71.7	100.0	0
25.0	77.4	28.5	8.4	6.0	4.8	59.0	97.1	2
25.3	91.7	73.4	6.9	5.8	2.2	65.7	79.0	3
37.3	71.7	56.1	6.6	3.0	3.6	67.6	100.0	0
39.3	79.6	72.5	10.1	6.1	1.7	70.2	87.8	0
25.6	71.7	78.9	6.0	9.9	1.8	53.3	82.0	2
44.8	89.3	62.0	7.5	8.0	0.9	74.9	100.0	0
24.7	91.5	38.4	6.8	7.4	1.0	41.2	81.8	2
23.3	88.4	83.1	5.6	8.2	3.3	58.7	82.6	3
31.9	74.1	100.0	5.6	6.7	4.7	72.5	86.6	0
22.2	77.5	74.7	9.3	6.5	4.1	59.1	75.5	3
25.7	87.3	94.4	5.8	6.7	4.7	62.3	100.0	0
36.3	68.1	100.0	5.1	6.1	3.7	68.2	92.1	0
11.4	100.0	73.1	7.1	7.0	1.7	47.1	64.2	1
27.9	83.2	60.9	4.7	7.1	3.4	65.8	88.6	0
19.4	70.1	67.9	6.8	8.6	0.0	53.5	60.8	2
30.6	78.7	83.4	4.9	5.2	1.3	69.9	91.9	0
36.8	100.0	91.8	2.5	6.6	4.4	62.4	100.0	0
32.3	100.0	79.3	3.4	5.7	0.4	59.3	92.3	0
33.7	92.3	61.8	3.8	3.9	3.9	46.5	88.8	3
19.6	81.6	90.2	3.5	7.1	3.1	45.0	80.4	1
31.4	97.0	98.8	7.1	7.7	3.1	59.8	96.4	0
40.7	73.7	84.8	11.3	7.1	1.8	66.2	100.0	0
19.5	95.8	87.3	4.7	7.5	0.3	57.3	81.6	3
39.4	94.3	61.5	5.0	6.6	3.3	75.3	100.0	0
20.6	83.5	90.6	4.5	5.8	3.8	43.0	70.3	1
25.0	96.4	100.0	8.1	6.6	3.2	53.9	80.2	3
27.4	80.5	86.1	7.1	8.6	2.3	50.2	74.4	2
30.7	72.3	53.0	6.0	7.4	0.8	48.9	76.3	2
32.3	94.8	100.0	3.0	5.2	1.6	65.9	100.0	0
17.3	84.1	65.8	3.6	7.2	3.2	51.4	77.9	1
28.5	91.0	85.8	6.4	8.5	1.3	63.7	96.1	0
19.5	100.0	94.3	6.6	7.9	1.1	59.0	80.4	3
13.1	77.8	96.2	6.0	8.5	0.3	42.9	66.5	1
17.6	83.6	53.0	7.7	5.2	3.3	58.9	57.7	1
19.0	100.0	81.8	2.9	7.2	3.3	47.4	69.2	1
29.2	91.7	80.8	6.8	6.6	4.2	52.7	94.4	3
34.2	78.0	100.0	6.6	7.7	0.0	65.4	91.8	0
13.2	75.4	86.9	3.6	6.0	4.3	47.8	63.3	1
27.8	79.7	100.0	4.5	6.0	4.2	51.7	86.8	3
25.0	77.6	88.1	7.7	7.0	4.3	42.1	60.0	1
30.0	87.4	78.9	3.2	5.9	2.7	63.5	88.9	0
20.0	85.8	82.9	12.2	7.3	2.8	54.8	75.9	3
16.6	87.8	100.0	7.4	4.6	2.8	42.8	72.1	3
31.4	76.6	60.5	5.9	8.4	1.1	55.2	76.2	2
20.3	84.3	93.6	5.4	3.7	1.2	46.0	78.1	3
22.5	64.4	70.6	8.0	8.1	2.8	35.6	67.3	1
7.2	86.5	67.4	5.0	6.3	2.1	53.6	65.6	1
32.6	96.8	95.4	5.1	5.3	3.6	65.7	94.2	0
31.6	70.8	66.8	9.6	7.2	2.0	68.0	92.1	2
25.0	89.8	85.7	4.8	8.1	0.3	55.0	94.0	2
12.8	78.9	72.7	6.3	8.4	0.4	39.1	68.7	1
34.7	93.0	44.6	4.1	8.4	1.4	58.4	100.0	0
19.7	86.6	87.2	6.6	6.0	3.6	46.2	67.8	1
21.4	89.0	81.9	7.5	7.2	1.7	50.5	85.4	3
43.5	85.6	51.3	10.2	4.9	2.9	58.9	100.0	0
19.4	98.3	69.5	3.7	7.1	0.0	51.4	63.2	1
30.9	88.5	52.9	2.4	7.4	2.7	57.2	100.0	0
29.5	77.9	91.0	5.3	6.5	2.6	65.4	97.4	0
28.1	86.0	100.0	4.5	4.8	4.3	63.0	100.0	0
27.3	81.3	92.7	6.0	6.3	2.7	54.8	73.8	3
27.2	80.8	72.2	6.0	7.5	5.4	49.3	80.4	2
24.6	78.2	88.2	4.9	6.4	2.6	45.7	87.2	2
37.1	87.0	79.9	0.5	6.8	4.8	65.2	90.4	0
14.5	85.6	82.8	5.4	7.5	2.7	49.5	68.6	1
33.2	95.6	94.4	6.9	5.1	1.7	63.2	100.0	0
25.0	80.9	97.6	3.6	5.2	2.3	71.0	100.0	0
30.6	65.2	74.2	6.6	6.1	1.7	62.9	91.1	2
33.9	81.4	58.9	6.3	6.4	1.8	70.4	99.1	0
24.3	68.7	77.2	6.6	9.2	1.6	49.4	74.1	2
10.0	89.2	76.7	8.0	7.1	2.0	48.4	65.8	1
24.4	68.3	84.3	5.8	6.4	3.6	45.7	80.6	2
17.1	75.1	92.5	7.4	7.1	0.0	43.6	62.1	1
19.1	81.4	51.3	1.5	4.6	2.9	54.0	74.3	2
15.1	100.0	69.9	3.6	5.9	2.7	44.6	71.7	1
21.2	74.3	65.5	5.1	6.1	4.6	46.1	56.0	1
20.2	85.1	98.8	3.5	5.8	2.0	56.2	64.0	1
6.0	90.8	76.9	6.0	8.5	4.2	37.4	45.6	1
25.0	99.8	72.3	6.0	7.8	1.2	70.1	99.6	0
42.8	92.8	88.1	4.9	5.5	1.8	69.4	100.0	0
29.8	95.9	71.1	8.2	5.5	3.1	60.5	89.9	3
23.4	93.6	79.8	6.2	5.5	3.4	58.5	73.2	3
24.6	72.9	100.0	3.3	6.8	2.1	53.3	87.2	2
21.6	88.6	100.0	6.0	7.2	2.8	56.6	84.4	3
25.7	93.5	73.9	7.9	7.5	2.3	51.4	84.4	3
24.7	75.4	77.3	6.5	5.8	3.7	34.4	74.4	1
18.3	79.2	70.7	9.0	6.8	2.3	40.0	60.7	1
38.5	77.0	51.1	6.0	6.9	2.2	62.0	100.0	0
13.1	92.7	95.5	5.0	8.4	4.0	52.4	74.6	1
30.7	84.3	100.0	9.6	7.9	2.8	76.9	97.8	0
24.2	81.8	73.3	9.8	5.3	3.5	51.0	77.8	3
40.2	72.2	67.7	1.5	4.7	6.2	61.1	99.0	0
27.7	84.3	75.9	6.1	6.9	0.0	61.0	94.0	2
22.1	79.3	81.3	4.6	6.2	1.0	55.2	66.0	2
23.0	87.4	63.0	5.3	5.8	1.1	57.3	77.9	3
25.3	73.6	73.1	4.0	6.1	1.2	53.1	78.2	2
15.9	86.8	95.2	3.6	7.7	4.6	35.1	63.1	1
18.9	80.6	81.9	8.3	5.2	0.0	52.7	70.3	3
10.7	72.5	99.1	3.1	9.2	3.2	43.6	66.2	1
17.6	71.7	85.5	6.2	6.1	0.2	37.1	60.1	1
25.8	73.2	63.7	2.6	7.8	2.5	59.7	74.8	2
27.4	82.9	71.4	9.2	6.2	2.9	63.5	85.8	3
9.2	86.2	83.7	6.1	5.2	3.9	49.0	76.4	1
23.9	87.7	63.2	7.9	6.8	2.1	53.0	83.3	3
29.5	88.1	61.2	6.5	5.5	2.2	62.0	89.2	0
23.7	77.4	62.1	5.4	7.2	0.0	47.7	75.7	2
19.9	95.6	87.7	6.2	7.0	5.9	43.9	62.4	1
21.7	80.6	74.5	9.8	6.2	3.0	52.6	76.7	3
20.7	89.5	97.7	3.8	7.2	3.2	42.7	77.6	1
19.9	83.4	66.6	0.0	8.2	4.1	51.4	79.7	2
26.4	88.8	43.1	4.0	6.9	2.4	57.7	86.8	2
43.5	82.9	78.0	3.0	6.1	3.1	63.9	100.0	0
22.5	84.9	80.5	5.6	7.5	0.3	50.1	77.1	2
24.6	93.1	59.4	8.1	6.7	3.3	59.0	79.7	3
19.5	76.8	55.6	6.1	8.6	5.6	49.7	66.5	1
33.8	67.3	98.0	6.0	6.6	5.1	67.5	90.1	0
6.0	75.3	67.9	6.4	8.8	4.8	38.3	50.7	1
31.5	83.5	89.8	6.5	8.0	0.6	64.3	97.8	0
22.6	85.9	68.5	8.8	6.7	1.7	43.6	76.9	1
28.5	85.7	66.1	5.6	4.6	7.7	55.4	87.5	3
32.3	74.8	58.3	5.8	9.6	2.9	56.9	86.9	2
26.7	76.2	67.0	6.0	7.4	0.4	53.9	79.6	2
18.6	81.0	91.5	9.2	8.2	0.8	47.9	70.5	1
28.6	89.5	97.1	3.6	5.3	2.7	60.8	83.3	3
21.8	90.5	74.1	4.2	7.2	0.5	49.8	79.0	3
31.0	90.8	52.0	5.3	6.8	5.3	65.1	99.6	0
36.9	69.1	56.6	3.1	5.7	3.7	56.7	99.1	2
4.2	84.9	64.0	4.5	8.5	3.0	31.3	53.1	1
25.9	83.0	60.6	8.8	7.2	0.9	48.4	100.0	2
25.0	69.7	84.0	7.6	6.9	0.5	40.7	61.8	1
44.5	85.2	100.0	4.9	7.7	3.0	78.5	100.0	0
21.3	82.5	91.9	8.0	6.0	2.7	53.1	81.9	3
31.0	90.1	63.1	11.2	7.2	0.6	58.3	100.0	0
24.7	85.8	69.6	6.8	7.1	2.4	56.1	82.5	3
18.6	79.5	72.5	9.6	7.2	2.4	41.8	58.6	1
17.6	94.3	85.8	8.1	8.2	3.6	39.6	57.9	1
37.7	62.8	100.0	5.3	6.5	5.7	55.3	89.9	2
32.6	84.4	73.0	6.5	6.4	0.0	54.3	84.8	2
40.5	67.4	100.0	7.3	6.3	3.7	83.5	100.0	0
25.4	75.9	100.0	4.1	6.2	1.5	69.9	85.3	2
27.3	90.2	74.8	0.0	8.3	3.1	73.4	100.0	0
22.9	72.3	74.4	3.9	6.9	2.7	43.9	80.3	2
22.7	70.8	74.6	0.6	8.2	3.3	65.8	77.0	2
16.7	100.0	80.9	4.1	7.3	0.6	47.2	73.7	3
25.7	71.4	74.6	1.7	6.0	4.0	67.3	92.8	2
18.7	100.0	93.3	8.2	5.2	2.6	57.3	83.7	3
28.5	83.3	56.8	3.0	5.3	4.6	51.4	88.1	2
26.4	79.8	72.0	7.4	5.9	4.9	69.1	98.6	0
27.3	90.7	84.9	7.9	8.2	2.9	71.2	88.7	0
38.4	98.4	93.1	7.8	8.6	4.0	60.6	100.0	0
24.7	73.5	100.0	1.3	7.1	3.9	57.0	77.7	2
31.1	79.9	60.7	8.8	8.1	4.5	45.7	67.1	1
41.4	93.5	70.2	7.1	6.3	4.4	67.1	99.8	0
35.5	87.9	46.0	8.0	6.2	0.8	61.9	92.5	0
34.2	96.0	63.4	10.6	7.9	2.9	62.0	100.0	0
22.5	90.2	53.5	8.0	7.2	0.4	67.5	87.7	2
26.8	100.0	72.2	3.0	7.9	1.7	50.1	86.6	3
14.5	86.8	76.6	7.6	7.1	1.8	47.2	82.2	1
29.0	87.2	87.0	2.2	6.5	3.4	65.5	87.0	0
25.2	83.6	87.0	4.7	7.4	2.3	49.8	82.3	2
33.2	93.5	81.7	6.0	7.3	4.0	72.3	100.0	0
15.3	87.4	64.5	2.2	5.9	3.8	59.7	78.5	3
38.1	92.9	54.7	2.5	6.9	2.9	64.2	100.0	0
25.0	94.4	88.8	4.9	5.2	3.6	69.8	94.0	0
24.4	89.3	100.0	5.4	6.6	3.5	68.4	75.0	3
28.8	74.9	94.0	9.6	3.3	2.2	63.8	74.2	3
37.2	79.5	100.0	7.1	9.7	1.4	61.6	100.0	0
25.8	93.4	86.9	6.0	6.1	2.8	48.2	90.7	3
26.2	99.2	84.5	5.0	5.9	1.1	59.5	100.0	3
25.1	65.6	81.7	2.5	8.9	1.9	51.9	76.5	2
39.3	79.3	78.4	6.0	5.6	3.2	59.4	100.0	0
22.0	85.2	89.1	10.5	5.3	1.7	51.8	68.9	3
26.2	89.7	62.3	9.1	6.2	1.9	65.9	91.8	0
34.1	100.0	87.1	7.4	5.9	0.9	73.4	100.0	0
17.7	64.7	65.6	6.6	6.8	4.0	47.3	77.4	1
36.9	89.6	87.5	6.0	5.1	3.9	76.2	100.0	0
19.6	92.8	88.8	5.1	8.0	3.9	52.9	62.2	1
23.8	88.2	91.6	6.8	8.8	1.9	51.6	82.1	3
27.1	100.0	76.8	2.5	6.2	2.8	61.6	98.1	0
17.1	85.3	87.3	4.7	7.5	1.3	36.9	77.0	1
21.7	98.1	72.7	6.0	6.9	2.3	52.5	72.2	3
25.9	78.5	50.4	4.2	4.9	2.4	52.2	66.4	2
25.4	85.6	88.0	3.7	8.5	0.4	50.9	94.3	2
35.2	72.9	84.5	4.0	7.0	2.7	65.2	97.9	0
37.3	94.0	95.2	5.3	6.4	1.7	75.2	93.6	0
18.2	83.8	79.6	0.0	5.2	2.9	63.9	75.7	2
25.9	88.6	56.0	4.1	7.6	2.1	54.0	80.1	2
30.4	81.9	78.6	8.4	7.2	3.0	58.0	99.3	0
37.1	90.9	93.3	6.8	7.7	3.5	61.4	98.7	0
30.7	89.0	87.1	7.1	7.7	0.6	65.4	95.0	0
27.3	75.1	77.8	1.4	6.0	2.0	42.7	77.0	2
30.3	75.6	55.0	5.0	3.0	1.5	56.2	100.0	2
30.4	84.7	64.6	5.7	6.9	4.3	62.7	99.9	0
17.6	91.6	87.2	7.2	6.8	5.0	47.2	79.7	3
26.5	100.0	55.0	8.8	7.2	2.6	56.7	92.7	3
36.7	88.0	75.2	8.4	8.8	3.1	73.1	100.0	0
23.3	95.1	80.6	4.5	6.9	0.3	56.3	79.4	3
26.0	68.9	97.2	4.6	7.8	3.0	63.8	90.9	2
23.1	100.0	89.2	9.5	7.5	2.1	69.6	89.6	3
6.5	91.1	94.4	5.1	5.3	4.5	47.5	51.8	1
25.0	84.5	84.5	3.3	5.5	2.2	54.4	83.0	3
27.4	83.4	67.3	5.5	8.4	1.3	69.9	92.9	0
20.9	73.9	70.8	9.4	5.9	0.5	32.8	78.9	1
15.8	76.8	66.0	3.7	7.4	2.8	36.7	71.1	1
18.0	100.0	88.9	4.9	5.8	1.7	59.2	75.0	3
31.1	75.1	69.6	3.8	7.9	4.3	78.2	100.0	0
25.0	74.9	74.1	8.4	7.3	3.4	71.9	84.3	2
36.1	78.0	80.3	6.7	6.6	2.3	65.1	100.0	0
14.2	73.0	100.0	8.3	7.8	3.4	43.1	58.3	1
31.8	85.2	89.9	9.9	7.3	5.1	65.8	84.1	0
19.7	95.9	68.4	2.2	6.1	0.8	62.8	75.9	3
20.3	78.9	82.3	4.1	7.0	1.5	57.7	90.4	2
21.3	71.3	100.0	4.9	7.8	5.4	52.1	77.7	1
30.6	87.9	89.2	6.2	8.3	1.4	68.9	100.0	0
32.7	84.4	56.0	7.3	6.8	3.5	64.5	100.0	0
24.2	95.0	66.3	4.8	9.1	4.3	61.2	86.5	0
24.4	80.5	65.1	4.3	6.1	2.5	62.6	96.2	2
28.7	82.4	100.0	6.0	5.1	3.5	51.9	84.2	3
29.5	83.5	98.8	7.4	5.3	2.1	59.5	65.5	3
34.4	85.9	70.6	6.8	7.0	5.2	64.5	100.0	0
14.7	81.1	70.3	0.6	7.0	1.8	39.2	42.1	1
25.2	79.5	80.7	9.0	7.2	1.1	47.6	78.1	2
16.5	66.5	81.1	6.5	6.2	3.8	42.6	70.0	1
24.6	79.3	65.6	5.6	9.7	3.6	63.2	66.2	2
23.2	92.2	76.3	4.0	8.8	2.7	54.7	83.1	2
24.6	93.5	58.2	4.4	5.6	2.5	58.5	86.5	3
18.6	80.3	99.1	3.8	6.9	1.8	53.3	82.7	2
13.1	98.0	53.6	1.0	7.1	1.4	54.3	79.0	3
8.2	84.7	53.4	4.0	7.8	1.6	47.6	52.3	1
24.0	71.6	86.5	2.0	5.2	3.0	54.2	73.4	2
21.6	68.5	61.4	5.8	4.9	2.2	50.4	65.2	1
19.6	97.2	72.5	3.1	5.5	0.3	62.5	70.8	3
35.6	81.3	80.9	7.8	8.8	1.9	60.2	91.8	0
18.1	72.9	90.1	1.8	6.2	2.2	59.7	86.9	2
36.3	62.4	76.7	9.0	8.0	3.3	57.3	94.2	2
38.0	81.0	100.0	8.1	7.7	2.9	63.5	100.0	0
9.4	89.0	80.0	3.3	6.8	5.1	50.7	56.1	1
25.7	78.0	97.9	5.8	8.0	1.0	73.7	75.3	2
25.0	74.5	84.2	3.9	5.5	3.3	38.0	75.1	1
1.7	79.5	100.0	7.4	6.4	3.5	44.7	60.6	1
13.4	97.4	95.9	10.5	4.3	2.9	53.2	75.7	3
31.2	71.1	80.7	9.0	7.1	2.1	55.7	93.4	2
41.2	78.6	89.4	4.3	6.0	1.5	70.3	100.0	0
32.2	97.1	76.1	6.3	9.6	2.4	54.7	96.2	0
25.0	89.9	75.9	9.8	7.1	0.0	53.2	82.9	3
24.8	86.8	60.4	7.3	8.0	1.1	59.9	90.0	2
38.5	78.5	67.9	8.5	7.8	1.0	58.1	97.3	0
42.2	85.3	100.0	7.6	6.9	3.3	70.6	100.0	0
20.3	79.6	61.9	6.2	8.2	3.4	47.2	80.3	2
9.0	76.4	70.2	5.8	7.0	0.9	39.8	55.7	1
8.2	74.2	78.6	3.0	7.6	0.5	50.4	65.4	1
24.6	84.4	85.8	3.7	7.2	4.0	55.9	97.9	3
26.5	88.1	73.0	5.1	6.4	3.9	61.7	100.0	0
10.7	86.5	86.7	6.2	6.2	3.5	47.9	68.2	1
19.0	89.4	97.1	5.7	6.9	4.8	48.2	69.5	1
22.6	82.5	99.0	6.5	7.1	5.2	57.1	82.9	3
26.7	80.2	76.0	7.7	7.1	1.0	49.3	73.1	2
21.8	76.8	89.2	5.0	5.1	1.9	49.2	79.4	3
16.7	70.9	62.8	7.8	4.3	3.7	60.1	55.5	1
18.7	73.8	69.2	8.8	5.8	0.0	54.9	66.1	1
25.0	81.3	62.4	7.0	7.1	2.1	63.2	100.0	0
27.0	69.0	79.3	4.6	7.1	3.9	58.9	93.9	2
29.9	71.2	67.1	8.4	7.5	2.0	52.1	87.4	2
17.8	95.4	57.2	7.2	7.4	3.6	54.8	76.5	3
1.4	87.2	74.2	7.5	6.4	0.0	35.7	44.3	1
25.0	80.5	54.1	9.8	5.8	2.9	48.3	71.4	1
25.0	100.0	99.9	7.8	7.6	1.8	52.6	66.2	3
27.8	68.5	71.6	9.9	7.3	2.2	51.6	77.9	2
51.3	94.8	94.8	5.6	5.7	1.1	78.7	100.0	0
30.6	83.9	72.6	4.9	7.7	4.9	63.6	93.8	0
46.9	92.9	62.1	8.9	8.1	2.6	72.0	100.0	0
29.6	86.1	97.6	3.5	7.9	2.7	38.7	68.1	1
20.0	66.3	81.3	10.7	8.2	5.6	43.4	78.8	1
27.8	86.0	100.0	9.3	6.1	1.1	50.6	98.4	3
39.2	88.4	73.0	6.2	8.0	2.7	70.5	100.0	0
39.6	63.1	73.3	9.0	6.8	1.5	58.7	100.0	2
25.0	100.0	95.1	7.7	9.5	1.4	51.5	77.3	3
27.0	88.1	95.2	2.8	8.1	3.0	64.8	89.0	0
13.6	91.7	82.3	4.0	7.5	2.1	43.1	90.6	3
31.6	73.3	100.0	6.7	9.1	5.5	61.2	85.9	0
37.4	91.9	75.8	6.4	6.4	5.2	62.2	100.0	0
25.3	95.9	61.0	9.3	7.7	2.3	54.8	100.0	3
19.7	87.5	65.0	6.8	9.7	0.2	44.1	79.0	2
25.0	84.9	75.9	6.0	8.0	2.1	54.7	86.5	2
28.3	76.1	100.0	4.6	7.2	4.1	61.5	76.8	2
25.6	82.8	77.2	7.9	6.7	1.2	49.4	86.8	3
26.4	79.9	100.0	1.4	5.8	4.9	51.4	82.3	3
23.6	90.7	86.5	2.5	6.7	3.4	72.7	90.4	0
33.0	76.5	96.3	5.1	6.0	0.7	63.1	90.4	0
30.9	90.6	85.8	6.0	6.7	1.5	64.3	98.8	0
17.1	76.6	85.7	5.5	6.9	1.7	44.6	72.9	1
16.9	82.4	91.3	7.2	8.2	1.3	57.9	75.8	2
25.0	91.2	71.5	6.0	6.5	0.8	64.9	97.8	0
30.9	78.0	71.7	5.6	6.3	1.6	55.3	88.9	2
26.2	91.5	85.2	4.4	8.1	1.9	66.4	91.0	0
19.9	90.5	100.0	8.1	7.8	4.4	63.5	74.1	3
27.1	82.3	56.9	2.9	6.7	3.2	42.1	78.7	2
25.0	96.6	49.6	5.4	7.7	3.2	62.7	87.2	0
32.0	85.8	76.0	8.9	6.7	3.0	56.2	72.9	3
27.7	96.0	95.5	4.1	6.7	1.3	70.1	100.0	0
25.0	100.0	80.8	2.1	8.9	4.2	50.9	91.1	3
26.9	82.6	62.5	0.7	6.8	1.8	62.1	100.0	2
35.5	91.4	81.2	7.7	6.5	2.0	52.2	89.3	3
20.4	78.6	54.0	7.8	7.0	3.1	60.5	78.5	2
28.2	74.7	89.4	5.1	4.6	6.2	57.9	88.4	3
24.4	83.0	75.4	2.8	6.8	1.7	65.5	87.0	2
28.4	71.4	78.8	5.6	7.3	0.1	51.6	77.3	2
19.8	75.6	86.4	8.9	9.4	2.9	52.8	62.9	1
25.9	90.9	83.1	2.8	7.1	3.5	69.4	93.0	0
33.9	79.9	71.9	8.6	7.5	1.8	62.2	100.0	0
17.5	92.1	95.5	6.0	7.4	1.6	55.2	78.5	3
14.4	88.0	92.0	3.2	9.7	0.6	54.2	73.2	1
14.7	100.0	53.4	6.3	8.2	3.0	39.4	74.1	1
29.8	96.1	63.8	9.7	8.5	5.1	70.3	100.0	0
13.8	89.0	61.0	8.5	5.9	3.0	33.3	54.4	1
22.6	88.1	88.0	9.9	6.2	1.9	63.6	89.8	3
29.9	96.6	73.7	6.0	5.4	3.1	57.5	89.0	3
28.3	91.7	77.9	4.4	9.2	2.0	75.4	92.5	0
21.9	87.1	70.0	9.0	8.4	1.5	57.8	74.2	2
25.0	87.1	85.6	9.4	8.5	2.7	52.0	84.6	3
25.9	90.4	90.2	8.3	8.2	4.4	65.3	86.0	0
23.2	78.3	100.0	7.5	7.8	2.2	64.9	82.0	2
23.3	77.9	77.3	9.5	6.6	2.2	58.7	73.8	2
42.9	99.3	58.3	6.9	7.2	2.1	68.7	100.0	0
31.5	100.0	72.4	5.9	6.4	3.7	74.4	100.0	0
44.8	75.7	92.7	7.8	6.0	3.8	63.0	100.0	0
21.0	78.3	68.4	7.2	6.2	0.9	60.6	67.1	2
24.3	96.4	57.8	6.0	9.8	2.2	39.6	94.3	2
14.3	90.3	68.7	5.7	6.5	4.2	50.2	59.3	1
25.0	91.8	72.0	8.3	8.2	2.0	48.5	79.0	3
40.2	94.0	63.8	8.1	9.5	4.6	59.0	100.0	0
20.8	82.6	83.3	6.5	7.9	3.5	62.8	78.6	2
40.4	88.3	78.8	4.1	6.1	5.1	52.4	100.0	0
15.1	87.5	91.8	9.1	6.1	2.0	59.8	80.1	3
16.6	76.4	73.3	3.0	7.1	3.6	37.4	71.8	1
22.3	88.2	88.4	3.6	9.7	3.6	62.8	89.8	2
24.5	97.4	72.6	6.4	8.7	4.1	52.1	83.3	3
32.4	81.7	63.1	0.0	7.6	3.0	46.9	84.8	2
28.6	86.5	71.9	9.9	6.8	4.2	56.0	100.0	0
21.7	87.1	55.7	6.0	7.5	1.6	58.5	91.7	2
23.9	82.2	100.0	9.8	7.2	2.4	48.5	74.1	3
22.4	91.8	82.1	10.5	7.2	0.3	57.6	87.8	3
17.7	78.2	68.1	5.6	5.9	2.1	55.2	77.5	2
17.9	98.3	74.3	9.4	5.9	1.2	64.4	84.4	3
33.2	91.3	43.2	3.3	7.4	3.0	64.1	100.0	0
25.0	75.6	100.0	7.1	5.6	4.0	52.9	63.2	1
37.9	100.0	100.0	4.8	6.2	3.3	74.8	100.0	0
22.3	86.7	81.6	7.7	7.0	3.7	54.0	87.6	3
18.8	77.8	84.8	8.2	7.4	2.6	59.4	69.4	1
30.9	96.0	61.0	5.6	8.3	2.3	69.3	95.6	0
36.9	89.9	62.1	7.4	5.5	0.7	64.9	100.0	0
33.9	67.3	54.5	8.4	5.5	0.0	65.9	93.6	2
29.0	79.7	77.6	6.5	8.6	0.2	60.8	83.6	2
25.0	87.8	95.9	12.3	9.0	1.5	67.6	100.0	0
11.3	63.4	74.3	5.7	5.7	3.9	57.1	64.2	1
20.8	85.9	85.2	10.1	6.0	0.7	47.5	88.1	3
17.7	86.6	94.7	8.9	7.7	1.3	53.2	85.0	3
34.8	73.2	55.6	1.4	7.1	1.8	62.3	96.2	2
25.0	87.7	100.0	9.7	7.1	4.4	60.5	96.6	3
31.8	85.1	97.4	6.0	6.1	2.4	58.2	100.0	0
29.3	73.1	87.7	6.3	7.9	2.7	53.7	87.7	2
18.1	94.2	93.9	6.9	6.7	3.1	52.2	71.4	3
20.3	93.4	94.6	7.2	6.7	4.6	57.8	96.4	3
35.4	82.1	84.4	9.4	5.6	2.6	60.4	100.0	0
18.8	83.0	100.0	5.0	7.9	0.0	31.6	58.5	1
26.0	92.3	73.2	10.0	6.6	2.7	51.2	81.2	3
18.7	83.0	86.9	3.3	6.9	4.7	62.1	68.3	1
22.5	65.7	99.8	1.6	8.4	3.5	63.3	70.1	2
18.7	76.9	86.6	9.1	6.9	3.0	64.1	79.1	3
17.3	81.1	90.9	5.6	5.1	0.0	47.7	67.1	1
27.3	99.6	54.4	6.0	6.4	0.0	48.9	95.5	3
18.2	83.7	84.2	2.3	8.5	3.8	48.9	80.3	1
18.5	85.0	68.1	7.1	5.2	4.4	57.1	88.1	3
17.5	90.1	86.0	6.0	7.3	1.6	47.4	79.6	3
24.4	90.1	78.6	9.2	8.9	2.8	61.3	92.6	0
32.5	75.8	65.8	6.2	7.7	3.4	62.8	86.0	2
25.0	84.4	96.6	4.1	6.3	5.0	63.3	100.0	0
42.2	87.7	84.0	8.5	4.7	3.6	79.0	94.5	0
17.0	87.9	99.7	9.4	8.9	5.5	52.3	77.1	1
33.7	100.0	66.2	5.7	6.5	2.1	69.7	90.6	0
19.2	73.2	80.1	6.2	4.8	2.6	39.5	73.9	1
18.0	94.8	72.6	7.9	5.8	0.8	63.2	80.2	3
19.0	96.8	75.9	4.1	5.7	0.9	49.8	76.7	3
24.6	89.9	100.0	7.8	6.4	3.8	50.5	79.0	3
29.6	78.5	86.9	6.0	9.9	4.3	65.7	86.2	0
30.4	100.0	84.7	5.8	8.1	4.2	59.9	94.2	0
25.0	63.1	87.9	6.0	7.6	1.0	42.3	72.2	2
17.1	78.2	86.5	6.3	8.4	2.2	47.3	61.8	1
17.7	96.7	52.6	10.8	9.2	3.2	43.6	75.0	1
24.1	81.3	100.0	4.8	7.6	0.0	50.0	97.8	2
23.3	100.0	58.0	5.0	8.7	3.2	65.2	85.4	0
17.4	69.9	100.0	9.6	6.2	5.3	57.3	71.3	1
27.2	73.9	89.3	7.1	6.0	4.2	56.9	90.3	2
25.0	79.7	82.7	7.9	5.8	0.0	64.2	100.0	0
21.0	89.2	75.4	3.4	7.4	3.1	57.2	94.2	3
21.5	82.8	100.0	6.6	3.8	2.8	39.3	72.3	3
25.0	80.1	89.1	8.0	8.6	2.9	67.9	95.9	0
30.4	100.0	72.0	7.6	8.0	2.0	55.0	100.0	0
19.3	80.9	70.2	5.5	5.3	0.0	62.7	79.6	2
39.7	67.9	80.8	4.4	8.3	3.0	65.2	100.0	0
27.8	63.4	66.0	8.5	8.7	3.4	52.1	63.9	2
20.0	87.4	90.2	8.8	7.1	1.7	68.5	90.1	3
20.3	91.6	70.3	6.3	7.6	4.4	50.0	84.5	3
20.9	85.6	95.1	7.1	5.8	0.0	59.1	62.2	3
25.0	84.3	94.7	9.3	7.1	0.0	69.8	89.7	0
14.8	77.0	79.2	5.0	8.2	2.6	41.3	75.7	1
19.7	91.5	88.7	6.9	6.6	1.5	52.4	83.8	3
20.5	100.0	89.5	5.0	8.8	4.0	53.5	89.1	3
24.9	62.8	58.1	3.5	4.9	1.9	39.8	85.0	2
22.8	84.2	100.0	5.0	6.6	4.5	40.0	72.3	1
13.1	75.3	76.2	3.2	4.7	1.4	29.8	71.8	1
21.8	70.1	90.4	7.1	7.4	2.7	48.5	97.0	2
24.2	73.7	90.9	4.1	6.7	0.0	46.8	87.6	2
20.0	88.8	42.7	2.5	6.8	2.4	46.3	79.9	2
30.5	89.0	70.1	7.9	7.9	2.6	58.1	92.3	0
32.4	99.6	92.6	7.7	6.7	4.3	64.2	100.0	0
24.4	85.1	80.9	5.2	10.0	0.2	53.7	85.1	2
25.0	67.4	90.3	7.8	8.0	2.1	50.0	79.3	2
7.7	82.6	81.4	4.0	7.0	4.7	57.7	56.1	1
21.6	71.1	98.4	5.1	6.2	4.9	50.4	77.2	1
33.0	72.9	81.7	7.0	5.9	1.2	68.2	97.0	0
21.6	90.8	100.0	8.6	7.5	1.5	45.6	89.7	3
19.1	86.9	65.3	5.0	6.4	0.0	62.4	86.6	2
43.2	90.9	78.1	4.5	8.2	0.0	66.9	100.0	0
39.6	81.4	71.1	8.5	6.9	1.9	87.9	100.0	0
28.7	92.9	85.8	7.5	6.9	1.5	50.7	89.2	3
34.1	80.9	75.8	6.4	7.1	5.6	54.7	85.0	0
7.2	96.2	76.6	9.0	6.8	3.0	43.4	64.4	1
18.7	88.4	69.4	10.9	7.3	2.2	49.6	70.9	1
25.0	82.9	73.1	6.9	9.5	3.5	44.6	85.2	2
23.1	87.1	79.8	4.5	7.6	4.0	66.5	91.6	0
21.1	84.8	49.7	7.2	7.5	4.3	63.8	90.8	2
4.6	100.0	45.5	4.0	7.9	2.9	40.9	59.2	1
28.1	87.5	80.9	9.1	6.9	2.5	66.8	94.7	0
29.3	85.0	38.5	4.2	5.8	2.7	70.4	100.0	0
37.8	82.6	77.1	5.5	3.4	2.4	65.7	100.0	0
18.7	93.4	74.3	3.9	4.5	1.7	48.0	83.0	3
18.0	92.1	88.1	6.5	7.9	4.1	62.0	75.6	3
3.6	82.3	69.9	6.5	7.4	2.2	48.5	64.2	1
22.7	73.4	100.0	7.9	6.8	1.0	43.6	69.4	1
32.2	76.0	92.7	6.3	9.8	2.5	71.2	100.0	0
20.1	83.2	57.3	6.1	7.0	3.6	44.9	75.5	1
42.1	98.5	75.7	4.6	4.2	0.3	74.2	100.0	0
22.9	82.5	100.0	5.3	7.9	2.1	48.5	75.2	1
26.2	79.1	69.5	2.5	8.4	1.3	57.7	83.5	2
14.1	67.4	79.2	9.5	7.9	5.8	46.5	60.5	1
27.3	100.0	100.0	5.8	8.4	2.6	77.2	86.0	0
9.2	90.7	71.9	10.1	4.9	4.8	33.3	38.1	1
30.5	93.0	96.8	5.7	7.1	2.9	56.1	90.8	3
30.8	94.6	66.4	1.2	6.0	3.0	58.8	79.8	3
35.9	83.4	36.7	4.9	7.6	2.4	66.9	100.0	0
16.8	85.8	98.4	6.0	8.8	2.2	48.2	71.6	1
26.3	99.9	86.6	6.2	6.6	2.4	43.2	62.9	3
29.5	86.8	87.6	7.7	7.8	1.5	65.7	90.1	0
28.5	90.9	63.6	6.4	5.9	2.5	70.0	95.7	0
18.1	93.7	64.8	5.2	7.0	0.1	55.9	91.6	3
5.9	91.4	97.3	3.7	6.4	2.8	39.7	55.3	1
27.8	83.7	83.6	5.0	9.2	0.7	59.9	76.3	2
20.5	92.8	83.3	8.1	7.1	3.0	62.2	80.2	3
24.6	96.7	90.9	8.5	4.7	3.0	54.0	85.2	3
14.4	90.5	72.9	7.4	7.5	2.1	50.0	73.8	1
9.5	91.0	58.9	3.8	7.1	1.6	53.5	73.0	1
16.0	80.5	88.8	6.6	6.2	3.6	57.8	78.3	3
44.1	79.2	66.1	6.9	8.5	2.4	69.4	100.0	0
30.8	92.8	62.3	3.3	9.1	1.4	78.1	100.0	0
26.5	79.3	99.7	2.6	7.8	2.7	67.0	76.7	2
23.5	84.8	93.1	7.2	6.6	0.0	59.3	86.2	3
25.0	98.8	85.8	4.9	5.3	2.6	54.1	87.5	3
25.0	97.2	61.4	9.8	7.2	1.3	62.6	100.0	0
21.1	88.0	100.0	10.3	6.8	2.0	55.5	72.9	3
29.6	82.0	95.4	7.2	6.9	5.5	58.7	81.6	3
22.2	83.8	75.4	8.4	6.4	1.8	67.0	91.0	3
40.5	93.7	72.3	3.4	6.3	3.7	62.4	100.0	0
30.9	84.6	81.2	2.7	7.0	4.1	64.7	98.8	0
20.3	97.2	100.0	2.8	8.2	3.1	57.6	100.0	3
33.5	86.8	74.2	6.8	6.1	0.8	69.7	98.2	0
22.5	79.2	64.0	4.0	7.1	1.5	64.6	93.4	2
25.9	89.8	100.0	6.5	6.6	0.8	53.4	100.0	3
16.7	74.9	91.8	7.6	7.7	2.0	56.4	69.9	1
26.6	83.0	90.1	6.8	7.6	1.1	66.4	89.6	0
28.5	82.5	79.1	5.0	5.6	3.3	57.1	61.5	3
29.2	89.5	65.4	2.6	6.8	1.8	45.6	67.9	2
21.4	91.3	79.3	6.4	8.9	2.0	46.8	78.9	1
41.7	79.5	62.5	1.6	6.6	0.1	67.5	100.0	0
34.7	73.8	100.0	6.0	6.6	1.6	56.3	87.7	2
40.2	87.7	63.7	3.6	7.2	3.1	67.8	99.0	0
12.3	83.7	76.2	6.9	6.0	2.7	55.0	77.9	1
18.0	86.6	72.1	4.3	8.1	3.4	54.3	66.2	1
36.9	100.0	84.1	6.4	6.0	3.4	82.3	100.0	0
25.0	100.0	57.2	6.0	7.7	3.6	58.0	75.0	3
12.1	68.7	66.1	5.8	8.3	5.0	36.6	68.0	1
21.1	94.8	54.6	2.6	7.5	2.7	59.5	80.9	2
26.5	83.4	58.4	5.6	6.3	1.1	58.6	76.6	2
37.7	95.5	70.1	1.9	7.2	1.9	76.5	100.0	0
23.5	94.6	100.0	10.4	6.1	1.9	60.7	87.6	3
20.1	99.1	85.2	6.4	6.7	1.1	51.2	89.9	3
27.5	87.8	81.0	6.0	6.4	0.0	62.4	98.0	0
28.8	76.1	100.0	7.7	6.1	2.8	55.2	84.0	3
28.5	94.3	85.8	2.8	7.8	2.6	55.7	90.6	0
23.6	86.2	87.2	4.0	8.2	5.4	54.8	87.7	3
9.4	82.7	72.9	7.3	8.3	5.3	46.3	70.5	1
17.7	80.2	70.4	6.4	7.3	3.5	60.0	79.1	2
36.4	95.1	60.3	4.2	8.8	3.3	62.8	100.0	0
26.5	100.0	71.0	7.6	6.2	1.3	45.5	88.9	3
22.4	73.0	75.8	6.8	8.5	2.8	51.3	78.4	2
33.9	91.2	85.2	7.3	8.1	2.3	66.1	100.0	0
16.0	81.3	79.4	7.0	7.0	2.7	50.5	63.4	1
23.2	70.3	74.5	4.3	7.3	1.3	51.0	63.7	2
26.1	86.5	66.3	5.8	8.2	3.1	64.7	82.6	2
21.5	76.7	86.0	1.4	7.8	0.4	54.9	74.7	2
25.8	69.2	72.5	4.7	7.3	7.1	59.3	86.0	2
23.5	77.2	85.3	5.4	6.5	4.7	40.4	71.6	1
13.8	74.7	51.3	7.6	5.9	4.5	45.3	66.0	1
26.5	78.5	85.0	7.3	7.1	0.6	55.6	85.3	2
14.4	71.7	91.2	4.1	5.6	0.1	59.2	75.0	2
26.3	81.0	89.3	4.1	7.9	2.9	56.1	81.4	2
36.0	77.9	77.0	9.3	4.9	2.0	58.7	90.0	0
22.8	88.8	93.7	5.3	7.4	5.3	50.0	66.9	1
24.0	87.6	78.7	8.0	6.5	2.4	51.8	58.7	1
18.3	82.6	77.1	5.8	6.7	4.7	44.8	72.8	1
29.8	82.4	95.5	5.6	3.5	2.8	66.5	100.0	0
23.8	76.6	49.7	5.2	6.5	2.8	57.3	80.1	2
34.3	92.0	100.0	6.0	6.0	1.5	54.6	93.3	3
23.8	67.4	43.5	1.4	10.0	4.0	57.1	78.0	2
30.7	84.2	92.2	6.0	5.3	3.3	66.9	93.5	0
21.9	81.8	69.5	7.4	7.5	1.1	46.5	82.4	2
25.3	91.0	83.8	7.1	6.0	5.4	60.3	85.3	3
22.1	70.7	100.0	9.5	5.9	1.8	51.4	66.1	1
31.1	85.1	84.4	8.1	5.4	0.0	54.5	94.2	3
36.5	88.4	100.0	7.0	8.4	1.3	62.3	100.0	0
25.0	66.0	72.6	6.1	8.4	0.9	58.1	81.7	2
32.4	84.1	91.8	6.0	8.1	4.9	66.2	100.0	0
29.4	90.1	73.4	6.8	5.8	2.9	55.3	94.4	3
15.9	86.8	89.0	5.1	6.5	4.9	44.9	76.4	1
38.6	90.6	97.8	3.8	7.8	4.1	71.3	100.0	0
39.4	74.2	93.0	5.9	5.8	0.0	62.3	100.0	0
23.1	69.1	56.3	6.0	6.1	3.8	51.1	80.7	2
22.0	85.8	74.9	6.3	7.0	1.6	53.6	76.5	3
29.9	72.7	84.2	6.1	7.0	3.3	52.5	89.5	2
29.4	76.3	76.3	7.1	5.7	2.4	54.6	89.8	2
23.4	94.3	81.2	7.2	9.7	6.7	56.6	81.5	3
15.0	86.9	84.4	6.6	6.0	3.2	49.2	81.2	3
25.0	79.3	72.1	5.9	8.1	3.4	61.4	77.4	2
29.4	78.0	77.1	4.7	7.7	4.1	63.0	92.7	0
30.8	91.2	62.3	8.5	6.0	0.3	70.9	96.1	0
27.8	87.1	72.8	4.9	7.6	4.1	47.6	71.7	1
22.8	72.9	57.1	9.9	6.0	2.2	59.9	81.2	2
25.5	100.0	77.1	6.1	8.0	3.7	64.1	87.9	3
21.3	72.8	66.3	7.9	6.3	0.3	54.4	68.5	2
23.6	90.3	100.0	4.4	7.5	3.9	51.9	98.7	3
11.0	100.0	76.3	7.4	6.3	2.3	59.7	55.6	1
23.5	86.5	84.3	6.3	7.2	2.3	61.3	68.4	3
30.5	79.0	70.4	7.0	7.1	0.0	62.9	96.6	2
27.7	70.7	73.8	4.3	6.6	3.9	72.8	93.4	0
37.2	70.6	84.9	4.3	4.8	2.9	56.2	82.5	2
22.9	88.8	75.0	1.4	7.9	1.8	55.7	78.8	2
28.9	99.5	80.0	4.9	9.4	1.1	65.8	100.0	0
31.3	81.0	92.1	4.7	7.2	3.7	52.7	86.5	2
43.7	79.4	72.2	4.3	6.3	3.0	64.7	100.0	0
26.2	92.0	60.0	5.7	7.2	2.5	65.9	91.6	0
16.6	78.1	57.1	6.2	8.4	1.0	45.5	65.5	1
31.8	87.7	100.0	7.2	8.5	3.0	68.5	86.2	0
39.9	85.4	94.0	7.4	8.1	2.9	63.0	100.0	0
22.4	80.9	89.8	7.6	7.5	4.5	69.1	80.1	3
31.7	84.8	73.5	7.7	7.8	0.7	44.0	95.7	2
34.8	100.0	60.0	6.7	7.1	1.4	73.7	100.0	0
33.1	91.0	75.8	6.1	5.9	5.4	65.4	96.3	0
26.0	95.9	78.6	8.3	6.5	2.8	47.4	85.2	3
19.4	75.8	63.0	7.7	6.6	2.9	49.3	70.0	1
24.3	96.0	58.0	6.0	7.4	3.9	43.2	77.4	3
28.7	91.4	54.0	5.6	4.9	5.2	62.9	84.0	3
32.3	70.0	89.9	1.5	7.6	0.8	55.2	88.9	2
27.7	90.4	61.9	1.4	4.6	5.8	44.7	81.4	3
22.0	79.9	84.6	4.7	7.5	2.4	54.7	91.2	2
29.4	69.5	74.0	5.7	8.4	2.9	58.6	83.0	2
31.9	86.3	88.8	4.9	8.1	2.6	77.7	100.0	0
28.0	90.4	85.0	1.6	5.9	4.7	65.8	100.0	0
18.3	86.5	76.5	7.9	7.7	3.9	33.8	62.7	1
23.5	83.9	82.0	6.0	7.8	2.3	51.3	80.3	2
32.6	81.7	78.3	7.2	9.0	0.8	70.0	85.7	0
13.9	100.0	70.8	4.3	7.4	2.1	38.3	66.6	1
8.3	73.2	94.7	4.8	8.2	0.5	36.4	58.4	1
37.1	93.7	73.7	7.1	6.5	3.8	66.9	100.0	0
29.1	85.2	78.7	5.1	6.0	1.5	55.6	82.9	3
29.9	76.5	58.8	6.4	8.0	2.3	70.8	92.8	0
25.0	84.5	84.1	6.0	8.1	4.3	51.3	76.6	3
30.9	71.1	70.8	2.4	6.2	3.7	59.1	86.8	2
27.2	79.0	72.8	7.2	5.5	3.1	50.4	93.7	3
12.3	84.5	67.4	3.7	7.1	1.3	38.7	63.3	1
36.4	69.5	78.1	3.2	7.1	3.2	63.5	82.6	2
26.3	90.1	49.9	4.2	7.3	1.3	57.6	75.8	2
21.8	75.4	90.2	8.0	8.1	3.2	43.5	70.1	1
22.0	70.5	79.4	6.0	8.2	0.5	53.8	67.2	2
8.9	74.2	73.0	7.6	7.0	4.3	43.2	45.1	1
27.1	65.2	86.5	6.2	6.1	2.5	64.0	90.6	2
23.4	89.4	70.5	6.6	6.3	3.1	55.9	80.3	3
35.2	77.5	99.6	5.3	6.9	2.3	61.3	98.4	0
13.9	81.5	87.3	7.7	6.4	2.6	56.2	83.0	3
20.2	91.0	100.0	4.9	6.7	4.4	52.7	82.4	3
18.2	90.5	82.1	1.9	7.1	4.1	49.2	68.2	1
25.0	78.2	96.2	5.8	6.2	3.6	45.0	75.2	1
25.5	71.4	86.9	8.0	7.4	2.9	55.3	77.3	2
28.4	91.2	73.2	7.2	9.2	2.0	67.0	98.9	0
22.2	90.5	82.8	10.5	6.8	4.1	52.1	82.7	3
18.0	82.2	67.5	5.4	6.2	1.1	40.8	68.2	1
44.3	80.5	78.5	5.4	6.0	3.6	78.2	100.0	0
26.1	76.7	80.4	4.1	6.8	4.3	60.5	71.9	2
18.9	85.0	85.8	4.8	6.2	3.2	52.7	61.0	1
36.8	90.2	63.7	3.4	5.7	2.3	69.3	100.0	0
13.4	88.1	99.8	0.3	5.9	3.9	36.7	72.9	1
22.3	90.1	64.6	4.5	6.2	0.4	50.9	83.3	3
19.4	77.4	61.2	6.1	5.7	1.6	56.2	84.1	2
15.7	100.0	77.5	7.6	8.5	2.2	54.3	92.1	3
22.8	81.6	60.8	4.6	7.5	0.4	61.1	80.2	2
18.1	83.8	100.0	4.6	8.1	3.5	62.6	73.2	3
25.1	71.8	76.5	8.6	5.4	4.4	45.3	81.8	1
25.0	83.1	31.7	2.7	6.6	0.0	60.0	97.8	2
20.0	90.3	83.0	5.6	7.5	1.9	51.6	73.8	3
22.0	92.6	88.3	8.4	9.0	2.2	52.1	94.0	3
23.2	100.0	73.7	4.2	6.1	3.0	75.9	91.9	0
31.5	90.2	59.7	2.2	5.5	3.8	50.4	92.5	3
23.8	87.8	78.5	10.3	7.2	2.1	54.7	80.9	3
31.6	80.5	72.8	8.0	6.2	3.9	59.0	93.3	0
25.0	78.4	65.4	8.1	9.0	2.6	59.4	80.7	2
29.6	94.7	64.0	5.8	7.7	1.6	46.6	97.3	3
36.1	94.5	82.3	7.6	6.7	2.8	58.9	87.7	0
16.0	74.2	93.5	0.0	6.7	0.6	48.5	61.7	1
21.2	92.2	86.9	4.9	6.8	2.1	44.3	88.5	3
39.1	91.5	54.1	8.4	4.8	2.2	75.2	100.0	0
22.9	73.9	89.2	2.5	7.1	1.6	57.6	75.7	2
2.5	90.4	91.6	5.2	6.4	6.3	28.5	61.6	1
23.4	74.5	100.0	6.0	7.8	4.5	52.0	87.9	2
26.1	60.7	65.8	4.0	5.9	2.8	56.5	81.9	2
4.1	83.4	79.2	6.0	7.8	3.1	30.2	46.8	1
35.7	87.6	88.5	7.0	7.7	3.3	53.1	100.0	0
19.3	83.8	72.1	6.8	7.2	3.4	44.9	71.8	1
27.6	100.0	88.3	5.0	8.5	4.8	80.9	100.0	0
23.2	88.8	79.6	6.0	4.7	3.9	63.9	69.3	3
14.7	86.5	67.3	7.0	7.5	0.0	44.4	66.7	1
16.4	89.3	68.6	6.8	6.9	3.8	40.7	65.2	1
23.8	88.6	62.5	6.9	5.3	4.0	71.4	86.1	3
20.8	88.2	85.2	6.0	8.1	0.0	47.8	78.4	2
17.5	78.8	79.5	6.8	7.9	5.1	52.3	66.1	1
34.6	69.4	60.3	6.2	9.2	3.7	59.4	78.2	2
34.5	87.8	67.7	9.5	5.1	3.8	55.8	93.7	3
28.9	80.6	70.4	3.2	6.8	4.2	66.1	97.2	0
27.3	87.9	100.0	5.5	7.3	2.8	48.6	83.4	3
23.0	89.3	66.8	1.4	8.7	1.0	49.3	75.7	2
19.5	75.2	100.0	6.9	5.8	3.7	48.6	72.2	1
25.0	86.9	93.3	5.5	6.4	3.4	41.0	49.0	1
33.5	78.6	90.9	6.1	8.6	4.7	76.6	94.6	0
19.4	69.6	67.5	5.6	5.0	2.8	57.5	52.6	1
34.6	83.3	97.9	7.9	5.7	3.0	60.3	86.8	0
32.1	100.0	92.2	8.2	7.5	1.1	57.9	87.9	3
29.5	70.4	82.2	3.2	9.5	2.5	67.5	94.7	2
29.9	86.2	54.3	10.4	5.0	3.4	34.9	84.5	3
20.1	93.0	79.7	5.4	7.1	3.6	57.6	90.5	3
39.9	100.0	100.0	7.5	7.7	5.1	62.7	96.9	0
25.3	80.1	83.3	6.5	8.8	3.2	72.9	96.7	0
19.8	73.3	76.6	6.0	4.8	3.3	51.1	87.6	2
17.6	96.4	77.6	6.0	5.5	1.7	49.9	76.3	3
28.8	76.3	68.0	7.9	8.6	4.5	58.6	99.5	0
26.7	81.3	79.4	5.4	7.5	1.5	52.6	100.0	2
25.0	66.5	100.0	5.8	5.6	1.9	43.0	70.5	1
13.5	93.8	99.9	4.6	7.6	0.9	51.0	87.4	3
14.8	96.6	68.7	6.0	7.4	2.6	55.3	74.0	3
34.6	93.5	99.1	7.5	4.0	3.5	65.9	100.0	0
20.1	68.9	91.4	5.1	4.5	5.0	52.6	71.8	1
22.3	91.1	89.5	6.0	7.4	2.4	50.6	85.9	3
36.6	68.3	86.5	8.7	9.4	2.2	55.7	96.4	2
16.0	85.6	66.0	10.6	7.3	0.0	42.8	69.0	1
19.2	87.1	73.9	4.0	4.1	2.8	58.2	67.8	3
18.8	88.1	92.5	5.7	5.1	2.5	52.9	66.7	3
37.9	90.3	61.9	5.5	7.8	2.5	68.5	100.0	0
40.9	84.9	64.4	12.5	7.9	4.8	71.0	100.0	0
31.0	65.4	84.6	6.0	6.8	3.3	57.6	93.6	2
31.3	90.4	68.2	9.2	6.4	1.9	62.8	92.1	0
20.4	86.0	92.4	8.6	8.0	1.1	62.9	80.2	3
40.6	76.0	68.7	5.8	8.3	0.8	72.7	100.0	0
27.1	69.3	83.7	6.1	7.8	1.8	54.5	68.5	2
31.8	100.0	84.9	6.0	5.9	3.1	60.3	95.5	0
24.2	97.3	72.8	9.1	8.1	0.0	65.4	89.4	3
22.9	92.1	76.4	5.6	6.6	2.3	58.4	85.4	3
38.3	78.2	69.8	4.7	6.3	3.7	63.2	97.7	0
29.3	59.8	79.7	8.3	6.2	0.9	46.3	89.3	2
36.6	92.6	65.6	3.1	7.0	2.2	79.1	100.0	0
27.0	88.7	76.6	6.6	7.7	1.0	50.1	92.8	3
18.2	81.3	91.2	8.7	4.6	0.0	53.0	78.0	3
20.3	96.2	62.9	7.1	6.1	1.3	68.4	88.5	3
25.8	93.5	72.7	4.6	6.4	0.9	55.8	94.5	3
20.0	86.8	87.8	3.5	8.2	3.7	52.7	75.3	1
16.1	85.4	48.8	9.0	6.0	3.2	56.3	70.7	1
34.6	85.5	100.0	5.6	6.6	0.9	54.8	92.5	0
20.6	91.8	95.7	3.7	8.0	4.4	41.7	77.3	1
26.1	76.4	56.9	8.8	7.0	3.6	53.4	67.2	2
27.4	89.3	48.4	8.0	8.8	2.1	59.5	88.7	2
20.3	75.8	80.4	3.4	6.8	3.0	52.1	80.5	2
36.6	98.4	63.2	12.3	9.3	1.1	77.8	100.0	0
27.1	78.1	85.9	8.0	7.5	2.6	56.0	88.5	2
27.0	85.8	81.9	11.0	7.5	0.5	69.4	93.7	0
24.6	76.5	71.4	8.2	7.7	2.2	52.8	67.4	2
14.6	100.0	100.0	6.6	8.0	3.1	65.9	93.2	3
32.0	100.0	91.3	2.4	7.1	0.0	62.2	100.0	0
30.9	92.0	89.0	11.1	8.4	2.8	56.8	100.0	0
25.0	100.0	98.0	8.2	7.6	3.7	54.4	80.5	3
30.7	86.5	64.7	2.5	8.7	0.0	62.9	87.8	2
28.0	92.6	99.3	9.9	5.3	3.6	56.8	100.0	3
14.8	97.2	76.0	6.2	7.3	5.3	53.6	76.4	3
18.2	84.9	85.0	5.3	8.2	2.1	50.2	82.4	2
34.1	85.7	77.7	4.6	5.6	3.6	73.0	93.4	0
27.5	94.3	51.8	6.4	7.5	1.0	63.6	97.7	0
18.1	77.4	52.6	4.8	9.1	3.3	47.8	82.4	2
20.9	63.1	65.5	6.3	6.6	2.8	56.1	80.1	2
21.4	83.2	73.2	14.5	7.3	2.7	53.8	80.6	3
18.2	64.0	50.7	7.2	6.3	3.1	44.9	81.4	2
11.1	75.1	63.5	8.4	6.8	2.4	39.1	57.5	1
34.1	76.3	83.7	3.6	8.9	1.0	67.3	100.0	0
32.8	79.3	74.8	2.6	7.0	2.3	57.9	96.8	2
14.8	93.2	76.0	9.7	6.1	2.4	47.8	78.6	3
26.1	95.4	66.3	8.9	6.8	0.7	63.0	100.0	0
17.8	90.1	80.7	10.3	6.4	2.3	59.9	62.7	3
22.9	91.3	75.1	5.8	6.5	2.4	60.3	74.9	3
22.2	91.6	55.4	9.1	6.4	1.7	61.8	95.5	3
21.6	60.0	77.0	0.0	6.4	3.0	55.5	80.4	2
41.0	85.1	61.4	7.4	5.6	3.4	68.6	100.0	0
21.5	67.0	93.5	8.6	7.1	1.5	54.1	83.9	2
18.9	64.1	100.0	8.6	8.4	3.9	47.3	83.4	1
33.4	83.2	94.5	5.6	6.6	1.0	54.3	100.0	0
11.8	90.5	78.0	5.8	7.5	0.0	28.5	75.0	1
18.9	73.8	88.7	6.0	7.5	1.1	64.8	65.9	2
36.6	94.6	48.7	10.0	4.8	3.3	81.5	100.0	0
27.0	90.1	94.4	4.9	6.7	1.8	51.3	86.7	3
26.5	88.8	67.7	4.6	9.1	0.6	67.9	100.0	0
25.0	92.0	81.3	3.9	6.1	4.4	78.1	100.0	0
27.0	81.4	69.1	5.1	9.7	0.7	62.2	81.7	2
19.3	86.5	70.7	6.5	7.7	2.2	56.3	83.7	2
22.7	85.1	77.3	7.6	7.6	3.6	49.2	65.6	1
15.9	84.9	81.2	4.1	7.3	3.5	50.6	80.6	1
25.0	78.3	79.6	6.9	8.3	3.1	65.6	94.0	0
29.6	72.6	80.0	7.5	8.3	1.5	58.6	85.9	2
34.0	81.6	55.6	3.7	7.0	3.3	62.3	97.8	0
34.7	81.1	100.0	6.2	6.5	2.5	72.9	98.4	0
21.7	77.6	83.5	5.8	5.3	3.1	60.5	93.4	3
17.4	93.5	86.6	6.2	8.0	4.6	58.7	77.1	3
24.6	73.3	74.9	4.7	7.1	0.7	61.4	87.5	2
18.0	83.3	66.9	5.7	6.0	3.1	52.7	79.5	3
26.3	96.7	82.3	6.1	6.3	2.7	68.0	94.7	0
34.1	94.1	84.3	10.7	6.9	3.9	55.7	90.5	3
23.7	97.2	99.5	6.1	5.8	5.2	57.8	68.5	3
26.2	79.1	100.0	9.3	7.1	5.1	61.8	94.6	0
24.2	92.8	100.0	9.5	5.1	3.8	61.2	79.6	3
31.4	74.4	53.5	2.7	6.4	1.6	62.5	100.0	2
25.0	82.2	73.1	5.3	5.6	1.9	59.0	74.4	2
7.4	83.2	85.0	9.5	7.2	3.6	53.9	73.7	1
28.8	79.2	74.0	6.5	5.8	0.6	50.5	86.5	2
32.9	81.4	79.3	5.7	6.3	2.1	64.1	100.0	0
19.9	75.2	93.7	8.7	8.0	0.7	59.2	81.7	2
15.9	93.6	51.9	5.9	7.7	2.9	56.4	68.0	1
29.0	83.2	56.4	5.3	8.6	3.7	51.9	92.5	2
26.1	87.0	64.8	0.1	7.6	3.4	57.6	94.3	2
24.0	86.6	78.5	6.1	5.3	2.7	44.7	80.9	3
39.6	85.5	55.7	5.0	5.4	2.0	74.6	100.0	0
17.4	85.9	64.1	3.5	3.7	1.7	46.9	76.5	3
39.2	81.9	97.2	5.5	7.2	3.8	58.2	100.0	0
25.3	99.2	78.3	5.0	5.7	1.7	56.2	90.5	3
10.3	92.6	86.5	6.4	6.3	1.7	51.0	77.9	3
23.6	85.2	61.5	5.3	6.6	3.1	57.6	85.7	2
32.7	80.5	79.2	7.1	6.3	1.0	57.9	100.0	0
22.1	83.8	78.0	6.4	7.0	2.6	53.3	77.3	3
13.2	89.2	68.1	9.2	6.7	1.7	46.1	68.5	1
23.7	100.0	79.2	4.7	6.5	1.5	50.8	80.6	3
18.1	71.3	51.6	10.4	5.1	2.1	35.3	61.7	1
28.9	91.6	86.6	8.7	7.3	3.6	60.4	88.2	3
31.2	96.3	74.0	9.7	9.6	2.8	67.2	100.0	0
16.5	70.1	76.1	6.6	7.3	2.9	47.8	84.2	2
31.1	74.4	86.5	4.7	6.3	3.4	55.0	98.8	2
18.1	89.3	75.2	6.0	6.7	2.2	51.7	75.4	3
16.3	81.4	63.3	8.7	7.0	3.3	53.1	76.1	1
15.6	83.7	99.9	3.5	6.8	2.2	52.5	84.9	3
27.8	80.9	59.9	8.4	8.4	3.2	56.1	84.5	2
27.5	92.2	89.4	3.9	4.4	4.1	59.0	82.3	3
19.5	87.3	56.0	6.8	6.5	3.3	52.1	81.3	3
25.0	87.3	93.8	6.0	9.0	0.6	62.0	81.9	2
37.2	86.6	95.2	9.6	6.4	1.8	60.7	100.0	0
17.2	90.7	51.3	6.6	8.1	3.5	33.3	71.0	1
9.4	82.4	86.7	5.7	7.7	0.0	41.8	67.2	1
25.0	100.0	85.5	6.1	6.9	3.0	74.1	100.0	0
24.1	72.7	90.5	8.7	7.4	2.9	60.0	83.9	2
19.3	67.7	85.5	8.0	6.9	6.6	37.9	71.6	1
30.2	66.9	65.6	6.0	4.4	3.1	62.8	100.0	2
31.7	64.2	76.7	1.3	7.6	2.3	60.0	94.3	2
7.3	91.7	100.0	0.0	6.3	4.2	41.4	69.4	1
19.8	90.5	63.4	6.6	5.3	2.0	45.3	69.3	1
43.5	97.1	84.8	3.0	7.5	2.6	66.1	100.0	0
29.7	74.4	97.3	4.7	7.4	2.6	54.2	89.2	2
30.4	92.5	65.1	5.4	8.2	3.4	75.4	100.0	0
34.4	85.6	58.7	11.2	6.7	1.1	68.4	83.0	0
25.1	86.7	61.0	6.3	8.0	3.8	51.5	90.3	2
31.4	91.3	85.9	7.8	7.0	1.7	58.2	99.1	0
30.7	77.4	60.9	7.3	7.4	5.6	59.4	95.1	0
29.3	100.0	78.0	0.0	7.5	0.2	58.7	84.8	0
22.4	98.3	100.0	5.0	5.4	1.4	56.7	88.0	3
26.4	79.7	79.2	2.9	7.5	0.0	55.6	100.0	2
25.0	74.1	68.3	10.3	7.1	6.9	52.1	64.1	1
25.1	84.1	81.9	1.5	6.7	0.7	41.5	85.0	2
15.7	86.8	79.0	4.9	7.1	3.6	55.8	69.8	1
18.7	95.7	86.8	5.3	10.0	3.6	49.2	91.3	3
17.5	87.9	86.0	6.3	6.8	3.7	67.7	85.4	3
21.0	69.7	100.0	5.9	8.0	0.9	40.3	63.9	1
23.7	89.4	86.8	6.4	5.5	1.3	56.9	84.1	3
28.2	83.9	68.5	7.3	7.4	0.2	55.6	85.5	2
32.6	100.0	100.0	6.6	7.4	3.5	67.4	94.8	0
21.3	69.5	78.1	7.0	5.1	0.0	35.6	67.3	1
35.7	98.7	64.2	8.8	6.3	3.1	63.9	87.9	0
32.5	68.0	100.0	1.9	9.1	2.3	53.4	92.6	2
29.0	71.7	69.0	7.7	5.1	5.1	69.7	86.5	0
26.2	68.2	68.4	3.4	6.5	2.5	68.9	80.5	2
27.6	87.5	71.7	4.4	6.8	3.8	56.6	76.6	3
34.5	73.3	82.5	6.3	7.0	3.3	53.3	93.6	2
34.8	71.5	94.0	7.0	6.5	2.3	55.5	100.0	0
35.7	87.0	40.3	7.3	7.1	4.2	65.1	97.7	0
25.3	89.5	93.9	3.6	7.0	3.1	46.9	93.6	3
29.4	85.4	71.7	10.1	7.9	3.8	63.8	97.0	0
35.7	83.4	73.8	5.0	8.0	1.1	62.8	97.9	0
20.0	100.0	100.0	4.2	7.5	3.3	57.7	99.7	3
25.0	86.5	83.2	2.8	7.3	3.7	57.8	68.8	2
25.1	93.1	86.7	2.6	5.1	0.9	68.2	93.7	0
32.2	86.4	79.3	2.5	7.1	2.4	66.9	94.6	0
32.3	74.0	91.5	6.8	8.3	0.0	62.5	95.3	2
23.2	90.5	100.0	6.0	5.1	0.1	57.8	76.5	3
12.9	78.4	42.9	3.8	5.4	2.4	31.6	66.1	1
27.0	84.1	96.3	3.1	8.8	5.2	59.2	74.0	2
17.7	88.1	100.0	5.5	5.2	5.3	56.0	81.8	3
13.1	65.6	87.5	6.0	6.9	2.0	43.7	56.9	1
14.9	68.9	69.8	6.7	6.3	1.1	59.0	74.0	2
27.6	94.1	62.7	3.6	8.7	3.9	48.7	81.3	2
35.9	78.4	100.0	5.6	7.4	0.0	58.1	89.4	2
25.3	78.8	66.4	9.9	7.9	1.9	51.0	94.0	2
26.7	86.7	100.0	3.0	7.1	1.4	58.1	100.0	0
25.0	81.1	85.9	5.9	9.4	2.4	58.2	85.7	2
12.6	89.2	100.0	7.2	6.1	4.6	38.6	66.0	1
29.2	84.5	75.2	3.6	7.4	0.0	56.9	96.4	2
24.9	87.0	55.9	7.5	8.5	3.0	64.3	87.8	2
29.5	78.0	80.0	2.7	8.8	3.0	64.5	90.5	2
21.1	86.9	57.7	7.6	6.7	2.4	48.7	83.9	3
18.5	96.1	100.0	6.1	4.6	2.9	50.4	82.8	3
26.1	79.3	89.4	2.5	6.5	3.3	50.7	78.2	2
38.2	94.2	91.7	7.7	9.1	2.7	58.3	100.0	0
31.9	84.5	91.7	3.8	6.1	0.0	64.8	94.2	0
20.9	92.3	69.6	5.6	7.3	1.2	44.9	75.5	1
14.3	86.3	78.0	7.6	6.6	4.9	53.6	65.7	1
11.5	84.7	81.7	3.6	6.9	0.7	60.0	66.0	1
35.5	88.5	100.0	4.7	8.6	2.6	67.7	100.0	0
17.4	97.1	62.6	8.8	7.3	1.4	57.3	68.5	3
22.4	87.4	69.1	0.8	9.5	3.4	59.4	71.1	2
35.6	89.8	74.6	9.5	8.2	2.2	61.5	98.7	0
12.1	81.3	69.9	2.3	7.2	3.5	49.0	66.3	1
23.0	91.4	39.4	6.7	7.4	1.9	51.2	96.6	2
15.8	85.8	52.6	7.5	5.5	0.0	30.9	59.5	1
23.0	83.8	96.5	6.7	5.7	1.2	47.0	73.6	3
19.2	94.8	79.9	6.1	7.9	0.7	46.6	72.1	1
28.5	78.9	92.5	4.9	8.1	0.7	62.0	97.3	2
19.8	67.2	71.3	9.9	5.4	3.3	38.8	80.1	1
9.7	85.7	78.5	6.0	8.0	5.5	59.2	60.7	1
14.1	100.0	100.0	4.9	6.0	0.2	58.5	81.0	3
26.6	83.9	94.1	0.2	6.6	2.8	53.7	79.0	2
15.5	85.4	83.0	8.6	8.1	2.1	33.9	67.7	1
21.1	90.2	87.8	6.9	7.7	3.2	60.6	73.0	3
26.5	82.4	85.6	6.5	7.4	2.4	51.6	81.7	2
23.3	90.2	77.5	4.6	7.5	4.5	61.9	78.1	3
27.0	84.1	73.9	5.1	5.6	3.4	62.4	86.2	3
30.4	95.1	96.8	4.5	7.7	3.8	58.8	94.9	0
15.7	92.2	60.6	6.1	6.5	4.0	41.5	82.3	1
24.5	93.1	100.0	3.2	9.4	0.7	58.7	88.6	2
25.0	82.9	75.9	7.9	6.5	3.4	25.7	36.2	1
25.0	100.0	60.3	11.1	9.7	3.5	62.3	93.7	0
22.6	89.8	71.8	4.5	6.8	2.0	58.9	68.2	3
17.1	87.5	66.9	2.0	6.9	2.0	46.0	79.7	1
27.5	77.4	71.4	5.7	6.6	2.0	46.0	74.8	2
34.4	84.0	71.1	6.8	5.5	1.2	75.6	100.0	0
21.2	86.1	70.5	7.1	8.6	0.4	49.8	86.3	2
17.4	77.1	75.4	10.0	7.1	5.7	48.1	70.7	1
26.3	82.1	79.0	8.0	7.8	4.1	65.2	86.1	0
25.0	83.3	91.5	1.5	8.9	2.5	44.0	64.1	1
19.7	85.6	76.3	2.9	6.8	0.3	46.9	73.1	1
34.8	67.4	84.9	7.0	6.9	3.3	76.3	97.9	0
25.5	83.6	80.1	4.9	7.2	2.0	51.2	79.8	2
10.0	81.2	88.1	9.8	5.5	2.3	53.8	70.6	1
10.6	84.8	80.7	3.7	4.8	5.9	46.8	75.8	1
26.3	95.4	70.3	6.0	5.2	5.3	60.0	90.8	3
31.9	100.0	66.2	4.4	8.5	0.0	60.1	100.0	0
12.1	91.8	83.2	6.7	6.6	3.0	46.3	57.8	1
25.0	72.7	99.1	3.9	7.9	2.7	70.8	93.6	2
40.1	91.0	69.5	8.7	5.1	1.7	58.5	93.1	0
29.1	94.9	71.6	10.8	5.9	0.9	63.9	100.0	0
7.9	84.0	70.0	4.2	7.7	4.1	48.3	40.5	1
41.8	81.4	58.3	6.2	8.1	4.0	74.3	100.0	0
20.4	100.0	76.3	8.1	6.9	5.0	54.7	79.2	3
25.0	85.6	83.5	3.6	7.6	1.3	44.6	74.6	2
23.0	74.8	63.8	6.0	5.3	2.9	47.4	83.0	2
37.1	99.8	66.8	7.7	10.0	5.6	50.5	100.0	0
42.7	70.0	65.8	8.3	7.5	1.5	79.8	100.0	0
26.0	50.0	59.2	8.9	7.9	1.0	32.3	75.7	2
25.3	94.1	77.0	6.7	6.8	4.2	44.8	63.4	1
16.7	89.1	59.9	2.7	7.1	1.5	46.5	78.6	1
36.8	72.0	77.9	4.2	8.3	5.4	67.7	89.5	0
20.0	84.4	69.4	5.6	6.6	1.1	35.5	73.5	1
37.3	82.2	66.1	8.9	7.5	3.5	67.9	90.5	0
35.4	79.6	85.7	7.3	7.6	1.5	70.0	94.4	0
25.0	99.1	70.4	6.0	6.1	1.8	59.2	100.0	3
39.6	74.5	72.9	7.1	7.5	3.7	86.4	100.0	0
42.9	88.2	99.5	7.3	5.0	2.2	53.5	91.0	0
23.6	96.9	66.2	6.9	8.1	0.2	44.4	71.9	1
18.5	88.8	100.0	4.6	8.9	1.3	49.9	85.6	3
10.1	97.4	74.8	3.6	8.1	3.6	45.1	64.4	1
43.0	90.6	63.0	5.4	8.8	3.1	71.7	100.0	0
21.5	89.3	71.7	4.0	6.1	3.6	61.5	79.0	3
34.1	88.7	81.0	7.6	6.7	1.6	54.4	83.2	3
19.1	91.1	98.8	9.8	7.2	0.9	42.8	73.0	3
37.3	81.1	92.0	7.4	7.2	1.3	59.9	100.0	0
19.4	72.0	81.0	6.0	6.5	1.4	58.1	69.5	2
23.3	96.6	51.8	6.0	9.1	0.7	56.5	93.2	2
20.7	87.5	83.7	2.4	6.0	4.1	49.9	78.5	3
24.6	69.4	84.8	7.2	7.6	1.2	56.6	83.2	2
22.7	71.5	64.7	10.5	7.7	1.2	42.2	72.0	1
19.7	70.1	77.5	3.0	8.8	2.3	39.2	69.6	1
20.3	84.8	96.7	5.7	3.9	1.2	51.0	77.5	3
26.8	88.5	70.0	4.2	7.2	0.1	50.4	95.4	2
9.1	83.4	60.4	6.2	7.2	0.6	47.4	67.4	1
20.8	78.9	92.2	5.8	8.1	2.1	39.1	76.6	1
25.8	68.0	100.0	7.5	6.3	2.6	55.1	78.7	2
39.8	76.5	96.6	9.4	5.6	2.7	60.4	79.6	0
33.2	76.8	68.8	6.3	5.3	3.9	45.8	84.1	2
25.0	72.7	100.0	4.8	5.9	3.2	45.0	68.1	1
44.3	81.7	90.3	3.4	7.8	1.1	61.0	100.0	0
25.0	73.5	68.1	11.1	7.6	4.1	52.5	78.5	2
35.0	83.4	100.0	8.3	8.1	3.4	66.8	100.0	0
15.8	87.4	67.0	7.0	6.4	4.6	53.4	81.1	3
5.8	76.7	70.7	5.6	6.5	2.6	26.0	42.2	1
13.7	89.3	90.9	10.0	9.0	4.1	53.0	70.2	1
0.0	71.4	79.6	5.6	8.2	0.0	38.8	59.2	1
41.9	73.9	80.6	1.7	7.9	1.8	64.3	90.5	0
26.7	83.9	80.6	6.7	4.8	1.1	48.1	81.2	3
17.6	91.9	96.7	2.9	9.3	3.6	48.9	58.0	1
28.6	93.7	45.1	6.7	6.9	1.4	72.6	96.1	0
26.5	100.0	84.3	9.4	7.2	4.0	64.4	94.5	3
34.7	83.7	68.7	3.8	7.2	1.6	56.1	96.9	0
22.7	74.7	68.7	8.2	6.8	2.9	49.2	70.8	1
18.0	72.5	40.4	4.8	7.2	2.2	39.6	75.3	1
31.6	87.3	68.0	7.0	7.8	2.7	56.8	96.7	0
31.4	77.2	99.4	7.0	8.0	3.6	70.3	90.4	0
25.8	97.3	92.5	8.2	8.5	2.0	55.6	87.5	3
42.4	70.4	77.1	4.4	5.7	0.0	62.2	100.0	0
21.5	89.9	58.8	0.0	6.3	3.4	56.4	81.2	2
25.0	76.8	99.6	2.1	5.1	0.0	58.5	78.5	2
19.6	90.4	95.5	8.3	7.2	2.4	49.0	76.0	3
29.0	78.2	65.5	5.9	6.1	1.1	59.9	98.0	2
18.3	79.8	67.0	5.3	7.7	4.2	47.9	68.1	1
21.8	76.9	100.0	7.7	6.0	4.3	44.5	64.8	1
40.1	100.0	61.9	1.6	6.6	1.3	78.0	100.0	0
21.8	78.8	87.2	5.5	6.7	0.5	66.8	86.8	2
34.4	83.0	75.5	6.6	8.1	0.8	52.0	79.6	2
16.6	87.2	88.8	4.8	8.2	3.8	48.8	75.3	1
19.5	78.9	79.6	4.8	7.2	2.3	53.3	77.8	2
32.5	88.9	61.6	8.3	10.0	5.0	58.7	100.0	0
34.8	76.4	67.7	4.3	6.9	4.8	52.0	94.1	2
19.0	95.9	87.2	9.4	7.3	3.1	45.9	70.3	1
29.8	96.9	90.5	7.9	7.3	1.1	64.4	100.0	0
21.3	91.1	83.3	7.2	7.4	0.3	54.2	67.2	3
20.2	85.7	94.2	7.3	6.0	3.4	44.8	70.9	1
20.6	89.2	73.0	9.8	9.2	2.9	51.1	84.3	3
27.2	81.1	100.0	8.4	4.6	0.5	64.2	100.0	3
26.2	82.5	99.3	6.6	7.0	1.3	41.5	77.5	3
16.4	66.0	89.5	6.6	5.7	2.6	41.7	75.5	1
32.7	89.9	77.7	5.8	8.2	1.6	74.4	100.0	0
29.5	70.5	95.5	4.6	8.4	1.3	49.0	72.1	2
9.1	86.2	86.4	7.3	6.8	1.1	36.7	70.9	1
27.2	94.0	57.2	4.0	7.1	2.3	55.6	84.1	3
18.8	80.3	94.9	6.4	5.9	2.2	60.7	78.5	3
33.8	97.2	67.0	6.2	4.2	1.3	67.9	100.0	0
13.4	77.5	91.4	7.0	6.7	2.5	38.7	66.9	1
22.1	91.0	55.8	8.4	6.7	2.9	54.6	77.5	3
27.9	72.0	100.0	7.0	7.1	3.0	54.1	86.6	2
25.4	95.3	75.9	7.7	3.1	1.1	61.7	78.7	3
31.1	93.8	63.4	1.2	4.9	2.0	62.1	100.0	0
38.2	81.1	74.9	6.0	7.1	2.7	63.4	81.2	0
29.2	71.0	79.9	6.9	7.7	0.5	67.5	87.4	2
32.0	96.1	81.1	8.9	6.7	3.4	58.7	100.0	0
24.9	86.3	47.4	6.6	6.3	1.6	64.6	79.4	2
14.7	69.5	61.6	4.1	9.4	3.0	50.9	69.3	1
20.5	73.8	100.0	4.6	6.5	2.5	44.6	66.3	1
37.7	97.5	82.0	8.3	6.5	1.8	38.4	95.0	3
36.1	89.9	94.3	5.8	6.0	4.4	69.6	100.0	0
20.0	72.7	75.4	6.0	4.7	2.0	47.7	81.1	2
2.5	67.3	64.9	5.5	7.8	2.2	37.3	57.4	1
23.3	78.7	72.8	8.5	6.7	1.8	63.2	77.9	2
22.7	66.5	81.9	7.2	6.5	4.7	44.8	73.8	1
23.0	83.4	73.1	3.0	7.2	4.6	46.3	80.2	1
29.2	100.0	100.0	3.6	5.1	4.2	51.5	100.0	3
32.0	69.0	70.8	6.0	9.1	3.8	75.9	92.5	0
32.9	83.1	64.2	4.4	4.8	1.2	71.1	87.3	0
28.6	98.1	92.1	0.6	9.1	1.8	66.2	100.0	0
10.6	92.5	94.0	4.1	7.0	1.3	32.4	72.7	1
22.3	83.5	80.4	5.3	6.5	4.0	43.6	78.3	1
43.4	83.5	71.0	5.0	7.8	6.0	75.4	100.0	0
28.0	73.4	51.5	7.8	6.6	3.5	60.0	100.0	2
27.9	82.3	98.3	0.4	8.1	5.0	56.3	87.4	2
27.9	87.4	93.0	4.1	7.4	3.2	48.9	80.2	3
5.9	78.8	80.9	4.3	8.2	1.6	54.7	74.9	1
23.1	83.1	76.6	3.0	6.8	3.4	58.1	69.7	2
24.7	75.5	100.0	4.3	8.2	3.9	49.2	82.6	2
35.3	87.3	64.4	7.1	7.6	4.1	76.0	100.0	0
25.4	92.8	70.7	5.4	8.6	2.7	59.2	87.8	0
11.8	91.3	69.2	4.2	6.6	2.8	59.8	74.7	3
28.4	73.3	84.7	7.2	8.6	2.4	54.6	83.4	2
18.6	86.5	80.8	6.9	6.1	1.7	67.4	95.1	3
15.3	78.2	83.0	2.8	4.6	3.8	44.8	58.2	1
18.3	95.1	66.8	6.2	5.4	0.0	48.1	75.9	3
29.3	83.4	100.0	2.8	6.6	0.0	65.7	100.0	0
35.1	69.8	73.2	8.9	7.3	1.7	61.2	88.5	2
28.9	82.8	97.8	6.0	7.0	0.6	62.0	78.9	2
25.0	89.6	100.0	5.3	7.9	4.1	53.3	90.0	3
28.8	87.4	66.9	8.7	5.6	1.8	52.2	96.9	3
25.8	79.9	85.1	4.1	9.1	3.8	53.5	82.3	2
30.6	79.1	78.0	5.7	8.6	4.5	62.5	87.2	2
5.6	75.1	100.0	4.5	8.1	2.6	34.7	55.9	1
25.9	81.1	75.8	5.9	8.5	3.0	64.6	100.0	0
16.6	76.4	83.7	6.2	5.1	4.3	48.1	67.1	1
34.3	94.7	83.4	6.0	7.8	4.0	77.7	100.0	0
23.8	76.0	78.5	5.8	7.9	0.0	46.4	80.9	2
25.2	86.2	91.3	6.3	8.2	1.9	59.4	79.9	3
13.0	85.5	81.4	9.1	8.0	3.3	51.0	82.6	1
33.1	94.5	87.2	1.0	7.5	2.8	66.1	97.6	0
30.0	95.9	83.2	10.8	7.5	1.0	61.5	83.6	3
29.5	92.0	70.9	5.1	8.4	0.0	67.2	99.2	0
18.5	88.5	76.0	5.8	6.3	3.4	42.9	69.3	1
18.8	74.5	88.3	9.3	7.4	1.2	52.4	88.2	2
26.8	74.3	88.3	7.5	6.3	2.3	48.8	83.9	2
19.4	76.5	98.7	7.3	6.8	2.7	46.7	67.9	1
28.5	92.5	100.0	9.1	3.8	2.3	62.3	100.0	3
7.7	85.7	72.2	5.6	6.0	1.1	50.8	64.2	1
21.1	93.7	82.0	8.3	6.5	2.4	44.6	81.0	3
39.4	95.0	77.1	2.8	6.5	1.7	81.2	94.7	0
28.5	77.7	63.4	7.0	6.6	5.0	65.6	80.2	2
26.3	85.3	88.5	7.4	5.6	2.8	57.9	88.7	3
40.9	84.9	91.7	8.9	6.6	6.3	60.4	92.4	0
6.3	81.7	63.8	7.8	8.3	0.5	53.5	57.9	1
18.5	79.7	74.4	6.5	6.6	2.0	54.3	82.7	2
21.8	96.8	72.9	5.2	8.6	2.0	59.3	90.3	3
25.0	85.1	79.5	5.2	6.3	2.0	63.2	95.6	0
18.1	77.0	62.8	2.8	7.7	1.8	45.4	65.1	1
33.0	91.8	82.4	10.4	5.4	1.0	72.6	100.0	0
21.8	74.9	84.0	8.5	5.7	5.2	61.9	80.0	3
34.7	89.5	85.9	6.6	7.1	2.4	63.3	91.1	0
16.7	89.8	86.6	8.0	7.6	3.9	46.6	85.9	3
24.0	80.9	100.0	7.9	8.9	4.0	61.1	84.5	3
21.1	88.2	67.9	3.5	6.8	4.6	58.9	89.7	3
33.4	86.9	68.6	7.6	7.2	1.0	54.4	96.7	0
20.8	84.6	89.8	9.2	7.1	4.4	51.1	85.2	3
24.7	85.1	78.0	4.3	9.2	2.4	72.7	96.2	0
29.1	85.6	96.9	2.2	8.6	5.6	59.6	87.4	0
29.4	86.3	88.4	3.1	7.5	3.3	61.7	89.0	0
32.1	85.6	100.0	5.8	8.0	0.8	66.0	100.0	0
26.7	74.0	78.6	3.0	7.4	4.4	51.9	81.9	2
21.7	83.5	57.8	5.6	8.3	4.2	59.5	81.3	2
22.2	87.6	85.1	4.4	8.0	0.6	57.6	80.1	2
25.2	86.0	78.9	6.0	6.6	3.6	65.2	86.4	3
27.0	94.5	88.0	4.7	7.1	4.9	46.8	73.2	3
23.8	91.2	89.9	5.9	7.2	3.2	59.2	90.4	3
25.2	76.3	72.0	7.5	7.2	1.0	56.9	77.9	2
25.0	83.3	64.9	3.6	6.4	4.0	36.5	63.4	1
30.3	81.9	77.8	6.7	7.4	3.5	58.0	89.6	0
26.4	85.0	44.3	3.9	6.4	2.2	60.5	89.7	2
33.0	85.0	81.2	6.0	6.3	1.8	62.9	96.7	0
25.0	91.1	73.9	5.8	6.9	3.5	57.2	90.3	3
11.1	86.8	92.9	6.9	7.3	1.1	46.2	59.4	1
22.1	97.3	50.2	6.5	8.5	2.8	52.7	83.2	3
23.4	87.4	80.1	9.1	7.9	4.3	70.7	89.2	0
30.9	76.7	100.0	5.9	8.3	4.8	62.2	83.6	0
8.4	80.3	90.1	4.4	9.1	1.7	45.7	53.3	1
25.3	91.0	94.7	8.3	6.3	0.1	47.7	79.7	3
29.1	68.9	85.1	6.8	7.9	1.4	54.8	85.6	2
19.7	71.5	55.1	8.2	7.9	3.7	46.5	61.9	1
20.0	94.5	86.1	2.7	8.1	4.1	51.8	74.9	3
19.2	98.1	63.8	11.6	7.1	1.4	49.5	79.8	3
21.7	82.8	78.1	4.5	7.8	1.7	52.0	84.4	2
19.3	95.6	36.5	3.1	5.3	2.2	45.7	65.7	1
25.0	85.7	75.0	7.8	7.0	3.9	65.2	100.0	0
19.1	69.7	73.5	3.6	7.9	0.1	55.8	67.2	2
17.8	84.9	100.0	5.0	8.2	2.9	54.8	86.7	3
39.1	78.8	71.0	6.3	6.0	2.9	72.6	100.0	0
32.7	94.2	76.0	5.6	6.9	1.0	69.5	87.3	0
10.1	84.7	78.8	5.1	5.7	3.0	35.7	58.7	1
18.9	72.2	71.1	10.0	6.5	2.2	61.2	70.0	2
26.9	70.0	90.8	5.7	7.4	0.8	62.2	98.4	2
13.1	60.8	97.0	8.4	8.1	0.9	38.2	42.1	1
34.3	79.8	79.8	4.2	7.3	1.5	53.4	100.0	2
31.6	87.3	99.5	5.7	6.2	3.8	65.1	100.0	0
28.9	74.4	38.8	3.7	6.8	2.0	53.8	88.3	2
35.9	94.9	43.5	6.5	10.0	3.8	66.3	100.0	0
28.6	96.9	75.6	6.1	5.3	2.3	74.0	88.1	0
28.6	74.8	87.6	5.9	5.6	1.1	68.5	100.0	0
37.5	82.0	71.7	6.4	7.2	3.2	58.2	96.2	0
33.8	94.9	88.8	8.0	7.8	3.3	68.0	100.0	0
18.3	85.0	94.7	7.8	8.0	0.7	65.2	81.6	3
